Price,Close,High,Low,Open,Volume
Ticker,INFY.NS,INFY.NS,INFY.NS,INFY.NS,INFY.NS
Date,,,,,
2016-03-10,436.0535888671875,443.83958786826423,434.8513311422236,443.83958786826423,24381016
2016-03-11,436.24432373046875,441.1868807657419,434.41230793440695,437.46563653444525,4058548
2016-03-14,435.55731201171875,440.53807299349324,434.52683223139877,437.38932783239613,4174262
2016-03-15,432.9620666503906,440.6335465358084,430.881958290421,436.62605217580324,6720258
2016-03-16,439.85107421875,440.82434140073957,431.8742900750068,435.82452485525323,5588850
2016-03-17,443.4006042480469,446.45393313462694,440.4617938307541,441.549532928578,6474622
2016-03-18,455.48046875,457.61779022870843,443.4961403217341,443.8014919287413,8477422
2016-03-21,456.0528259277344,457.61764759816526,450.3850937388045,453.4193205559803,5138392
2016-03-22,454.1636657714844,455.70943248253246,447.31277627263654,454.65985045629543,7097950
2016-03-23,460.9762878417969,462.0830821483732,451.1674421045073,454.1826133092009,6333176
2016-03-28,459.8694763183594,472.12094836037863,456.3772223135996,470.3652936828787,10787510
2016-03-29,456.94970703125,465.2127868501895,454.7742290457994,457.61762266065466,6995356
2016-03-30,460.27020263671875,461.81596893738345,456.30091257247653,457.08330010298056,5756818
2016-03-31,464.98382568359375,469.41114310098516,458.1138359217486,461.91139495961755,17996320
2016-04-01,460.07940673828125,466.4723142624589,456.1291717055413,464.1060029492521,5511428
2016-04-04,474.6781005859375,476.3192834196571,463.17090516963333,463.17090516963333,4577054
2016-04-05,465.55633544921875,474.14382284739594,463.34265339498165,474.0293043793799,4790716
2016-04-06,458.2664794921875,468.68598292784543,456.47266741181033,468.68598292784543,4931354
2016-04-07,450.9385986328125,461.20542835136166,448.45776842450675,461.20542835136166,5657890
2016-04-08,444.92730712890625,449.41188431849633,443.51516103290726,448.78212586321365,4195578
2016-04-11,451.8544921875,452.94223122337667,439.33582582942404,444.9463452930545,5768678
2016-04-12,451.2056884765625,456.05287637000106,449.831699701532,450.5568746797745,5842138
2016-04-13,447.579833984375,456.07190503477517,445.1562634745284,456.07190503477517,12511386
2016-04-18,472.769775390625,483.91445336937085,470.7851303236386,477.0826209197797,25015990
2016-04-20,474.63995361328125,475.7276926824872,467.84632497343887,474.7926293716137,8072848
2016-04-21,468.0371398925781,477.4642735806328,464.9074500333543,477.4642735806328,5441100
2016-04-22,462.2931213378906,468.87686238480796,460.67104021038926,468.0372154960261,5143938
2016-04-25,464.0486145019531,467.4645532864455,458.4190407869845,462.59831160062515,5364134
2016-04-26,470.2699279785156,473.0942666380026,461.2816720463215,463.8960756997932,5846744
2016-04-27,473.3233337402344,474.16298072022744,468.89601526460444,469.14406101543585,4486208
2016-04-28,461.4915466308594,473.1132600472341,460.67095524674176,469.83094110086085,12165168
2016-04-29,461.0908508300781,466.98762060128195,459.9076951233005,462.36942307111366,5036410
2016-05-02,458.4000549316406,462.2548729451941,456.52988185869975,461.8159476438769,3615250
2016-05-03,449.5263977050781,462.6556756307993,447.2364008682517,459.04894924883956,6824810
2016-05-04,453.74371337890625,455.3276369411049,446.79740930553385,450.74764394588846,5812842
2016-05-05,455.11767578125,457.61760711671644,450.78577530713005,456.148202099957,6302668
2016-05-06,450.9385986328125,454.1064466117703,449.240202741632,454.1064466117703,2596720
2016-05-09,457.6366882324219,458.59085334145897,450.59492177367196,451.1292635527514,5123678
2016-05-10,462.8846435546875,464.35404865449175,456.7016250632919,458.95346426836625,3395704
2016-05-11,458.70538330078125,463.6097832644119,455.13681465900095,457.42681121074435,3709888
2016-05-12,461.8160095214844,462.9610078921988,456.77803532638205,459.48785548571897,3406932
2016-05-13,460.766357421875,461.8159391016515,455.00320915275785,460.28927484015844,5652064
2016-05-16,463.724365234375,467.0257866999495,459.9077037921168,461.89234910604887,4533878
2016-05-17,463.4381408691406,467.8273017668101,461.10998658057235,465.6327213179753,3796294
2016-05-18,461.7587585449219,463.3426823040975,457.19786692269815,457.61769034811607,4256596
2016-05-19,460.1938781738281,464.1632147429427,458.38096428510687,462.1785231633365,3954400
2016-05-20,458.6100769042969,465.4419109088864,457.99942032854756,459.9077512465832,3994548
2016-05-23,453.41937255859375,459.964956152187,452.27437414304177,459.2970404097817,4585946
2016-05-24,453.323974609375,454.8506392260347,449.45005382657985,454.5834915541619,3485060
2016-05-25,461.30072021484375,462.9991156469722,455.74746007502034,455.74746007502034,3857396
2016-05-26,471.03326416015625,473.1896871149781,461.8541750878198,461.8541750878198,6136436
2016-05-27,476.1285095214844,480.7085032002481,470.06000857910135,470.06000857910135,6180764
2016-05-30,483.7999572753906,485.47929749670146,473.83848100798343,473.83848100798343,5285700
2016-05-31,476.56744384765625,483.47559179146697,472.8843562104816,482.80767603410754,13782038
2016-06-01,480.2123718261719,484.14355213902473,475.55606303919967,475.57516498435444,4840534
2016-06-02,481.490966796875,486.58620075731807,478.60936862881624,478.99103479199715,5053552
2016-06-03,483.53277587890625,488.2654446849321,480.9183724958903,480.9183724958903,3998380
2016-06-06,483.4755859375,487.3876638975232,481.3191629146857,482.7695128920047,4225768
2016-06-07,479.9069519042969,485.67010055752945,479.029101259391,483.5709370580667,5692420
2016-06-08,472.540771484375,482.4068304837303,471.4911897484841,482.4068304837303,8741370
2016-06-09,457.7335205078125,473.4675069782413,455.6292393298302,473.4675069782413,12740804
2016-06-10,455.8416748046875,459.47111996877413,451.78751786378655,453.8339206965158,6383956
2016-06-13,455.9574890136719,457.50192962536516,450.2044383085969,454.37444681320363,5286722
2016-06-14,453.6792907714844,456.5365144547725,450.6869380025661,456.5365144547725,2940728
2016-06-15,459.4517517089844,460.49427738802143,455.2431888023168,457.03856328425,6711572
2016-06-16,457.9264831542969,459.27786822262743,451.7873244173668,459.27786822262743,5302564
2016-06-17,455.41693115234375,460.5328907434998,453.7180370314046,459.08497765166317,8515082
2016-06-20,466.7105407714844,467.88819532201484,455.4940245373481,455.9959864745589,6229566
2016-06-21,465.6872863769531,469.0464718354113,461.65245551507707,467.65643805532056,4761724
2016-06-22,463.1391296386719,467.9461822020618,458.7567888180873,464.8766253313555,3031258
2016-06-23,467.8110656738281,469.0659237078956,460.76455517483396,462.2897186034844,3828626
2016-06-24,461.2278747558594,462.9460459817404,447.88775090810583,458.6988345507153,7808348
2016-06-27,450.2815246582031,456.84539555486833,447.887661184214,452.54030617282126,5583778
2016-06-28,447.5594787597656,452.71403855690494,445.99571418720006,448.9687898841336,7655974
2016-06-29,454.3936462402344,455.57130085804783,447.9649038682698,451.3626914852623,5459150
2016-06-30,452.0576171875,457.34730545540003,450.95716595628795,455.80286542009264,9346224
2016-07-01,452.6754455566406,455.6098725977039,451.78737356210627,455.6098725977039,3991912
2016-07-04,457.13507080078125,461.2471531229551,454.14271728516223,454.14271728516223,5381322
2016-07-05,453.85308837890625,458.5057338363405,452.1542416817026,457.54045860721135,3596416
2016-07-07,446.82586669921875,452.1348800214173,445.95711906467716,451.2468080308556,5954876
2016-07-08,447.19268798828125,450.590475637897,445.37798941586476,449.0460352758134,5551648
2016-07-11,453.69873046875,455.1079947476169,447.88775411619145,450.74497852586336,6668882
2016-07-12,454.27777099609375,455.74496081875094,450.9765114131146,455.6098317358521,6197368
2016-07-13,460.9383239746094,461.71054428809833,453.75663735309183,455.6099849585004,5275420
2016-07-14,454.1618957519531,461.8068927438872,449.43204816601354,461.40145838349326,7413328
2016-07-15,414.12237548828125,459.4323828918872,406.1877946765032,459.2779294369777,61484126
2016-07-18,417.7518310546875,418.8908842034347,407.4041079801761,415.93713231950863,14332824
2016-07-19,419.68231201171875,420.85996655096966,414.72080715366513,420.3194030389762,10404644
2016-07-20,418.1958312988281,420.8213987779631,413.1377985191747,413.1377985191747,9822896
2016-07-21,416.9602966308594,419.7788720151618,415.30000438679264,416.61278812249896,8668002
2016-07-22,414.083740234375,416.9602886362599,411.86360725404717,413.137789382745,9386538
2016-07-25,417.3270568847656,418.25373047295653,410.43500160881865,410.43500160881865,8469552
2016-07-26,420.3580322265625,420.8213926098074,413.27292156737,413.27292156737,7189610
2016-07-27,419.0646057128906,423.36974294039703,416.43908519901134,418.81362471053166,7431820
2016-07-28,416.03363037109375,419.68235194219795,414.7015693867428,419.0839095701682,11258562
2016-07-29,414.6244201660156,415.74414914909994,411.7865196819272,414.14178242611655,8156784
2016-08-01,419.0259704589844,420.02984725517615,412.5007005848696,413.7169567812041,9096662
2016-08-02,418.4661560058594,418.9294692847545,415.06836818535584,416.9603171505775,6822502
2016-08-03,418.89080810546875,419.5085747669677,413.25361072885653,419.1803906467253,7213460
2016-08-04,413.8327941894531,419.6630468524879,413.15710156318073,419.46999181641013,4237278
2016-08-05,412.3656311035156,414.46991252156204,409.27674997165406,413.9100716694464,5609968
2016-08-08,416.4969177246094,417.38498974731544,410.2612777392567,412.75166886205386,4643064
2016-08-09,418.3117370605469,418.7364487900178,413.71701694652285,415.84062272646304,7192664
2016-08-10,417.9062194824219,420.0491491964905,415.1455230907854,415.4544299958575,5576454
2016-08-11,415.9757080078125,422.79056071897696,415.16488622199086,417.6552775211388,5038552
2016-08-12,410.26123046875,416.5355184446151,409.27663104104704,415.0876058348001,7449928
2016-08-16,406.110595703125,408.5237836716676,396.92115706588385,402.3266981154193,16429408
2016-08-17,398.9675598144531,406.4387803478752,397.886432750165,405.3962548646164,6599316
2016-08-18,395.14508056640625,401.2069902035993,394.41146195954457,400.2031133833264,8434000
2016-08-19,394.334228515625,401.1683817926264,393.2338241903516,397.69339099750255,5686016
2016-08-22,392.0754699707031,397.6933666996591,389.6236569197236,393.0600459225757,10253518
2016-08-23,401.4194030761719,402.32675244836304,393.87093123814265,393.87093123814265,7406138
2016-08-24,408.2728271484375,410.0682485310789,404.25727270177015,404.25727270177015,6129966
2016-08-25,400.0680236816406,408.35006718036317,398.50425879016325,407.34619026121266,4796562
2016-08-26,393.9288024902344,403.8711368829063,392.6932455417708,400.01003614788806,6881054
2016-08-29,394.9134826660156,397.6934806420149,390.3573873097836,392.90570504077755,5220282
2016-08-30,401.7089538574219,403.4850508749487,395.7628489443277,398.63935031045196,4375438
2016-08-31,399.95208740234375,403.77458633854224,396.8439297674489,400.43472496669773,11139814
2016-09-01,400.6086120605469,401.72829380925185,398.46568183716664,400.7823427780804,2877826
2016-09-02,398.4076843261719,401.55449096554264,396.22615290546827,401.18770523548073,3332592
2016-09-06,403.48504638671875,404.9908851729554,399.8556020931835,400.8788032641251,8215044
2016-09-07,407.0951232910156,408.8905444566461,403.09889368530554,404.64333389099636,7425470
2016-09-08,400.6471252441406,403.4850248440402,395.3767133399973,403.4850248440402,9092774
2016-09-09,399.8170166015625,401.9406221943279,396.3613499900041,400.3961817632258,5053438
2016-09-12,406.9599914550781,408.5044316503535,395.8593275515359,395.8593275515359,6203096
2016-09-14,403.7166748046875,408.427245880351,401.80544883470304,406.9406844230561,5152418
2016-09-15,402.4039001464844,404.18004419240214,399.75905556691015,403.7166838241976,4701722
2016-09-16,409.3346252441406,411.014194725144,400.820878825407,405.02948827306346,9949384
2016-09-19,409.7399597167969,412.71303533424884,402.0756847722119,403.8711059027878,5809154
2016-09-20,405.4735412597656,408.17631202854415,403.77464735001706,406.6897975322323,4214004
2016-09-21,407.6356506347656,409.7592557292399,405.8209524070612,406.9599581047056,4231532
2016-09-22,408.81341552734375,409.66283894167304,406.1878478479171,408.8906186986162,3629514
2016-09-23,402.5391845703125,408.8134749572539,401.5545847642488,408.1184577844336,5205294
2016-09-26,399.9714660644531,403.0989484795889,398.0795171287894,402.61631084970435,6371798
2016-09-27,401.4578857421875,405.37691179797116,398.98677223416354,399.64318753535656,6525660
2016-09-28,401.1490783691406,402.44258493866835,398.9482696037447,401.5545128360943,5434708
2016-09-29,397.384521484375,403.4657559483414,395.3767676889878,403.4657559483414,8902638
2016-09-30,400.029296875,403.0602510433632,398.11802403563115,398.11802403563115,6502354
2016-10-03,400.8208923339844,401.5545109632219,396.1875710536395,399.8170154830926,3656160
2016-10-04,405.1067199707031,405.95619051618155,400.89815735921457,401.5545257116716,5066586
2016-10-05,402.1336364746094,405.35764612112615,400.39614116578963,405.10666515000355,2307574
2016-10-06,396.6895446777344,403.4850733283265,396.1296567270593,403.4850733283265,3721882
2016-10-07,390.95574951171875,399.1606121252453,390.0097751200736,397.67405063886036,6288558
2016-10-10,397.674072265625,398.36908928751325,389.9711947471659,392.6739654038294,5413170
2016-10-13,406.3229675292969,408.50449909179497,394.37287839850075,394.37287839850075,9778690
2016-10-14,396.59295654296875,418.0413420416632,384.6621462929143,406.53529056258486,33461690
2016-10-17,394.75897216796875,402.24951746809995,392.8090973272173,399.60462560047586,8014858
2016-10-18,401.187744140625,401.74758496871084,396.65095017293413,397.6934286571573,6388134
2016-10-19,402.2494812011719,403.7552727359997,400.01002398989687,402.32668436049477,3509836
2016-10-20,400.2610168457031,405.6858350951102,399.1606125634985,403.3884990123921,3535490
2016-10-21,405.1976623535156,406.2513210762973,399.0316770418002,403.9098149029469,3863620
2016-10-24,400.82684326171875,406.9147501039948,400.2024511103692,404.88546370259195,2902974
2016-10-25,396.9634094238281,405.4318627534262,396.1829072518658,404.495250619457,5636014
2016-10-26,395.79266357421875,397.9975679598614,393.88042368950397,396.88536187161156,2775216
2016-10-27,391.616943359375,397.25607600713107,390.68033127664154,397.2365682177064,7227790
2016-10-28,389.27545166015625,394.1535901521382,387.5778689925608,392.28038973502424,5840706
2016-11-01,386.1339416503906,392.90478846213875,384.94368060237906,392.90478846213875,6332798
2016-11-02,382.85577392578125,385.37289787061616,382.44601510197856,384.31921531010005,5377194
2016-11-03,377.3143005371094,383.2266147629518,376.6313610505155,382.85587142070733,5225108
2016-11-04,378.93377685546875,382.1338402909696,375.0312662802322,377.3727726253741,6005548
2016-11-07,381.64605712890625,384.7875736305411,380.4948116529184,384.39732254166626,4537672
2016-11-08,383.4607238769531,385.47052658290454,378.7777106458776,385.13882267331815,5261108
2016-11-09,373.9776916503906,380.33878096103865,351.61630436104895,362.9335882971981,12764158
2016-11-10,366.6018981933594,375.6166892067054,364.88478380079954,375.6166892067054,7287330
2016-11-11,359.6358642578125,368.7872564976728,358.52365824995724,366.83600117228826,7096782
2016-11-15,360.41644287109375,366.816571224125,354.562675652726,360.5920606514527,9235850
2016-11-16,367.1872863769531,373.4117726525198,362.36767077923923,362.9335396640284,12222616
2016-11-17,362.85546875,370.34829464896023,361.52862929873885,364.5920909123194,5706730
2016-11-18,359.0309753417969,364.20180188883904,358.05534769141155,362.93348594333816,6040228
2016-11-21,355.5577697753906,361.7237562469164,353.9382419922793,361.7237562469164,7940568
2016-11-22,356.767578125,362.4067115642279,355.77244253432167,357.8212609112045,5483126
2016-11-23,359.1285095214844,360.16268427618996,356.08455625837695,359.8504643976907,8251786
2016-11-24,363.050537109375,366.7969613782028,360.3187798341818,362.23101945443034,16780644
2016-11-25,381.47039794921875,384.397280797934,363.1090909754186,363.1090909754186,12631380
2016-11-28,382.3485107421875,383.79244455906564,378.7777036914384,382.17289298543915,7365712
2016-11-29,379.5582580566406,384.28031125179626,377.41187673676257,381.97781994467476,6125506
2016-11-30,380.70941162109375,381.27528041417446,375.05077132835527,379.71427619548797,8500918
2016-12-01,380.72894287109375,383.8314437107206,377.3727931217206,380.8850528301957,4611590
2016-12-02,376.397216796875,378.38748804236894,375.07035342051984,376.51428737266195,4453228
2016-12-05,375.28497314453125,377.997199185894,373.86054712733966,376.94354028992916,3659576
2016-12-06,377.17767333984375,382.2509374406383,375.28496510677707,375.34348847805694,3562110
2016-12-07,377.138671875,379.7143196026551,374.71911029563614,377.7630641062386,3385980
2016-12-08,384.2607421875,384.8265872081934,378.56306202817166,378.56306202817166,5941662
2016-12-09,386.0948791503906,393.43161818049725,383.03141783743,384.39729655615747,8648384
2016-12-12,381.4118957519531,383.5387689700231,376.670359269193,383.5387689700231,5345020
2016-12-13,386.4266052246094,387.4607562444603,378.9727956708161,382.6411651704876,4854282
2016-12-14,390.1534729003906,392.18278304962564,384.04603466470934,386.73877633837174,5382614
2016-12-15,387.2656555175781,397.64634869266183,385.95832390758846,389.2364425563593,7966416
2016-12-16,392.2609558105469,394.03659379218715,389.3730877518721,391.73410246278104,6436742
2016-12-19,392.0657043457031,393.47059851723424,387.94853694992986,392.6315492804102,4124134
2016-12-20,394.99261474609375,397.66582494455486,390.7583765089928,391.03155701123063,7636498
2016-12-21,390.8560485839844,398.8366896524826,389.56822450644887,396.49518266822145,7343976
2016-12-22,384.2802734375,392.9828684415643,378.34845179155565,391.22673844356325,7060054
2016-12-23,385.7436828613281,392.82672563649595,379.94844006087936,384.35829629806136,7306036
2016-12-26,383.5191955566406,387.9095195963376,380.53376568203373,385.56801344183253,3213828
2016-12-27,389.84124755859375,390.9924927911368,382.44598622442743,383.5191764918939,4912816
2016-12-28,389.6657409667969,394.07557383235815,388.2998620550454,391.40236320411697,5476816
2016-12-29,387.2656555175781,393.37309453877566,385.62662001222867,391.7145274239048,6240124
2016-12-30,394.3877258300781,394.93408686125525,387.421753687264,389.47057182562526,7267768
2017-01-02,390.6802673339844,395.30475598441785,389.99732808265304,394.58277734159196,2335222
2017-01-03,387.85101318359375,392.1633065266506,383.2265475699612,391.8510866180053,6778482
2017-01-04,389.3730163574219,391.8901405955516,387.22663541032506,388.31933367413086,7073586
2017-01-05,388.7486267089844,393.9584691508237,385.86075916084883,390.87547606076106,8207074
2017-01-06,379.4216003417969,389.8022692087232,377.78254109464143,388.26079654746866,14393448
2017-01-09,378.6800842285156,381.25575536415704,376.5922507081613,379.42157072643505,10545692
2017-01-10,378.7582092285156,382.83633808301374,377.7435658723224,381.2753336463858,11939854
2017-01-11,378.1922912597656,381.84115294811323,376.18251259993764,380.18258594951004,12241574
2017-01-12,390.2706298828125,391.96823655532916,381.4899796357759,381.4899796357759,11855740
2017-01-13,380.8069763183594,405.86109891929993,375.6946970038165,401.9585883527682,31276246
2017-01-16,372.9434509277344,376.76790671509264,371.69464271864877,376.59228896679326,12351372
2017-01-17,372.8459167480469,376.2020667369651,371.6751634283261,373.17762066101955,5560094
2017-01-18,371.0506896972656,375.03125512945996,370.66043865134526,373.8995175686775,5952962
2017-01-19,373.8995666503906,374.4849432961134,369.9970556789053,371.1287933882507,8876480
2017-01-20,370.2312316894531,371.9678538874538,369.17754893186543,370.73855336709534,9124742
2017-01-23,371.792236328125,373.86056244212887,366.8360424797507,368.7872980248557,7948580
2017-01-24,369.0018615722656,370.738483442725,366.87498866660343,370.738483442725,6826010
2017-01-25,365.5091857910156,369.48975193881853,364.80673854588287,369.2165713937564,9978090
2017-01-27,367.675048828125,369.7823902785954,351.6747552322847,364.43594594739795,10635138
2017-01-30,370.4848327636719,371.3238820668439,362.48468606648817,365.86036724925503,11369208
2017-01-31,362.38714599609375,367.42139449232303,352.9235572372633,367.42139449232303,24068534
2017-02-01,357.7626647949219,360.2797889347062,353.23576195643693,359.460247404595,11531782
2017-02-02,365.23602294921875,368.7872985184481,355.1675252677708,357.8602674512348,11828268
2017-02-03,365.31402587890625,367.1872501151531,359.44075189806205,364.41645316014205,8423958
2017-02-06,364.9823303222656,368.29946457272194,363.1481454435002,365.7628324988436,6727934
2017-02-07,367.7140197753906,370.66041018197876,362.36757609312014,364.10419787788743,9268002
2017-02-08,365.4701843261719,368.43608339533046,363.889672008804,365.2750587605946,6319962
2017-02-09,369.17755126953125,370.73855571464554,365.4896735041412,365.6652912680241,11907266
2017-02-10,377.880126953125,379.32406075478485,368.12384967033734,369.2750951535135,12252452
2017-02-13,384.1436767578125,384.82661621125845,375.753277758334,379.6557889208821,13724268
2017-02-14,385.4510192871094,385.9583409573207,379.4606505632353,382.44608102949877,9338818
2017-02-15,383.1485595703125,389.78282886515876,378.0752948154301,386.03642749686117,7259486
2017-02-16,394.97314453125,395.6756155944893,386.3681121969467,386.73885552053684,12815858
2017-02-17,390.2901611328125,395.61709879712953,387.4023169471968,395.61709879712953,4851208
2017-02-20,394.25115966796875,402.3488697032178,387.7144539768641,388.8852072349724,4650662
2017-02-21,395.55853271484375,399.8122795258479,390.2706347089343,398.8756672936331,7613996
2017-02-22,386.40716552734375,396.10489657094803,384.94372379124417,396.10489657094803,6607838
2017-02-23,393.704833984375,398.05614351214757,387.65594160747474,389.82185438475665,9542656
2017-02-27,395.0901794433594,399.2268311179453,392.96330641993103,393.09988476220127,5328696
2017-02-28,395.0901794433594,399.1097605647088,393.86087908679013,394.8755223068858,5940132
2017-03-01,400.06591796875,400.7878729640014,394.19261995723235,394.934106562385,4282448
2017-03-02,399.3439636230469,401.17814863841136,396.6902607888572,399.7732541435574,2948498
2017-03-03,402.4269104003906,403.6367269062258,390.40720524852435,394.2511690094453,5401612
2017-03-06,403.4806213378906,404.2806075090952,397.939050960672,398.0756293178948,5286386
2017-03-07,397.9780578613281,400.3195882265017,395.98778682472596,398.8366150253857,4644496
2017-03-08,393.29498291015625,396.8462815713248,391.9876514884661,396.8462815713248,6179176
2017-03-09,394.7585144042969,395.324383290287,389.86086762783486,393.2950727089972,3480630
2017-03-10,398.7780456542969,401.0415209115654,395.48044317379345,396.1048353570872,4550324
2017-03-14,403.8318176269531,406.6025906368917,399.14878106839336,399.14878106839336,7878396
2017-03-15,394.91455078125,403.8708170511591,393.1779288626652,403.8708170511591,6373978
2017-03-16,401.5098571777344,402.62206334736385,395.44145699692604,395.44145699692604,6702956
2017-03-17,405.9782409667969,406.9928843056341,397.7634362043304,404.06600103702243,9507846
2017-03-20,398.6414794921875,400.6122665077054,396.14386304460254,400.6122665077054,4427388
2017-03-21,403.07080078125,403.89031848571113,397.5877781114126,398.40731963490833,4869584
2017-03-22,401.06103515625,405.84161111624866,398.2122307180337,399.01224070671594,3990852
2017-03-23,406.03668212890625,407.03184135234835,400.6317146644487,401.27563841855437,4501662
2017-03-24,402.5049133300781,407.42206667614283,401.06095596687396,405.0805605458202,4883896
2017-03-27,401.5098571777344,406.58312176165776,399.81227432534456,400.8659332990827,7684824
2017-03-28,403.96844482421875,405.4709020655667,401.97817369684395,402.54401874940527,4796796
2017-03-29,402.6805725097656,406.4465050074442,400.3390659998812,403.6367162508116,6981186
2017-03-30,400.20245361328125,404.26107407953754,398.15363559137023,403.5195875535181,12157180
2017-03-31,398.93414306640625,401.6854320738158,393.37306550348495,399.3243941234534,14153854
2017-04-03,393.685302734375,402.9147269068031,392.63162000640716,402.797680160296,4315600
2017-04-05,388.6705017089844,392.3583785508387,386.73875442810527,392.20226861780606,7398338
2017-04-06,390.094970703125,392.5145321670428,387.1290720177004,389.52912569139215,5379008
2017-04-07,383.0509338378906,390.6023063504342,382.05579837100703,390.6023063504342,6404508
2017-04-10,372.0653991699219,386.1534540078279,370.77755151618265,384.3583085193373,9528472
2017-04-11,377.43133544921875,379.2069730707121,373.09953423981193,373.09953423981193,8655466
2017-04-12,378.0947265625,381.2362666225531,374.7775925822492,378.54352480508874,6696752
2017-04-13,363.47991943359375,386.34862659106534,361.62622652823256,378.54360383164993,30973188
2017-04-17,360.9432067871094,363.75299530055815,360.39684578780884,362.93347762064127,7213434
2017-04-18,360.0651550292969,364.4944950941006,358.6797446918592,360.8846727390466,4647518
2017-04-19,358.7189025878906,362.93361072279845,356.16276202886655,360.20185236251933,10071702
2017-04-20,361.87982177734375,362.8164338971059,358.46512482680447,359.6163702767934,4549000
2017-04-21,360.47491455078125,364.8066918572427,359.4602474874148,364.8066918572427,3577466
2017-04-24,361.587158203125,362.3481526251112,356.299260470357,358.05539045076955,5556666
2017-04-25,362.67987060546875,364.10429672800063,359.24566549660074,361.3335232901617,4737060
2017-04-26,356.78704833984375,365.09939154392146,355.2065362365178,362.91399503303074,9084496
2017-04-27,361.07977294921875,362.5432143418797,357.4699508473217,357.4699508473217,7797208
2017-04-28,358.62127685546875,361.91890363263354,357.313921292478,361.7042464581902,5029702
2017-05-02,360.0456848144531,361.5286581711148,357.11880132478746,360.59204592680624,3231126
2017-05-03,364.6116027832031,366.48480332414323,358.1139361737823,361.56764892679575,4659448
2017-05-04,365.9189758300781,366.6994780778304,362.50427849616193,365.6653030719433,5279806
2017-05-05,363.51885986328125,365.80181902079926,359.0309727044753,365.2749896210749,4432788
2017-05-08,368.98236083984375,370.1726217561656,363.713971763865,366.05547801985557,4707098
2017-05-09,369.4311828613281,371.4995087568659,367.65552144760613,370.9726555239137,5649372
2017-05-10,368.26043701171875,370.73852181412536,365.72380502035895,369.62631577629713,3364302
2017-05-11,368.43609619140625,370.6800402734785,365.8799559573754,369.5092868393538,3229482
2017-05-12,376.299560546875,376.98249985821235,371.30435206204277,371.9092364025635,10979996
2017-05-15,371.3434143066406,376.0069195253812,370.3872943868011,376.0069195253812,7297164
2017-05-16,372.6897888183594,374.69959144797855,369.54827232563485,371.9483022239859,6130168
2017-05-17,371.8312683105469,374.03619670137607,368.338515966958,371.36296219526014,2915508
2017-05-18,375.323974609375,380.06553473902085,367.94821970082273,368.0067668901904,8057848
2017-05-19,373.8410339355469,375.6947266006815,369.8994836614178,375.2264205319982,4257396
2017-05-22,375.2069091796875,377.33378234961725,373.2946693419813,374.01664813823345,5503052
2017-05-23,373.58734130859375,377.3727814185851,372.33853313161256,376.4557009396492,4039982
2017-05-24,372.6116638183594,376.78735443661606,370.5823537794931,374.6409738572257,5636286
2017-05-25,383.73394775390625,385.0217717740996,375.0313519470389,375.0313519470389,10438514
2017-05-26,388.57305908203125,390.2511341952631,382.6802526642594,385.17786945072464,4988004
2017-05-29,384.45587158203125,388.9632669164106,380.7679940106168,386.69981535385574,6308434
2017-05-30,388.7681579589844,390.2511074033095,381.91925578786373,383.22658747004994,3716910
2017-05-31,381.2947998046875,387.73394240269187,380.43624269448,387.73394240269187,7763900
2017-06-01,384.9005126953125,388.18923976612507,379.8089072193955,384.06840938892697,5508606
2017-06-02,384.12786865234375,386.5052653029117,382.0476465830968,385.69299295079355,3917966
2017-06-05,379.88818359375,385.1382680084746,379.2145830206952,384.3458024364407,5462698
2017-06-06,388.05059814453125,391.2799052641616,382.12693690074883,382.36466691637054,7008686
2017-06-07,380.8985595703125,391.8345986076152,374.43997021194815,390.2892811203904,12455046
2017-06-08,378.9768371582031,381.5523501594985,375.68811000875945,381.5523501594985,6195352
2017-06-09,375.8664245605469,376.7975861514074,365.72287455003783,371.88428975573936,14757662
2017-06-12,381.908935546875,382.44386428264403,372.49840750933026,373.78616397762585,8591676
2017-06-13,379.5117492675781,381.55235774435965,377.0551012114504,377.807953161985,4937794
2017-06-14,379.828857421875,381.13644537070314,376.89674840168055,380.3835931689013,7438110
2017-06-15,377.25323486328125,383.53353918145876,376.26265287468516,380.2448118161459,5528062
2017-06-16,372.5579528808594,377.9467101938363,370.87396319753725,376.06460407718214,10948450
2017-06-19,368.4371032714844,372.5579345557519,367.7040821778652,372.4390695384263,6855860
2017-06-20,373.8654479980469,375.1928423686246,370.1012364544813,370.47766244566395,5184396
2017-06-21,373.7862243652344,376.02494949160337,370.89372959058693,374.4400181976451,3735864
2017-06-22,372.51824951171875,383.8306902924825,370.51725466988563,375.5098020974078,9465242
2017-06-23,373.74664306640625,376.0844266007457,371.6664205632537,374.4400505674571,6403018
2017-06-27,367.3276672363281,375.6287504723057,366.02010363796666,374.44005189486165,6904660
2017-06-28,366.396484375,369.6852118623511,364.93041814064884,369.60596046349644,5905224
2017-06-29,368.5758056640625,375.60893882325774,367.149352879041,368.5758056640625,15914040
2017-06-30,370.695556640625,371.666331746939,368.10023687943107,368.8134510161069,4216700
2017-07-03,377.17401123046875,378.40232323433105,370.31916445703433,372.894677651823,5088924
2017-07-04,381.23541259765625,384.34583052152306,376.18344420678056,377.9466608860945,5167726
2017-07-05,376.7778015136719,379.9872777101464,374.59852098457304,379.9872777101464,4226228
2017-07-06,375.2324523925781,379.1947802953509,374.12300541662785,374.4399868120236,3829720
2017-07-07,370.63616943359375,374.618304222155,369.70500784653217,373.98431723400296,5776886
2017-07-10,379.2145690917969,380.30420921332,372.4588051751793,373.7267548806866,1464376
2017-07-11,386.46563720703125,392.072340788882,379.05610347424215,379.05610347424215,11539708
2017-07-12,385.2770080566406,388.9025483645641,383.8505794479587,386.30722799325247,6275976
2017-07-13,387.1392822265625,389.6751820155686,382.0080622344513,387.21853362949383,5170392
2017-07-14,385.1581115722656,398.9470090049072,382.7807146292539,396.01490061900546,22478180
2017-07-17,389.912841796875,393.0628970688797,385.9307074043234,386.32694016346545,7698250
2017-07-18,390.52703857421875,398.13471318210736,388.74399097162603,390.7053481713042,8260180
2017-07-19,388.2486877441406,391.7355556267068,383.98918527208747,388.88267471557543,5890278
2017-07-20,384.12786865234375,388.24867500285063,383.1372867146071,388.0307518133744,6809740
2017-07-21,388.34771728515625,389.31849238118923,384.90051163037583,385.5344743709007,5980754
2017-07-24,392.4884033203125,393.85541134541006,389.33834765833933,389.69496685936696,6129176
2017-07-25,393.7959899902344,395.83659874651465,390.7648233391416,392.2705032623118,7145614
2017-07-26,393.875244140625,395.8366015074434,392.42900880575723,395.4799822828826,6870024
2017-07-27,384.7618408203125,397.8177159155214,383.07785148501273,394.64785363731005,12676852
2017-07-28,395.1827392578125,397.42146405801213,381.2947856547247,386.72317938247244,11098428
2017-07-31,400.67059326171875,404.8310374651022,390.9826969227284,393.02330541994456,19158248
2017-08-01,398.431884765625,402.96875513469524,395.5790037862523,400.5913583492398,7689398
2017-08-02,393.59783935546875,401.28476529344374,391.16102216359747,398.610193912816,4257584
2017-08-03,389.8930969238281,395.7375310494648,388.4072238410392,392.6667266783676,4640348
2017-08-04,389.7940368652344,391.8742591712496,386.74303931291894,391.4780263510562,5349018
2017-08-07,383.65240478515625,389.79401312408726,382.64201599202926,389.69495492507224,6073744
2017-08-08,381.908935546875,384.44483488117,378.42209210031564,383.75142755208776,6004648
2017-08-09,384.0883483886719,385.8912274143055,382.18643532309125,383.41477181221177,3922410
2017-08-10,388.80340576171875,391.2798605754877,384.0882261226511,384.30617349356606,9140684
2017-08-11,391.359130859375,395.04409096333023,384.18730286199985,386.72320238737245,6544156
2017-08-14,388.8826599121094,391.95346390297334,387.178863824972,391.4779797385299,3816470
2017-08-16,386.40618896484375,390.7251115000963,383.9495410377866,389.1005668721429,6178080
2017-08-17,404.4942932128906,407.8226588097914,395.46018911518905,398.21401224565494,25784260
2017-08-18,365.82196044921875,403.32540749792577,350.3490732681281,403.32540749792577,164404960
2017-08-21,346.06976318359375,366.11913469565513,344.7225618887662,366.11913469565513,90407176
2017-08-22,346.8621520996094,355.4405764553907,340.7601581977659,354.7075555561743,49242598
2017-08-23,353.75665283203125,358.07560019451745,346.26786712976235,348.6848776305944,61284190
2017-08-24,361.42376708984375,363.84077755568444,357.54066620695926,360.57185687522224,42380524
2017-08-28,372.8551025390625,377.9863226552525,371.6664040187467,374.02399425419975,40712108
2017-08-29,367.486083984375,373.2512658978828,366.73323205466613,373.03334271321825,13369392
2017-08-30,367.16912841796875,372.0625937526717,366.1587154454574,371.34937955993996,16149664
2017-08-31,362.5331726074219,368.08043130875893,361.72090027726614,368.02098672045025,15022452
2017-09-01,364.514404296875,366.87199452071974,360.5718827204131,362.92947294425784,8433922
2017-09-04,356.6887512207031,364.9700017617951,354.0339867740439,364.93038815768824,10177108
2017-09-05,357.36236572265625,358.59067770744946,355.51987356133594,357.40197932830876,9783392
2017-09-06,354.8660888671875,356.7283878790271,352.6471948429517,356.609522874895,7735910
2017-09-07,354.92547607421875,356.8075815850784,353.5782750875315,356.60946521551426,6241192
2017-09-08,350.3886413574219,356.2132680409689,349.51692440748127,356.2132680409689,8604542
2017-09-11,348.16973876953125,353.3603783669829,346.16876812398516,352.8056670011592,13787642
2017-09-12,350.2896423339844,351.755708699607,348.2094198944767,349.69529306555364,17241354
2017-09-13,350.17071533203125,351.6962018439844,349.08107519945634,350.8641226891244,11478228
2017-09-14,353.5981750488281,355.2623335304959,349.31884128416283,350.46792612544,13698006
2017-09-15,359.8784484863281,361.8596125297431,353.5189167437924,353.55853035100813,13459460
2017-09-18,360.21527099609375,363.64269479117866,359.10582386297733,360.57189023151466,8475860
2017-09-19,361.46337890625,362.94925193546175,357.99634183808917,359.7793894731433,6033330
2017-09-20,361.6416931152344,363.34548937361694,359.56147084782816,363.34548937361694,5767830
2017-09-21,360.39361572265625,362.6521480040319,359.838904194126,362.5530897827798,8204152
2017-09-22,355.93597412109375,360.670961645828,351.8547804905194,359.8388823115651,17604088
2017-09-25,354.7669982910156,357.38214906392307,352.29054349704774,357.00572309841414,9088700
2017-09-26,358.94732666015625,359.93790872491644,354.3510113691895,355.420844835957,7366478
2017-09-27,356.5303039550781,359.73980446379596,354.66800477359493,359.02656600576984,6000138
2017-09-28,355.0245666503906,358.1548152487501,354.3509660955897,355.06418025426683,17537266
2017-09-29,356.5698547363281,357.5604365928196,354.62830462395385,355.8170028517436,5705832
2017-10-03,358.0161437988281,361.3643158161881,357.24348499726335,360.6114638179186,4947522
2017-10-04,356.4510803222656,358.7492503165017,355.4803291376818,357.79828175446363,4991492
2017-10-05,357.8179931640625,358.5708450903043,356.21325530457733,356.6094880690985,8611300
2017-10-06,364.5936279296875,365.3266489507844,358.17465160370426,358.1944584072766,8574308
2017-10-09,366.0795593261719,368.10033729536644,362.1568442281646,364.53424145504533,3504832
2017-10-10,370.65594482421875,372.4389922665655,368.3181618372682,372.4389922665655,7143220
2017-10-11,368.7738952636719,371.666390050909,367.7040617987671,370.6560011834393,5982504
2017-10-12,367.42669677734375,370.22013337951205,364.3558923585906,368.49653025038106,10280972
2017-10-13,368.5361633300781,369.88336469087574,367.5257744015468,369.60599685963695,7180728
2017-10-16,372.0625915527344,373.25128992830224,369.6851948015987,370.85408637439986,5758750
2017-10-17,368.6946716308594,371.19093378089383,368.298438775802,371.19093378089383,5625102
2017-10-18,366.2578430175781,368.49656840249463,365.7031315111092,368.0607219199737,7231852
2017-10-19,367.2879638671875,369.288934480066,366.5945565331316,368.4964689554307,1091434
2017-10-23,372.2607116699219,373.25129365946395,367.74364812395766,368.4965001096619,9154096
2017-10-24,367.10968017578125,375.09378057316997,365.16812982985573,374.83621958584894,14529328
2017-10-25,370.5965270996094,374.32112503392926,362.65206442299,364.1379373993202,13984134
2017-10-26,375.37115478515625,377.1343956824057,372.4984668215458,373.25131885807593,33659258
2017-10-27,374.9748840332031,379.47214062491184,374.0437466680099,378.40230727537016,8524956
2017-10-30,374.0833740234375,378.26364937964394,372.87486882925407,378.26364937964394,12968326
2017-10-31,370.3670349121094,373.6414292893279,369.6237795120233,371.6326044006756,9954988
2017-11-01,372.456298828125,373.4004614445195,370.94967983346794,371.6326853487379,5633134
2017-11-02,370.7889404296875,372.0344021616854,369.623812082884,370.8491904685833,4686138
2017-11-03,372.29559326171875,373.60132967376455,368.3984673737158,368.4185507218503,3699086
2017-11-06,373.11920166015625,375.65031653566376,370.68852804575454,370.8894105679661,5066534
2017-11-07,383.8865051269531,385.6944478512559,371.97416159033014,372.1348774189852,13442820
2017-11-08,382.6007385253906,386.4375887084578,380.6722717627701,385.79477462817937,5369994
2017-11-09,383.4847106933594,386.8997133553746,380.9736793242305,382.88206316476845,4723232
2017-11-10,386.51800537109375,387.44205994767094,381.67674212533547,385.2122691480334,6589428
2017-11-13,382.460205078125,389.4710093868974,381.41560134204366,386.51802185878347,5021216
2017-11-14,381.3151550292969,383.6253037995198,378.96483956743816,382.4602000023943,5733710
2017-11-15,382.39990234375,383.08290771282896,379.4670228995983,379.7281799448247,7023516
2017-11-16,397.1045227050781,400.11776010564745,381.0740899253338,382.3999094772266,15687502
2017-11-17,390.0937194824219,395.9393951456637,387.76348745948906,395.9393951456637,8057670
2017-11-20,385.9154357910156,390.113885706323,384.58961595507486,389.3103555606869,5661190
2017-11-21,388.2054443359375,390.31471065703835,385.71449634761274,386.21670261454153,5364656
2017-11-22,388.22552490234375,390.13390870300793,387.02022987034525,388.3460495011855,6084920
2017-11-23,398.2495422363281,399.5351950954463,389.31027130088466,390.31468376554125,11894618
2017-11-24,405.601806640625,409.51901496370317,397.8276645466154,398.10890492032195,18619912
2017-11-27,401.2628173828125,404.4568542252867,399.07319309949423,404.4568542252867,6017730
2017-11-28,395.6180419921875,401.7248755385029,394.252031039875,399.51516780621586,4616868
2017-11-29,394.81451416015625,398.53084082202264,393.8502682445767,396.8032560349189,3838070
2017-11-30,392.1628723144531,397.5264506750494,389.04919304342087,397.5264506750494,17266944
2017-12-01,385.2123107910156,395.01538745722826,384.5092219795149,393.4886852280422,4085000
2017-12-04,395.879150390625,400.4793647477486,389.1295029974757,393.7297173545993,17811606
2017-12-05,395.4774475097656,402.97037607602874,393.328014136024,395.87921259059914,9976738
2017-12-06,397.8678894042969,399.39459155676286,395.3367747144466,395.7385397294003,7490094
2017-12-07,401.6846618652344,402.93014813960684,395.97959368009185,397.3456045560382,7549544
2017-12-08,402.50823974609375,404.5773392241282,399.7561594121227,402.1667493181254,5983244
2017-12-11,403.8943786621094,404.5372174214453,399.33435539266077,399.73612042157396,5139098
2017-12-12,405.9835510253906,407.3897285895558,402.56854836956103,402.56854836956103,9320434
2017-12-13,403.2716369628906,409.3985534895995,400.8208801609233,406.14426665134255,5362398
2017-12-14,407.02813720703125,407.7915005636007,401.48378476382527,403.87429156803904,6023572
2017-12-15,410.9654846191406,412.3716623118149,406.5259611434062,406.9880007654306,10384134
2017-12-18,408.43426513671875,414.0991414943724,404.09520829662364,406.5459893653596,4035448
2017-12-19,403.3520202636719,408.97673087180016,401.58424426382896,408.7758483500813,7118898
2017-12-20,408.13299560546875,409.237849437126,402.1667947232362,403.81402153626317,4186326
2017-12-21,410.62396240234375,413.39612652045685,401.12223373025853,407.7111658043558,11059162
2017-12-22,417.574462890625,419.76411167138144,408.1932595011601,408.1932595011601,12906940
2017-12-26,416.06781005859375,418.43823328679275,411.0055810392597,413.8179359437317,10808906
2017-12-27,415.5254821777344,417.47403276405,412.7734015316117,413.0144507408373,6970172
2017-12-28,415.12371826171875,417.83563222084445,411.3270338145845,413.8179819110286,8433472
2017-12-29,418.6592102050781,421.371123775892,413.81792265752813,413.85808934615835,6601768
2018-01-01,415.2442932128906,419.64360095830295,413.81800764677075,416.91157896028795,5431340
2018-01-02,413.6973571777344,418.63908577309974,411.00555157954034,416.7307022247099,6112248
2018-01-03,410.3226013183594,414.4607760322271,409.23783088301013,413.2153143053607,6846552
2018-01-04,407.95220947265625,410.2020837668729,405.62195274861466,410.2020837668729,8947614
2018-01-05,406.5862121582031,412.3716384245068,404.1756219675418,407.91203185870853,11025976
2018-01-08,416.2485656738281,417.4337525723662,409.8203024213814,411.76887699968415,5594690
2018-01-09,418.3779602050781,419.804245529091,413.3760057247786,417.8355872803048,9948236
2018-01-10,422.7572021484375,424.2638208303635,415.0433341144071,420.56760261480247,9468634
2018-01-11,432.2189025878906,435.2723074571569,423.9626103872209,423.9626103872209,16775298
2018-01-12,433.2834167480469,436.27659523156444,430.10951268717093,436.23642854286527,18016528
2018-01-15,434.36822509765625,439.10902251367736,427.91987744490405,433.9061855543227,10649250
2018-01-16,451.1219482421875,455.92307077847227,434.4085293160638,434.4085293160638,22646966
2018-01-17,462.8734130859375,466.7705627291457,451.18206224346403,451.9253176307867,26154088
2018-01-18,463.1145324707031,468.01609528409614,454.83818262555,460.0209613437287,13204970
2018-01-19,459.398193359375,461.18607712786235,456.40506357221875,460.02094875897046,5988278
2018-01-22,462.0297546386719,464.8220017992737,454.79798456606653,454.8582591253875,9650214
2018-01-23,472.9175720214844,477.29682033325787,464.0385753240007,464.0385753240007,15403796
2018-01-24,476.4129943847656,490.5752117574663,469.06067468448356,471.9935790344193,20604718
2018-01-25,472.23455810546875,475.44867788288417,466.95133891262714,474.88619711312134,13548914
2018-01-29,475.24786376953125,480.61141711101914,468.1365933127734,468.6790153381097,10823002
2018-01-30,470.32623291015625,475.3281878176566,467.13217155844745,473.6407943423408,8628312
2018-01-31,462.1302490234375,468.69909778592955,458.8759619253171,465.7059677791736,9213698
2018-02-01,459.8601989746094,465.2036929733251,449.39425038327795,458.89595318731614,13005454
2018-02-02,459.31787109375,467.2125637513554,454.0346511342503,456.10375084992756,10244486
2018-02-05,457.2889404296875,463.97833803034274,456.34480241191426,458.0121371057087,9860220
2018-02-06,445.0552062988281,453.33155600241673,439.992976794193,441.92141948741573,10552078
2018-02-07,445.5775146484375,451.905313707757,443.36780704042116,448.36976191749824,8342056
2018-02-08,455.70196533203125,460.583420041593,448.59074422971304,451.10177555730854,8807244
2018-02-09,445.61767578125,450.0973655030471,444.35210617646163,449.17328635197475,4382690
2018-02-12,443.0664367675781,450.2178239403375,441.0576118802452,447.8876164971771,6291972
2018-02-14,441.0375061035156,448.8920310676315,438.0041608918408,444.35206718331887,8345712
2018-02-15,447.7469177246094,453.8738330590489,443.14672877945895,443.14672877945895,7986736
2018-02-16,453.2110900878906,458.67508502931594,449.2134983629217,451.98568705222584,9889222
2018-02-19,454.697509765625,456.40501090678157,450.0973204262925,453.3516069101345,6461840
2018-02-20,456.7867431640625,461.82891403960576,443.4481634373335,443.4481634373335,7188594
2018-02-21,460.98516845703125,462.79311094780815,458.01209766348234,461.0253351481105,13771358
2018-02-22,466.3487548828125,467.6544912199817,458.1929052209074,460.2419460925618,17859974
2018-02-23,464.29974365234375,468.4580016974602,460.72402525434177,467.4535891723799,9459828
2018-02-26,457.44964599609375,464.05871005950723,455.7421446460407,462.43154209672974,5083608
2018-02-27,462.1101379394531,463.49625677924627,452.2468354511356,460.0008714404324,6616026
2018-02-28,471.1095886230469,477.8994263470755,459.0365808388264,461.0654644879675,17268416
2018-03-01,466.3487548828125,469.90436556146443,464.4604788741854,469.90436556146443,6579852
2018-03-05,464.40020751953125,470.3865162692385,459.3178700864166,466.34875810435864,8101456
2018-03-06,462.5721740722656,468.2169925636542,459.45849497809127,467.0719719958037,6689734
2018-03-07,459.6592712402344,466.0473437783243,457.2286227096034,464.0385190206591,6370416
2018-03-08,464.70147705078125,468.37763645121834,461.6279651243969,461.6279651243969,6093014
2018-03-09,467.4133605957031,468.4579396747709,464.25951549322843,466.9914877735922,4220964
2018-03-12,476.3928527832031,478.84360949523574,470.7681427355836,472.4756440000395,7676970
2018-03-13,475.6094665527344,480.912745380601,472.1341892022114,474.16307319642243,8581052
2018-03-14,474.4040832519531,478.3413504244014,469.7034038050397,474.08265166729143,4429710
2018-03-15,475.0870666503906,477.4574897303421,470.8685345575119,474.08265424732423,6101500
2018-03-16,470.82843017578125,475.04696282690696,469.7637430789239,474.8862470124336,17954826
2018-03-19,460.7240295410156,474.28359875576103,459.0768027932738,467.65447602855215,7526620
2018-03-20,467.87542724609375,470.0650267704571,461.467246386624,461.467246386624,8553766
2018-03-21,469.0606689453125,472.2747891607836,466.9312946851299,470.0650815126472,7692994
2018-03-22,466.5697326660156,473.05819843910274,464.1591425701821,467.85536109969445,6813168
2018-03-23,469.1007385253906,471.5917106028456,458.95617369545215,460.8243904926503,12008084
2018-03-26,464.1390686035156,468.8196411901862,459.61921184368913,468.8196411901862,8930722
2018-03-27,463.63690185546875,466.56980655396575,462.0700082363209,466.0474923330535,3802088
2018-03-28,454.7176208496094,462.33104755074197,452.4878056085363,462.33104755074197,12558322
2018-04-02,456.86700439453125,461.8488993836211,450.4990400009105,458.4137895813369,8072702
2018-04-03,458.1929016113281,459.4384124195281,453.23111337789,455.8827527253047,4077168
2018-04-04,451.6642150878906,459.8401724656604,449.97682162423234,459.61918208760875,4813302
2018-04-05,461.04541015625,462.5520287911858,453.6328170462207,457.8312904017203,7763544
2018-04-06,452.7892150878906,460.42275110090736,450.8205565179218,459.2174559409574,5937742
2018-04-09,446.46136474609375,452.3070652247682,444.5730888275918,451.9856336012198,7202882
2018-04-10,447.3251037597656,451.7846848823037,444.11098416967366,446.76262302278496,8926058
2018-04-11,451.684326171875,454.5971225825898,448.57064725007643,449.1732947833278,9025574
2018-04-12,467.0920104980469,471.16993533008497,451.98565529426185,453.7734900466595,17044366
2018-04-13,470.6475524902344,476.4530857082236,462.1301547798379,471.6720727768135,21227038
2018-04-16,455.28009033203125,458.01211202116866,442.74504162046304,442.74504162046304,24745084
2018-04-17,452.06597900390625,452.94989147037404,447.9679954344052,452.78917565432704,10397940
2018-04-18,452.36724853515625,455.90279989000175,447.5059022049253,451.12178693637276,10430380
2018-04-19,455.1394958496094,457.9317921816378,451.2222868809298,451.583885209832,8525542
2018-04-20,473.4599609375,479.58687739849773,456.7867128633096,457.61035075910553,24272692
2018-04-23,477.1761779785156,487.9033308161347,464.13892588424153,469.2614286369133,21830638
2018-04-24,463.8377380371094,480.67170299849386,462.0699620548428,476.09157174012523,8526216
2018-04-25,466.18798828125,470.46679515952036,460.101238979224,462.8332604814411,11594178
2018-04-26,472.6563720703125,474.74557930832884,466.0473580328796,471.6720675263798,11302084
2018-04-27,476.171875,478.74318089844917,471.75245984577134,474.0827165445242,7663370
2018-04-30,481.9171142578125,485.31200886754107,474.34385386747886,474.7656776884935,5511678
2018-05-02,480.9328308105469,482.7608322026003,474.4844827025339,481.67608627956116,10295042
2018-05-03,475.1072692871094,484.00632571854226,472.51585534413556,481.01319577778463,5332230
2018-05-04,471.31048583984375,476.49326386428356,464.0385495474262,476.09149888632044,6023368
2018-05-07,475.2880554199219,478.10041077743625,472.27481753687084,474.5849665805433,4638960
2018-05-08,468.2771911621094,473.2389788469179,466.46924875556215,473.2389788469179,5718556
2018-05-09,470.3462219238281,472.8371941171684,467.2526513303861,469.0605936614151,3783504
2018-05-10,469.2614440917969,475.2879181169484,467.19234486778066,472.4755635718777,3182862
2018-05-11,474.3840637207031,475.36836843620716,468.4781373405126,470.98916880208736,3311706
2018-05-14,477.8192138671875,478.7030773972759,470.0651284555709,475.8304473591077,4432094
2018-05-15,479.9284973144531,485.3322180385896,477.33708311483207,477.33708311483207,5611974
2018-05-16,478.08038330078125,481.3146121232203,475.8907830216648,476.9956370979076,6205004
2018-05-17,475.24786376953125,481.0935155295595,471.4913705479548,480.5109758535247,9519598
2018-05-18,475.36822509765625,476.71417679007993,471.27024260547086,475.2878917325422,7139660
2018-05-21,473.8818664550781,477.45758513318896,470.06509856078117,473.90197432458706,8475320
2018-05-22,479.6471252441406,481.31445976740946,471.6319332819727,472.0738649638615,5636804
2018-05-23,476.05133056640625,485.1914837837558,474.68531983729594,480.1091470212176,9538442
2018-05-24,490.55511474609375,493.1866953803881,481.3145188090256,481.3145188090256,9740570
2018-05-25,493.4879455566406,501.6638531075792,490.4747082005028,494.2110930959676,8901438
2018-05-28,487.9034729003906,495.21557698871175,484.5286367659409,494.5727627353841,5739794
2018-05-29,488.8274230957031,492.7848473151322,484.6088908786505,487.76278515197436,3388934
2018-05-30,486.8187255859375,493.66883978595735,484.3679684178948,488.9481001176074,6323066
2018-05-31,494.8941650390625,498.9921485741716,486.2361093493488,486.81864900360125,19720340
2018-06-01,490.4747314453125,500.6996310742927,489.0283382109568,494.3316656352432,4998356
2018-06-04,497.9476013183594,499.39394565635445,486.9392293930021,490.5952814551403,4270156
2018-06-05,490.494873046875,498.9922140366514,488.94808734509235,498.9922140366514,4710862
2018-06-06,497.1640625,498.8113381780972,490.173390975766,492.242441419602,4038184
2018-06-07,503.1905822753906,505.4203977653174,497.3850973238974,497.3850973238974,6676226
2018-06-08,506.2439880371094,507.02741013899,500.61927825743754,501.40270035931815,6459878
2018-06-11,507.1882019042969,510.241606433291,504.2352386364116,508.4537716029861,5171290
2018-06-12,505.62127685546875,510.7437808522167,502.38704883224636,508.5340732457764,7839820
2018-06-13,512.1700439453125,515.8662623446806,508.9559239307039,508.9559239307039,5766928
2018-06-14,510.2766418457031,515.7511151212599,507.9716189781061,515.7511151212599,7598848
2018-06-15,527.3790893554688,531.5981220703125,508.3419905201982,509.1652164157774,19957760
2018-06-18,521.6782836914062,531.4952428914078,519.5996181126897,528.511048884854,8214846
2018-06-19,511.05853271484375,520.0317134383338,509.5973371641297,519.867058240105,7545700
2018-06-20,511.6966857910156,515.4835051061715,509.57686889630037,513.8988051833853,5371802
2018-06-21,513.09619140625,517.191720547472,508.7536542751097,512.8491834163316,5798790
2018-06-22,513.6312866210938,516.7801362098695,510.89405004403426,511.63497356341526,4343118
2018-06-25,523.7568969726562,526.3706794957707,516.1626578702234,517.4592487585157,7731178
2018-06-26,525.9794921875,528.4697701318006,521.2047929781651,522.3367283627178,4483504
2018-06-27,522.74853515625,532.4008403724573,520.9374278199485,528.4905166842806,6952142
2018-06-28,530.8160400390625,534.2735988015603,525.3210173116266,525.3416180570181,10996818
2018-06-29,538.0604248046875,541.2710258930641,528.2023148116156,534.2942065321225,9966600
2018-07-02,549.3798217773438,551.5613906595859,540.8594532288774,540.8594532288774,4830144
2018-07-03,557.220947265625,558.9291508003835,548.165463727421,548.2272157097788,8127452
2018-07-04,553.7018432617188,556.7683905679689,551.0881104976509,556.5214327922448,5025722
2018-07-05,528.5110473632812,554.545567414471,521.966391166881,554.4838154205409,17019902
2018-07-06,528.6139526367188,535.8583308035804,522.3368548927359,531.0836304376301,11215356
2018-07-09,534.6234130859375,536.3316166955462,526.4735076918693,533.8619392587286,6644998
2018-07-10,535.673095703125,541.456227422481,532.7506538480558,538.5955375581942,5974488
2018-07-11,543.514404296875,552.4258364280049,531.5364751965651,542.3207667088061,11899832
2018-07-12,532.7713623046875,546.2516902257197,528.6963828992589,545.8400771594287,13272240
2018-07-13,542.2589111328125,548.1037949326475,534.4176643261256,541.2710300022952,19496158
2018-07-16,548.6184692382812,569.8371430539984,530.0341291146115,542.2590674173869,35344680
2018-07-17,546.5808715820312,555.4717016632505,540.3243243058224,547.321744778794,11161690
2018-07-18,544.3787841796875,552.9609050375756,540.8594729900234,551.4791083114059,6919016
2018-07-19,541.9707641601562,548.2273112975863,538.8425157143025,544.5639459056149,5118864
2018-07-20,554.8955078125,562.7367560209208,543.8643089126182,545.7988700278486,11705738
2018-07-23,558.1265258789062,563.086481726318,550.0177713499944,556.5624269104309,7675702
2018-07-24,566.8527221679688,569.0136899192114,558.1470991781051,565.7207866792226,6172246
2018-07-25,569.5694580078125,573.7061885328258,562.0369204160859,567.6142963633412,6936922
2018-07-26,565.2474365234375,572.3066080773157,563.5803841164524,567.4290050750827,7362218
2018-07-27,565.329833984375,571.7304359975406,563.2100673088264,565.2269307381551,6493232
2018-07-30,556.089111328125,565.1445964866881,554.8542724428664,563.9097576014295,6409970
2018-07-31,561.892822265625,563.9097357492006,549.7296898645985,555.0806581600289,7943996
2018-08-01,557.344482421875,563.2716681456589,556.0890429446238,561.3577083054502,4675706
2018-08-02,557.1799926757812,562.5721133638335,555.7393470589725,559.6290701260635,5940742
2018-08-03,561.481201171875,562.3455782963723,558.1471464084025,562.3455782963723,3970390
2018-08-06,560.0612182617188,565.9678545491411,554.6484974581582,562.2839384305478,6178930
2018-08-07,563.06591796875,568.0052733960715,560.0611735645624,565.5561964283133,7351528
2018-08-08,560.9255981445312,564.9388247685703,557.0358755149069,564.650715775904,3992358
2018-08-09,568.0054321289062,571.9157562683015,565.4122999523278,565.4122999523278,6409524
2018-08-10,570.2691650390625,571.7304111702203,565.1652044447768,570.4132697740931,4779520
2018-08-13,579.8598022460938,580.3125664879658,567.4908117431926,572.1420586492069,9979746
2018-08-14,579.6746215820312,586.3633329887705,577.9046655422642,582.0001948899453,6151320
2018-08-16,588.42138671875,590.62350622885,580.8888486888341,582.411796696937,6626774
2018-08-17,588.7506713867188,591.7554665222267,585.725325747709,588.9770786453489,6390408
2018-08-20,569.7753295898438,579.5305381794903,565.3504895731627,571.318878432872,16101876
2018-08-21,569.6517333984375,574.6116896430002,565.4533013231172,572.1420118938182,8361482
2018-08-23,575.1880493164062,576.8756526642802,570.2280922829699,573.3769419631411,7717182
2018-08-24,567.326171875,577.0402278361073,566.4205932011865,574.8175077676677,7053000
2018-08-27,582.5969848632812,584.4697936556562,568.6021444339464,569.2607151108883,7012950
2018-08-28,586.4249877929688,592.0641157210664,580.9917165989413,583.3378904677884,6496890
2018-08-29,580.4154663085938,590.0883715595737,578.3780021093374,590.0883715595737,5646496
2018-08-30,582.92626953125,585.1284391230545,574.673459608728,581.5268256261907,11507962
2018-08-31,593.1754150390625,598.6087361525383,584.9431559996036,586.5896078074954,10875864
2018-09-03,590.3558959960938,604.206682339656,588.6065408920439,596.4271872395606,10976328
2018-09-04,606.841064453125,616.184659431043,589.4298144991673,594.3691704865905,15370124
2018-09-05,600.8726806640625,612.5212984779981,597.1681636445447,610.792543967181,8658978
2018-09-06,598.6087646484375,605.4826811753197,596.0978853252984,603.0541545939286,5598659
2018-09-07,603.2598876953125,605.1944985737741,595.8508551083854,604.5358777028063,6510605
2018-09-10,601.65478515625,614.9499069920562,600.4611474878598,607.335065439611,5629871
2018-09-11,604.4949340820312,613.0976571451655,602.6015240419754,605.812126030657,6963561
2018-09-12,611.574462890625,614.5380556528215,606.0999912583923,612.8093015824927,4636617
2018-09-14,604.0007934570312,613.3032351627048,600.1727733003466,610.7512552220594,7896514
2018-09-17,597.620849609375,609.1871634059794,596.5094645016746,605.0710339235065,5427054
2018-09-18,591.981689453125,600.9548713287874,590.2529352640282,600.9548713287874,7729732
2018-09-19,592.516845703125,598.4852335202111,587.1247260692469,598.4852335202111,4849498
2018-09-21,580.6211547851562,590.5822172514503,569.6722615416635,587.6597254241362,14350769
2018-09-24,591.2820434570312,600.913797200499,581.6091384648696,581.6091384648696,8637881
2018-09-25,597.8267822265625,605.8943876653516,590.2530923315993,591.2821249193461,9602273
2018-09-26,590.9527587890625,602.4779226874019,586.1369068298329,601.9428559395581,6599606
2018-09-27,596.6741943359375,601.6135503325028,590.6235033384361,594.3691715866859,14592616
2018-09-28,600.99609375,604.7006105188461,588.7712085110974,593.5459089640209,7490031
2018-10-01,614.6616821289062,621.4532962878195,603.4246276949598,607.1291445089124,8252398
2018-10-03,599.7200927734375,619.0247509701966,597.9089856699323,612.3154395114357,7792464
2018-10-04,582.1853637695312,600.7490976773931,578.3161920087273,599.7200653072708,6173037
2018-10-05,596.5095825195312,602.1898624274608,583.9142338603519,586.9601803291586,8543578
2018-10-08,588.1537475585938,599.884716499051,583.8729628785459,596.8799219002245,7259306
2018-10-09,590.870361328125,594.6983816774411,578.439670933825,590.3352444205537,6777212
2018-10-10,576.628662109375,592.6404178685233,572.4713808559234,592.6404178685233,8866251
2018-10-11,554.3189697265625,570.4130713340959,546.0455620171239,563.9095686196165,10985897
2018-10-12,558.8057250976562,563.1276610280049,544.5639272239371,556.8300131055008,8909221
2018-10-15,575.2703247070312,580.3743360090222,561.0285248087214,566.8734093709465,6222176
2018-10-16,572.3477783203125,587.7009606849415,567.5319271447075,584.4903597373922,11588963
2018-10-17,580.6624145507812,594.2044917296878,577.3695106894411,584.4904353878793,20360697
2018-10-19,562.7161254882812,566.1325335062276,558.1472312111409,565.5562652537667,10421001
2018-10-22,559.7525634765625,572.1832567494798,554.6897031641683,566.9557914234555,6672840
2018-10-23,541.3533935546875,561.4401279065256,537.8135318296422,556.4596206919841,9041701
2018-10-24,534.9322509765625,548.6801353857102,532.7507321986099,545.7988443521768,7058164
2018-10-25,539.8838500976562,546.2084806641058,529.4814637759288,535.0987523896616,8270469
2018-10-26,527.2760009765625,539.8421108739105,524.1969360572328,537.0126422101663,5464141
2018-10-29,536.554931640625,541.3816273424828,525.5284053215272,527.3592349444077,7137446
2018-10-30,548.9130859375,552.408297803584,530.4800883605709,533.5175546068281,8793411
2018-10-31,571.2157592773438,576.6665986091341,551.7840745115141,552.4914671348552,11947995
2018-11-01,554.8216552734375,573.9620450104132,548.9130697049795,573.9620450104132,5860244
2018-11-02,551.1182861328125,562.3944598581148,549.3290558267017,554.1974018537782,6654067
2018-11-05,554.239013671875,556.4026892038885,546.7492972709038,552.1585368938274,5799426
2018-11-06,554.6134643554688,561.7286841967167,549.7867687831705,555.8201509467649,6975525
2018-11-07,562.1448974609375,563.8092790966472,559.2322295984455,560.0644204163004,758956
2018-11-09,548.829833984375,565.057554625308,545.5010707759785,565.057554625308,9694143
2018-11-12,552.7410278320312,562.8937636991542,551.159845314366,554.2389608107807,7118080
2018-11-13,553.989501953125,555.6954831693062,546.166887039496,552.1586717826052,4137808
2018-11-14,543.5870361328125,553.9894210450567,533.0182029033934,553.9894210450567,7323026
2018-11-15,546.25,554.2390104643116,538.1777399893142,544.2527219874771,5513390
2018-11-16,541.6312866210938,551.3263284114466,536.0972490456024,549.1626529491759,8583785
2018-11-19,542.338623046875,550.910176050412,540.2997459225529,548.4136042556216,6018930
2018-11-20,533.7671508789062,545.9171151364327,532.6852623030122,542.3387051805495,5384830
2018-11-21,515.209228515625,532.6436333811107,509.3838937686868,532.6020340057815,14359086
2018-11-22,516.5824584960938,522.7406909644748,513.2536951711088,517.830744742963,6632975
2018-11-26,517.1649169921875,522.6157558798083,499.1895675244097,516.7904210212754,15075209
2018-11-27,531.6866455078125,533.4342256177982,520.3688217896427,520.5352700841385,12285851
2018-11-28,554.5718383789062,556.4858666079977,532.6019861337362,533.3925773654802,17719890
2018-11-29,550.11962890625,561.6455000915321,548.2471999101137,558.3999361810744,13399070
2018-11-30,555.4457397460938,559.2321975920445,550.0364997396231,550.0780991195556,10445773
2018-12-03,557.859130859375,565.0576022210297,554.197521497453,560.1893059358435,8260890
2018-12-04,570.2587890625,572.7553616523394,558.6497163611665,559.6899549402663,7827923
2018-12-05,567.0548706054688,568.9273000348035,559.6483516567183,568.3863556602805,5177288
2018-12-06,556.3193969726562,570.4250373162536,553.0322340570987,562.6440249980499,8039771
2018-12-07,568.2199096679688,570.674882866221,553.9062167018075,559.2322585287649,5553948
2018-12-10,556.9020385742188,569.0520027383362,553.5732757026369,557.4845822353237,5121196
2018-12-11,561.3126831054688,567.470915216519,549.7452109051886,556.9020821143679,7120933
2018-12-12,564.6412963867188,566.430526412392,558.0669706289546,563.4762092826224,6926183
2018-12-13,580.6610107421875,582.5334396553654,565.8896270937836,567.5540083499418,7521474
2018-12-14,587.5682983398438,593.9345782137087,577.8733060919682,580.4114778481547,9560576
2018-12-17,577.8732299804688,592.3949167491317,576.5000950378173,592.3949167491317,4778465
2018-12-18,563.0601806640625,571.2988885214392,561.3541999683516,571.2988885214392,8021298
2018-12-19,553.281982421875,558.8576704301208,550.1612672075088,558.8576704301208,8295459
2018-12-20,555.11279296875,558.857651096436,546.2499925422932,549.2458587272863,11705260
2018-12-21,537.7616577148438,548.8297842206083,535.4731332165774,548.8297842206083,12802132
2018-12-24,540.091796875,548.2472560683091,538.9267095075734,546.7493228765409,8379825
2018-12-26,535.9724731445312,538.4274461565288,530.3967846409,538.4274461565288,6178552
2018-12-27,546.5828247070312,551.9504647147002,540.0917476062426,543.2124626347841,15333902
2018-12-28,546.7077026367188,552.1585416839125,543.6701861972622,552.0336927589905,4736598
2018-12-31,548.3720703125,550.9102417814652,545.7506492980458,549.245860386355,3373319
2019-01-01,553.4484252929688,554.4886636875473,544.3775769679785,550.0364636759074,2943390
2019-01-02,556.7772216796875,560.8965761288266,550.9518863192991,554.2390500026684,7416655
2019-01-03,556.8604125976562,563.3930891039366,551.8256183605706,559.2321357132133,6827249
2019-01-04,550.11962890625,560.8133094265826,541.7561228820855,559.0240791797864,7889310
2019-01-07,558.9826049804688,560.56373712221,550.4942481385732,553.4069161181424,8046340
2019-01-08,557.609375,563.7676065703065,556.3610889351722,561.6871297955935,8621545
2019-01-09,562.64404296875,574.0450643194829,552.5745570504952,571.0491984839528,18130292
2019-01-10,565.6400146484375,567.5540430514704,559.6898309767104,567.2211464627308,9572493
2019-01-11,568.8024291992188,570.4668108501309,559.6483301192021,566.0562096337932,12281903
2019-01-14,584.1146850585938,591.0218578567815,579.163140129804,588.358837401619,19312937
2019-01-15,604.6697387695312,607.4992074501533,588.5252697596031,588.5252697596031,19671304
2019-01-16,613.1581420898438,613.9903328502243,606.2509689372635,607.4160563189535,9658944
2019-01-17,610.2870483398438,614.9889462569348,606.7502377558221,612.3259257762697,6903771
2019-01-18,608.2898559570312,612.65885751725,604.4201485436799,607.4992645637462,5902151
2019-01-21,619.9820556640625,624.9751997365247,610.8279581978817,614.3231692071829,8129422
2019-01-22,620.2733154296875,623.3108317896097,610.8279713398845,616.861353890585,6723375
2019-01-23,608.8724365234375,617.984885409326,606.8335588466385,617.7768377033852,7212099
2019-01-24,612.5122680664062,615.9429857510504,603.3078487375395,609.2488626027837,7429783
2019-01-25,611.1315307617188,617.4491497825944,606.0272827408266,609.165152689433,5543112
2019-01-28,609.1234741210938,613.0144031689659,601.6344124581308,611.6755987578492,7944693
2019-01-29,609.0816040039062,613.2235522088587,599.542457248979,607.0733464537813,6760819
2019-01-30,607.4081420898438,614.8553249508894,603.3916265331934,609.0816732144091,5763026
2019-01-31,627.1974487304688,628.6617880716116,607.4916352397968,607.4916352397968,13825233
2019-02-01,633.4732666015625,638.0336484673246,622.9718705362927,628.7036933756472,6276585
2019-02-04,632.510986328125,638.0336175396252,626.9046479333555,633.4314078393394,3945391
2019-02-05,631.6323852539062,635.899919731023,625.0637968404512,625.0637968404512,4694366
2019-02-06,638.7030639648438,641.7572783158081,631.2140029002915,632.2181316644517,5880482
2019-02-07,639.288818359375,643.8492003801566,636.7785219522046,638.4938809493487,3961797
2019-02-08,636.6948852539062,646.1921531885313,631.674292286433,635.9417758799401,5915169
2019-02-11,638.2846069335938,643.2633710442269,635.1049087773245,641.715375555759,5500216
2019-02-12,627.95068359375,636.2346314519882,620.0432393551623,636.2346314519882,7310690
2019-02-14,619.2482299804688,630.0843522285688,616.9052970524732,628.4108214125566,4610535
2019-02-15,620.838134765625,624.6454073421027,613.0143471784224,621.1309822437732,5586389
2019-02-18,620.0851440429688,625.6078277030393,615.8594879339329,621.1729291197324,5346825
2019-02-19,606.069091796875,619.6665278146626,603.558795916668,618.4532079248091,9401334
2019-02-20,619.7921752929688,621.7167256019445,607.5335410955266,608.3284784826564,5210675
2019-02-21,613.7256469726562,617.5329196640216,608.4121555707626,617.5329196640216,7202786
2019-02-22,614.980712890625,617.7002003165692,609.1651834114928,612.9306275397231,3750833
2019-02-25,631.6741333007812,634.2680852522606,615.4826944126253,615.4826944126253,6547552
2019-02-26,621.2982788085938,629.7495885022662,619.3319006445734,626.4025270676071,8319610
2019-02-27,615.2317504882812,624.5617049775716,613.1398370218132,623.390213007507,5936354
2019-02-28,614.4369506835938,621.2147824752694,612.7634195358394,618.1187396375004,8559921
2019-03-01,620.7964477539062,622.0515962119027,615.441127237606,615.441127237606,3998826
2019-03-05,612.9307861328125,621.2984419161955,611.0480635815513,619.6249107595189,4826505
2019-03-06,612.9307861328125,615.9431217859833,608.3285754519518,615.9431217859833,6076668
2019-03-07,604.939453125,614.6040816347206,602.9311960781575,614.1856990059699,5951551
2019-03-08,596.06982421875,604.9395682799476,594.6473638678999,604.9395682799476,7193994
2019-03-11,595.1494750976562,601.216025107439,593.601479317109,596.8648341963444,9932198
2019-03-12,591.5513916015625,598.2455157278757,590.4217275119787,593.2667506945074,11997387
2019-03-13,592.8064575195312,601.2995956816125,591.0073914816745,594.1034336743991,11348867
2019-03-14,592.7227783203125,598.2036328037598,590.9237632696264,597.4505234797736,6415187
2019-03-15,601.2579345703125,605.6091260704936,593.7688719505951,595.7771298959467,14638664
2019-03-18,594.2708129882812,605.5671461866016,590.212470047842,603.7680801002481,8065544
2019-03-19,604.3538208007812,607.9100738134546,591.9278748206364,596.4463774170036,8917337
2019-03-20,618.3279418945312,621.1310861874219,608.4541181637283,608.5377742937387,13471173
2019-03-22,621.8004150390625,624.5199028809017,612.7633579636808,623.3902898985211,8883260
2019-03-25,615.2317504882812,621.2146434312226,611.2989429569,621.2146434312226,7644966
2019-03-26,608.9559326171875,615.231672218189,601.7178925151925,615.231672218189,9406261
2019-03-27,610.5877685546875,612.7633383296046,608.4540268384975,610.8387879791609,7387487
2019-03-28,617.3655395507812,623.3902610125731,610.8387792472192,610.8387792472192,9277241
2019-04-01,631.8416137695312,635.9417851817856,620.880006059059,620.880006059059,6584982
2019-04-02,635.4396362304688,640.7949039031533,631.4231216358245,635.1049096568802,7283600
2019-04-03,630.3353271484375,634.6865171773901,624.8963523802727,632.594603805019,6897127
2019-04-04,625.81689453125,630.7537799960257,623.4739104358479,628.7455735783932,7688525
2019-04-05,635.3560180664062,636.7367015357664,625.9005783669957,628.3272186852311,6276040
2019-04-08,642.0084228515625,644.3095283098119,632.092770669409,638.4939970281758,4919911
2019-04-09,636.443603515625,646.8195126335395,634.435397638416,644.3092169829565,6730692
2019-04-10,629.8333129882812,641.5480283314911,628.6618210251179,639.2887515865938,7031088
2019-04-11,621.4656982421875,629.0384152078535,619.2482494125446,629.0384152078535,8200995
2019-04-12,625.69140625,628.8711049539993,619.7085124614923,621.800426223612,7043212
2019-04-15,608.746826171875,611.9683525207116,596.2790013307149,606.4038932752568,31574803
2019-04-16,605.90185546875,609.0816051075615,597.5342007815854,609.0816051075615,12524411
2019-04-18,600.0025634765625,604.5629446924694,596.4044828090762,604.5629446924694,13801105
2019-04-22,603.3497314453125,607.2825393655814,598.2873105702938,600.0026695679962,6455426
2019-04-23,609.33251953125,610.8386869009689,601.132229565356,605.7344388502264,5516668
2019-04-24,616.23583984375,617.449159791299,605.8181012310877,609.332525844915,8285120
2019-04-25,609.62548828125,617.2400848929625,608.3703400446931,616.2359560892945,8005235
2019-04-26,617.5328369140625,619.0390043506515,610.001948659013,611.6754793823573,6895168
2019-04-30,628.7037353515625,630.7538210323617,617.5329364023968,617.5329364023968,9920046
2019-05-02,611.5081787109375,626.235281227611,610.420393843801,625.0637891724733,6351352
2019-05-03,605.4833984375,611.6754825750359,600.9648961041484,604.8977035389561,6348116
2019-05-06,601.1323852539062,603.9773574508446,594.6474523093152,598.2873619848524,8858265
2019-05-07,606.2782592773438,609.0814535432615,601.3832029322865,602.8057140895479,5747536
2019-05-08,601.9271850585938,607.4916955360802,599.5424240380186,603.3078684318372,6247642
2019-05-09,603.3497314453125,611.0898120366065,598.9567127313348,601.7599076968539,7396525
2019-05-10,599.8352661132812,607.4916900740494,598.2872705274729,603.1404997103372,8352335
2019-05-13,602.2200927734375,607.8682594502103,595.8606448348428,599.5842612287666,6808993
2019-05-14,597.3250122070312,600.588417979127,588.7481661125888,599.5424611383414,10513001
2019-05-15,599.207763671875,606.8223604865112,596.279084375195,598.2036859135616,6668929
2019-05-16,613.4326782226562,616.6960836259096,601.7179629298981,602.4710721989891,6468556
2019-05-17,605.7346801757812,615.6921608614045,602.5549298180993,613.4747625112684,8155948
2019-05-20,604.479248046875,607.8263091078829,590.7562772679029,602.2199716162748,11213708
2019-05-21,593.5176391601562,604.68848697408,592.1788350591802,604.68848697408,8645535
2019-05-22,593.8941040039062,601.0066082434739,591.5929996911049,594.10329530507,5795713
2019-05-23,586.6142578125,599.7096541697623,583.6019233951838,598.2871430557698,7233736
2019-05-24,593.43408203125,595.5678237670998,586.1123841626695,588.9155280606531,7016424
2019-05-27,592.5136108398438,597.2831842490571,590.3380410394853,591.9279158665936,10247544
2019-05-28,609.2488403320312,613.7255656670544,593.9360444045432,595.776938417445,23860490
2019-05-29,608.997802734375,613.8929106045542,605.5252572252083,607.073252671546,10293077
2019-05-30,613.8092651367188,616.9053074127575,604.6048454940733,608.3284618366561,15089296
2019-05-31,617.32373046875,621.6749211622472,613.5164577639817,616.2777736228185,8290306
2019-06-03,623.0973510742188,628.3271346188822,610.0019526495396,610.6713547288356,7744761
2019-06-04,615.2735595703125,618.7461562464093,613.4745446878889,616.9052622382629,11733702
2019-06-06,615.524658203125,623.0974265507804,613.89300639723,616.2777675536236,7563925
2019-06-07,618.453369140625,622.5117125147983,615.7338812281629,615.7338812281629,3218358
2019-06-10,630.5027465820312,631.0047854072678,619.2900694787363,619.2900694787363,4435148
2019-06-11,631.6741333007812,635.1048505362345,627.9923456224559,631.7577894003387,5733127
2019-06-12,630.7537841796875,633.3896157684432,623.3902584553085,633.3896157684432,8738342
2019-06-13,630.2022094726562,634.0632641632083,627.9534365836817,627.9534365836817,4808577
2019-06-14,628.3353271484375,632.6206748149635,626.4684281450662,631.2204876140443,5556353
2019-06-17,628.420166015625,631.7720900826338,626.0865552060518,630.4992114592302,3085588
2019-06-18,636.5665893554688,638.5183261244877,628.1231512050501,628.1231512050501,6202838
2019-06-19,638.0516357421875,641.0216858187757,635.2512613779825,638.5607664664632,4596253
2019-06-20,640.597412109375,642.2945836324693,624.474282639979,626.0865645107799,7148684
2019-06-21,636.6090698242188,640.6822712562738,634.0208935242146,640.6822712562738,13200318
2019-06-24,632.6206665039062,638.0516359344434,630.2022178725238,638.0516359344434,4758178
2019-06-25,634.8269653320312,637.2030468162578,625.6622497860063,631.3477845485838,3677911
2019-06-26,627.2744750976562,637.669648518993,626.2561620364472,630.4990899635234,5447130
2019-06-27,619.934326171875,631.9418355785186,617.8977513925992,629.6506436324637,11122346
2019-06-28,621.164794921875,627.5291883124679,618.1947446729316,624.1348451708184,5919494
2019-07-01,620.5707397460938,625.8319816796044,619.3402800674687,623.7105173349278,3224968
2019-07-02,627.9534301757812,629.3536173253547,619.5524108654644,622.8619158770587,4837606
2019-07-03,620.5707397460938,630.6689307441798,619.4675886455746,628.8020317621517,5958379
2019-07-04,622.6921997070312,624.8985536861002,618.2795435424563,618.61899855264,3274064
2019-07-05,609.2846069335938,624.8986064359483,605.4659708177146,623.7105655935814,4926289
2019-07-08,608.9451293945312,615.1822658961481,604.4476351607228,607.9692868326704,7177092
2019-07-09,607.1630249023438,610.8543517157738,601.6896371702989,609.284489000535,5022638
2019-07-10,608.648193359375,613.2729965431967,599.5258955850798,601.6473601837531,7573816
2019-07-11,612.2545776367188,613.9517490230992,602.1563871703314,610.514987324391,6252688
2019-07-12,616.709716796875,619.9767513387097,610.642307740821,613.1032272249635,7874441
2019-07-15,661.3452758789062,663.2970645161327,640.0033755899351,647.4709197446603,31064152
2019-07-16,666.0125122070312,668.5158505546938,658.5025489576079,659.3511347165739,9924322
2019-07-17,673.9043579101562,674.6256350415183,659.1389459352193,665.2063544394952,6754348
2019-07-18,672.6739501953125,677.5957373022892,667.1581426906602,669.5765914175817,6534471
2019-07-19,666.4791870117188,674.2012956720372,662.9575358637874,669.2795092844959,6812754
2019-07-22,665.6307373046875,672.079968813246,663.6365295534063,666.9460349657472,7107151
2019-07-23,670.4251708984375,682.2629526368571,666.6065349694999,667.8369946830927,10782564
2019-07-24,667.2429809570312,673.5649553057001,664.9517890180658,668.6855871255328,5745146
2019-07-25,674.201416015625,679.0383654193844,668.3886240210227,668.8977547820219,9773568
2019-07-26,667.8370361328125,674.6257226500456,663.7638345811862,672.3345305917659,4941763
2019-07-29,671.61328125,676.2805034243662,667.1582055381051,669.9585284840108,6244316
2019-07-30,672.6739501953125,677.0017169046137,669.1522985326085,671.9950919380683,8673253
2019-07-31,673.4801635742188,678.6989353438777,663.25466290491,671.1040818193248,7350584
2019-08-01,652.43505859375,669.0249495448003,648.658893872734,667.3701971627333,10066407
2019-08-02,658.1630249023438,661.8119847180122,646.8344269258222,649.210456442994,10838336
2019-08-05,659.0964965820312,666.903495061323,652.2653923352354,655.6172642782462,9976238
2019-08-06,657.187255859375,665.0366741831933,653.2413113359215,660.8785832185556,9331718
2019-08-07,658.5873413085938,664.8244772821548,655.4051449323567,660.963422704366,5130457
2019-08-08,669.3220825195312,672.7164258857159,662.9576887079351,664.1881485368909,8009009
2019-08-09,670.25537109375,676.1106329373332,665.9700238166495,672.0798510026581,4362520
2019-08-13,648.9559326171875,666.9883792574167,645.0524590030805,665.4185163849863,7517099
2019-08-14,657.4842529296875,660.4118842336059,651.7138799761121,657.73881830534,5940968
2019-08-16,657.27197265625,661.9391935026541,647.0465264332939,661.8967745809432,5128088
2019-08-19,659.90283203125,664.4427457837356,656.2538713028164,658.1631895378272,3881451
2019-08-20,672.7163696289062,677.1714449244619,665.1639355533001,666.3095574197249,8435344
2019-08-21,678.4019775390625,682.0508863858965,672.9285883720261,672.9285883720261,5926896
2019-08-22,675.2196655273438,679.9717248261869,672.3768722986179,678.7837358982571,5222488
2019-08-23,680.7354736328125,687.3120129501576,675.3045043178382,675.8561057522016,6895015
2019-08-26,681.0325317382812,684.639021432272,667.7521948824325,675.3894671755893,5412074
2019-08-27,665.8428344726562,674.5832574048105,662.830313602603,671.231333308338,16061642
2019-08-28,680.989990234375,683.1114543784073,667.2428922223339,668.1763675218431,5881134
2019-08-29,684.7664184570312,687.1000297368755,675.0500993149645,675.0500993149645,7830413
2019-08-30,691.5125732421875,693.5915669695459,680.5657959563854,687.3544822003394,8174186
2019-09-03,690.9609375,697.8769319854633,689.0940385167863,691.5973768038073,5647088
2019-09-04,696.9435424804688,697.9194369173231,687.5666792742576,687.9909721957474,6199015
2019-09-05,707.7630004882812,710.6906319577463,701.4834964283182,704.4110761042145,7926895
2019-09-06,712.9393920898438,718.7521841961993,708.6115733638795,715.6124063268295,6106841
2019-09-09,703.5624389648438,713.0666099175037,702.2471413842159,710.0965597318952,4377870
2019-09-11,695.9249877929688,703.0955460384158,690.8759452128888,697.7918863588768,7981036
2019-09-12,692.7854614257812,695.7130409738332,688.0757688445153,692.7854614257812,4400017
2019-09-13,703.7321166992188,705.2171416869812,693.7188157118758,694.2279464188271,4832021
2019-09-16,702.374267578125,711.0722694344728,696.306860199935,706.0655939899838,4846496
2019-09-17,705.3869018554688,708.5690984051927,696.3070240082104,705.599048292117,5540901
2019-09-18,704.1988525390625,706.8294993976851,699.2346466992177,704.2413232607271,3199389
2019-09-19,696.434326171875,701.7804059674489,691.7671046086091,699.955925911656,6601607
2019-09-20,683.111572265625,708.5691463873253,680.565814853455,698.3012788756664,22462366
2019-09-23,648.6165161132812,684.7238822582095,629.5658069079171,684.7238822582095,17279260
2019-09-24,673.8193969726562,677.7229218762869,649.1679952251068,649.1679952251068,13717998
2019-09-25,672.631591796875,679.7172628961548,663.2971474874397,668.4310814989151,9313576
2019-09-26,664.0607299804688,676.3228037190304,660.2845132521836,668.4733859845247,18442824
2019-09-27,663.7637329101562,673.9891800517574,661.9816718962064,667.8793527633977,5087642
2019-09-30,683.6631469726562,685.65730281664,665.4185529001838,666.2246679476037,8178091
2019-10-01,673.3952026367188,685.2754029794016,671.6980311591926,684.8086911817946,5881438
2019-10-03,666.6489868164062,677.0441629140253,665.4185788356234,672.5466685121362,5497672
2019-10-04,673.3104248046875,676.8320248583607,667.8794548750174,670.3827933862492,8201713
2019-10-07,670.0009155273438,680.5658192142587,667.0732841258757,674.498409958949,3679845
2019-10-09,664.9943237304688,675.3895004189263,660.8786512715496,675.0076264267587,6335025
2019-10-10,664.4851684570312,674.371214758016,659.0117791271635,666.4793763676257,10402917
2019-10-11,691.4276733398438,699.0649452510944,659.0116866467115,663.1697776269294,20636344
2019-10-14,667.0733032226562,676.3229095283639,661.8969503539822,667.6249047320455,15150858
2019-10-15,651.9683227539062,658.4600234769405,649.1680005611771,656.0415233791083,13762133
2019-10-16,654.6415405273438,658.4601767134334,646.2405202005193,649.3802980900177,10767032
2019-10-17,652.98681640625,653.8778211966282,649.2530179211967,650.8653517655539,9860495
2019-10-18,651.5865478515625,656.6356434261189,644.9251704270769,648.1497859204994,10037200
2019-10-22,546.1073608398438,586.4576037644675,541.6947044858973,586.4576037644675,90152532
2019-10-23,559.039306640625,564.2379159688392,528.5353162771628,541.3384205346815,60516887
2019-10-24,545.9354858398438,561.2734393921497,543.0569612166646,558.5237734032152,25666433
2019-10-25,547.7399291992188,560.671891063379,546.49398117442,555.9459211003926,16549337
2019-10-27,557.5355834960938,560.6719302141954,554.700011809401,559.4689349795909,2945281
2019-10-29,559.0823364257812,561.7460443000869,555.945989540583,559.3830590276964,16709764
2019-10-30,567.6320190429688,576.9121488471421,563.8512739797126,567.4602075207223,22879467
2019-10-31,589.1136474609375,597.5774619418482,572.3579348959386,574.3342916677091,27405901
2019-11-01,591.0899658203125,596.3314750987396,586.5358074114204,592.8944060779976,9713519
2019-11-04,609.2205810546875,629.4133647708866,582.7122029841829,585.8484974983234,29381982
2019-11-05,598.1359252929688,609.0056772298437,594.1833168316571,609.0056772298437,12897805
2019-11-06,612.0560913085938,619.9613610094597,594.6129754934803,597.8781807657579,21372589
2019-11-07,618.7583618164062,622.4102478417876,611.8842234156884,616.0946541643336,13733737
2019-11-08,608.4901733398438,622.3243562068998,606.2130939647467,620.3910047378414,8585630
2019-11-11,605.26806640625,607.6740049903962,599.7687332606065,600.5420950123628,6951494
2019-11-13,594.0543823242188,601.487064889992,590.9610412544171,598.479629565542,9973690
2019-11-14,606.041259765625,609.9079628935795,598.3508063887009,598.3508063887009,10539902
2019-11-15,604.83837890625,612.6147388380131,603.4635195192247,609.2635748055072,7362623
2019-11-18,605.955322265625,610.0797948969521,600.885624118557,605.7834583131707,7490916
2019-11-19,612.5286865234375,613.5168649171262,605.7834590568264,609.9938898923068,6495885
2019-11-20,612.6575927734375,614.3761273955229,605.783454285096,612.485728822126,6142171
2019-11-21,612.872314453125,619.9183157988903,610.5093297146096,614.8056656028194,9692973
2019-11-22,595.6441650390625,611.7983814765877,588.684067715065,611.583564629159,14415826
2019-11-25,599.8544921875,605.9123687203597,595.6441138073487,595.772972437411,7334511
2019-11-26,593.4099731445312,607.7167945892058,589.457364564433,605.7834431748181,27253106
2019-11-27,597.8351440429688,599.4677726728878,592.9802634688726,596.5462432652979,3861635
2019-11-28,603.07666015625,604.3655609494418,596.3743865207541,600.7136753687317,4837683
2019-11-29,598.3508911132812,603.4635431288376,594.2264176818877,602.2606001193406,4262379
2019-12-02,595.2144775390625,604.9241876760091,593.1522150119612,604.1508261169674,9383736
2019-12-03,600.0692749023438,601.229317180045,591.6484661752517,595.2144463113347,5239013
2019-12-04,609.0917358398438,610.5095481684803,595.7730898206862,598.9094371195366,7427886
2019-12-05,614.2472534179688,615.1495261054678,604.7523595466082,607.0294390366008,4814422
2019-12-06,614.4620361328125,618.6724669555772,609.736065899124,615.192444818055,5226096
2019-12-09,616.3094482421875,620.6916903326968,613.7316464370616,615.2353641567183,6435865
2019-12-10,613.989501953125,617.3836186267462,610.0798458246204,612.6576479900766,4457939
2019-12-11,619.5746459960938,620.9924579502369,612.6575550571316,615.7508962082478,6043554
2019-12-12,603.2915649414062,619.2739685752227,601.1004437625204,617.3835699804038,11112042
2019-12-13,611.1968383789062,612.5716975675551,601.7878506718857,601.7878506718857,10302412
2019-12-16,613.5169067382812,618.8443749609667,610.2517011971252,612.0561417093245,5616324
2019-12-17,627.00732421875,628.3391779701315,614.3760851263507,618.4146516995003,10525565
2019-12-18,629.3704223632812,633.5378483064871,621.0355180313489,628.1244741347854,12215295
2019-12-19,627.9954833984375,632.3777780829872,622.625062789073,630.2725627150136,7199210
2019-12-20,628.5969848632812,631.5614675469924,625.7614132531935,628.1243983358523,7794167
2019-12-23,632.420654296875,633.5376911591131,628.682862984057,629.1124965807261,4975608
2019-12-24,630.1867065429688,633.2370951999723,625.8044115136452,633.2370951999723,2890759
2019-12-26,626.3629150390625,631.1747909886018,624.3006525203946,628.9836698409637,3821806
2019-12-27,633.2369995117188,633.7095860020081,626.2769034388314,627.0502649287666,3399094
2019-12-30,629.7570190429688,634.0963083767983,624.9021378668292,632.5066324199013,5368416
2019-12-31,628.2532958984375,633.924438996651,623.3554618887915,627.0073478470914,6927885
2020-01-01,633.1510620117188,635.8577748694352,629.4562232684716,631.5614385527498,2112415
2020-01-02,631.3037109375,636.5452206149837,628.0385056083046,634.9126441731436,5658200
2020-01-03,641.0133666992188,642.7319011943908,630.6162539816314,630.6162539816314,7882938
2020-01-06,634.86962890625,647.7156856371781,632.8503717126638,641.0993168830549,6519403
2020-01-07,625.460693359375,638.091880808106,623.0547029448412,634.1392721765393,7899363
2020-01-08,617.125732421875,626.4058079768749,608.6189659032445,622.9257861994387,8639443
2020-01-09,625.1598510742188,628.5539670587161,613.7745604883978,620.1331588503805,13521186
2020-01-10,634.2681274414062,638.3496467880162,627.694712147083,636.2444315832944,9341405
2020-01-13,664.6862182617188,668.0803346309402,648.7468201239355,653.0431566810477,36952038
2020-01-14,666.49072265625,667.607759691393,659.2299032595474,661.592888406991,11414418
2020-01-15,659.5306396484375,664.944013428589,654.8906274563863,664.944013428589,6047430
2020-01-16,659.0579833984375,663.7839532924289,653.2579294376299,662.2372827253157,5740586
2020-01-17,659.788330078125,664.1276716019415,654.9764545063318,662.2372731824834,3762957
2020-01-20,660.303955078125,665.4166059085701,655.5779850146992,663.0106155562338,3887680
2020-01-21,655.1913452148438,662.0654839187372,653.687627373367,660.3039963649677,4448374
2020-01-22,661.8076782226562,668.5099526054332,658.1987451102337,660.3039604629397,9733935
2020-01-23,673.9662475585938,674.9544258757634,667.3928845536539,667.736559986857,12528017
2020-01-24,672.5916137695312,675.8138667898261,664.7292954218022,666.576741464981,7540490
2020-01-27,668.5958251953125,674.3529262503606,665.4165783317211,669.4121395706309,3741610
2020-01-28,668.510009765625,671.7752152625233,663.3544055772012,671.087811859837,5121009
2020-01-29,678.5634155273438,681.2271232506934,673.8803981274411,675.8996553584789,6832757
2020-01-30,670.8299560546875,678.5633613449273,668.5099239785133,678.5633613449273,3859680
2020-01-31,666.7484741210938,674.481879846576,663.0106298864689,670.7010827359123,6092028
2020-02-03,659.4017333984375,679.6374674069847,656.9098373016258,671.9470147414929,6416745
2020-02-04,676.9737548828125,678.7352948915391,661.7217595518065,661.7217595518065,5771311
2020-02-05,674.1381225585938,675.3840705824857,665.4165912823738,671.087734255625,6310409
2020-02-06,662.7958984375,676.0715904654292,661.6359084074614,673.9663748132103,7341622
2020-02-07,667.908447265625,669.2403010625379,662.4950738825356,666.7484574140747,2853344
2020-02-10,664.3854370117188,668.5099092532279,661.4209545599899,665.0728403110519,3827682
2020-02-11,664.6862182617188,669.4551413510103,660.948426435237,669.3692355980739,4312817
2020-02-12,671.1307373046875,673.021135918938,666.0180862043903,666.6195838242222,2948825
2020-02-13,680.7544555664062,682.2581732025579,672.1188304878938,674.5247682166347,4387430
2020-02-14,675.770751953125,686.7264095965432,674.1810760434396,682.6878429565338,5321680
2020-02-17,678.3485717773438,681.7856409332788,673.0640569718882,679.0789279947746,2929629
2020-02-18,685.3945922851562,686.5975350544546,673.3648499190842,674.5248398118925,5083346
2020-02-19,687.8005981445312,691.5813432225175,684.105758828003,687.4139173269309,3985192
2020-02-20,684.8359985351562,692.6553095352078,682.1292857183249,690.2064188498924,4564569
2020-02-24,683.8478393554688,697.3812989273168,680.6685923965873,687.4997252716818,6627536
2020-02-25,686.0390625,692.5694732797665,683.4612604902738,686.5546019237387,6996695
2020-02-26,672.5916137695312,688.6599259865061,670.6582619573544,682.2154199459166,8760569
2020-02-27,668.3811645507812,670.8730611322997,663.5263349288891,668.510075646403,5223386
2020-02-28,628.7259521484375,650.2935423983963,620.4340009570107,644.4505347061641,14123957
2020-03-02,636.7600708007812,658.1128963036546,630.4874295208866,633.2800484591393,9821523
2020-03-03,641.8727416992188,652.1839504012142,636.9319541961793,648.7468808338824,7826587
2020-03-04,651.968994140625,654.331978962881,640.6266565046947,647.801569159577,11013444
2020-03-05,648.403076171875,664.6862018093927,645.954185373142,656.2653928549879,7755293
2020-03-06,634.9556274414062,639.2949171290524,626.4918124610296,636.7171150438545,9216022
2020-03-09,605.3108520507812,623.6991405627762,598.9093002604727,622.5391507011657,10308654
2020-03-11,589.4573974609375,598.0071180152542,574.8928055039582,593.4530115851985,16165009
2020-03-12,542.3695678710938,575.7091309346221,539.1902681514557,573.9905962154143,13965574
2020-03-13,551.9503173828125,573.1312768534269,489.7823505344128,508.6862307304778,16903113
2020-03-16,501.081787109375,534.5932144936081,498.37507391936435,534.4643034100769,19140152
2020-03-17,476.8504333496094,508.68627864387685,472.59704941576393,505.3351149516307,16059887
2020-03-18,459.1064758300781,496.65646470613166,453.6931027073313,488.06379230637157,15390183
2020-03-19,468.77325439453125,479.47114252601534,437.5818626010274,437.5818626010274,16583991
2020-03-20,502.84320068359375,530.5545692477981,470.8784487808979,472.16734964434926,21354894
2020-03-23,452.36126708984375,482.0059880561759,443.2960078341693,464.00432816867755,17146150
2020-03-24,506.7958679199219,516.5485837208066,448.53755261022576,448.53755261022576,20027097
2020-03-25,520.887939453125,545.6348315607934,486.087607676413,512.9826684122734,18339548
2020-03-26,552.5088500976562,559.2540771338631,525.9574706932967,528.4493667341502,14843813
2020-03-27,560.84375,579.9194936239911,551.8643966613668,571.4556796621503,13495283
2020-03-30,538.5028076171875,570.1238326064855,533.6908794466455,537.1279485203846,14624804
2020-03-31,551.219970703125,568.8349502813231,544.5176962795475,558.5237427233535,15175521
2020-04-01,517.9663696289062,547.7829584028392,510.4048271235866,545.0762451595822,13083824
2020-04-03,503.27288818359375,520.7160045806065,500.2224996359624,518.567836244878,10221655
2020-04-07,549.07177734375,553.582930443992,526.6449229093224,528.4493631712148,15145605
2020-04-08,542.7132568359375,563.3786793044334,538.2021030858991,541.3384500046095,11806896
2020-04-09,546.7089233398438,560.9297893635475,543.1429423901444,555.77418458549,11931114
2020-04-13,547.697021484375,559.9845339121814,537.9443057438538,540.4791548766551,8330276
2020-04-15,549.11474609375,561.3593048627127,546.1502634816354,559.7267284941587,11963447
2020-04-16,536.0540161132812,545.5489640725255,518.5679432310899,532.7029042854834,17783287
2020-04-17,540.2642822265625,555.0866422558399,537.9012972943589,553.3681077596918,8878320
2020-04-20,561.3594360351562,567.9758061419511,549.07192151998,549.9311890027969,13322913
2020-04-21,544.0880737304688,555.5163185179138,539.4480092565216,539.4480092565216,11660575
2020-04-22,551.5206298828125,554.2273425338553,539.6627530432827,544.0880000897794,8266728
2020-04-23,583.7003173828125,587.438161931594,548.2984910416214,555.9889445374286,14451289
2020-04-24,565.39794921875,580.0054950192344,562.6482830495548,574.4632097999466,7319940
2020-04-27,571.0690307617188,585.1610355625768,568.0186423136012,568.0186423136012,7183306
2020-04-28,567.7179565429688,581.7240040539833,561.1445402456878,578.2869346061016,7296571
2020-04-29,581.3372802734375,586.0202975390621,565.3978823763971,572.2720207639521,8639056
2020-04-30,614.8057250976562,618.6724277712265,599.854453781647,601.487082555359,16253821
2020-05-04,578.888427734375,602.5182800042948,576.0098506269107,592.722611176012,9122740
2020-05-05,578.888427734375,589.1136777947754,575.7091280307733,585.8055194551935,6393053
2020-05-06,572.1860961914062,585.5476917536108,570.596420274265,581.6380361633919,7934250
2020-05-07,571.3697509765625,579.446831413283,569.2215829169811,571.8852903326583,4779548
2020-05-08,579.3179321289062,585.0750326135379,574.4200988077865,577.6423506709567,8400321
2020-05-11,586.7938232421875,600.2413287574905,582.5833913237309,586.4500952484459,7370186
2020-05-12,590.8751220703125,593.7536462657563,580.4350044175374,583.0128060655798,7356039
2020-05-13,596.4603271484375,601.4011133768879,587.5239276005161,597.0188193417414,8287101
2020-05-14,565.5267944335938,577.2128087345696,560.7578189625167,566.2571506603371,16888262
2020-05-15,560.4999389648438,571.2407781004781,555.688064010281,571.2407781004781,9255353
2020-05-18,570.4675903320312,576.1816864987078,561.1015556379695,566.9875157564253,10435442
2020-05-19,574.5061645507812,579.8336329374021,562.8201488505654,570.553555475993,5902208
2020-05-20,575.322509765625,578.2869929526294,566.8157934911394,574.4202894336297,5794636
2020-05-21,577.5994873046875,583.8291752054804,571.7564801764948,572.7016532246166,7213225
2020-05-22,594.9137573242188,597.9211931934447,578.7165879781676,580.0054890649786,11867731
2020-05-26,584.7742919921875,601.0144633148129,583.4424382996039,595.472179295472,7099606
2020-05-27,606.1702270507812,609.3924799561697,580.0055229699225,589.5004177086959,8774636
2020-05-28,607.8457641601562,610.0798383646927,592.894490805124,607.5020362307574,9440091
2020-05-29,601.8360595703125,610.3714952246648,587.8570994987178,603.1425054304507,28290128
2020-06-01,609.28271484375,615.4665897111315,602.2714668950035,608.5859544365636,12276438
2020-06-02,616.7296142578125,619.8215791213253,607.5409542856125,610.1103088304884,7059304
2020-06-03,611.0247192382812,620.0392275848711,606.1908801790817,618.9940602630236,11378568
2020-06-04,616.4246826171875,617.9053318367771,607.4973028971929,611.4166403352393,10782424
2020-06-05,612.7666015625,619.8649781519487,610.1972475918731,615.7714374549481,7718679
2020-06-08,627.8343505859375,632.1456328286368,613.1586290936992,616.3376688179678,10719105
2020-06-09,625.0036010742188,635.4551666651549,622.7826540180271,627.0939354561706,10078029
2020-06-10,623.4794921875,626.6149941514957,617.6876140957919,622.7391941295748,7263049
2020-06-11,613.1150512695312,621.3456707998107,609.8924741906567,620.1263000696146,8825715
2020-06-12,602.7505493164062,605.4505692704912,588.3361075718079,588.5973861068697,9795316
2020-06-15,598.8311767578125,613.5069493377986,596.8279705603792,603.5779403113357,7857344
2020-06-16,610.719970703125,620.1263713216243,608.9345051254461,611.4167312749723,10131760
2020-06-17,612.8538208007812,618.645699324969,607.9328530900798,609.5877059023746,7291916
2020-06-18,621.7810668945312,624.1326265846845,614.9004317345867,616.8165626919874,6670195
2020-06-19,614.508544921875,620.0391973657015,610.5456699641194,617.5133808909567,22438862
2020-06-22,612.8973388671875,617.2521585931737,609.6747616380736,615.8585843852059,7804096
2020-06-23,627.66015625,631.0133460036435,602.7940943595893,605.9295962974941,12157390
2020-06-24,621.9989013671875,633.0165629999383,617.8618227695662,624.3940521342314,10220838
2020-06-25,610.1103515625,614.5522472051788,604.0136028673714,613.8990241307007,14945284
2020-06-26,651.6551513671875,654.6163965077595,618.3843222695353,618.5585256682546,26030458
2020-06-29,637.327880859375,648.6068748286409,635.8907690545501,640.5069205927532,8954428
2020-06-30,640.9859619140625,643.5988538956462,630.7956725540013,638.2424040696302,10411290
2020-07-01,637.4586181640625,646.5166125121046,635.5860241672192,642.118254631425,5477468
2020-07-02,658.9713134765625,666.6793764486785,640.5069199791261,642.205257180301,17263756
2020-07-03,664.2840576171875,665.4162998515454,655.4002168040417,657.5776261621947,7796572
2020-07-06,665.4164428710938,674.9970461061488,663.2390330449449,666.4616102195291,8810958
2020-07-07,691.676025390625,694.1147137596291,666.7664251287603,670.119668150633,19362533
2020-07-08,674.7357788085938,683.6196216792831,672.5583689461415,683.6196216792831,8476642
2020-07-09,680.8324584960938,688.0614478863074,674.9969900150484,679.351809305468,6854166
2020-07-10,680.9630126953125,687.9743136782615,673.6904863686716,673.6904863686716,5206452
2020-07-13,694.2017822265625,701.4307721350777,684.6211791007323,686.3195693776497,10804688
2020-07-14,682.1824951171875,702.3453312701514,680.5276423938313,690.6308558322335,8961822
2020-07-15,723.7275390625,738.969408907299,692.2421695193315,695.9002289139679,30060599
2020-07-16,793.4480590820312,832.2059500031623,778.8594147465493,783.9545319521908,90432109
2020-07-17,786.611083984375,801.1997296141931,777.030480884196,793.4481294784624,31682878
2020-07-20,813.7415771484375,823.0609016936783,789.7465318632198,791.2707187182082,18421053
2020-07-21,815.8755493164062,827.154544056802,809.2997815684259,823.0610025129479,12877784
2020-07-22,799.457763671875,817.8350802061377,792.577127782306,817.7915426441868,14354201
2020-07-23,790.7916870117188,797.6287323921299,784.4336611464684,797.4981197022231,13051307
2020-07-24,803.76904296875,806.2948596340178,786.6981711741039,786.6981711741039,18209580
2020-07-27,826.065673828125,829.854345310317,800.110961740573,802.6367250088961,16827870
2020-07-28,838.607666015625,842.701207446921,819.7513273139912,823.9319438815052,15818463
2020-07-29,831.0302734375,836.1253912768248,821.8415612454107,830.2463846194097,11152710
2020-07-30,837.3883666992188,847.1431743439013,835.0367532160343,837.8673862777836,12492320
2020-07-31,841.35107421875,859.1622954797979,830.2898227560408,844.1817067148276,12704346
2020-08-03,833.4254760742188,840.8286701027367,825.1948556106287,836.1254432208498,8479792
2020-08-04,827.284912109375,845.4445385313459,819.1849597151263,836.5171599272772,11133170
2020-08-05,822.7996215820312,836.9527852085158,817.2254312592177,829.1576475331221,9614176
2020-08-06,845.5752563476562,848.6672206298584,820.8834517677973,830.4640543878988,10976491
2020-08-07,828.1995849609375,844.3559545021349,826.5447323047797,844.3559545021349,8010948
2020-08-10,828.5914916992188,833.3382556244732,823.3221706935072,826.457672654504,5716319
2020-08-11,826.065673828125,837.8672233589381,824.0188768858094,827.3285820419939,6802442
2020-08-12,831.7269897460938,835.0801795086522,820.6221999835866,825.6737799887651,6908726
2020-08-13,828.4608764648438,843.5285413784923,825.8915223150804,831.5963252567942,5097703
2020-08-14,830.5511474609375,838.7382293224521,829.201164058086,832.5108162210366,4663873
2020-08-17,833.9479370117188,846.9688579917226,830.986638478145,830.986638478145,9008210
2020-08-18,842.7011108398438,844.1382225386565,834.9931015883664,839.5221245003936,6141761
2020-08-19,835.515625,846.1849323454503,833.9043631136369,845.6188377288921,6622744
2020-08-20,831.901123046875,840.9155774188267,828.5478804075061,835.1672374076421,5656501
2020-08-21,826.3704833984375,839.1301249589403,824.410814752181,838.7817181580623,6513773
2020-08-24,825.1511840820312,829.1575965832683,818.009269782099,824.8027772734822,5798574
2020-08-25,817.05126953125,826.2399818358764,813.1319317116385,825.2383520182071,6233918
2020-08-26,828.1124877929688,831.1173239607862,817.3125670377282,819.7947929558187,5153601
2020-08-27,824.8463134765625,836.9527324016003,823.2350515983608,836.1253061022203,6154280
2020-08-28,814.5689086914062,829.5930345133006,812.6527776648473,828.678533138633,7593610
2020-08-31,808.7769775390625,827.8511063558988,796.5834841261402,814.5689081739656,12808355
2020-09-01,796.191650390625,814.3512259843709,794.4061319130727,806.7302920513621,6907773
2020-09-02,804.7706909179688,806.8610256646409,795.6255694302646,796.9320153570794,5678118
2020-09-03,814.830322265625,826.893205009047,804.7706991580338,806.9481090583532,8827948
2020-09-04,800.5465087890625,809.5609641024442,796.4529677308403,796.9319872552302,8650342
2020-09-07,805.6852416992188,807.8626517103834,795.233673645629,800.3288449674085,6700385
2020-09-08,818.0963745117188,829.157626590769,806.1206209764005,809.9528833714692,12891964
2020-09-09,808.0368041992188,823.931896278589,806.5126172874983,814.3512928334891,5528947
2020-09-10,818.7495727539062,820.44796292688,805.4673737787099,814.6124943845828,5171884
2020-09-11,823.6705322265625,831.030187468232,810.8673528652284,814.2641331796652,6671903
2020-09-14,852.1511840820312,863.1688465952603,825.9351362411305,833.5125335415748,21871587
2020-09-15,855.6785278320312,865.7381506406906,846.2721279740566,853.1091735941211,11608203
2020-09-16,872.4882202148438,875.8850012079257,855.2866805599966,858.7705366926239,10059251
2020-09-17,880.5446166992188,889.2542568248292,866.609192498242,866.609192498242,15628241
2020-09-18,872.8365478515625,887.3380657914502,870.1800652640618,880.5445575814597,12897633
2020-09-21,879.58642578125,897.963742011611,871.3993442120434,871.8348261431838,14140637
2020-09-22,877.4961547851562,890.5606136653323,863.2994534339156,878.8026006731739,12625762
2020-09-23,888.1654663085938,903.1895940789525,878.0187152752794,888.5138731438482,13486204
2020-09-24,849.5380859375,878.8024474633992,844.8348602968258,873.5766648223879,14427432
2020-09-25,880.9364624023438,883.9412985407854,849.1898170707385,849.8865775708102,13311078
2020-09-28,880.0218505859375,885.0298924689566,869.6573600338376,883.8540594355571,8554526
2020-09-29,878.8026123046875,895.3509271052714,874.5348677502426,886.641287736543,8708463
2020-09-30,878.1493530273438,891.8234969024996,875.3187203495963,878.8025759529778,8048817
2020-10-01,886.33642578125,894.0444349601498,881.1977175557054,888.9057267346052,5563358
2020-10-05,913.3798217773438,918.7798618809287,886.6848094840522,886.6848094840522,14212509
2020-10-06,919.5201416015625,923.2217381933755,898.2686010812685,918.8669186735955,9090819
2020-10-07,928.9264526367188,933.6731626619029,901.8829850152989,910.0700657277773,9284008
2020-10-08,952.5731201171875,978.9633672969411,947.957075503971,949.3505964000585,21482613
2020-10-09,963.9828491210938,969.6441142483599,948.0005771298236,953.792508100716,10567867
2020-10-12,986.01806640625,992.8987014785054,968.5987909417148,978.0923173336505,14633537
2020-10-13,1008.4021606445312,1015.5876136368141,989.0232116653439,989.0232116653439,17523825
2020-10-14,990.285888671875,1014.5858011352408,985.1471807386598,1012.0599847288644,16649573
2020-10-15,965.2457275390625,1032.9631697372688,951.5280463220626,1027.737386416507,44288251
2020-10-16,982.01171875,989.3713205891544,955.360246804231,970.1230412015893,18365685
2020-10-19,980.6183471679688,992.0279538190638,971.3861504242905,988.544097967197,12902123
2020-10-20,990.7214965820312,996.9923945163763,966.7699878734546,974.5215883192715,10448776
2020-10-21,1000.1713256835938,1005.3971088347969,988.5439794359328,993.9004284296822,19811433
2020-10-22,983.36181640625,1008.5761783371452,978.7892560122344,994.6407561839549,11271335
2020-10-23,988.1595458984375,999.1635497503132,986.0908146664799,997.402909134013,9069862
2020-10-26,979.3123168945312,994.4098321814356,971.1254022287984,987.9394991901848,6309368
2020-10-27,960.2973022460938,976.8913171039641,948.2369580688954,973.3700361808736,10172479
2020-10-28,947.7088623046875,972.5338517896048,941.9867803525423,964.390889011552,7608392
2020-10-29,946.2122192382812,952.5065306511367,933.2274952760777,941.942687427649,6935616
2020-10-30,933.6676025390625,953.9149675708547,926.4049607341805,943.7032745252741,8800386
2020-11-02,943.9674682617188,950.701832356704,925.304614065954,937.5410873079894,7183119
2020-11-03,935.3843994140625,950.2177753204271,930.9387388117058,943.7033834573509,7204782
2020-11-04,963.0263671875,982.4374731494399,939.1257565648766,940.1820979602167,15702690
2020-11-05,971.8735961914062,988.5996816331061,967.47199475938,977.0675073733918,9568890
2020-11-06,979.5764770507812,986.927130538027,961.0456905553406,975.3949553558891,8807127
2020-11-09,1000.5281372070312,1008.8471215337156,986.9711823190069,994.1458146667874,10160320
2020-11-10,960.4735717773438,980.5448115090674,948.9853480947723,980.5448115090674,15622869
2020-11-11,988.1595458984375,991.5487575926202,956.9081749591105,964.831057732461,12514800
2020-11-12,983.97802734375,1005.3257948795012,980.4567461007396,993.0893210678446,9180976
2020-11-13,989.656005859375,997.4028672300158,983.3177428913748,985.95870370487,6363212
2020-11-14,997.799072265625,1003.2571229917621,995.7303409051702,1000.9242525380654,1136144
2020-11-17,989.2157592773438,1007.966622398931,979.4882856076251,1007.7465423503724,12813968
2020-11-18,977.6397094726562,997.1387172976902,969.6287091235797,993.4414151834775,9839468
2020-11-19,965.4912109375,981.2929160600918,962.8943092469232,968.3522516811032,10092343
2020-11-20,971.3013916015625,976.2752228404198,960.5174678145515,973.6342619129886,8063554
2020-11-23,1003.4329833984375,1007.7906329732384,970.0688254976338,972.753845158702,10546363
2020-11-24,1003.6092529296875,1016.6819885689223,997.7110421379086,1007.9667956557724,8515426
2020-11-25,982.12939453125,1006.646294151534,978.255963599381,1000.9242120247434,8958701
2020-11-26,979.972412109375,985.9145735106353,966.8557269849931,985.9145735106353,10962256
2020-11-27,968.352294921875,986.8390205522016,960.4294125088778,984.1980597478693,25306145
2020-12-01,1001.6722412109375,1003.7850310209975,972.7978053432968,972.7978053432968,8933802
2020-12-02,1004.3574829101562,1010.1235165773928,986.8390869046665,998.2832511595824,6741637
2020-12-03,991.63671875,1009.727343166002,988.3355177588295,1009.727343166002,16212632
2020-12-04,998.8552856445312,1000.9240165171732,981.5569731017133,990.3601746541951,10564055
2020-12-07,1006.646240234375,1015.0092828948267,1000.0438381340183,1009.9915002829443,7792141
2020-12-08,1015.3170776367188,1027.3334674499797,1007.9664269324994,1007.9664269324994,12308330
2020-12-09,1034.55224609375,1038.3376659016844,1018.530461592411,1028.2580426931274,10039346
2020-12-10,1027.9940185546875,1031.4272891775722,1012.3683334085982,1018.8827250462048,9488782
2020-12-11,1023.988525390625,1031.6913279811351,1016.9900220213509,1020.9074043544209,10574009
2020-12-14,1025.177001953125,1032.2635155708274,1010.7836797307418,1029.4465337227045,6728187
2020-12-15,1016.4179077148438,1024.4288018261318,1014.1290961774737,1017.6503777614232,6905926
2020-12-16,1026.189453125,1029.0065428975945,1015.5375977166881,1021.1716698008904,7788404
2020-12-17,1020.4672241210938,1029.0063953013716,1017.8262632848994,1026.3654344651773,6658153
2020-12-18,1047.4051513671875,1051.9827740102896,1034.9045384462956,1041.2868607153957,15995676
2020-12-21,1036.4010009765625,1064.967348110964,1014.172916215412,1045.820384009775,10858352
2020-12-22,1074.43115234375,1077.380204477402,1035.3449013029538,1040.5388136585927,10901851
2020-12-23,1103.0853271484375,1108.1911200982577,1083.2781216149863,1089.8364644627864,15878346
2020-12-24,1088.1201171875,1100.3125337258937,1079.2728538271147,1100.3125337258937,7313885
2020-12-28,1091.861328125,1098.639751556463,1088.075907791497,1090.2326495757873,4607051
2020-12-29,1100.6644287109375,1104.3176717038261,1087.1954861811491,1087.1954861811491,6878105
2020-12-30,1097.58349609375,1103.3055785810864,1089.9687032914826,1103.0414394818924,5194690
2020-12-31,1105.50634765625,1107.7951590929808,1090.7169226695585,1094.2382040986772,7430470
2021-01-01,1109.5997314453125,1114.0453921542232,1105.5063278261723,1107.3549790511033,4253550
2021-01-04,1134.0726318359375,1135.6131923682199,1110.2159730853582,1117.1264659808303,7208454
2021-01-05,1138.9583740234375,1143.5359963052456,1122.4523694578306,1128.5705521657621,8145280
2021-01-06,1128.6585693359375,1146.1769637767932,1116.2901343186134,1144.4163232794403,7161715
2021-01-07,1111.096435546875,1142.3478103430095,1105.242283283007,1140.895260163104,10954918
2021-01-08,1155.068359375,1159.2059296743757,1125.2695357392688,1125.2695357392688,13186251
2021-01-11,1211.496826171875,1217.7911381846839,1179.6292723945633,1181.477923642687,20528626
2021-01-12,1207.5792236328125,1213.0812248339826,1197.2354613746127,1213.0812248339826,8309868
2021-01-13,1221.13623046875,1226.1100612683126,1197.2355146942416,1209.427928406839,14442997
2021-01-14,1206.47900390625,1218.3633282789128,1160.6582880628148,1197.2356405052901,27521697
2021-01-15,1183.9866943359375,1201.152939458616,1179.6291520199532,1197.2355572739823,15018441
2021-01-18,1155.0244140625,1179.6293260505788,1149.6984327030268,1177.8686852654287,8861765
2021-01-19,1159.073974609375,1171.706551930248,1154.9804629094556,1162.023026707684,5585744
2021-01-20,1179.14501953125,1187.023950937931,1162.5070513124583,1162.5070513124583,8225838
2021-01-21,1179.365234375,1198.1601614810786,1175.2277713479089,1188.4325777675483,6142421
2021-01-22,1180.37744140625,1193.7143153151292,1167.78892571395,1168.1850268607495,9646591
2021-01-25,1166.5125732421875,1186.583921909131,1155.8607175958405,1184.030971185381,6542611
2021-01-27,1145.2967529296875,1168.669300749039,1131.2996381464989,1161.6706896269554,8133665
2021-01-28,1123.46484375,1141.2913317270973,1120.2517602809414,1137.197927864108,4660690
2021-01-29,1090.760986328125,1136.6256556459916,1083.6743644373792,1132.3120643847108,12183519
2021-02-01,1109.9959716796875,1125.0053694528378,1092.4775748930736,1100.8846773780538,8880279
2021-02-02,1119.1070556640625,1139.4864898120056,1112.3725846333607,1126.8098574237954,6892490
2021-02-03,1130.903564453125,1147.9377418137635,1120.647810835062,1124.7413219740633,8182968
2021-02-04,1126.2376708984375,1138.6062131817557,1119.8113976609816,1131.2115017172475,5032240
2021-02-05,1119.8555908203125,1134.5129473844413,1110.9643760226304,1132.4442158784987,5477481
2021-02-08,1147.5416259765625,1153.2196492039,1122.8485973737208,1131.6518008027583,6921922
2021-02-09,1149.30224609375,1172.5866757624497,1142.5237150981163,1150.4906570432056,7965949
2021-02-10,1141.335205078125,1148.2456975542023,1129.9790523514478,1140.7190238869975,5951207
2021-02-11,1137.9459228515625,1140.89497401597,1129.494870462155,1134.7327326439702,4673317
2021-02-12,1153.04345703125,1165.3238810081975,1145.7808152799241,1148.8178770279114,5797875
2021-02-15,1152.9114990234375,1169.4175046002792,1150.6666392805976,1162.0227926096593,4363513
2021-02-16,1135.96533203125,1161.8027112398622,1132.0919012346753,1156.7408695352747,6896421
2021-02-17,1127.954345703125,1139.574529672526,1122.408285308977,1135.9652382472548,4575741
2021-02-18,1137.7698974609375,1149.6982801822862,1122.4083516327833,1123.2886719085736,6437551
2021-02-19,1136.757568359375,1143.976151339578,1123.992924885405,1140.9830410327988,5389696
2021-02-22,1113.7811279296875,1151.9430964143678,1109.2035056526506,1140.014714143002,7371303
2021-02-23,1114.793701171875,1136.4936202150407,1107.0469462387894,1119.0192820160923,6612942
2021-02-24,1121.792236328125,1123.8169086048074,1102.1610500403006,1109.2476716611327,4537258
2021-02-25,1122.012451171875,1144.1964831051553,1119.767591082714,1134.2488192251344,8788221
2021-02-26,1103.305419921875,1121.792145299428,1095.7786387480553,1117.1264049578488,15132388
2021-03-01,1115.3658447265625,1130.7714503167083,1108.3232821710671,1112.1087025290365,5756286
2021-03-02,1148.3778076171875,1153.2195691671259,1126.1056615030825,1128.7906813469826,10461434
2021-03-03,1182.75439453125,1185.7914566139111,1151.458964551593,1161.3185090312531,9056399
2021-03-04,1171.1339111328125,1200.6246366884466,1167.2165293792084,1175.2274213961591,12041941
2021-03-05,1159.1175537109375,1179.6290571669563,1148.861909443889,1169.5053749599265,6486176
2021-03-08,1175.887939453125,1184.999233830919,1159.5579535326617,1166.2484743431805,5119392
2021-03-09,1184.514892578125,1188.8283756056833,1160.922268144435,1170.385710330257,6518173
2021-03-10,1204.41015625,1209.560008154973,1192.8339236171678,1194.5065535631416,7925984
2021-03-12,1210.308349609375,1225.1417252536396,1206.0828766227546,1208.6797785376261,9462061
2021-03-15,1209.2080078125,1214.7540689860443,1195.9151920576803,1206.038876053752,6658635
2021-03-16,1218.36328125,1237.7303276282514,1215.2821602352783,1220.1679808287263,9352771
2021-03-17,1221.0042724609375,1232.4484365142844,1216.602670901958,1225.625954097866,7626744
2021-03-18,1177.076416015625,1226.9465894671514,1156.3008755265314,1226.9465894671514,10961755
2021-03-19,1183.5465087890625,1193.009951409885,1160.2620813250076,1170.8259242505767,12767112
2021-03-22,1206.7431640625,1211.3207868423383,1176.1959838130717,1188.5204685629212,4862758
2021-03-23,1207.403564453125,1217.7032708042855,1196.883670526964,1208.195766894758,7165335
2021-03-24,1191.7333984375,1206.4347019010634,1185.1309973381233,1195.3426895463015,6134303
2021-03-25,1174.1712646484375,1190.6332113514952,1168.713214286175,1185.5713696026812,8749994
2021-03-26,1176.283935546875,1194.3305015997794,1172.586633291157,1183.7666580566158,4922071
2021-03-30,1219.5079345703125,1232.4486019059286,1176.240163946917,1185.7036085686948,10546381
2021-03-31,1204.322265625,1221.8846131538799,1200.1407440742212,1216.6026911950014,8220987
2021-04-01,1219.41943359375,1225.05350406811,1206.9189303989458,1214.8418117801205,5675155
2021-04-05,1241.1636962890625,1254.4565122246502,1221.0043385653262,1224.52562000315,9479572
2021-04-06,1242.176025390625,1255.336771135885,1238.1264659665671,1252.6958101867913,5793571
2021-04-07,1259.0340576171875,1263.2155790672348,1238.2585199049374,1241.4717105113793,5879234
2021-04-08,1267.529296875,1277.9610720440185,1250.9352789525208,1258.8581624926846,5654434
2021-04-09,1268.58544921875,1280.8658728503538,1258.901927155964,1280.8658728503538,6052712
2021-04-12,1255.1165771484375,1300.7172083820185,1245.653134606375,1297.59202855816,20384532
2021-04-13,1229.939453125,1263.4796330036042,1210.4403381849543,1261.4989124502106,14855206
2021-04-15,1197.8958740234375,1202.869705317751,1162.0228210258588,1172.850803933445,25342491
2021-04-16,1191.7333984375,1206.786851451888,1185.4390878972365,1201.6370000865652,10879878
2021-04-19,1199.48046875,1214.577875938815,1172.8947311912377,1179.6292029840504,12508028
2021-04-20,1189.6207275390625,1213.9616035180388,1181.7419044237488,1213.9616035180388,8560766
2021-04-22,1189.40087890625,1201.46133294354,1184.1630154755971,1193.3183691890542,6622446
2021-04-23,1174.1712646484375,1187.0239195967097,1171.7063248124512,1182.2701684621502,7316262
2021-04-26,1182.75439453125,1189.576876928249,1162.9031285723656,1172.8067320518805,7088606
2021-04-27,1187.1119384765625,1191.073379873036,1179.7612853775233,1184.911137700744,3636115
2021-04-28,1193.71435546875,1196.7954765927475,1183.6786823155342,1195.4749961110342,4879234
2021-04-29,1194.0223388671875,1205.1584114218251,1189.6647966532266,1204.2780911797347,5412357
2021-04-30,1192.26171875,1209.4720227612527,1184.8230555616503,1185.1752051566957,8354677
2021-05-03,1190.2371826171875,1198.11600683424,1177.8686386070633,1180.333578593025,4560337
2021-05-04,1170.2978515625,1192.7899711977664,1165.632110895416,1191.953709880542,4887060
2021-05-05,1180.9495849609375,1183.0623749987185,1168.8892408309257,1180.597435377813,3939788
2021-05-06,1198.644287109375,1201.3732589754793,1177.3405754902476,1184.0309893280817,4810090
2021-05-07,1190.67724609375,1208.7238119609947,1187.1119059502223,1201.90132974289,4991435
2021-05-10,1179.2330322265625,1190.9852860554715,1175.2715911070898,1188.3002663123307,7195348
2021-05-11,1171.398193359375,1180.5094866973957,1166.5123728573353,1176.900195068442,6420988
2021-05-12,1168.18505859375,1170.826019540081,1157.1810546507043,1170.826019540081,5241898
2021-05-14,1158.853515625,1168.052818594496,1154.3639041636238,1168.052818594496,4824609
2021-05-17,1170.2978515625,1175.18356484798,1162.2869581655425,1162.2869581655425,5017129
2021-05-18,1179.6292724609375,1183.6787245906223,1170.3859087588182,1177.868631755772,5620150
2021-05-19,1176.98828125,1194.9907890147208,1173.6870800123877,1181.3898829001496,4435878
2021-05-20,1179.0130615234375,1187.640136285022,1175.227641118216,1187.0239550381152,4490092
2021-05-21,1192.3939208984375,1195.0348819635503,1185.2192885126847,1186.2316784131742,4969733
2021-05-24,1186.7156982421875,1199.8764423547975,1184.1186891544971,1194.286430531544,4225371
2021-05-25,1198.644287109375,1204.2783594058108,1192.3499744843175,1195.4751550241895,4099340
2021-05-26,1230.027587890625,1232.4484688115047,1199.0403550877556,1204.1902075545224,6850024
2021-05-27,1234.4290771484375,1246.7535607141913,1225.141655477,1236.1456586607087,15365391
2021-05-28,1236.89404296875,1244.772866430296,1229.0151120462333,1241.0315052688188,4261312
2021-05-31,1240.1864013671875,1247.0825051236686,1230.6208380920684,1247.0825051236686,4429904
2021-06-01,1234.358154296875,1246.6377126880795,1226.7502591241341,1245.7478927646762,4791325
2021-06-02,1226.7501220703125,1238.584660557052,1214.6040597487086,1228.6187219765782,9272276
2021-06-03,1236.538330078125,1244.8581249863294,1225.326620297722,1235.159065690836,5115645
2021-06-04,1232.9788818359375,1242.9893550263232,1225.8603231227744,1240.364321328493,4194328
2021-06-07,1236.538330078125,1238.6293852615945,1225.5490752878911,1237.739565300918,5154576
2021-06-08,1257.270751953125,1265.1012090745428,1241.7879754503242,1242.1883508831102,7360630
2021-06-09,1259.3619384765625,1267.9931466228882,1249.8408019576455,1257.671259223617,5394317
2021-06-10,1267.3704833984375,1271.5525933362621,1262.6543946425165,1267.1034939893893,3496575
2021-06-11,1287.4803466796875,1291.6624564744493,1271.952925317914,1272.531329937339,6140828
2021-06-14,1300.73876953125,1314.2639885241551,1293.3086864911218,1308.9250691394936,7132294
2021-06-15,1311.505615234375,1313.3742153613796,1301.8065562829934,1302.6963762121,5403104
2021-06-16,1317.46728515625,1325.3421693256153,1305.810666518263,1310.43768641987,7661710
2021-06-17,1330.547607421875,1337.0877613114858,1312.5731820594183,1312.5731820594183,7677951
2021-06-18,1337.6661376953125,1348.7888851030746,1323.5179812685233,1342.73806706502,13533974
2021-06-21,1334.9967041015625,1339.8907130555006,1320.6705182672051,1328.500976041739,5454052
2021-06-22,1345.274169921875,1353.8164190842874,1336.598426052742,1343.3610354471275,6427862
2021-06-23,1337.5325927734375,1356.9751327879565,1333.5284038570142,1356.9751327879565,5529809
2021-06-24,1387.4071044921875,1395.9049277395711,1344.6957505278851,1349.8567492468076,10785137
2021-06-25,1400.75439453125,1404.1357534821677,1372.9920580627281,1398.7968342674067,9780240
2021-06-28,1398.6187744140625,1406.048747856994,1388.6527277002867,1399.59755444848,5019178
2021-06-29,1390.8330078125,1400.2650768226906,1387.407114375736,1389.0088336090437,5913567
2021-06-30,1406.6273193359375,1415.703438725539,1398.84139533289,1398.84139533289,6058722
2021-07-01,1388.4747314453125,1403.1122225875179,1387.2734965313064,1403.1122225875179,4814317
2021-07-02,1395.0595703125,1396.527686132786,1372.6360454660967,1387.1845779352639,5166064
2021-07-05,1404.981201171875,1410.3646554500672,1389.0535105714757,1396.2610306196868,4058338
2021-07-06,1390.0762939453125,1411.9214110608116,1385.5382351927221,1400.3092205104294,4089574
2021-07-07,1392.212158203125,1397.506651645048,1374.4602951004547,1393.502462197475,4797120
2021-07-08,1388.786376953125,1402.3561301157295,1378.330993368823,1395.237571079609,3326813
2021-07-09,1390.699462890625,1396.9282018298825,1380.11058496977,1384.5596842120967,3436594
2021-07-12,1377.3076171875,1404.1357070791948,1364.7611791715558,1397.5065927215103,4588982
2021-07-13,1374.72705078125,1384.9155526207576,1367.030196440079,1384.9155526207576,4456160
2021-07-14,1403.15673828125,1408.4066963536977,1368.631689694828,1382.7798449678412,5657716
2021-07-15,1406.6273193359375,1420.9088633348867,1384.5597427133494,1386.2504222209864,10021355
2021-07-16,1384.0703125,1401.1549196596945,1378.8648878373513,1400.3540600299193,6265593
2021-07-19,1371.8350830078125,1381.801129510059,1368.1424178936406,1374.5045422926073,5669162
2021-07-20,1379.265380859375,1386.0724162048894,1368.5430076051287,1368.80999702364,5069939
2021-07-22,1414.9913330078125,1417.349377086102,1389.364589198939,1389.364589198939,7854575
2021-07-23,1415.2137451171875,1422.3768373867888,1410.408805475085,1413.5231745278556,4179719
2021-07-26,1427.1820068359375,1434.0781103240706,1418.4617292994851,1418.4617292994851,4586710
2021-07-27,1425.980712890625,1431.9869963256106,1421.8430292446305,1428.1607278743518,5892859
2021-07-28,1428.69482421875,1430.4744640368153,1410.809465771312,1428.2499142642337,4686788
2021-07-29,1438.8387451171875,1441.5082047556239,1423.800767429878,1423.800767429878,4660873
2021-07-30,1433.054931640625,1444.5336299360965,1429.1842368464966,1432.610021695999,6234257
2021-08-02,1451.78564453125,1454.6330246516857,1440.796282299438,1448.1372961874185,5553389
2021-08-03,1472.8297119140625,1475.8996554431062,1455.389265292903,1465.5332328913128,5513668
2021-08-04,1467.5352783203125,1494.8082764158198,1458.4591599744758,1485.1981793032805,6740391
2021-08-05,1471.36181640625,1482.4400312951198,1465.5779867523374,1467.7580021736494,5420536
2021-08-06,1468.3807373046875,1477.6794203166185,1462.8638974414057,1474.4315559978156,3754855
2021-08-09,1480.037353515625,1483.7300188807942,1464.9993767983387,1477.990724476605,5018477
2021-08-10,1492.4503173828125,1494.8973219276345,1478.0352795124588,1484.2194839138658,6846517
2021-08-11,1492.7171630859375,1498.4564570176146,1484.2193410364496,1490.2701587766746,4899639
2021-08-12,1503.439697265625,1509.5794763648796,1489.5585284024805,1494.1411226602154,5659579
2021-08-13,1523.5494384765625,1532.714625987303,1504.9522913044452,1510.0242207840076,5612790
2021-08-16,1516.6090087890625,1530.44564260102,1503.8845411944826,1519.5453491889418,4564109
2021-08-17,1549.7548828125,1556.2060772217617,1500.7258270262296,1516.1641808884128,9510390
2021-08-18,1542.458251953125,1562.0788240659326,1536.7189570845148,1538.4985968726844,6686090
2021-08-20,1542.01318359375,1552.7355556641908,1527.0197416428282,1527.0197416428282,6206972
2021-08-23,1547.1741943359375,1559.9876213215564,1541.1679106196082,1544.5047349064578,6189051
2021-08-24,1531.2462158203125,1563.4132198422624,1523.9941635089963,1557.184481914604,7602939
2021-08-25,1544.3267822265625,1554.4262151336206,1528.710401441141,1528.710401441141,6153253
2021-08-26,1537.3416748046875,1553.6254211203336,1530.4901055710045,1542.9475831744894,5302248
2021-08-27,1520.5240478515625,1537.3415544026807,1517.3206098222295,1534.939084501257,6698514
2021-08-30,1510.95849609375,1529.2887615369723,1504.1513531642884,1515.4075949207736,6559667
2021-08-31,1518.4329833984375,1526.0409862826573,1500.1027168908208,1512.8271837232185,12255438
2021-09-01,1492.895263671875,1521.1470441049441,1488.802114057658,1521.1470441049441,7801974
2021-09-02,1502.9947509765625,1507.6218795661478,1479.4590583890802,1492.539367293398,6830050
2021-09-03,1513.2720947265625,1517.988074588119,1498.8125226886418,1509.1789452891753,5339139
2021-09-06,1539.7440185546875,1541.1677083394327,1512.1150736376733,1517.276071305513,4876026
2021-09-07,1518.611083984375,1543.748494999435,1516.2530396340658,1539.3883559665105,3520341
2021-09-08,1506.6875,1513.450109310874,1497.522311859604,1513.450109310874,4584896
2021-09-09,1505.21923828125,1508.1556872378899,1496.8104841372344,1500.1473085786038,3331674
2021-09-13,1505.486083984375,1514.028332014795,1490.6260287182015,1497.5666663419925,4662374
2021-09-14,1500.3697509765625,1509.089920271295,1493.651567709299,1509.089920271295,4945167
2021-09-15,1522.88232421875,1526.1301887907387,1503.9736501044472,1506.6876444255638,4062344
2021-09-16,1514.69580078125,1529.8227378429513,1505.0857031997,1526.2189240947241,3246568
2021-09-17,1504.9522705078125,1528.7104157088386,1498.8569179841036,1510.024199917287,7454864
2021-09-20,1501.882568359375,1519.5454724954664,1493.0733292037141,1499.346603247142,5660743
2021-09-21,1529.11083984375,1536.4963878637336,1499.0349948323485,1512.693707466829,4672222
2021-09-22,1527.7315673828125,1547.3076020991566,1524.3057830315674,1527.8205276346805,4553892
2021-09-23,1550.5555419921875,1552.7355570624668,1531.4688420353173,1541.1678996173023,3826090
2021-09-24,1569.508544921875,1590.997713616821,1559.3645780438271,1564.3031211064717,8280446
2021-09-27,1531.5135498046875,1574.0914104956141,1528.799555648699,1573.868955519569,5045337
2021-09-28,1501.2152099609375,1521.5921084591596,1490.4484103328025,1521.5921084591596,6557197
2021-09-29,1505.797607421875,1513.9394805910563,1472.6518187520774,1476.4335530298395,7792548
2021-09-30,1490.626220703125,1515.3632568348667,1486.088161035665,1515.3632568348667,6914031
2021-10-01,1481.6834716796875,1493.9629198300943,1478.2131527121837,1481.638937241155,5733906
2021-10-04,1493.7850341796875,1502.0158675772525,1481.9059612165079,1488.223660262414,2947154
2021-10-05,1506.2869873046875,1515.3185712967768,1479.7703140555798,1486.8888723913853,4373310
2021-10-06,1489.157958984375,1520.702027218349,1485.9990552689544,1514.562248918571,4271698
2021-10-07,1504.685302734375,1516.4308808095564,1491.9164101508402,1501.1260234848555,5476108
2021-10-08,1533.9158935546875,1540.7230369842214,1511.2700223097372,1517.3652664264184,4738376
2021-10-11,1504.640625,1539.3881288124642,1480.3930374218846,1496.6767818858755,8840633
2021-10-12,1499.4798583984375,1502.9056429059303,1478.8805082946456,1492.227805300915,7439300
2021-10-13,1520.8800048828125,1524.839768285372,1494.9418438218438,1509.089892174887,7104171
2021-10-14,1526.7083740234375,1587.0826277925394,1511.0919925515338,1560.7439825365639,19655776
2021-10-18,1594.690673828125,1600.7859181068043,1548.286546695853,1548.286546695853,13438109
2021-10-19,1621.3853759765625,1632.374630176499,1585.9260741724538,1614.1333219624798,10324260
2021-10-20,1603.7667236328125,1644.3870199570588,1596.3812843324115,1627.8363931036856,5876115
2021-10-21,1560.432373046875,1614.1329714022113,1554.3815555051872,1614.1329714022113,8779629
2021-10-22,1530.312255859375,1568.9303513205284,1518.9225180752499,1557.095812221997,7369809
2021-10-25,1519.411865234375,1539.1658216360158,1501.303945142191,1532.3142525237072,5905209
2021-10-26,1529.42138671875,1549.9788722496721,1522.4193469581496,1535.121906435582,5871709
2021-10-27,1552.08837890625,1556.7565147555208,1527.1322237405088,1534.2689409244713,5090259
2021-10-28,1529.600830078125,1548.3179728132604,1518.9630389912397,1543.4703399076664,5329972
2021-10-29,1497.1488037109375,1537.4108857345927,1491.1342188619528,1525.202109131994,5875091
2021-11-01,1526.1448974609375,1532.5634067199912,1504.5550276050294,1505.9015864006187,3636806
2021-11-02,1524.2147216796875,1531.890040630247,1513.8461757071277,1521.611352905563,3471772
2021-11-03,1528.3438720703125,1541.764527730392,1525.2019022892575,1534.1789588065574,3530713
2021-11-04,1533.9097900390625,1541.3607916889025,1530.5883225565397,1539.565380166842,483407
2021-11-08,1559.7637939453125,1562.9057641777204,1528.792944511578,1553.0310005901529,5245903
2021-11-09,1564.2523193359375,1570.9851126759775,1549.4401739878497,1557.2950995512297,4016134
2021-11-10,1562.142578125,1571.83773382555,1545.8042688196354,1549.4400206968505,4780368
2021-11-11,1555.9935302734375,1561.783688936851,1534.1792351734894,1555.6792455721493,4731349
2021-11-12,1598.0958251953125,1600.474767487717,1560.2576133002974,1564.7012131877632,5069009
2021-11-15,1604.3348388671875,1615.8703357362158,1593.8765450553617,1599.801381036417,4354074
2021-11-16,1608.958251953125,1623.9049668113353,1595.2233085024495,1606.8934846479372,6034233
2021-11-17,1604.6041259765625,1617.665788691909,1598.544612062206,1609.1825130450993,4732492
2021-11-18,1597.377685546875,1606.3995628785876,1579.0644657331543,1599.3525944279756,4326924
2021-11-22,1579.42333984375,1602.7636867041028,1572.0172682438304,1601.506876879596,6621839
2021-11-23,1559.2252197265625,1568.5164528029118,1535.0769118860949,1557.6093054597075,8436160
2021-11-24,1522.509033203125,1562.4569412087494,1515.3273868200913,1562.0080883098099,7333061
2021-11-25,1546.20849609375,1549.6197123932054,1523.3618176709108,1526.0998642017403,4476260
2021-11-26,1518.60400390625,1542.5727043871634,1511.7365327759849,1528.3890188200792,4494181
2021-11-29,1522.8231201171875,1536.8722369569487,1498.4055676623748,1518.0204162933412,3942776
2021-11-30,1537.45556640625,1552.9409884962542,1526.1444974049753,1530.1841727328024,14808963
2021-12-01,1539.4757080078125,1563.713764760079,1537.7700450604518,1539.5654566717308,5193264
2021-12-02,1569.4141845703125,1571.4340226456925,1536.2888182174336,1539.5654663452515,5559574
2021-12-03,1558.0133056640625,1603.8860489685592,1555.3201883320971,1589.926680297916,6754012
2021-12-06,1521.880615234375,1556.5768551113895,1518.4692895209917,1553.030961200896,3991449
2021-12-07,1536.5579833984375,1548.4525839240318,1520.7134558760026,1527.087144429678,4202122
2021-12-08,1573.9923095703125,1579.7825772411895,1555.3649157936254,1555.72401999994,3029169
2021-12-09,1583.0592041015625,1588.4006192094105,1563.8034590731309,1579.0644572385977,2082171
2021-12-10,1579.2886962890625,1583.3283717947045,1567.3940961891165,1579.9619755400029,1823469
2021-12-13,1566.1822509765625,1590.1509490203869,1560.9306946167599,1586.2908803107057,4040584
2021-12-14,1572.9151611328125,1582.6552466615897,1535.3910167263787,1553.8389138318717,4768144
2021-12-15,1556.80126953125,1569.144723607344,1545.1310947683974,1566.4965354752162,3053149
2021-12-16,1590.3753662109375,1595.7616003093601,1578.1665908378222,1582.3409441807426,4481031
2021-12-17,1634.5872802734375,1653.5737763320017,1621.9296527621304,1633.8242524018692,18887243
2021-12-20,1614.8829345703125,1642.4873870491053,1604.469569535608,1617.3964449810487,5773891
2021-12-21,1626.28369140625,1649.983144782225,1616.7680325096776,1616.7680325096776,5353584
2021-12-22,1638.0435791015625,1642.0384352948865,1626.956935405642,1638.3129346501346,4156428
2021-12-23,1667.578369140625,1671.1691925494476,1640.1085919797779,1643.923841851652,4112933
2021-12-24,1672.87451171875,1683.8714061478108,1664.346307875805,1681.3577864450267,3780347
2021-12-27,1675.2537841796875,1682.749606067074,1656.3122127711727,1669.7328713175555,2647733
2021-12-28,1694.868408203125,1701.960305344771,1686.2504551628035,1688.3151125796455,3340933
2021-12-29,1692.669189453125,1700.0752621912457,1684.4551595905639,1690.828848757635,3236635
2021-12-30,1699.22216796875,1714.4383449364482,1682.614612952304,1691.7263474860777,4584738
2021-12-31,1694.6441650390625,1704.1598248331377,1680.1911232252733,1696.6640031380364,4619420
2022-01-03,1704.2493896484375,1718.2536866238245,1694.6439822250395,1694.6439822250395,3329616
2022-01-04,1704.8779296875,1711.6107229414722,1685.8914307946536,1704.2494699005285,3921999
2022-01-05,1655.952880859375,1708.244239129732,1651.7785273383165,1705.6408706210877,6995719
2022-01-06,1631.8494873046875,1641.0060417349105,1615.8702817958638,1641.0060417349105,6449205
2022-01-07,1628.70751953125,1648.1876896772642,1621.9747266812612,1629.739793435008,4834389
2022-01-10,1661.428955078125,1678.6200425032102,1627.5405622351159,1629.3359737764672,7857560
2022-01-11,1665.782958984375,1678.7099451847978,1660.8905059186006,1665.2443573891978,5142287
2022-01-12,1685.3978271484375,1695.7663736901068,1669.7329036863941,1677.7225077765943,5362535
2022-01-13,1702.768310546875,1716.8622469895265,1675.4331047076187,1710.1294538640775,14277630
2022-01-14,1731.98876953125,1735.265417818843,1688.5847133560494,1689.4824192111032,7688506
2022-01-17,1741.100341796875,1754.0273268080673,1733.0209898627827,1740.2475651482325,5262464
2022-01-18,1724.2681884765625,1746.0375512622227,1715.9194818017663,1725.4800692304618,3690315
2022-01-19,1676.0616455078125,1720.0043002642583,1672.2912154253556,1720.0043002642583,5747770
2022-01-20,1637.1458740234375,1658.9601668033267,1629.7847309693936,1655.369343931458,5533463
2022-01-21,1603.0330810546875,1623.0519627022786,1594.325379291619,1611.3817881916982,8252758
2022-01-24,1559.1353759765625,1587.7272819323061,1551.2355216165236,1584.450634058544,7116712
2022-01-25,1545.984130859375,1562.00815815135,1526.5487775496383,1549.9788780052622,9137653
2022-01-27,1506.888916015625,1534.807544146456,1494.6801391976826,1527.8952534020755,11231734
2022-01-28,1513.71142578125,1550.8316470432278,1507.6968409545839,1509.0433996097977,10998502
2022-01-31,1558.5968017578125,1570.5363330040534,1539.8796573165653,1542.2585996575958,8788872
2022-02-01,1590.7796630859375,1597.9163806155063,1557.2502626013809,1585.4382476367502,5119935
2022-02-02,1604.2899169921875,1609.4069054950608,1590.7345821422696,1605.9955798264787,4253717
2022-02-03,1560.7064208984375,1597.0185757090092,1556.6218157838234,1597.0185757090092,3832922
2022-02-04,1562.9954833984375,1574.530980546349,1535.2115338427761,1554.826382864696,4700077
2022-02-07,1539.5654296875,1554.8264281158893,1521.9704181220025,1546.0288675415272,4310209
2022-02-08,1541.630126953125,1548.5424173887602,1522.5089506616448,1535.0768311505972,6053401
2022-02-09,1559.584228515625,1564.701107408803,1548.5424040620683,1557.5194614769207,3867244
2022-02-10,1588.580078125,1592.4402566950537,1569.8629350970984,1576.0571267076214,4334630
2022-02-11,1545.265869140625,1567.3494100787207,1537.770047567958,1562.0081043597472,7551371
2022-02-14,1510.12060546875,1542.7522979398288,1506.5747115034765,1517.1227543219873,7459637
2022-02-15,1560.4371337890625,1568.0676332207938,1517.5267519749755,1525.2021805307736,4669915
2022-02-16,1555.9935302734375,1575.8776263746088,1550.2032620267948,1560.437130216687,5350642
2022-02-17,1548.3629150390625,1570.0873502660593,1544.323239180745,1565.5988215345953,3937950
2022-02-18,1532.338623046875,1546.2979898070087,1529.2415823722724,1535.0766691262613,5602215
2022-02-21,1553.659423828125,1559.5843699257287,1518.4693994044533,1526.9976047218297,5120890
2022-02-22,1556.9361572265625,1571.882981912394,1518.0655587179056,1526.0102337686624,8878515
2022-02-23,1564.56640625,1578.3910963789203,1556.083130953027,1570.9850241223437,5478811
2022-02-24,1506.48486328125,1539.5203677498448,1499.6173926642882,1517.212402711859,13592379
2022-02-25,1521.2520751953125,1551.3701456178273,1505.4524766061313,1539.5652936073436,9737281
2022-02-28,1540.10400390625,1551.2805065421107,1494.6801136600138,1510.1206091390077,15076542
2022-03-02,1528.613525390625,1539.0268910626946,1518.0205528032943,1535.0769635089493,6771489
2022-03-03,1544.8167724609375,1556.531875228253,1531.0819415295864,1544.2332418617573,7344147
2022-03-04,1547.016357421875,1558.4171765738909,1509.043360495801,1521.8356673887606,9074499
2022-03-07,1561.8734130859375,1571.8828546653579,1522.5090357009976,1523.4067415003497,9742588
2022-03-08,1596.3004150390625,1615.8704453774808,1542.66249331056,1542.66249331056,10984500
2022-03-09,1627.8548583984375,1644.2379899316497,1607.791154848383,1607.791154848383,10193515
2022-03-10,1639.1209716796875,1656.042703365668,1625.0269254755779,1656.042703365668,6547182
2022-03-11,1635.619873046875,1644.058328995704,1625.7451098177226,1628.438227062037,4758657
2022-03-14,1697.2921142578125,1701.1522925808597,1644.192910047784,1644.192910047784,10289724
2022-03-15,1651.150146484375,1695.1825455498838,1642.801439597397,1695.1825455498838,7140443
2022-03-16,1696.1253662109375,1700.2098618649063,1659.8580298508234,1674.221322699722,5233979
2022-03-17,1664.885009765625,1726.5574586044008,1645.5395172103943,1726.5574586044008,17731459
2022-03-21,1663.4937744140625,1693.8810937888873,1652.766124367728,1670.6304916817223,8362085
2022-03-22,1694.3299560546875,1696.663969227985,1650.8809732329441,1660.755737075012,5709382
2022-03-23,1680.8642578125,1705.6409144424942,1667.0395674314273,1702.947797209164,6192824
2022-03-24,1693.701416015625,1700.7933134465572,1666.2765707577757,1666.2765707577757,3784303
2022-03-25,1684.5897216796875,1700.2546427439086,1667.9372366516275,1698.4592312943375,3438588
2022-03-28,1682.2108154296875,1688.4947556370578,1663.1345683715988,1675.118918136154,4008555
2022-03-29,1693.0731201171875,1696.1253417201522,1670.226551592587,1682.2109019736959,3917785
2022-03-30,1709.186767578125,1722.6972825433968,1701.152345190066,1714.6179310358978,7795839
2022-03-31,1711.7901611328125,1717.3110733270107,1700.4341616533945,1705.640898756571,5399145
2022-04-01,1708.827880859375,1714.887394872627,1686.1608099209134,1693.8361285877643,6171518
2022-04-04,1690.3349609375,1699.3569473597815,1681.4028327548183,1696.439403736475,7364074
2022-04-05,1670.7200927734375,1696.3047057811573,1667.1741990144267,1691.0980783575872,5472024
2022-04-06,1641.76904296875,1667.488333118964,1635.7544586287402,1665.244068875197,5407453
2022-04-07,1625.7452392578125,1641.1409159802406,1622.6481980135563,1634.7672265778747,5797544
2022-04-08,1628.9766845703125,1649.9830191353592,1623.0518490733023,1636.5174341043307,5131446
2022-04-11,1585.8419189453125,1628.4380071060668,1582.251096437912,1628.4380071060668,8248407
2022-04-12,1564.2073974609375,1577.7179133258371,1551.011166286609,1577.7179133258371,6456184
2022-04-13,1569.6834716796875,1577.7178945069024,1554.8263973177552,1575.4287009546981,6257693
2022-04-18,1455.5401611328125,1481.2145243041055,1427.3521779657744,1441.26661743651,30523965
2022-04-19,1402.2164306640625,1469.2301891678217,1391.4439612863616,1469.2301891678217,17044923
2022-04-20,1425.2874755859375,1433.007833244966,1403.1141858362757,1413.886655593176,10678747
2022-04-21,1453.206298828125,1460.7469404313392,1426.6790466707034,1431.8408553970567,7766514
2022-04-22,1423.2674560546875,1445.934524945016,1420.5295194238047,1440.2341156753782,8134245
2022-04-25,1401.408447265625,1411.9116704618677,1395.1245069131328,1411.9116704618677,7000570
2022-04-26,1419.2728271484375,1429.1475906516841,1406.3010225615533,1415.8615013776625,5345435
2022-04-27,1393.95751953125,1411.8667052446997,1391.7580747141747,1411.8667052446997,8819356
2022-04-28,1420.708984375,1437.9449991460317,1398.1316646520672,1409.3979147465427,9245177
2022-04-29,1407.1986083984375,1433.9053528696272,1401.1390949469912,1427.352057451814,9831395
2022-05-02,1383.364501953125,1393.9125440673035,1374.387444834675,1392.2518104170338,7072627
2022-05-04,1378.47216796875,1409.3980885628416,1373.6245347920797,1388.9752818655138,6220959
2022-05-05,1422.9984130859375,1426.8136628493476,1398.131895936832,1400.466018752797,6144870
2022-05-06,1385.025390625,1402.081801059126,1378.0233510388225,1391.4440090997512,6171472
2022-05-09,1409.712158203125,1424.4794830755254,1366.4427862489936,1382.4668114652425,6832202
2022-05-10,1394.1370849609375,1408.6350553142338,1387.8980735846474,1398.6256138886934,6212545
2022-05-11,1370.5721435546875,1391.3988714459604,1356.9718806196374,1391.3988714459604,7846080
2022-05-12,1354.4586181640625,1371.2456735751925,1350.4189418752976,1359.1266447088979,7034979
2022-05-13,1350.5084228515625,1372.8163866855402,1344.8528333350223,1363.8842591619366,6723761
2022-05-16,1336.773681640625,1357.196488541389,1327.3926998865318,1355.5357547320384,6145331
2022-05-17,1363.1212158203125,1369.0012321589384,1329.4124315587235,1341.9803117228055,6516378
2022-05-18,1354.817626953125,1391.1747139308945,1351.3166617996305,1366.3083056830963,6594126
2022-05-19,1281.1607666015625,1332.8236661016863,1272.6325620859147,1329.502198702564,16561140
2022-05-20,1306.29638671875,1316.7097502480792,1298.7107082948203,1304.3662976720361,10488908
2022-05-23,1318.191162109375,1335.7861731182122,1301.718283302418,1306.2516316480803,5887569
2022-05-24,1293.59375,1319.223288324953,1288.4319428782096,1318.3704022679538,5693167
2022-05-25,1266.1689453125,1294.940456480411,1256.1146854282254,1288.207663812402,9630092
2022-05-26,1278.2880859375,1283.7192496732532,1263.1169461079405,1272.946780445226,13040065
2022-05-27,1311.8621826171875,1316.9342416608813,1290.3621752658935,1296.2420817605998,8284860
2022-05-30,1370.6170654296875,1373.4896797501283,1333.0929244633599,1334.8883358094386,10904213
2022-05-31,1364.0853271484375,1377.1492153718643,1350.0689318033246,1370.5265167448363,16033857
2022-06-01,1341.3597412109375,1374.2008054510288,1335.5081512821491,1372.6131828007306,8738508
2022-06-02,1368.0770263671875,1373.3841995793427,1338.6833068349495,1346.3039171942348,7205840
2022-06-03,1380.5057373046875,1410.715969239275,1377.1490940869578,1383.408884845195,9395707
2022-06-06,1388.0809326171875,1394.0231097698384,1354.4686554434797,1375.3345489968622,6624883
2022-06-07,1366.897705078125,1378.827577498525,1363.1781541383805,1378.827577498525,4904592
2022-06-08,1360.8192138671875,1379.1448683164317,1353.5615113932292,1379.1448683164317,4697608
2022-06-09,1374.427490234375,1376.196511023312,1344.0358592621958,1347.2111042891397,4361061
2022-06-10,1339.77197265625,1355.3305843397889,1336.868825108461,1348.208985661335,6516436
2022-06-13,1292.32470703125,1309.6524503470807,1280.712338233923,1309.6524503470807,6987685
2022-06-14,1306.885498046875,1314.4607030952413,1272.9557157577426,1279.1701015491417,6090247
2022-06-15,1290.238037109375,1312.1926539494157,1287.1988962903904,1306.5678679807882,4651958
2022-06-16,1267.5577392578125,1309.7885413741665,1262.8402767742612,1304.5720675297325,6641772
2022-06-17,1258.576416015625,1267.3309313181774,1240.2960551585052,1261.9784641623437,9692047
2022-06-20,1282.93505859375,1290.374159577052,1253.7681436672126,1261.0712513196502,4595194
2022-06-21,1315.367919921875,1320.9018961015715,1290.737069147329,1291.8710851982403,6270787
2022-06-22,1303.8914794921875,1324.1676615992408,1301.8502508758318,1302.8028685276272,6253366
2022-06-23,1317.6812744140625,1322.7163500853471,1300.036028581826,1306.2051203282867,6254281
2022-06-24,1307.3843994140625,1331.334840499222,1296.3164470818606,1322.716318533469,6114340
2022-06-27,1337.776123046875,1346.303946473831,1329.2030054210798,1331.8339449854482,4511097
2022-06-28,1342.81103515625,1350.1594366168376,1318.1801857243508,1332.6955903847702,4412178
2022-06-29,1327.4791259765625,1339.9533019425135,1321.8090459920393,1328.794540235472,5060038
2022-06-30,1326.2545166015625,1344.4894731370582,1319.9947256507555,1329.1122592903828,9165177
2022-07-01,1342.1307373046875,1347.2111072100613,1308.5184562919433,1319.0875083390094,4651635
2022-07-04,1349.9327392578125,1353.7883939230314,1326.345204835297,1342.901839574178,4800224
2022-07-05,1339.000732421875,1369.8459686483452,1335.4172860401247,1359.7306341867263,7379669
2022-07-06,1353.2440185546875,1360.8192234162877,1333.602838947962,1344.6707910009138,5209162
2022-07-07,1359.6397705078125,1373.4747656207644,1356.9181321249366,1363.5862347579819,3323472
2022-07-08,1373.9285888671875,1376.1966212108844,1360.7740012737456,1374.4276002803076,3652582
2022-07-11,1336.4605712890625,1360.7285139218584,1330.3368848303196,1356.2831490104652,4702638
2022-07-12,1305.1163330078125,1332.332717447335,1302.757601838471,1326.1637367539608,4710356
2022-07-13,1310.4234619140625,1324.530665006667,1305.116289274943,1315.4585371641556,5264025
2022-07-14,1296.27099609375,1318.1348025761679,1282.798908069353,1316.3657819014365,6157606
2022-07-15,1297.6319580078125,1311.8298621361157,1279.7599080562986,1311.8298621361157,5620018
2022-07-18,1351.6563720703125,1355.0130151308297,1313.6895385614898,1315.4585592229448,5835171
2022-07-19,1346.4398193359375,1348.8892494530244,1333.6934359551399,1335.0089608832923,3418540
2022-07-20,1374.6995849609375,1384.2253192557744,1360.819184976676,1361.9532009641566,5079392
2022-07-21,1390.6666259765625,1392.9799523411634,1363.6316382423909,1376.2419192424743,5008061
2022-07-22,1366.5347900390625,1397.1078194529648,1353.6977057829995,1391.664542234317,7020642
2022-07-25,1364.0853271484375,1376.3781065370429,1342.7658234849073,1342.7658234849073,7859626
2022-07-26,1316.5018310546875,1357.780012018213,1310.9224503800992,1357.780012018213,7268273
2022-07-27,1334.555419921875,1336.3244405660616,1310.9224824290286,1316.3657591726785,4517285
2022-07-28,1376.6046142578125,1383.0003975376578,1351.6108593285744,1357.5531469886084,6636841
2022-07-29,1405.9078369140625,1411.3511145079642,1386.2213605802913,1390.5760269529192,7009465
2022-08-01,1407.1326904296875,1418.8810538349696,1395.2028179881397,1418.8810538349696,2983249
2022-08-02,1400.37353515625,1403.458080558974,1386.538541149447,1403.0498791316793,4374635
2022-08-03,1420.7860107421875,1424.3241629773152,1397.017078561979,1405.2726932814403,6011955
2022-08-04,1451.44970703125,1455.0331531114546,1428.814682376479,1440.2002467347775,7402209
2022-08-05,1466.6456298828125,1474.8558394703302,1453.6271480443154,1459.1611241061719,5361971
2022-08-08,1469.140380859375,1471.4991119109761,1447.9115799074712,1466.9630480641483,3763409
2022-08-10,1453.76318359375,1470.7734244892295,1440.744701377161,1470.7734244892295,4423829
2022-08-11,1469.639404296875,1479.981652880995,1466.0559578558064,1478.7569376887157,3462090
2022-08-12,1446.18798828125,1464.241546222961,1442.6045418057784,1463.6065415227213,3562286
2022-08-16,1448.31982421875,1459.7053891087387,1443.4662579077537,1459.7053891087387,3004430
2022-08-17,1457.210693359375,1462.4271674367703,1437.9324195950876,1448.319962808223,4067324
2022-08-18,1436.0723876953125,1449.9073822231815,1427.952877827274,1446.1878320726344,4635706
2022-08-19,1448.90966796875,1455.985972727663,1438.023113412736,1438.2046224349253,4739884
2022-08-22,1429.4498291015625,1450.6332252197813,1427.9529058761323,1438.8394591610838,3950555
2022-08-23,1399.2850341796875,1410.262286827083,1390.757211776081,1404.3654036721289,5551574
2022-08-24,1394.8397216796875,1402.5510307101117,1388.9428383034808,1392.5716896119156,2888426
2022-08-25,1377.28515625,1405.0004412820567,1373.2933977181217,1404.3654366095145,4331088
2022-08-26,1380.369873046875,1401.5985669386262,1376.650211452045,1392.7079467023948,3079136
2022-08-29,1326.118408203125,1332.2874999956043,1315.458657016953,1332.2874999956043,8079050
2022-08-30,1354.42333984375,1357.281082385042,1329.9739985606177,1336.4151874553734,6725875
2022-09-01,1328.3409423828125,1331.8790944646682,1316.4111826136234,1324.576097843867,8140604
2022-09-02,1318.1802978515625,1340.8606195627042,1313.644233509334,1340.8606195627042,5175653
2022-09-05,1325.710205078125,1330.8812741156314,1312.1473062882924,1316.3658682629728,3669352
2022-09-06,1320.0853271484375,1333.602820058323,1311.330701453046,1325.7101129718044,3428442
2022-09-07,1322.39892578125,1329.7473282333433,1304.6175748217827,1306.3865957059622,3600574
2022-09-08,1338.95556640625,1343.6730292773457,1327.7968032291676,1338.1390526321622,4061475
2022-09-09,1371.3883056640625,1378.9635106957787,1342.674997256416,1349.9326999442885,4816910
2022-09-12,1393.6602783203125,1402.4603090481628,1380.0067919378967,1384.2253536649393,5494819
2022-09-13,1401.598388671875,1408.9014961011296,1398.2871505052733,1407.903584157342,4947158
2022-09-14,1338.501953125,1359.8667507661016,1335.4174070740382,1358.0977298843989,14332197
2022-09-15,1299.8546142578125,1338.3203504578364,1296.45256607429,1338.138952185551,12784100
2022-09-16,1249.2774658203125,1292.7782765113873,1241.3846477911488,1292.7782765113873,20464045
2022-09-19,1261.2979736328125,1275.5411699960084,1252.4979432114847,1262.8401910629045,6595241
2022-09-20,1259.7103271484375,1282.3906462376121,1256.5803766678841,1277.3101661666406,7219797
2022-09-21,1249.458984375,1259.9373378172006,1241.4301722440514,1251.8631207430983,7917054
2022-09-22,1241.0218505859375,1255.5372570833497,1233.809552280041,1239.5703320849489,9168498
2022-09-23,1238.7537841796875,1265.3805708345333,1235.623944037449,1240.6136148834153,10426200
2022-09-26,1252.180419921875,1269.5988607267132,1229.273297586771,1233.8093614155043,9414587
2022-09-27,1264.2464599609375,1275.9948215927839,1250.1392564200899,1264.1556500846286,8561254
2022-09-28,1265.289794921875,1275.405240966301,1249.232170793064,1251.0465966039471,7022098
2022-09-29,1268.873291015625,1279.0340307679621,1263.7475161988737,1274.5433714005803,6119965
2022-09-30,1282.300048828125,1287.607332969342,1248.324969500773,1260.0733324380312,8120130
2022-10-03,1264.4278564453125,1280.98449026065,1257.3969571538678,1280.98449026065,4943169
2022-10-04,1296.7701416015625,1299.3556762181945,1282.7990407907328,1287.9701100239968,6631341
2022-10-06,1320.1304931640625,1324.3490540821597,1310.1057492103705,1310.9222627338297,6180672
2022-10-07,1316.5472412109375,1322.580228801138,1306.5226056830536,1312.1472810452483,3994466
2022-10-10,1326.9349365234375,1329.0668646353636,1294.003064795037,1294.003064795037,5274677
2022-10-11,1291.6898193359375,1342.3576395357559,1288.3330650348933,1326.9350196624216,12824774
2022-10-12,1296.134765625,1307.3842254744823,1282.3905815453047,1303.6646754802455,5481467
2022-10-13,1288.1514892578125,1304.5266140090537,1283.7061243463083,1298.2215292859132,4821514
2022-10-14,1337.45849609375,1355.37594923796,1331.1080063717516,1347.2110338811046,14990688
2022-10-17,1351.7017822265625,1356.2832515544005,1338.5926004471692,1339.8627206241326,4286396
2022-10-18,1364.1759033203125,1370.753196410842,1358.3244247993434,1369.8913885102745,4692004
2022-10-19,1347.6192626953125,1365.3099129941174,1343.854418021596,1364.4481050975749,3553171
2022-10-20,1361.6357421875,1364.448079777653,1337.4130934739194,1338.138908026621,4583939
2022-10-21,1361.2728271484375,1366.26249762449,1352.9718077531638,1361.0914288831727,3594485
2022-10-24,1377.012939453125,1380.5964964935235,1370.7985538626567,1377.6026499274944,982837
2022-10-25,1384.6788330078125,1390.6664148723564,1379.9159661790572,1386.3117494742837,3914341
2022-10-27,1397.65625,1407.6988621560834,1387.1551861000603,1403.9386622242373,6760137
2022-10-28,1387.843017578125,1401.3247453776467,1382.1109714126776,1399.5363917556376,3053981
2022-10-31,1410.2210693359375,1418.2459346568946,1403.4343037022636,1403.4343037022636,4542336
2022-11-01,1442.641357421875,1444.4756121674845,1418.887736075427,1424.3447111160303,4542692
2022-11-02,1424.573974609375,1442.4120569990462,1416.9617727315378,1441.7242114783025,2938906
2022-11-03,1403.8927001953125,1415.9529473175025,1395.546863646527,1411.2297190433037,3174027
2022-11-04,1388.5308837890625,1394.4463107382567,1376.7458190882635,1394.4463107382567,4509682
2022-11-07,1382.5235595703125,1401.2788807869697,1367.528549999092,1395.3175530956448,4898592
2022-11-09,1385.9630126953125,1402.2879267351925,1376.7000474732847,1402.2879267351925,3334755
2022-11-10,1377.4794921875,1386.6966675969895,1361.934227104186,1361.934227104186,3435763
2022-11-11,1439.9815673828125,1443.099822628358,1418.4749767398023,1418.4749767398023,7214098
2022-11-14,1453.922119140625,1459.516573917289,1438.468432811522,1444.613253594111,4908813
2022-11-15,1461.901123046875,1465.4320412606673,1442.4121651643493,1447.089492665349,3497614
2022-11-16,1469.9718017578125,1475.6579467024642,1461.4424723868096,1464.7900096971075,4497697
2022-11-17,1455.8480224609375,1469.9718064752024,1451.7667384557692,1464.8358035943602,3469515
2022-11-18,1461.350830078125,1465.5695937519367,1444.9342271315247,1459.7916463166098,3126064
2022-11-21,1438.2392578125,1456.2608350406842,1434.4332683642735,1450.987352073004,3071764
2022-11-22,1453.69287109375,1456.3983522183364,1432.5530391467516,1438.972931127563,3399329
2022-11-23,1451.9501953125,1460.0667500182162,1448.419277384479,1457.2236776068496,3245067
2022-11-24,1494.734375,1500.4205204548284,1453.4177382584287,1457.3155299527643,5282215
2022-11-25,1500.099365234375,1507.7573561793968,1480.0601551236466,1496.2015740155414,4563255
2022-11-28,1488.8646240234375,1516.4701360105687,1485.7463685135297,1493.0833876173003,3825766
2022-11-29,1494.0465087890625,1502.9426002223424,1481.2067245613812,1486.8469687838856,3131710
2022-11-30,1499.4573974609375,1509.3624181599896,1479.4640873185208,1485.7004864644923,11868134
2022-12-01,1519.771728515625,1533.9872026204164,1515.369584352362,1518.9462914993808,5407928
2022-12-02,1502.1630859375,1524.0824545757985,1498.5403653057654,1518.7630705374709,4283343
2022-12-05,1503.859619140625,1508.5369463809327,1488.77291854345,1502.2546462279884,3824966
2022-12-06,1479.23486328125,1491.2492102968945,1474.3282538915594,1490.3320828612875,4822398
2022-12-07,1472.447998046875,1489.2314737623112,1464.3772323790536,1474.7408164804579,4898087
2022-12-08,1485.8841552734375,1489.323383430281,1466.0283223237866,1472.4482148832276,4206837
2022-12-09,1439.248046875,1493.083379473675,1431.7275351622377,1493.083379473675,8880658
2022-12-12,1418.9793701171875,1436.1755076749384,1403.2507258609144,1421.5473714407533,8037679
2022-12-13,1441.86181640625,1446.7684254424607,1413.4308679506453,1418.9794213639211,6135067
2022-12-14,1448.5111083984375,1456.8569457535275,1442.6414703621647,1450.895617363601,4976020
2022-12-15,1412.8348388671875,1439.8900986832095,1408.019919747387,1439.2481542488501,6443866
2022-12-16,1396.05126953125,1421.0888920823663,1386.7425160776045,1398.6192710071691,9630453
2022-12-19,1382.4320068359375,1391.1906185589476,1371.151406638808,1382.9822609021824,6222740
2022-12-20,1382.38623046875,1390.3651943884424,1359.5955240977712,1376.6082828344672,7396259
2022-12-21,1384.4495849609375,1394.9506479498932,1377.8462011118406,1389.447884052655,6236361
2022-12-22,1395.913818359375,1403.159035330933,1386.467361260263,1395.4093535025568,6302640
2022-12-23,1373.031494140625,1384.7707703774543,1369.2712939559335,1383.6701502561066,6283822
2022-12-26,1377.89208984375,1384.7705446533193,1372.3434248490905,1376.1495255678556,4115459
2022-12-27,1389.3104248046875,1395.363443276997,1373.3982867447278,1384.8164781367202,4860076
2022-12-28,1384.9998779296875,1398.573295419047,1374.3153220044476,1380.36834007092,5029860
2022-12-29,1391.78662109375,1395.2258485730229,1376.6081190369514,1379.3595010203696,4624745
2022-12-30,1383.2115478515625,1403.57184400983,1379.405558572839,1401.3707157827157,5060544
2023-01-02,1397.7020263671875,1399.9948446519106,1379.4053812367044,1388.5307532282952,3801140
2023-01-03,1396.37255859375,1405.6355242095765,1389.5398913570236,1393.8962471027182,4551130
2023-01-04,1370.922119140625,1394.9508128847058,1367.5286804970206,1394.9508128847058,7059590
2023-01-05,1352.9462890625,1381.1021672768188,1347.489425840876,1381.1021672768188,9868404
2023-01-06,1328.4591064453125,1352.7629837810398,1326.6248515520501,1348.1773465478836,6443714
2023-01-09,1361.4296875,1365.9236340298328,1328.183820144947,1328.183820144947,11498717
2023-01-10,1347.947998046875,1360.9253731659428,1333.5491426282238,1359.182808712685,7158624
2023-01-11,1349.3236083984375,1370.1882555291525,1342.674435137001,1348.177199215431,6173092
2023-01-12,1357.8990478515625,1361.9344315209528,1334.4206046215395,1359.1371476712263,6591385
2023-01-13,1379.03857421875,1393.4833301069489,1346.342961515927,1360.5584355646306,11610426
2023-01-16,1399.077880859375,1401.370699412078,1377.8005694719036,1384.8624058326163,6073063
2023-01-17,1411.9176025390625,1414.393801685257,1397.7021281387017,1400.453510280707,5922644
2023-01-18,1417.3287353515625,1423.24416242099,1412.0093515411083,1416.7325801385587,5843098
2023-01-19,1411.3673095703125,1421.1347382958118,1399.6739357893398,1412.284436925683,6165284
2023-01-20,1399.123779296875,1416.9618628206752,1397.7021870153455,1410.5419708855652,6496429
2023-01-23,1419.71337890625,1424.5741994683594,1401.4625191509494,1407.790721331456,4855020
2023-01-24,1423.2900390625,1438.7895145635266,1421.3181927553053,1430.7187486357645,5200802
2023-01-25,1415.1275634765625,1427.0502195525155,1411.2297720671163,1418.7960730383943,4158617
2023-01-27,1393.254150390625,1422.4187353397176,1382.477903144469,1417.8789993665666,6209955
2023-01-30,1411.2757568359375,1416.0447747672706,1394.0337160921317,1402.104482387963,6964719
2023-01-31,1406.644287109375,1420.5387909669846,1387.6138917010494,1420.5387909669846,9448126
2023-02-01,1422.5562744140625,1426.1789947825198,1401.4165552146444,1414.3938182397721,6194199
2023-02-02,1452.50048828125,1455.4352511160564,1423.3816939621152,1423.3816939621152,6916834
2023-02-03,1466.8536376953125,1471.6685567151628,1442.6414510904015,1465.1110731830363,7040194
2023-02-06,1439.7523193359375,1465.5694761151274,1432.1860188491103,1465.5694761151274,4570612
2023-02-07,1432.9197998046875,1445.4386105734359,1426.224725341101,1438.9728179482734,4336238
2023-02-08,1458.691162109375,1470.1552548640857,1435.7629765999538,1435.7629765999538,7983338
2023-02-09,1482.9949951171875,1485.5170954490195,1454.6099470732718,1463.9187005529932,6904911
2023-02-10,1475.2452392578125,1482.3529761992756,1464.1479087924397,1479.2805100226515,4786762
2023-02-13,1437.55126953125,1464.6524284395919,1436.2214796095184,1464.6524284395919,4001199
2023-02-14,1461.213134765625,1463.7352349511611,1447.3645343194853,1453.3716512253498,5043736
2023-02-15,1464.6983642578125,1466.48671791268,1445.3927876362625,1452.7298068628425,3465747
2023-02-16,1469.0546875,1480.6562593366962,1465.4319671631831,1467.4038134282825,4290289
2023-02-17,1452.54638671875,1462.8181685754123,1444.934184696277,1461.901041196995,2857734
2023-02-20,1460.4793701171875,1470.1551082186375,1451.3539979762904,1453.6009151504752,2417716
2023-02-21,1448.6026611328125,1468.917054491703,1445.3927153816476,1466.211461614736,2723288
2023-02-22,1432.3697509765625,1444.4757889979776,1426.408422323555,1433.4702591770406,3656244
2023-02-23,1422.189453125,1439.7524657040512,1419.850845363736,1439.7524657040512,4766854
2023-02-24,1422.1435546875,1438.972819252259,1416.96176274362,1430.7186730615194,2790986
2023-02-27,1384.220458984375,1412.3762259804244,1377.5253840406476,1412.3762259804244,4920268
2023-02-28,1364.2728271484375,1397.702074099726,1358.5407812408764,1389.9981820091593,9679811
2023-03-01,1372.0687255859375,1376.4708706843962,1358.7244748581918,1368.721187614141,5125043
2023-03-02,1350.1490478515625,1365.2357479456998,1345.701002604229,1361.9341118834534,4644499
2023-03-03,1356.70654296875,1366.336380209989,1350.9285958423973,1363.539096991639,4615015
2023-03-06,1382.5235595703125,1394.400425758518,1369.4087058218104,1370.6927064845922,6561742
2023-03-08,1368.9959716796875,1372.02253676298,1358.3573166463943,1367.0242374099919,4137080
2023-03-09,1357.71533203125,1374.1777229481327,1352.3959486952547,1371.10536876011,5104656
2023-03-10,1349.598876953125,1352.1209773156488,1336.850783639018,1339.0060106489143,3699580
2023-03-13,1316.16943359375,1355.78940216574,1309.6578518193462,1342.8578170068272,8798403
2023-03-14,1302.32080078125,1328.3213380398465,1294.0666548608056,1321.5804745956207,7402784
2023-03-15,1301.9998779296875,1323.277187882345,1299.4318765422183,1318.829142580857,7556182
2023-03-16,1287.738525390625,1300.3032376058475,1282.786015172728,1300.3032376058475,7323117
2023-03-17,1302.9630126953125,1323.3233106525536,1294.433793998423,1311.492343346244,9090018
2023-03-20,1287.32568359375,1302.045508746573,1270.0836465558034,1302.045508746573,8221829
2023-03-21,1275.448974609375,1288.5639406373286,1274.8070302390654,1283.0611764780233,8536755
2023-03-22,1274.119140625,1290.6274325316042,1267.6075589859765,1286.7296413869892,8356487
2023-03-23,1260.637451171875,1269.258358749589,1256.4644769231124,1269.258358749589,7607718
2023-03-24,1266.23193359375,1283.015297395886,1263.3429599696206,1272.972797414035,7559127
2023-03-27,1273.843994140625,1280.0805049322928,1260.2246753182865,1271.3677950652989,4170193
2023-03-28,1263.4346923828125,1282.1441138599873,1261.8297194219722,1276.7330397726337,6633366
2023-03-29,1268.8917236328125,1274.7154605284104,1251.4663021459326,1264.7187489688145,8813966
2023-03-31,1309.612060546875,1311.4463153951938,1278.3839389266645,1287.6469035198686,8711975
2023-04-03,1293.92919921875,1316.077848821429,1288.7016177019077,1316.077848821429,5242764
2023-04-05,1305.5767822265625,1309.199390750354,1283.978386725391,1283.978386725391,7506334
2023-04-06,1304.0633544921875,1310.0246820529576,1293.4704891987503,1298.6522809308385,6948465
2023-04-10,1309.291015625,1315.160653204444,1297.7352331131717,1305.9434783219242,4993788
2023-04-11,1289.6187744140625,1314.564596044306,1273.8900163996034,1310.4834237107443,6942255
2023-04-12,1309.9332275390625,1312.867990700333,1283.9784750125505,1295.9470334362472,5831169
2023-04-13,1274.0733642578125,1294.1126879036105,1268.3872190480308,1292.9203774786417,11267238
2023-04-17,1154.0213623046875,1156.6351528002706,1087.0710673200379,1146.6843436762329,53171705
2023-04-18,1154.984130859375,1164.7056569058248,1149.2520857902414,1164.7056569058248,12430884
2023-04-19,1130.0843505859375,1150.3987451220048,1127.5164610086156,1150.3987451220048,11307230
2023-04-20,1122.0137939453125,1135.2662413976043,1120.1795389648407,1128.7087574516104,8621249
2023-04-21,1125.636474609375,1131.0475495380106,1118.895609516621,1126.3243202709632,8691352
2023-04-24,1124.67333984375,1128.0666663348547,1117.0611378828073,1126.2324115928468,8313774
2023-04-25,1123.38916015625,1133.1106863492626,1114.3095782390562,1124.3520765699784,6808576
2023-04-26,1125.8197021484375,1130.818001330537,1119.3998108189048,1126.232364666585,5680192
2023-04-27,1142.969970703125,1144.3915628906238,1123.8478876663187,1128.0666511252507,8020704
2023-04-28,1148.9315185546875,1154.6635656438648,1141.7778790057764,1151.6369999991612,10118277
2023-05-02,1171.584228515625,1173.6936660942754,1150.5821028387063,1150.5821028387063,8886401
2023-05-03,1163.972412109375,1167.0447669045234,1157.5066183244755,1161.0834380362487,5549783
2023-05-04,1168.007568359375,1170.0711048738817,1157.8732664731895,1163.788693033167,4505401
2023-05-05,1154.7548828125,1173.0057372369336,1150.3068380996276,1173.0057372369336,5373791
2023-05-08,1160.7164306640625,1165.0269966744686,1151.1782831849423,1157.8274569243922,5260842
2023-05-09,1165.393798828125,1166.5861092874693,1156.2225243840412,1161.083344621019,4969897
2023-05-10,1158.5611572265625,1170.621404606506,1154.800957377408,1170.621404606506,6515734
2023-05-11,1152.003662109375,1170.1628287388498,1149.2064908153254,1164.9810367298412,6888461
2023-05-12,1142.0069580078125,1151.9119783998672,1136.3667142373067,1149.4815684750179,8292212
2023-05-15,1154.0672607421875,1163.7429997559711,1142.419787348579,1146.3175788639087,5534710
2023-05-16,1159.524169921875,1168.3743594123644,1158.1025777274938,1160.1661142944206,5236469
2023-05-17,1143.566162109375,1156.4517347340925,1139.48487806171,1156.1307625392042,10465667
2023-05-18,1142.7408447265625,1155.2596572702737,1139.4849973777084,1154.2966286307426,6948732
2023-05-19,1163.7430419921875,1167.778425157087,1148.9773124596102,1151.9579766677468,11094136
2023-05-22,1185.662109375,1188.229998406852,1164.9808458769828,1167.4570445780555,7625947
2023-05-23,1192.3114013671875,1205.2428740172338,1189.5600194436024,1191.5317535922914,7436031
2023-05-24,1191.027587890625,1196.8513248198226,1184.2867235094584,1188.8723607693044,4824077
2023-05-25,1196.2550048828125,1198.685414686715,1182.4064046555832,1187.2213231154954,4334121
2023-05-26,1208.2694091796875,1213.7721734013032,1197.7683455717138,1197.7683455717138,5521606
2023-05-29,1205.4722900390625,1222.2556544688687,1201.2993155421436,1222.2556544688687,4419365
2023-05-30,1214.13916015625,1216.4778799505127,1200.657431335536,1206.022604561982,6274719
2023-05-31,1209.049072265625,1220.7882355808035,1205.24297124017,1210.4705525350664,17800782
2023-06-01,1210.1495361328125,1219.3208096161989,1208.8655354543341,1212.9468193268542,4277841
2023-06-02,1207.361328125,1220.28076764581,1204.619482886525,1216.6558726063317,10909311
2023-06-05,1212.47314453125,1217.0738979713722,1205.7811188985672,1212.0084173773478,5002553
2023-06-06,1188.772216796875,1197.6949566393228,1183.195490212996,1197.6949566393228,10008100
2023-06-07,1198.02001953125,1202.713808913998,1192.025084955334,1199.460719013535,5397578
2023-06-08,1192.30419921875,1200.8551346703464,1190.7240585978548,1195.4642535429527,5034942
2023-06-09,1176.6427001953125,1192.0252152176977,1174.83030957908,1192.0252152176977,5339073
2023-06-12,1200.8084716796875,1204.2939254038927,1183.1953575768823,1183.6600847401096,4785588
2023-06-13,1212.798583984375,1214.332206477655,1205.5489075433659,1208.1978299633267,4846587
2023-06-14,1208.6624755859375,1214.5179699939283,1201.970336101225,1214.1926836588375,3457981
2023-06-15,1196.0220947265625,1202.6676036275373,1192.164835863856,1202.6676036275373,6161155
2023-06-16,1200.5296630859375,1209.6847652018955,1190.6774702485802,1196.2076779215056,8536287
2023-06-19,1202.714111328125,1207.826111028515,1196.2544479993342,1202.714111328125,4451787
2023-06-20,1211.4508056640625,1212.9379099116616,1200.018471934256,1202.7139122035937,4009180
2023-06-21,1207.6865234375,1211.8226634951286,1203.6434195847064,1208.2441733725773,4041529
2023-06-22,1191.142333984375,1198.4385283465883,1183.6601806665321,1198.4385283465883,6676607
2023-06-23,1175.759765625,1189.0974130017955,1174.2261432389498,1186.4019726655229,7239467
2023-06-26,1180.7322998046875,1184.1248308422635,1173.2037423317481,1180.6393770623117,3403244
2023-06-27,1188.91162109375,1191.5605434478787,1184.3107537282526,1189.7016346437479,3240024
2023-06-28,1202.10986328125,1205.2235129272265,1191.0029282361302,1198.9962136352735,5662358
2023-06-30,1241.2862548828125,1244.4464222893582,1212.426652618648,1215.9121063481953,12821692
2023-07-03,1239.6131591796875,1251.0454924961123,1234.7335240863706,1236.1742236402893,7732412
2023-07-04,1250.255615234375,1251.0456287866502,1237.4756171691324,1249.4656016820998,5797775
2023-07-05,1252.25390625,1262.1525044299242,1246.3982983908247,1262.0595816855596,5414936
2023-07-06,1249.093994140625,1252.3934897223414,1242.820175919567,1247.839253188175,5963897
2023-07-07,1236.360107421875,1250.8596857725443,1231.8522766020494,1239.89207926807,6295647
2023-07-10,1235.3843994140625,1247.2349435988492,1226.229295814045,1242.262385005227,3940315
2023-07-11,1253.462158203125,1255.5999486675075,1233.3859662223854,1239.38090160913,6126128
2023-07-12,1239.2415771484375,1256.52940602109,1233.3859691382677,1255.6928743826675,8102770
2023-07-13,1268.7982177734375,1279.6729026631901,1236.9644035943056,1240.728739413603,9977644
2023-07-14,1325.3553466796875,1329.1196820718644,1283.251133917294,1283.251133917294,12833381
2023-07-17,1322.5670166015625,1356.027373066275,1314.5273272735951,1325.3553796402884,11569884
2023-07-18,1371.131103515625,1373.6871031492155,1328.1903550548216,1332.8376271158952,16743977
2023-07-19,1370.898681640625,1393.0662591967148,1357.6539568295507,1381.1691978425513,13687062
2023-07-20,1347.244140625,1367.2274100444117,1339.0648965954,1367.2274100444117,8347221
2023-07-21,1237.6614990234375,1254.7634832648805,1212.9380338227177,1227.065695806331,45548305
2023-07-24,1242.3087158203125,1254.670504599167,1240.1245206940966,1246.398337830829,8859789
2023-07-25,1240.4498291015625,1248.1178279606174,1230.829998679233,1242.6805423705,6801982
2023-07-26,1253.6944580078125,1254.7633531856156,1244.9111599190257,1248.2571728357643,5528885
2023-07-27,1257.6912841796875,1267.5899965472738,1252.0216348505492,1262.7567654377913,9191861
2023-07-28,1245.93359375,1267.6363307852569,1241.7510490488623,1258.3417870049511,6122735
2023-07-31,1260.0611572265625,1261.7342203608282,1239.1949534409387,1253.6014951835484,7902180
2023-08-01,1268.89111328125,1272.4230854175687,1261.2696325139816,1265.9169045571427,6064652
2023-08-02,1261.1300048828125,1275.164741682804,1253.3225663148546,1272.701778631735,7419145
2023-08-03,1268.0545654296875,1270.1458376352903,1253.833869048077,1254.7633233616784,6503741
2023-08-04,1281.113525390625,1288.1309519095748,1265.9169677427412,1272.3302261741662,5712345
2023-08-07,1294.7298583984375,1296.5887670249967,1279.8585893859645,1289.9896640924674,3729093
2023-08-08,1292.1273193359375,1295.2410820003909,1286.736552484306,1294.5903959167063,4161877
2023-08-09,1296.0311279296875,1297.5182321515724,1284.9705988177284,1286.3647802992666,4090828
2023-08-10,1291.10498046875,1297.3323925229795,1287.8518903304866,1293.4286162817955,3873025
2023-08-11,1275.0718994140625,1298.3082576548654,1270.6105867070967,1293.8004268479058,5783517
2023-08-14,1295.2412109375,1296.5888744198694,1269.2628926543166,1275.0719825934739,4304135
2023-08-16,1318.43115234375,1319.7788159280838,1306.2553216018096,1311.274398380743,7735313
2023-08-17,1311.971435546875,1319.825280033983,1306.812918118155,1319.825280033983,5618346
2023-08-18,1290.8262939453125,1309.3223454207798,1288.3632171358356,1304.6750735005544,5134103
2023-08-21,1306.255126953125,1307.7422311767086,1289.2925855750334,1291.7091441207042,3032722
2023-08-22,1304.7216796875,1306.8594702986447,1298.1225758070195,1305.6046160284368,2890714
2023-08-23,1308.625244140625,1316.665047189912,1306.4875671497327,1316.1073972557133,2559125
2023-08-24,1323.171142578125,1324.5189194126233,1314.6666128884629,1321.2193112047876,5171963
2023-08-25,1319.9180908203125,1322.148803936989,1311.8318834134902,1313.3189876716804,4307172
2023-08-28,1315.7822265625,1324.2867575475643,1311.83204511479,1319.9182535183484,3133464
2023-08-29,1317.64111328125,1323.914930768979,1315.4569180328365,1323.5431263001694,3074444
2023-08-30,1333.906494140625,1335.30067572943,1323.5430549720845,1326.3314181496944,3070887
2023-08-31,1334.1851806640625,1342.9685922108208,1327.8649592572012,1333.906412438649,9792735
2023-09-01,1341.992919921875,1343.9912698821333,1327.446933624543,1330.002933619132,3582133
2023-09-04,1361.7435302734375,1366.2978792292915,1333.4880956574837,1341.2026120597739,4609014
2023-09-05,1374.5701904296875,1375.639085724664,1353.7503883361237,1361.6507510555587,5496840
2023-09-06,1373.222412109375,1378.2880068646311,1360.0707225971962,1377.3585524279374,5075786
2023-09-07,1362.76611328125,1369.4582536129653,1358.908967956038,1366.8557356852762,4411743
2023-09-08,1365.9261474609375,1370.7128602563196,1357.1892535120792,1360.25649837947,3125838
2023-09-11,1372.292724609375,1373.779942222538,1361.1857913607503,1365.9259854910779,4182226
2023-09-12,1395.2041015625,1397.8995422546177,1372.8971939733306,1377.9162708726535,6793161
2023-09-13,1392.6480712890625,1398.8289661568638,1383.632408385723,1398.8289661568638,4804686
2023-09-14,1400.6412353515625,1405.846270656975,1393.3915592483722,1398.8288446904617,6444213
2023-09-15,1404.96337890625,1411.2837147970909,1402.546819933446,1410.9119103107828,8657816
2023-09-18,1386.56005859375,1398.7358880088802,1383.0280866448797,1398.7358880088802,3991916
2023-09-20,1385.119384765625,1389.6272158004997,1372.0605053905272,1372.0605053905272,4169337
2023-09-21,1395.80810546875,1398.4106230981856,1371.8746553500082,1381.6804443744052,6779195
2023-09-22,1390.603271484375,1400.6413112772677,1380.425677376095,1386.6530901473643,5455613
2023-09-25,1370.1551513671875,1384.7475392640083,1367.7385927513728,1384.7475392640083,4217863
2023-09-26,1357.6075439453125,1375.4995405113145,1356.0739215478982,1374.8024497360157,3996528
2023-09-27,1363.5096435546875,1365.9262023716149,1347.7554364104253,1353.2856448640935,3863586
2023-09-28,1337.9031982421875,1368.714636770685,1333.7671712132337,1364.3462461230529,5814602
2023-09-29,1334.1851806640625,1344.734578140231,1316.1073392200121,1331.0715313315343,6068968
2023-10-03,1332.8375244140625,1335.625887435849,1320.1040453314158,1334.7429511957962,4181867
2023-10-04,1342.45751953125,1347.6624417880482,1318.152262838638,1324.4725985168332,4510406
2023-10-05,1360.2099609375,1371.5493723980028,1347.8946904576385,1349.5677537176623,7384621
2023-10-06,1374.38427734375,1379.775158645182,1360.07076929426,1365.8333416160965,3598672
2023-10-09,1371.36328125,1385.8163407845495,1359.0480119573137,1361.5576066054282,3567552
2023-10-10,1389.673828125,1391.393296146582,1365.4614945887647,1379.2174656790087,5688951
2023-10-11,1388.9766845703125,1411.144149422588,1376.940181958551,1391.3932433298958,7220129
2023-10-12,1362.1153564453125,1398.2711535251433,1349.5677226602481,1386.6529740945282,11081662
2023-10-13,1330.1885986328125,1336.5553381568939,1301.2360733099106,1305.8833450003033,17973439
2023-10-16,1332.97705078125,1341.7603494799055,1329.1197923285388,1331.0716238772634,4850745
2023-10-17,1340.69140625,1350.822481541712,1336.6018978023671,1338.6466520261836,3923764
2023-10-18,1338.925537109375,1351.426652993233,1336.8806694215968,1340.2732005613768,4264837
2023-10-19,1332.5123291015625,1338.0890555260446,1325.49490296724,1325.49490296724,6795691
2023-10-20,1326.5638427734375,1337.0202051704955,1324.7049339028495,1329.1198424704962,3928622
2023-10-23,1309.27587890625,1331.3039013836562,1306.1157114580749,1325.0300845878248,2636516
2023-10-25,1289.88134765625,1320.4796048766234,1281.643355327688,1317.1372877323818,6940777
2023-10-26,1279.901611328125,1293.600262701033,1273.923205151914,1275.7591696776637,6357656
2023-10-27,1299.57861328125,1303.9565408986182,1283.8558619720413,1283.8558619720413,4634358
2023-10-30,1296.4718017578125,1299.578632909673,1283.3380187073392,1299.578632909673,2667696
2023-10-31,1288.327880859375,1300.3318125956307,1283.2438397267852,1299.2019618287502,3451595
2023-11-01,1274.9117431640625,1296.848271394198,1272.5580310195833,1292.7058299617952,3090672
2023-11-02,1289.9754638671875,1295.7656185619023,1281.972842805629,1289.8342181571022,3758060
2023-11-03,1307.76953125,1310.54686548969,1297.1307068451297,1299.2961678955407,3349045
2023-11-06,1321.185791015625,1324.9046103571086,1309.4172299003549,1312.3358100714709,2736381
2023-11-07,1322.127197265625,1323.6335500133118,1313.2300966352614,1318.078766511828,2272209
2023-11-08,1309.60546875,1322.7862570767434,1305.3216665728671,1322.7862570767434,3550635
2023-11-09,1294.3533935546875,1315.725053279232,1289.8813406007866,1314.2187005328615,5498051
2023-11-10,1288.7515869140625,1292.8000179692494,1281.3609534085294,1289.787197322235,2943649
2023-11-13,1293.176513671875,1301.5556365838725,1290.6344357148544,1299.1077990502322,3462092
2023-11-15,1327.96435546875,1331.2595523805833,1311.4883709095843,1317.1372799012984,8551860
2023-11-16,1360.3515625,1368.3541841941474,1328.0585842809098,1333.2367512594758,6673907
2023-11-17,1353.4315185546875,1366.0944431282537,1351.0778065575678,1356.726715350655,4901251
2023-11-20,1352.5369873046875,1367.0358756378293,1349.7596532252571,1357.6210280094697,3584210
2023-11-21,1354.796630859375,1365.152963687348,1352.6782900536532,1357.621085267004,3793135
2023-11-22,1372.49658203125,1373.5791976051314,1352.1604184890853,1352.1604184890853,3108786
2023-11-23,1364.447021484375,1382.0057382429595,1362.9876738861756,1382.0057382429595,3186928
2023-11-24,1353.2904052734375,1367.6480498608116,1349.948087939533,1360.9635301203575,2973195
2023-11-28,1358.280029296875,1360.4454902349669,1343.545884614403,1359.5040054666383,3755373
2023-11-29,1374.1912841796875,1375.226894544369,1364.964801471109,1366.1886628376049,3875778
2023-11-30,1370.001708984375,1375.179875684024,1364.729416784748,1368.21286477539,10120867
2023-12-01,1367.3184814453125,1374.4737432561005,1361.5283266839235,1374.4737432561005,3489187
2023-12-04,1378.6632080078125,1385.7714640337215,1364.493931093046,1374.9913943979213,5511948
2023-12-05,1368.871826171875,1381.0641237085301,1357.621128395019,1380.0285133783032,5123039
2023-12-06,1388.03125,1390.5732132882843,1366.1417258233225,1371.5081438440814,5269178
2023-12-07,1380.1226806640625,1386.6659544767813,1376.2626157196041,1386.6659544767813,4424453
2023-12-08,1403.8951416015625,1407.2373438258442,1380.4521461092754,1384.3593311792147,6323433
2023-12-11,1401.400146484375,1410.3442522227704,1395.2804951896835,1402.812373706227,3862018
2023-12-12,1389.6787109375,1402.812378171591,1381.7702154844862,1391.0438179520306,6103494
2023-12-13,1364.2115478515625,1389.6787590187653,1349.2890359623277,1389.6316388053183,8549258
2023-12-14,1413.5924072265625,1422.5836336750658,1375.8388870549381,1377.7689770027378,12489858
2023-12-15,1486.039794921875,1495.5958896794918,1431.9985384663394,1433.9286284897844,18395389
2023-12-18,1472.811767578125,1499.7853308836295,1468.9988229814394,1476.2010899731836,6467243
2023-12-19,1467.115966796875,1481.8501135515992,1452.9465730697686,1478.2254196692145,4221721
2023-12-20,1446.4971923828125,1490.8411011069354,1440.4716669994389,1473.4707534464067,6592367
2023-12-21,1446.1207275390625,1456.1475641627426,1432.2338260213533,1432.2338260213533,5319038
2023-12-22,1471.4466552734375,1474.3652352440706,1433.8813877884545,1445.1320854708788,6741060
2023-12-26,1453.60546875,1457.4185283124546,1433.8814073771757,1445.1792254261095,6878067
2023-12-27,1475.40087890625,1478.131207944611,1453.6526019531718,1453.6526019531718,4225849
2023-12-28,1471.2113037109375,1477.1425892283842,1464.0089217215004,1477.1425892283842,5702253
2023-12-29,1452.616943359375,1468.1984480838207,1449.8866144117019,1450.8752194379208,4388990
2024-01-01,1460.572509765625,1465.8919221925776,1445.4146265550125,1448.9451947683858,2808451
2024-01-02,1444.6143798828125,1458.5012814497022,1433.8814295846275,1455.5355811804557,5396313
2024-01-03,1402.8125,1431.0099267639569,1400.9295302013422,1431.0099267639569,7550363
2024-01-04,1424.18408203125,1430.821596173285,1405.5427510177758,1416.8875744672803,7056038
2024-01-05,1442.87255859375,1449.6040828896844,1418.1114626851406,1418.582205079393,8895403
2024-01-08,1433.6932373046875,1446.120791889042,1424.7020106289667,1439.4832774397032,4440136
2024-01-09,1439.8128662109375,1462.1260117914826,1436.5646744337396,1451.6755526579025,4412074
2024-01-10,1430.962890625,1445.6029115375234,1416.9347429419645,1435.7173203076957,4096845
2024-01-11,1406.7666015625,1435.7643805973064,1399.6113397659765,1435.6702550988025,11296088
2024-01-12,1518.3797607421875,1523.3225564289937,1464.3856251298819,1470.5994024363956,26754401
2024-01-15,1555.4271240234375,1567.5251815652139,1540.2692406673768,1548.6954842465418,13228305
2024-01-16,1536.0797119140625,1552.0378347627927,1529.9129399390588,1548.554386655104,6500917
2024-01-17,1544.2232666015625,1551.0961513615357,1525.4406914983479,1525.4406914983479,9209876
2024-01-18,1546.4830322265625,1552.5085584102292,1532.9727472598277,1546.5301524412396,6375464
2024-01-19,1562.111572265625,1568.0429726211407,1547.9422946366542,1554.9563105966838,4522736
2024-01-23,1546.0595703125,1576.704837205726,1541.869893229171,1553.5443298716516,9401255
2024-01-24,1577.36376953125,1581.6945769350064,1548.7426065821937,1562.7707540892902,8999681
2024-01-25,1571.432373046875,1582.2124437614616,1560.9819139785684,1575.0570668097866,8865304
2024-01-29,1559.663818359375,1581.0825992301918,1551.1904544983925,1567.7135599982494,4253785
2024-01-30,1554.8150634765625,1591.1093493392334,1551.8023580167996,1565.171396519599,4995943
2024-01-31,1563.7122802734375,1569.690686352798,1542.2463787626282,1551.8024734029086,6763779
2024-02-01,1560.0875244140625,1578.8701012939357,1553.7795069313138,1562.4412365507558,5760011
2024-02-02,1594.2633056640625,1617.941672001784,1567.5722338568344,1568.5608388941694,7858483
2024-02-05,1588.4732666015625,1601.2304328815121,1583.4363454059862,1595.5815235195898,3634135
2024-02-06,1628.2508544921875,1631.5931715300217,1575.9984476716934,1588.0494991796102,7694265
2024-02-07,1594.639892578125,1627.8272320398985,1588.1436244214153,1627.8272320398985,4613877
2024-02-08,1593.08642578125,1606.50258433862,1584.3306859949523,1598.6412091518757,5919715
2024-02-09,1571.667724609375,1593.8397389846994,1562.6766131725003,1586.1194941932167,4600004
2024-02-12,1581.7886962890625,1593.8867538003944,1572.6092188693096,1572.6092188693096,3555808
2024-02-13,1585.978271484375,1590.2619583832927,1566.1599704025425,1584.518924068217,2696481
2024-02-14,1568.7020263671875,1571.7618521594686,1539.7984871618103,1563.0531172122069,3768579
2024-02-15,1578.258056640625,1588.9910065851047,1564.3711555313787,1578.870044759722,4834391
2024-02-16,1602.0777587890625,1608.9976496273255,1589.1793470591608,1590.1679521477781,4880654
2024-02-19,1600.288818359375,1611.3512649637125,1588.943880338882,1605.2316136506747,3690993
2024-02-20,1586.6373291015625,1595.1106926748687,1571.1028292171682,1586.401957891193,3706389
2024-02-21,1558.67529296875,1576.04564252021,1549.0250732340833,1576.04564252021,4300508
2024-02-22,1582.9654541015625,1586.0252797181995,1548.1776365233488,1567.5722005233338,5841277
2024-02-23,1578.728759765625,1599.0648084069708,1574.0684559887509,1597.6997014214783,5373072
2024-02-26,1563.006103515625,1576.9400103998594,1548.742584990576,1576.9400103998594,2782438
2024-02-27,1566.254150390625,1573.315286661556,1556.0861831168934,1563.8063128021718,5159088
2024-02-28,1573.45654296875,1589.0381630824766,1564.7949283890164,1572.2796869156693,3188916
2024-02-29,1575.951416015625,1583.8127910418666,1556.5568522895687,1567.5721783829442,7814722
2024-03-01,1557.875,1574.115614336737,1554.391551881323,1571.3382798848747,6387291
2024-03-04,1541.39892578125,1567.0543875331723,1538.0567235736469,1560.8406106080845,4445156
2024-03-05,1512.495361328125,1541.5401450012134,1508.2586796437324,1538.386193843857,4596579
2024-03-06,1522.8988037109375,1525.3466412368123,1483.7800637991031,1509.0119027331223,6420684
2024-03-07,1521.8631591796875,1533.1609775234701,1510.3299696204092,1522.004404894455,6348359
2024-03-11,1506.940673828125,1519.3683431830998,1495.0779873422402,1514.0489306330928,6752895
2024-03-12,1518.5679931640625,1529.9129319534898,1504.1633434380817,1506.375809923436,4614222
2024-03-13,1517.108642578125,1529.4420705773052,1505.0105857809417,1518.5208697901078,5688997
2024-03-14,1556.5570068359375,1560.7465686045769,1513.9076955609466,1519.9332218123318,8803799
2024-03-15,1538.3861083984375,1549.4956746136215,1523.6518488178438,1545.0706272548478,11809997
2024-03-18,1508.87060546875,1537.1151488653109,1505.292917334249,1534.6201912131464,4958904
2024-03-19,1470.0814208984375,1505.4342217324486,1466.8333442521293,1499.173324716635,6870411
2024-03-20,1463.9617919921875,1482.7914886121835,1461.5139544170574,1471.540790852675,4759059
2024-03-21,1463.7264404296875,1484.6744782005846,1453.087730653012,1472.4822954464403,11062497
2024-03-22,1420.559326171875,1439.4361424981196,1410.5324900051585,1431.9983895472183,14673890
2024-03-26,1405.307373046875,1419.2412797585116,1400.8353200453062,1404.6953849138222,8351081
2024-03-27,1397.022216796875,1411.2857346994197,1394.8568706833632,1408.4612802603947,6857402
2024-03-28,1410.391357421875,1423.3367734843898,1400.129150066849,1400.129150066849,12499530
2024-04-01,1407.943359375,1440.4245840795604,1405.4485166656525,1435.7642804189727,6580002
2024-04-02,1396.0806884765625,1405.7780277192792,1394.1977189092265,1397.9636580438985,7279400
2024-04-03,1394.0096435546875,1407.6140544217724,1388.6902308713024,1392.4561704804448,8736248
2024-04-04,1399.7054443359375,1408.1318024819914,1382.0997240670574,1403.3302528566012,11186915
2024-04-05,1392.5501708984375,1399.7054325276108,1389.678711160811,1393.4446504316754,5072482
2024-04-08,1390.29052734375,1403.706685446096,1387.8426899035271,1396.221927423092,6610887
2024-04-09,1407.3785400390625,1425.2197460789992,1400.2703987062528,1402.8123617129154,9423230
2024-04-10,1418.62939453125,1421.5008543199363,1397.6813569645744,1412.5567483925915,6744595
2024-04-12,1397.86962890625,1418.6294157880386,1392.926833451286,1415.993212241118,12275616
2024-04-15,1382.2410888671875,1404.6483606920185,1375.5565690145563,1393.397662027,8531224
2024-04-16,1331.6832275390625,1370.0017306796847,1330.3652406637968,1366.094545486242,16173541
2024-04-18,1336.202392578125,1360.1631363842591,1325.1399454315383,1337.9441165902024,22107945
2024-04-19,1328.67041015625,1343.3575498977523,1298.0721544750609,1303.9564344137511,20603621
2024-04-22,1348.912353515625,1352.772418228229,1330.3651488397243,1336.8142967644505,5859087
2024-04-23,1357.997802734375,1362.1873644449943,1349.1478219496535,1358.562670672261,4856174
2024-04-24,1347.0294189453125,1359.7865843478146,1343.54597104933,1359.7865843478146,4268213
2024-04-25,1354.27880859375,1360.351454707475,1336.9084594402714,1336.9084594402714,9089398
2024-04-26,1346.5587158203125,1360.8222343797577,1343.4988900371166,1355.4557017420498,8062444
2024-04-29,1350.7952880859375,1355.549832195807,1344.675637016024,1346.276115171065,5055957
2024-04-30,1337.42626953125,1352.4900262289832,1334.601815150425,1350.7481874189334,6936588
2024-05-02,1331.6832275390625,1340.6744540126867,1329.2353898641165,1330.3181204493865,10076354
2024-05-03,1333.425048828125,1341.4276701119534,1321.0915052605797,1338.8855920418562,8842345
2024-05-06,1342.4632568359375,1361.1045877183944,1334.1781442699464,1336.9084732924218,6445422
2024-05-07,1356.6324462890625,1358.8920327440642,1332.7658301275853,1341.5686898255074,6080661
2024-05-08,1343.7813720703125,1355.5028124792066,1342.1807788692665,1351.2661306551702,6234983
2024-05-09,1355.3145751953125,1365.1059257902893,1341.4746788069972,1344.0167568835536,6088406
2024-05-10,1341.521728515625,1351.9250667078657,1330.3180362931507,1351.0778223208927,8777481
2024-05-13,1340.156494140625,1341.615841553252,1328.6233053272724,1341.615841553252,3735954
2024-05-14,1341.33349609375,1349.8539804416741,1335.072713427135,1342.9340893861715,3463230
2024-05-15,1336.861328125,1348.0180152167325,1335.5433413149956,1342.5573572737128,4327544
2024-05-16,1368.3070068359375,1370.566593499511,1343.4989036055658,1350.0421774524657,9249145
2024-05-17,1359.78662109375,1371.7434327729238,1355.0320766083944,1371.7434327729238,7542860
2024-05-21,1350.23046875,1360.1630645795747,1344.8169310704366,1346.323283787107,6752663
2024-05-22,1369.6722412109375,1374.5207963720839,1344.4404006067602,1345.1465142625411,7173285
2024-05-23,1386.2421875,1391.6557248851932,1365.1529058313445,1369.5778382448277,8641428
2024-05-24,1379.369384765625,1389.1608498646779,1374.5678351761637,1382.3350849297278,5277938
2024-05-27,1385.253662109375,1393.0209118473929,1374.8032036291474,1385.7244045177397,5821844
2024-05-28,1381.205322265625,1389.6315652574615,1374.8502998635329,1389.1608228573064,6186922
2024-05-29,1366.04736328125,1379.7460134801906,1365.1529986668554,1379.6518879829935,7401634
2024-05-30,1343.92236328125,1365.0116447116711,1338.36769518628,1358.3742461664256,9663150
2024-05-31,1351.0770263671875,1379.742614221291,1344.4507812144127,1353.8619835736356,37113815
2024-06-03,1350.11669921875,1382.8636553906256,1348.2920640058599,1382.8636553906256,10589244
2024-06-04,1338.3526611328125,1358.8555105856897,1304.4532506211224,1353.09357909204,13736134
2024-06-05,1373.3564453125,1380.9430124283645,1344.594848794161,1344.594848794161,9233424
2024-06-06,1413.833984375,1415.8026912541518,1380.4627967662166,1387.6171483700416,12660930
2024-06-07,1472.749755859375,1478.607696455328,1418.6356360706318,1422.2368434730788,24075302
2024-06-10,1440.2427978515625,1469.1005184048513,1437.8900560410068,1464.7790697698574,6810606
2024-06-11,1436.4014892578125,1446.6768867495505,1434.67286293827,1440.530920339611,4853054
2024-06-12,1426.2701416015625,1448.8857708643502,1423.9173996680136,1447.205207418443,9564320
2024-06-13,1434.6728515625,1445.2844554182486,1430.2553942803347,1435.68123644537,7307565
2024-06-14,1429.8233642578125,1444.0360586769375,1427.0864701658527,1444.0360586769375,4237727
2024-06-18,1438.7542724609375,1447.2051523581276,1436.0654413858667,1437.6019330325926,5420939
2024-06-19,1451.382568359375,1455.5119996711499,1437.3138282236787,1445.2845473689924,5493456
2024-06-20,1455.27197265625,1457.2886253976005,1439.6186772686704,1456.1362858959162,7927010
2024-06-21,1471.885498046875,1495.94161129154,1463.2425999556383,1483.6975056622882,17301941
2024-06-24,1466.5556640625,1468.428244941943,1455.271881344855,1464.0588504809766,5564989
2024-06-25,1480.7684326171875,1482.6411308173647,1460.0255012602715,1465.4513439015984,4551525
2024-06-26,1479.568115234375,1487.394763279802,1474.0943265152384,1479.8562587361448,4851004
2024-06-27,1510.922607421875,1515.7722804516513,1471.261378838573,1477.40734590662,14757754
2024-06-28,1504.5843505859375,1525.4713521019703,1502.1835458139797,1510.1542645475977,8197544
2024-07-01,1527.68017578125,1536.4190819140294,1497.6220524294586,1497.6220524294586,6801771
2024-07-02,1556.7301025390625,1568.9742086490014,1523.550928895523,1532.86600586883,10493173
2024-07-03,1562.8280029296875,1571.086748455425,1542.2770892539197,1560.5232067482063,7269965
2024-07-04,1585.155517578125,1594.13450474685,1563.4042010408868,1563.5962185483268,8008311
2024-07-05,1582.082275390625,1599.7522218867455,1568.5417599764332,1585.9235630103558,7065022
2024-07-08,1595.718994140625,1599.8963711842514,1574.9280004454815,1577.904975049744,5880533
2024-07-09,1591.3975830078125,1600.61665051487,1585.491579421059,1594.0384684368905,5191182
2024-07-10,1582.8507080078125,1607.5789990626897,1572.575309683498,1591.2535253565572,9852770
2024-07-11,1587.1240234375,1598.9360301908912,1576.896688557358,1590.2931327303997,8857679
2024-07-12,1643.8311767578125,1651.5137527263023,1600.5206781808122,1613.3409533828683,17078316
2024-07-15,1639.317626953125,1659.4363248574064,1635.092186939841,1657.7076984616265,6942230
2024-07-16,1657.563720703125,1668.943512173137,1632.547287437264,1650.4092519603355,6886281
2024-07-18,1688.2940673828125,1695.3524103380762,1650.7934479826547,1650.7934479826547,11248896
2024-07-19,1721.8092041015625,1770.8336868455729,1715.5671113876276,1770.8336868455729,29819116
2024-07-22,1738.9990234375,1750.6669588687384,1721.8092366549201,1728.7236252048558,8462126
2024-07-23,1764.015380859375,1766.9442924167647,1712.494085746934,1738.1826974355533,7113056
2024-07-24,1761.182373046875,1769.249100779416,1747.4017766683005,1764.5915628208677,6002845
2024-07-25,1752.4434814453125,1758.2534761150766,1740.1033678723722,1747.7859434479678,5815599
2024-07-26,1804.3489990234375,1808.2862957121283,1752.923709894062,1752.923709894062,11369047
2024-07-29,1796.8583984375,1827.4926924499405,1790.040135957272,1818.4656425678857,4635931
2024-07-30,1802.66845703125,1805.3572882821682,1786.1989113655025,1796.8584620686129,2721265
2024-07-31,1794.121337890625,1810.3508009775471,1791.0483547900394,1802.5241542730917,5004209
2024-08-01,1779.092529296875,1793.7855029159562,1771.8901142339544,1782.453656326238,7475014
2024-08-02,1748.9383544921875,1785.7187334567977,1744.0887987976403,1769.8734206834515,7400938
2024-08-05,1682.3880615234375,1726.1787193591779,1650.3613476722035,1714.1266318965754,10736703
2024-08-06,1681.619873046875,1725.6506144088735,1675.617860395926,1690.3587800212945,7690163
2024-08-07,1720.5609130859375,1726.5629255103806,1692.183351452448,1724.7382902879888,5094329
2024-08-08,1673.9853515625,1709.3251315403352,1658.572136260406,1709.3251315403352,6227910
2024-08-09,1700.4901123046875,1710.0933319139192,1686.325363381071,1700.9702732851492,4258524
2024-08-12,1726.082763671875,1731.9407043499043,1697.9452825491308,1702.698946723047,4315329
2024-08-13,1726.130615234375,1738.1827024097588,1718.0640047615366,1738.1827024097588,4176918
2024-08-14,1750.906982421875,1752.5875458219782,1726.1306294039184,1730.5001411349067,7450718
2024-08-16,1785.1904296875,1787.9753867685558,1756.9089953467567,1776.5955951852964,7335657
2024-08-19,1790.8084716796875,1793.449357119504,1775.8273550396493,1786.1988792940135,2585989
2024-08-20,1797.9146728515625,1810.8790189238414,1794.0733851264426,1805.405230806265,3870333
2024-08-21,1798.3948974609375,1804.4449727328276,1793.0171179008144,1800.6996936229339,1966902
2024-08-22,1805.6453857421875,1818.513723597305,1795.51394205871,1809.2465931329778,4300287
2024-08-23,1788.215576171875,1807.9021772094957,1783.3179574078772,1803.6767369560596,5015935
2024-08-26,1801.7081298828125,1813.8081635443523,1790.0401942272256,1795.8021261828926,3728589
2024-08-27,1824.707763671875,1827.2526403543604,1799.5473747842314,1801.7080992308468,3830679
2024-08-28,1862.1602783203125,1873.588133022963,1822.1148997127973,1831.2379582795415,6514531
2024-08-29,1856.6385498046875,1873.1080958565294,1844.6825875729226,1856.3024605437945,7228284
2024-08-30,1866.5777587890625,1872.6278340667684,1851.5007508106305,1861.1039704725115,13466759
2024-09-02,1886.5526123046875,1897.3562350526781,1865.7136713170646,1866.241778093103,5573739
2024-09-03,1864.2249755859375,1888.95326566776,1859.6153833595768,1888.95326566776,4694322
2024-09-04,1846.1708984375,1850.7324277310104,1824.6597803927025,1844.8744872415468,4778310
2024-09-05,1856.4464111328125,1863.0245930805459,1833.8307821972226,1849.8201661965988,4081810
2024-09-06,1826.3883056640625,1859.6634851962026,1821.5866958391305,1845.7388167038994,5848106
2024-09-09,1819.4739990234375,1844.634387126065,1814.0481565814205,1815.0084785277315,4772612
2024-09-10,1836.423828125,1858.2230908792164,1820.770532458395,1829.3174217997903,6909600
2024-09-11,1834.35888671875,1849.5799652721262,1829.4132055261682,1838.728280994298,5312946
2024-09-12,1873.06005859375,1878.774045014654,1834.9833838435984,1848.6199097939516,8555092
2024-09-13,1866.9619140625,1880.886582594913,1858.8472403257115,1873.0599351123685,3843127
2024-09-16,1872.867919921875,1874.548483367517,1856.3504289468578,1868.5464710616527,1570181
2024-09-17,1875.07666015625,1880.7424658489679,1865.0892884852562,1870.467067930622,2793127
2024-09-18,1817.0732421875,1861.8242226231127,1806.6537722399733,1861.8242226231127,6385468
2024-09-19,1819.041748046875,1848.5237015550497,1804.2528841458939,1834.7910511020839,7976570
2024-09-20,1830.1336669921875,1839.0166455673825,1793.305341425795,1829.4134254860905,15242974
2024-09-23,1821.2025146484375,1842.761812755645,1803.9167195535472,1833.2546020080952,3636672
2024-09-24,1823.2672119140625,1835.0792186672709,1797.1465020357018,1813.0878227950013,7277616
2024-09-25,1820.0982666015625,1826.1482246431408,1802.3323102544668,1811.5033146813457,4268341
2024-09-26,1824.8516845703125,1841.8493352545952,1817.8893508178405,1822.498942813643,8952803
2024-09-27,1831.093994140625,1896.2518191297418,1827.7809300940019,1855.438133669678,14908931
2024-09-30,1801.179931640625,1825.8122145485347,1796.282312853667,1805.40537191387,6986955
2024-10-01,1828.7890625,1833.2065199774477,1800.6036370139677,1800.6036370139677,4029072
2024-10-03,1818.273681640625,1835.9915754881,1806.3656655040093,1814.528402429466,7503887
2024-10-04,1842.04150390625,1876.565029844856,1811.1671309069884,1814.5763205944831,10001483
2024-10-07,1857.55078125,1864.9452133204372,1840.0249057901142,1846.8911139011777,6112575
2024-10-08,1871.2354736328125,1880.2624066206963,1830.7098150344227,1861.008020922201,5637391
2024-10-09,1875.2686767578125,1898.5564839074102,1867.9221904384558,1875.07665925967,4857163
2024-10-10,1842.8577880859375,1886.07227503949,1838.1521871723023,1880.2143346978125,4782119
2024-10-11,1858.3189697265625,1869.7468243014484,1834.3109211351211,1841.8974879353766,4709431
2024-10-14,1881.1746826171875,1891.354071794841,1854.477685639696,1855.4860705732615,3751378
2024-10-15,1881.558837890625,1912.433094709219,1874.3083602991192,1882.2310163628915,5353705
2024-10-16,1843.9141845703125,1881.7989564876755,1840.312977195666,1877.42944464905,3111512
2024-10-17,1890.0096435546875,1899.516854492198,1853.5654717255002,1858.415027332384,8162822
2024-10-18,1805.0211181640625,1859.9995499352583,1795.0818094027522,1818.6577602233042,10526196
2024-10-21,1779.2364501953125,1823.4593218230411,1765.071701772492,1816.0647726492866,4654601
2024-10-22,1778.132080078125,1803.2925852339904,1773.666559613223,1784.4701814346959,4125240
2024-10-23,1799.067138671875,1811.1671716222952,1770.8336503030287,1772.034052723245,4311910
2024-10-24,1789.4158935546875,1809.2465653946333,1786.198838446931,1787.5433126309072,2906475
2024-10-25,1788.1676025390625,1801.9001366151979,1773.1385399992107,1789.5119595392343,4689120
2024-10-28,1791.3365478515625,1807.2299232087717,1783.3178829165497,1785.9107053224764,7018940
2024-10-29,1786.4317626953125,1798.378144066303,1776.4277753656768,1792.9391324904534,4621252
2024-10-30,1750.3009033203125,1786.1402834543007,1744.716179758669,1779.3414895531696,5919715
2024-10-31,1706.7401123046875,1736.5091412479787,1696.2991072073619,1736.5091412479787,7395236
2024-11-01,1710.236572265625,1715.2385657478123,1701.6895882617994,1713.7816813488193,371966
2024-11-04,1712.956298828125,1716.2099839138373,1668.6184223904768,1674.9315887150042,7336722
2024-11-05,1703.77783203125,1717.6182349398387,1694.8423210868225,1709.4111662537578,3160880
2024-11-06,1771.280029296875,1774.6794262747362,1711.9849045771186,1713.296076841982,10421494
2024-11-07,1751.2237548828125,1773.22261567757,1735.6350435250165,1760.8390975998175,4550965
2024-11-08,1777.350341796875,1787.6942446562714,1761.0333078003775,1765.7438769390867,4210960
2024-11-11,1806.6337890625,1814.306737413767,1770.163186757311,1776.427742360696,3804234
2024-11-12,1815.0838623046875,1826.9331420105937,1807.5080155670998,1817.3176807087516,5012450
2024-11-13,1814.6953125,1819.3572716489662,1802.943134866599,1807.605094015565,4257495
2024-11-14,1810.9560546875,1822.0768923467604,1802.6517655626797,1811.9758027067253,4311431
2024-11-18,1759.3822021484375,1796.047127993138,1743.4050832115965,1796.047127993138,4839244
2024-11-19,1772.300048828125,1806.2454112988496,1768.2208195271305,1773.0284911005574,4669769
2024-11-21,1781.3326416015625,1813.3354888516371,1768.26917339711,1789.0540816629436,5436504
2024-11-22,1847.572265625,1859.0331371970146,1781.2840242640295,1800.80625185363,6301486
2024-11-25,1835.3829345703125,1864.1322151458903,1827.9043086809907,1860.9270220152914,12764638
2024-11-26,1868.8428955078125,1882.8775020849253,1842.764686697864,1850.1947027907097,6850495
2024-11-27,1869.182861328125,1885.5971174937745,1856.799342761259,1874.6218732216507,4447143
2024-11-28,1803.282958984375,1859.8586361338635,1798.4266776839897,1859.8586361338635,8468790
2024-11-29,1804.448486328125,1823.0480681141644,1791.9678666332622,1797.8925063282472,5244346
2024-12-02,1825.7677001953125,1828.6814691911163,1782.4495729417774,1805.5655210664468,2868263
2024-12-03,1837.714111328125,1845.1442460985531,1817.3663382733384,1832.7607276683614,4715792
2024-12-04,1834.946044921875,1858.9360291550868,1821.105642042353,1829.8469491241563,4705573
2024-12-05,1879.2352294921875,1893.8526842407528,1834.654541582606,1845.386971128795,9050038
2024-12-06,1867.1431884765625,1882.2461532385446,1857.4306251975142,1877.2442779990854,3573331
2024-12-09,1868.3572998046875,1874.7189577548504,1842.667498232043,1868.8914196597946,4274645
2024-12-10,1892.54150390625,1909.101352624084,1876.4671647750902,1883.2659588503623,6174921
2024-12-11,1917.4056396484375,1921.1449526741415,1895.8922889888395,1898.806057875605,5025612
2024-12-12,1929.8863525390625,1941.3472248051385,1913.9092331296335,1918.4254802729865,6462130
2024-12-13,1942.22119140625,1948.7771714843159,1897.6406217246506,1913.132112410419,5362693
2024-12-16,1923.1361083984375,1942.1240981650324,1920.7564592966078,1938.0933607570853,3119221
2024-12-17,1919.78515625,1925.029963920521,1901.7198129951464,1911.432375880719,5811050
2024-12-18,1922.261962890625,1927.8951783904936,1905.216367108079,1910.2669710918078,3064095
2024-12-19,1890.2589111328125,1903.4194810568974,1864.8120442042316,1878.4096320265542,5323592
2024-12-20,1866.900390625,1923.038935729017,1856.313672846486,1918.3769764514818,11056720
2024-12-23,1868.988525390625,1884.2372017118134,1854.1282567360063,1874.5732490554924,2781793
2024-12-24,1854.1768798828125,1886.1797274213886,1787.111585198432,1871.6594932162752,2360544
2024-12-26,1852.5743408203125,1864.5693327398988,1847.6209572676305,1854.1769374712999,3623321
2024-12-27,1861.655517578125,1868.8428379280153,1849.1748978049127,1854.5168074679777,3937500
2024-12-30,1851.214599609375,1860.9271630910612,1832.2751008200871,1860.6357387619842,7789055
2024-12-31,1825.9617919921875,1842.473148621904,1792.0164326986576,1837.9082915665463,3613063
2025-01-01,1828.389892578125,1838.5394729768454,1820.134214444306,1820.134214444306,1838368
2025-01-02,1901.5740966796875,1906.236174279187,1831.10952423594,1832.760612498252,7083645
2025-01-03,1883.0230712890625,1896.8148627360356,1866.754528958132,1896.8148627360356,6218003
2025-01-06,1882.1490478515625,1916.288731426852,1872.5821967516326,1895.8923485784164,7164403
2025-01-07,1875.3502197265625,1902.2540906114118,1868.357221729347,1889.0935202054077,4294832
2025-01-08,1877.5841064453125,1882.8774057609294,1834.460303784991,1874.5246254427705,5482050
2025-01-09,1862.1898193359375,1895.74665458795,1855.6338390718154,1878.4583629543145,6833503
2025-01-10,1910.4124755859375,1920.9507009797642,1876.709930393327,1881.3233976824297,8036913
2025-01-13,1905.799072265625,1925.8070469770787,1892.9785364775742,1899.7773306055078,5804152
2025-01-14,1884.285888671875,1915.1232771204202,1875.5930733895989,1912.2579998126723,5792162
2025-01-15,1893.60986328125,1901.7684398888914,1881.420549328485,1891.036010381721,2985439
2025-01-16,1873.0191650390625,1910.41253260361,1861.7526156669912,1909.4412763032324,7533579
2025-01-17,1763.2672119140625,1804.5942151264314,1759.9164250856263,1797.7954209897873,16409953
2025-01-20,1761.1790771484375,1775.407886940151,1741.6082392029957,1770.5516054927243,4333011
2025-01-21,1748.941162109375,1779.0016155615642,1741.5111463055791,1766.7638099629812,7169109
2025-01-22,1803.0887451171875,1812.1700865447272,1753.2633671133483,1755.448693830049,8373913
2025-01-23,1811.8299560546875,1825.5247642701754,1799.446438649042,1804.5941442893445,5907471
2025-01-24,1821.5426025390625,1840.4336089404926,1810.6645792715367,1811.8786496612856,4887027
2025-01-27,1769.62890625,1809.4504129219265,1759.9163436470913,1795.6100112127813,7652371
2025-01-28,1777.15625,1809.9361507719634,1772.4456805643415,1777.3990640797924,6999495
2025-01-29,1827.1759033203125,1834.36322360914,1787.5972093347696,1791.9678626583263,5145155
2025-01-30,1806.4881591796875,1832.9548941080284,1790.9966681783667,1819.3088138415467,7336056
2025-01-31,1825.7677001953125,1842.910279604707,1817.2205970496623,1817.2205970496623,5820470
2025-02-01,1798.1353759765625,1836.2571867836969,1792.9391783431893,1826.2533177597818,1701402
2025-02-03,1809.741943359375,1822.6110895629577,1779.7300994439906,1783.2265984737837,4823228
2025-02-04,1844.2215576171875,1856.2650411997822,1821.1056096540206,1834.703198206104,7334787
2025-02-05,1842.5218505859375,1864.5207114002724,1839.8508957040453,1851.2145472314708,4996744
2025-02-06,1860.587158203125,1868.6971246106148,1845.3869733680706,1861.898330498206,4765255
2025-02-07,1848.93212890625,1868.405747107761,1835.14021793859,1864.13231412214,4126260
2025-02-10,1826.2532958984375,1850.2432794461592,1824.6020890265615,1850.2432794461592,3828734
2025-02-11,1821.7369384765625,1848.3007750893653,1816.249316561804,1828.9727506286142,4411601
2025-02-12,1809.59619140625,1840.142154487476,1793.9103785152583,1830.8181177592105,5633947
2025-02-13,1790.2681884765625,1819.6486917731397,1782.8866642532057,1814.7924102365155,5237744
2025-02-14,1803.0401611328125,1805.8568280246752,1775.796375368045,1800.709122375355,5292961
2025-02-17,1789.3455810546875,1799.495162260814,1769.7747423270973,1785.7033698235564,4428956
2025-02-18,1798.7181396484375,1808.1393973263787,1784.780634818134,1789.3456107739096,4365260
2025-02-19,1758.7509765625,1796.0471240806544,1753.9917969230971,1794.2989338566194,4611411
2025-02-20,1772.6884765625,1778.3703022593725,1753.6518766132701,1753.6518766132701,2218020
2025-02-21,1762.8302001953125,1777.2533326664163,1754.2830972545896,1769.4347905187403,3379879
2025-02-24,1713.3931884765625,1756.0313630959042,1699.9413126430345,1748.309923055587,7594720
2025-02-25,1716.8896484375,1727.3306532632726,1694.987890846883,1694.987890846883,5092963
2025-02-27,1713.5875244140625,1724.8054634563641,1700.7668702151418,1704.748997302386,5757079
2025-02-28,1639.189208984375,1704.6519072727174,1634.0901134127998,1704.6034155946859,12182167
2025-03-03,1659.4884033203125,1678.9135283002097,1643.6569975986285,1643.6569975986285,7504969
2025-03-04,1639.7720947265625,1650.1644899401717,1621.9980566215932,1646.2794646548505,6759673
2025-03-05,1662.30517578125,1683.1385762213686,1643.8026956375877,1643.8026956375877,8180782
2025-03-06,1666.5301513671875,1672.794825837321,1642.4915571816716,1665.7046071983816,10610547
2025-03-07,1637.5382080078125,1655.9920786793123,1627.340016320931,1654.146667899849,8019331
2025-03-10,1652.5440673828125,1669.5896637303404,1628.01984457351,1637.5382042171923,7558981
2025-03-11,1613.8394775390625,1631.7106175387037,1589.995206020896,1631.7106175387037,12671234
2025-03-12,1545.123046875,1589.84944650162,1518.850635339536,1589.84944650162,14870008
2025-03-13,1534.439208984375,1559.886194636392,1525.163782654934,1553.2816045131979,7822888
2025-03-17,1544.34619140625,1548.1826065260266,1500.736758011993,1500.736758011993,7526032
2025-03-18,1544.34619140625,1544.34619140625,1544.34619140625,1544.34619140625,0
2025-03-19,1540.94677734375,1556.9238965430377,1527.5920028100838,1556.9238965430377,7387068
2025-03-20,1569.1131591796875,1584.9931759348294,1546.2400259441436,1546.2400259441436,7186750
2025-03-21,1546.7742919921875,1557.7980274559397,1518.7049607743006,1532.59385494289,10074677
2025-03-24,1546.968505859375,1560.9060103586978,1527.4947691913153,1552.0189913058653,8857726
2025-03-25,1581.6422119140625,1589.1209562659596,1558.8663000022038,1558.8663000022038,9890140
2025-03-26,1553.475830078125,1590.6749935166006,1549.1537869998338,1579.2627320763197,6651302
2025-03-27,1557.4581298828125,1573.3866387891755,1540.4125339270274,1549.688079270318,9426573
2025-03-28,1525.5037841796875,1552.504639118573,1515.1598805138667,1544.2975705237486,6799047
2025-04-01,1482.6226806640625,1502.92196020728,1474.2212903040318,1495.0061979771754,12680733
2025-04-02,1505.593017578125,1510.9349273715397,1491.0726643663595,1491.0726643663595,6193478
2025-04-03,1453.485107421875,1490.5385603678294,1442.3642697947264,1490.5385603678294,10459504
2025-04-04,1409.92431640625,1429.6893595876932,1406.3792069857197,1418.5199114659142,9590254
2025-04-07,1356.602294921875,1365.489314158466,1269.4320382766355,1313.1385736419368,21715252
2025-04-08,1387.7310791015625,1414.6348317731379,1374.3276944448953,1389.8677955834949,12805001
2025-04-09,1363.3524169921875,1368.9371407012397,1342.1791008495861,1364.663707842691,8546854
2025-04-11,1368.9371337890625,1397.4436008179698,1356.893650613513,1370.6854425398662,12567440
2025-04-15,1385.011474609375,1406.087688754894,1368.5001176189407,1404.0480742507405,10178530
2025-04-16,1372.482177734375,1386.4682913913693,1356.6507720589223,1384.0401507759727,12022740
2025-04-17,1378.6983642578125,1388.7023519091767,1338.6826507754836,1357.8163531049115,14264227
2025-04-21,1409.29296875,1429.4951483248678,1369.4714582615436,1369.4714582615436,15648970
2025-04-22,1381.903564453125,1398.6091260339042,1378.5041672717928,1398.6091260339042,9399738
2025-04-23,1432.5059814453125,1445.0352117850275,1398.2205856526791,1404.4366498623076,11136642
2025-04-24,1429.1065673828125,1440.2760150192205,1419.4911061400271,1427.6496829084983,7114292
2025-04-25,1437.653564453125,1458.535575435,1421.4336312546193,1433.0887071514799,8329979
2025-04-28,1439.4989013671875,1446.7833234291916,1423.1818670852326,1437.6534907325017,5886253
2025-04-29,1454.456298828125,1466.4027986571466,1431.7288778586658,1439.4018262859975,8056743
2025-04-30,1456.9815673828125,1465.431568419441,1439.984581952398,1453.7764926957282,7704183
2025-05-02,1463.586181640625,1479.4175886205041,1453.1936678135066,1456.5930649551544,7402310
2025-05-05,1465.2371826171875,1479.2232965927526,1459.6039673980883,1471.4532464465005,4282493
2025-05-06,1468.053955078125,1472.0360823521305,1456.0103527730441,1462.7120452184295,4270530
2025-05-07,1464.9459228515625,1475.1441139885928,1453.5821530190785,1456.8844481471906,5691799
2025-05-08,1467.956787109375,1472.910170498641,1458.0499017692832,1464.654491996011,8424409
2025-05-09,1464.2659912109375,1467.9568126185206,1451.1540310083215,1457.5642989506216,4478653
2025-05-12,1580.136962890625,1585.0903465111594,1487.96471253376,1492.8209942326298,11372857
2025-05-13,1523.5125732421875,1565.859323230766,1519.627548132014,1562.7513505672503,12846210
2025-05-14,1546.6285400390625,1549.1537826809642,1524.3867472838704,1528.75740058924,4870057
2025-05-15,1566.636474609375,1572.075486394776,1525.843708376521,1544.1033749720434,11151167
2025-05-16,1544.200439453125,1566.2479103864578,1536.0418626920532,1566.2479103864578,4576751
2025-05-19,1514.9656982421875,1539.4413107743521,1510.9834523682187,1531.1856318206726,8855798
2025-05-20,1515.7425537109375,1537.9843466293191,1513.2173110505078,1524.8723866170074,7143998
2025-05-21,1523.41552734375,1525.8436681268927,1507.4869000940212,1522.832797268108,4157309
2025-05-22,1503.0191650390625,1515.9369216042496,1495.7347425913772,1510.7892156499267,6158990
2025-05-23,1519.8218994140625,1541.5779455953386,1505.447258808557,1505.447258808557,5038421
2025-05-26,1535.070556640625,1538.275749801986,1517.782147363295,1521.5700705826603,3170102
2025-05-27,1524.969482421875,1537.4016104009331,1511.6633186280806,1534.4878415209876,7775714
2025-05-28,1526.6207275390625,1542.063608140773,1524.8724187426308,1535.556238237006,3623370
2025-05-29,1540.02392578125,1562.6542444112208,1531.2826193070812,1543.3262208282474,8609500
2025-05-30,1539.1375732421875,1548.297396005105,1531.652190030095,1547.3124739974683,13148092
2025-06-02,1530.371826171875,1536.4782943781508,1515.7949327230604,1536.4782943781508,4374509
2025-06-03,1519.734619140625,1543.6682714095227,1512.4461724234918,1535.4933708621093,6853403
2025-06-04,1527.8109130859375,1533.8190332918903,1518.158749909477,1519.7346010168856,4548307
2025-06-05,1530.8642578125,1544.0621159555858,1518.3556767230737,1524.5607331925255,6948539
2025-06-06,1540.2210693359375,1545.2441474823067,1519.8331118292815,1531.2581829658582,3960020
2025-06-09,1549.183837890625,1564.0561360451065,1547.3124620446238,1554.2069160448225,2903202
2025-06-10,1571.935546875,1583.2621501262925,1553.7144894707471,1560.116482612782,8591925
2025-06-11,1606.5062255859375,1609.9534525332194,1566.1244242034918,1566.1244242034918,10597410
2025-06-12,1584.345458984375,1603.452969273507,1574.0037782857437,1592.6188275892266,10483574
2025-06-13,1577.844970703125,1584.7394243828517,1546.5244044661895,1552.2369998927122,6968315
2025-06-16,1599.31640625,1610.1505483486199,1573.01891647278,1575.875214344727,5591842
2025-06-17,1615.173583984375,1622.5604988569514,1591.2399317053334,1596.2630097727385,7622083
2025-06-18,1608.2791748046875,1619.9011823893957,1596.5585788351507,1596.5585788351507,5629707
2025-06-19,1593.997802734375,1605.4228739879738,1587.2018168292147,1599.4148737815738,5147760
2025-06-20,1598.429931640625,1606.1122510729595,1584.6410236941556,1594.58871180959,9202821
2025-06-23,1560.116455078125,1576.8601291540897,1551.6461498856431,1576.8601291540897,7943676
2025-06-24,1557.7525634765625,1584.739449496533,1552.827953627288,1576.860073737694,8083992
2025-06-25,1590.550537109375,1595.4751470327865,1561.199813873949,1566.025955644839,7813533
2025-06-26,1591.6339111328125,1599.5132869304996,1582.3756205245834,1584.5425210067874,6519233
2025-06-27,1583.7545166015625,1605.0288069577266,1578.238977654369,1594.5886581952298,8912268
2025-06-30,1577.6480712890625,1590.648993297183,1570.064099926214,1590.648993297183,6294505
2025-07-01,1582.57275390625,1593.308307768125,1576.3676970723639,1584.7395342639384,4178937
2025-07-02,1586.2169189453125,1624.1364168524187,1579.2239966239758,1593.6038341220215,8653641
2025-07-03,1594.293212890625,1607.786716594206,1590.6490495377586,1594.0962765801005,5259695
2025-07-04,1615.96142578125,1618.6207872342948,1587.9897380569496,1600.4981989662078,4411273
2025-07-07,1602.4681396484375,1619.2118141254034,1598.5284515362102,1615.2721260131761,3294523
2025-07-08,1613.9915771484375,1621.378491891406,1597.0509674297891,1603.4529602070286,4590681
2025-07-09,1609.0670166015625,1613.3022292758048,1599.1193284889714,1613.1052929685202,4580828
2025-07-10,1591.43701171875,1614.1886858160015,1582.868118202301,1614.1886858160015,5330179
2025-07-11,1570.85205078125,1582.8680505457567,1539.433016356687,1555.2902357933656,11391755
2025-07-14,1546.623046875,1567.7988696310574,1536.2813659941348,1567.7988696310574,9173426
2025-07-15,1561.6922607421875,1579.4208563061295,1540.4179701114037,1541.5013602388092,7614807
2025-07-16,1583.6561279296875,1587.6942841349517,1554.6993967165145,1555.1918577227598,6223491
2025-07-17,1559.6240234375,1585.7244570472844,1556.2752645133157,1573.9053927711557,7374814
2025-07-18,1562.1846923828125,1575.1857343566385,1556.176692489401,1568.0942241264431,5161833
2025-07-21,1560.4119873046875,1565.041072656143,1543.1758521432762,1556.1767745731315,3682661
2025-07-22,1547.2139892578125,1561.889351060241,1541.4029254290974,1541.4029254290974,8473741
2025-07-23,1550.7596435546875,1567.897309898412,1526.629055261839,1552.5325511946266,8035026
2025-07-24,1529.0914306640625,1558.1466301517212,1524.8562179010848,1556.1767861186595,14169664
2025-07-25,1492.84619140625,1526.1366022975346,1488.512630894258,1520.12860228797,10851259
2025-07-28,1493.1417236328125,1496.392014262957,1460.14683725966,1491.0734115180542,6439855
2025-07-29,1490.8763427734375,1494.3235696797126,1473.5417400906863,1490.0884773327002,7070448
2025-07-30,1496.0965576171875,1498.7557989957106,1483.2925712781332,1496.9830114866083,5719051
2025-07-31,1486.247314453125,1504.0743788045277,1474.428250322285,1486.936711768862,6851407
2025-08-01,1447.4412841796875,1476.1024890867666,1443.4031282013243,1471.3749358302919,8702978
2025-08-04,1458.177001953125,1460.4423706154291,1429.1218033326475,1439.4634841975633,8610216
2025-08-05,1438.2816162109375,1456.4040844682859,1433.0614816224124,1456.4040844682859,10213323
2025-08-06,1415.037353515625,1434.14486387826,1408.7339490588547,1430.1067078263497,10566934
2025-08-07,1415.234375,1420.2574529025999,1392.876574581379,1408.4383894942564,9892020
2025-08-08,1401.6424560546875,1411.590144080286,1395.7329241309972,1403.5138318764698,10048009
2025-08-11,1406.66552734375,1411.7871937906966,1392.6796832838538,1398.4907470266712,6625368
2025-08-12,1402.62744140625,1419.2726477892124,1399.5742071536924,1406.6655976905836,9899184
2025-08-13,1405.0897216796875,1412.3781686321047,1400.953097311154,1403.5138705026145,10318063
2025-08-14,1425.8714599609375,1447.835267553816,1404.6956380205245,1404.6956380205245,12902347
2025-08-18,1414.1510009765625,1442.6151494914589,1408.0444126749926,1442.6151494914589,7254561
2025-08-19,1418.2877197265625,1427.5460108318366,1411.0977408332749,1411.0977408332749,3986094
2025-08-20,1473.6402587890625,1476.3980885005715,1418.9770874002822,1418.9770874002822,10413061
2025-08-21,1473.8372802734375,1485.262351237006,1461.9197483180794,1485.262351237006,6565539
2025-08-22,1465.0714111328125,1481.6181481033814,1463.6924963469764,1475.5115598317454,5543397
2025-08-25,1508.9989013671875,1515.7948868943363,1483.981859694785,1483.981859694785,10694531
2025-08-26,1506.53662109375,1515.2039825206518,1495.7024794249892,1500.03616013844,15994798
2025-08-28,1477.4814453125,1506.5366438633127,1475.413133190423,1506.5366438633127,5443364
2025-08-29,1447.4412841796875,1479.254311487481,1445.5699084151588,1479.254311487481,8169075
2025-09-01,1476.7921142578125,1480.7318023736236,1453.941851048263,1454.4343120627393,4546057
2025-09-02,1476.1025390625,1489.9900353122632,1463.8896025641538,1476.7920565936874,5218763
2025-09-03,1456.798095703125,1479.2543652339205,1450.7900955921732,1477.3829894013984,4623483
2025-09-04,1440.94091796875,1461.6242804276317,1438.0846200594328,1461.6242804276317,5787724
2025-09-05,1422.8182373046875,1450.4945202945664,1411.3931666312185,1447.835279098319,5466487
2025-09-08,1411.2947998046875,1436.0163186937275,1406.7641825159365,1429.1218644887508,3811567
2025-09-09,1481.6181640625,1484.474341584966,1450.297597398603,1458.6694341238242,13072640
2025-09-10,1509.491455078125,1511.756823802922,1486.5428442826578,1487.330709756259,7281071
2025-09-11,1486.9366455078125,1504.4683046125388,1483.7849433052634,1500.922609577238,8003662
2025-09-12,1502.596923828125,1519.6361218926327,1498.1647749913177,1513.8250582606502,12856963
2025-09-15,1485.6563720703125,1504.4683582651935,1478.5648615170796,1502.5969824151846,6167414
2025-09-16,1488.5126953125,1491.1719366717366,1480.8302554728903,1485.656397411633,8923112
2025-09-17,1499.4453125,1503.680405062861,1491.1719434573272,1494.028241371192,4795698
2025-09-18,1517.370849609375,1531.5537508334592,1515.302537400178,1526.6291407021617,9331945
2025-09-19,1516.976806640625,1527.9095369547413,1497.179898612735,1521.3104874589542,12988129
2025-09-22,1476.8905029296875,1491.8612688721596,1459.6543683506482,1460.3437656419162,15655204
2025-09-23,1474.920654296875,1490.186944875574,1470.4885054191882,1470.4885054191882,9832164
2025-09-24,1472.0643310546875,1474.1326431158677,1460.3437357350242,1464.7758845360097,4937004
2025-09-25,1462.4122314453125,1480.04223903444,1454.2373307659764,1466.5488557470633,9491867
2025-09-26,1427.053466796875,1456.404069373631,1419.4694954878144,1452.7599061754568,8597058
2025-09-29,1420.060546875,1442.9106885263222,1414.8404123331482,1437.9860786678707,10513117
2025-09-30,1420.060546875,1430.303639196793,1416.416263441906,1421.2424051491353,7556305
2025-10-01,1424.000244140625,1427.6444073679875,1405.877655696216,1424.197180444367,6250692
2025-10-03,1424.7880859375,1426.4625254104503,1411.5901076030302,1417.3027030735375,6877533
2025-10-06,1453.744873046875,1456.5027027407555,1420.5530497148675,1424.7881421800753,4630590
2025-10-07,1436.5086669921875,1460.5407866669368,1432.0765182081868,1455.4191203786977,5570320
2025-10-08,1472.4583740234375,1475.4131399913774,1433.061494450904,1435.0313384295307,4657192
2025-10-09,1486.5428466796875,1491.171932062491,1464.5790376333712,1479.352867871771,7028753
2025-10-10,1492.058349609375,1498.755747016607,1476.2011295853695,1487.2322078030077,3738353
2025-10-13,1470.6854248046875,1482.0120273618204,1461.0332617199265,1474.4281763502415,5859355
2025-10-14,1467.435302734375,1491.5658915845438,1464.0865439092208,1476.3980688327763,5600789
2025-10-15,1452.1690673828125,1466.1549121391147,1445.373081319078,1461.5258266826634,6986098
2025-10-16,1449.312744140625,1452.267510183725,1438.478601982591,1451.6765810210527,8005748
2025-10-17,1419.37109375,1436.410292725158,1412.3781714796953,1432.9630656678505,16959378
2025-10-20,1438.87255859375,1444.8805586841174,1428.136884861602,1431.781048131079,6994246
2025-10-21,1450.19921875,1463.5941342911037,1447.8353818357486,1455.7147580634262,1698704
2025-10-23,1505.4532470703125,1522.6893817276436,1483.292502510887,1487.2321904325627,20358624
2025-10-24,1502.4000244140625,1519.7346273554492,1495.111577657532,1516.2874003977408,8652257
2025-10-27,1504.5,1515.300048828125,1498.0999755859375,1510.0,7273211
2025-10-28,1500.199951171875,1506.5,1490.5,1499.699951171875,8211019
2025-10-29,1510.4000244140625,1520.199951171875,1496.9000244140625,1500.199951171875,4884976
2025-10-30,1493.800048828125,1508.199951171875,1489.0999755859375,1507.0,5608867
2025-10-31,1482.300048828125,1497.0999755859375,1480.699951171875,1490.0,4819814
2025-11-03,1485.5,1491.4000244140625,1474.199951171875,1482.300048828125,5470600
2025-11-04,1467.9000244140625,1481.9000244140625,1462.9000244140625,1479.699951171875,8691330
2025-11-06,1466.699951171875,1483.0,1461.9000244140625,1478.5999755859375,7944752
2025-11-07,1476.800048828125,1480.9000244140625,1449.0999755859375,1470.0,8765759
2025-11-10,1513.5,1520.0,1490.0,1490.0999755859375,9787975
2025-11-11,1530.300048828125,1533.4000244140625,1511.0999755859375,1525.0,13692989
2025-11-12,1551.699951171875,1559.199951171875,1538.0999755859375,1540.0,14635417
2025-11-13,1541.800048828125,1557.5,1530.300048828125,1557.0999755859375,19655689
2025-11-14,1502.800048828125,1530.0,1488.800048828125,1520.0,9739549
2025-11-17,1507.5999755859375,1510.199951171875,1492.5,1496.0,7910354
2025-11-18,1486.4000244140625,1506.0,1483.199951171875,1506.0,7525119
2025-11-19,1541.0999755859375,1543.0,1490.5,1490.5,10981126
2025-11-20,1536.5,1555.0,1534.0,1555.0,7387584
2025-11-21,1545.0,1551.5,1526.300048828125,1531.0,9186302
2025-11-24,1548.0,1585.0,1541.0,1563.5999755859375,19270381
2025-11-25,1530.5999755859375,1550.5999755859375,1525.9000244140625,1549.0,8107952
2025-11-26,1557.9000244140625,1560.300048828125,1532.0999755859375,1532.0999755859375,7575038
2025-11-27,1566.4000244140625,1574.300048828125,1552.199951171875,1564.0,7552252
2025-11-28,1560.0999755859375,1568.4000244140625,1557.0,1565.0,4453221
2025-12-01,1564.0,1574.0,1556.0,1562.5,5341800
2025-12-02,1561.0,1579.9000244140625,1556.0999755859375,1567.0,6335969
2025-12-03,1578.699951171875,1586.0,1554.0999755859375,1555.0999755859375,12895312
2025-12-04,1597.5999755859375,1599.0,1568.0,1568.0,12609619
2025-12-05,1616.199951171875,1631.800048828125,1600.0,1610.0,10344725
2025-12-08,1610.800048828125,1630.0,1600.199951171875,1617.0999755859375,7550413
2025-12-09,1599.0,1606.9000244140625,1582.4000244140625,1601.199951171875,6957599
2025-12-10,1584.800048828125,1608.0,1582.800048828125,1608.0,5116140
2025-12-11,1598.0,1607.4000244140625,1580.5,1598.0,5159319
2025-12-12,1598.199951171875,1601.800048828125,1582.5999755859375,1601.4000244140625,4633912
2025-12-15,1606.800048828125,1610.800048828125,1585.0,1585.0,4190558
2025-12-16,1592.9000244140625,1603.0,1585.5999755859375,1600.0,5499258
2025-12-17,1602.0,1606.9000244140625,1586.0,1587.199951171875,4817628
2025-12-18,1626.800048828125,1630.0,1606.699951171875,1610.5,6577293
2025-12-19,1638.699951171875,1654.9000244140625,1629.800048828125,1650.0,13149023
2025-12-22,1689.5999755859375,1693.199951171875,1664.0,1664.0,23098923
2025-12-23,1668.300048828125,1679.0,1656.4000244140625,1679.0,6593060
2025-12-24,1663.4000244140625,1667.5999755859375,1652.5,1661.0,4271167
2025-12-26,1656.0999755859375,1668.800048828125,1651.699951171875,1663.4000244140625,2006491
2025-12-29,1644.699951171875,1673.0999755859375,1637.0999755859375,1658.0,4062817
2025-12-30,1621.5999755859375,1647.9000244140625,1616.800048828125,1647.0,9395937
2025-12-31,1615.4000244140625,1628.5999755859375,1609.199951171875,1621.0,6538656
2026-01-01,1629.800048828125,1639.5999755859375,1614.0999755859375,1615.4000244140625,3658165
2026-01-02,1640.4000244140625,1643.5,1627.5,1635.9000244140625,2524526
2026-01-05,1606.4000244140625,1637.0,1583.0999755859375,1637.0,5917885
2026-01-06,1612.199951171875,1619.9000244140625,1599.0,1600.0999755859375,4466729
2026-01-07,1639.0,1642.0,1615.0,1615.0,4508079
2026-01-08,1613.300048828125,1644.300048828125,1608.5999755859375,1638.9000244140625,3942131
2026-01-09,1614.0999755859375,1631.300048828125,1607.0,1610.0,6816681
2026-01-12,1595.9000244140625,1613.300048828125,1592.5999755859375,1610.0999755859375,6985362
2026-01-13,1599.0,1618.0,1586.4000244140625,1618.0,8080618
2026-01-14,1599.800048828125,1617.0,1583.0999755859375,1588.0,7557157
2026-01-15,1599.800048828125,1599.800048828125,1599.800048828125,1599.800048828125,0
2026-01-16,1689.800048828125,1694.0,1653.4000244140625,1663.699951171875,19335957
2026-01-19,1681.199951171875,1685.0,1666.5,1685.0,5104958
2026-01-20,1658.9000244140625,1680.199951171875,1652.9000244140625,1673.0,6406503
2026-01-21,1654.4000244140625,1657.0,1631.199951171875,1651.0,6224582
2026-01-22,1663.5,1671.199951171875,1653.800048828125,1666.0,6228892
2026-01-23,1670.800048828125,1675.699951171875,1662.199951171875,1667.199951171875,5869137
2026-01-27,1682.699951171875,1689.4000244140625,1661.0999755859375,1685.800048828125,10673087
2026-01-28,1666.5,1688.800048828125,1650.0,1680.0,8588664
2026-01-29,1659.5,1666.5,1642.0999755859375,1658.0,4749582
2026-01-30,1641.0,1655.0,1618.0999755859375,1655.0,9207926
2026-02-02,1629.4000244140625,1662.0,1618.0,1662.0,6784887
2026-02-03,1656.0,1728.0,1653.0,1727.199951171875,8805868
2026-02-04,1535.800048828125,1584.9000244140625,1510.0999755859375,1574.0,28828622
2026-02-05,1520.199951171875,1551.0,1515.699951171875,1534.0,10628127
2026-02-06,1507.0999755859375,1525.0,1480.0,1522.0999755859375,13900866
2026-02-09,1497.199951171875,1528.0,1493.0,1522.0999755859375,8294615
2026-02-10,1497.800048828125,1515.9000244140625,1491.0,1500.0,8657000
2026-02-11,1471.9000244140625,1505.9000244140625,1469.0,1501.199951171875,7934411
2026-02-12,1386.0,1435.699951171875,1380.5,1428.9000244140625,26048896
2026-02-13,1369.0999755859375,1377.300048828125,1281.5,1293.9000244140625,45785709
2026-02-16,1365.5999755859375,1376.0,1338.300048828125,1373.699951171875,14621891
2026-02-17,1391.199951171875,1431.0,1367.0,1370.0,25347684
2026-02-18,1373.699951171875,1401.0,1345.300048828125,1390.9000244140625,20241373
2026-02-19,1370.5,1402.0,1363.199951171875,1385.0,14574228
2026-02-20,1353.199951171875,1365.0,1338.199951171875,1359.199951171875,12633552
2026-02-23,1327.5,1352.0,1318.0,1352.0,12887826
2026-02-24,1275.5,1303.5999755859375,1264.0999755859375,1301.0,27839061
2026-02-25,1290.0999755859375,1323.5999755859375,1286.199951171875,1286.199951171875,16669618
2026-02-26,1289.0999755859375,1314.0,1286.300048828125,1305.5,11493914
2026-02-27,1300.0999755859375,1335.0,1294.199951171875,1326.300048828125,23141724
2026-03-02,1288.9000244140625,1298.800048828125,1273.0,1291.0,9700361
2026-03-04,1307.4000244140625,1317.0,1292.0,1292.0,15154950
2026-03-05,1305.800048828125,1320.0,1290.0999755859375,1320.0,10362147
2026-03-06,1308.4000244140625,1327.199951171875,1303.0,1303.0,8724291
2026-03-09,1315.0,1318.0,1282.5,1290.0,10068514
