Price,Close,High,Low,Open,Volume
Ticker,ITC.NS,ITC.NS,ITC.NS,ITC.NS,ITC.NS
Date,,,,,
2016-03-10,141.6927947998047,144.24784446711814,140.23597047823063,143.32891860929607,13915900
2016-03-11,144.0237274169922,144.33751221481756,141.19973882038693,141.69281247366246,12149994
2016-03-14,145.7047119140625,146.13055368246134,144.3375474866517,144.5616719292736,7708725
2016-03-15,141.8721466064453,146.13055363419264,141.1997732788017,146.13055363419264,16209915
2016-03-16,144.3599395751953,144.96508083469465,141.64800746470442,141.89454965333996,9728463
2016-03-17,145.07713317871094,145.68227437483753,144.11338229444223,144.897833662056,13035516
2016-03-18,145.5702362060547,146.48916239647568,144.33754645304435,145.86160330679388,14383934
2016-03-21,148.573486328125,150.70268379277613,146.2425716061464,146.46669597271534,16781906
2016-03-22,144.85302734375,148.28215767625093,144.4495927247497,147.25117466854687,19781991
2016-03-23,145.34608459472656,145.72710140064706,143.59790362675676,145.68227652082302,16015333
2016-03-28,144.53921508789062,147.83388079578782,143.57547491770322,146.57877360153273,17073110
2016-03-29,143.44102478027344,146.60120574369927,142.99276528482412,143.95651627439847,18701607
2016-03-30,146.73565673828125,147.58734005297143,143.70995091486265,143.70995091486265,14435320
2016-03-31,147.13909912109375,149.04417247027638,145.63744968490897,146.04087359790682,28529105
2016-04-01,150.63548278808594,150.9716747344919,145.90640973421887,146.17535902941046,14850746
2016-04-04,148.23733520507812,149.2683182295696,146.15296204069347,146.57880378166462,14209372
2016-04-05,146.33224487304688,148.08043652293657,145.32367973396256,147.0718607290197,8964083
2016-04-06,146.085693359375,147.43046099858833,145.68226946051013,146.51153502448165,6892514
2016-04-07,143.19447326660156,146.57878908480356,142.99275597404224,146.57878908480356,10412846
2016-04-08,143.97891235351562,144.53922868875588,142.99275432491285,143.216889382875,4985755
2016-04-11,146.69085693359375,147.161523548219,142.09626898083144,144.3375345153009,14365804
2016-04-12,144.51681518554688,145.97363972371951,143.88925622970115,145.68227268511856,6187731
2016-04-13,148.48387145996094,149.13383760310157,145.45816516347293,145.6822895826881,12397612
2016-04-18,150.3441162109375,151.6664662321599,148.39421783223645,150.1648166802293,14746380
2016-04-20,150.38893127441406,151.64403856225587,149.08899910682194,150.32169928220475,9345601
2016-04-21,147.90110778808594,150.8371743855628,146.84771790065753,150.43373985668413,7212220
2016-04-22,146.0408477783203,148.4390050297899,145.43570668839456,146.1080904126811,6515084
2016-04-25,143.8668670654297,145.90641528040922,143.62032487471603,144.02374883283832,6324530
2016-04-26,146.7581024169922,147.1839441553309,140.07913056932102,140.39290476684238,15023308
2016-04-27,149.5148162841797,149.94065789942235,146.15291888947198,146.15291888947198,9677599
2016-04-28,144.74093627929688,148.8200427622278,144.13579510398372,147.92353455495564,20225037
2016-04-29,145.6598663330078,146.1753578052244,143.48584356616672,144.85301845419028,10729330
2016-05-02,143.95654296875,145.23405772881603,143.17210202479384,144.8978763634315,3388196
2016-05-03,141.67044067382812,144.98751440532553,140.75151447234157,144.1582379813253,11124246
2016-05-04,140.14634704589844,143.21688864486504,139.02571438119264,141.1997477174281,6402669
2016-05-05,142.3876190185547,143.5754943866907,139.675686991052,139.85499717583014,6576427
2016-05-06,142.4100341796875,143.17206782283452,137.1654697506552,140.2808256634923,16183901
2016-05-09,145.59262084960938,146.08569450765327,143.216881005734,143.44100539575396,8857475
2016-05-10,145.00987243652344,146.1305049306035,144.203024712264,145.68225619490383,8564326
2016-05-11,142.54452514648438,144.22547438366536,141.69284164248583,143.44103353728104,11154663
2016-05-12,142.63414001464844,143.93407206850887,141.24455820913082,143.01515678660715,5782937
2016-05-13,143.14964294433594,144.2030435934029,141.26697669822974,142.54450174449212,9804509
2016-05-16,147.65460205078125,147.9235513470441,142.141088203227,142.67898679575276,13469690
2016-05-17,148.1476593017578,149.47000917705674,147.3408008477761,147.92353491310507,12444300
2016-05-18,149.1338348388672,150.07516803695634,146.04088594652657,146.84774449557915,7908685
2016-05-19,145.61502075195312,149.71654483299997,144.56163084359557,149.71654483299997,8918517
2016-05-20,148.08041381835938,151.8233280596886,145.59260669394237,146.46669705745018,21044560
2016-05-23,155.4766082763672,158.90574898394888,152.18195286736986,156.73171560621535,54852807
2016-05-24,156.0145263671875,157.69547549180322,155.3869673392043,155.99210859787263,16271995
2016-05-25,159.6005401611328,160.22809915422187,156.82137621061798,157.06790773037375,10338908
2016-05-26,162.46932983398438,163.16412067324146,158.50229139381952,159.57809897021156,13074273
2016-05-27,161.05735778808594,163.11932354814738,159.66777587320357,162.69348186684493,10925400
2016-05-30,163.82720947265625,164.74629817810228,162.12689372910157,162.40261706377635,7646107
2016-05-31,161.3226776123047,165.1828366463079,160.49549677530555,163.59742218325337,15054842
2016-06-01,166.07894897460938,166.44658003679356,162.21877912889423,162.21877912889423,12409528
2016-06-02,164.51651000976562,165.66536810630762,162.31070159054926,165.36667330283592,13708259
2016-06-03,162.63238525390625,165.3666687593345,162.01200233574662,165.3666687593345,7381218
2016-06-06,163.41358947753906,164.03397235077676,161.46053309313857,162.5404657130086,7694861
2016-06-07,166.6993408203125,167.15887967276106,164.05696511074342,164.05696511074342,11008034
2016-06-08,166.72230529785156,167.73330165396553,165.75727374824754,167.27376282082074,7611794
2016-06-09,162.72427368164062,166.79123031127708,162.03495455531794,166.63038626894988,12065100
2016-06-10,161.16183471679688,164.815206760253,160.8631399295927,162.24176738572092,11163385
2016-06-13,160.794189453125,162.47152247164792,158.84113315234495,160.1967890082346,12184759
2016-06-14,162.3566436767578,162.67833178510935,159.8291582327123,161.2537504705086,7849407
2016-06-15,165.2288055419922,165.43559256396193,162.56344742864292,162.67833760333406,9890057
2016-06-16,163.09193420410156,165.15988103368068,161.34567551732582,165.15988103368068,9057747
2016-06-17,165.36669921875,165.75731278050182,163.2987521362509,163.2987521362509,9326214
2016-06-20,164.53952026367188,165.89517654246345,163.1838639848803,165.66539614570692,9020745
2016-06-21,164.74627685546875,165.29772345344614,163.36763851413446,164.2867271006255,6913784
2016-06-22,163.00001525878906,165.04497954239727,162.0120012618089,163.5744442874697,9255264
2016-06-23,165.5504913330078,166.1249203898924,163.13788492481393,163.13788492481393,8991200
2016-06-24,162.72427368164062,165.48152834054187,160.9320505071185,162.01198307681105,12511364
2016-06-27,164.9530792236328,166.07896585077214,162.72429929787012,162.72429929787012,10639592
2016-06-28,169.34170532226562,169.64040009499058,164.95306041745576,165.4355816421898,16301081
2016-06-29,168.33074951171875,170.0080830007114,167.27379904341117,170.0080830007114,11999827
2016-06-30,169.29574584960938,170.8122348354419,168.26176714938234,169.11191940367056,21706947
2016-07-01,173.9486541748047,179.04957954692182,167.22782963813995,167.71035093426957,29020448
2016-07-04,168.81324768066406,175.08601332798872,168.1928647451351,175.08601332798872,14535927
2016-07-05,167.88262939453125,170.26076161593892,166.95206066580383,169.46805451653432,9335877
2016-07-07,170.2607879638672,171.39816569737926,168.12391599389105,168.53750094586192,9305981
2016-07-08,169.4680938720703,170.5365354014383,167.15888646746043,170.5365354014383,7165465
2016-07-11,171.74282836914062,173.43164181240647,170.08846668516318,171.1569081509321,7547920
2016-07-12,171.225830078125,173.67289894928047,170.2607876023797,172.9835906974592,4302932
2016-07-13,170.32969665527344,171.77726013744157,169.57145223790738,171.26027630043689,4510416
2016-07-14,171.43263244628906,173.01805785124978,168.95110082920127,170.26079200311105,6326605
2016-07-15,171.53602600097656,174.08649382609048,170.63991981714562,171.63942496895618,9705885
2016-07-18,171.57052612304688,172.29430813365394,170.67441974366574,171.67392511359043,7088259
2016-07-19,171.67388916015625,172.32873473219158,169.29575656849488,171.63942647825849,6980063
2016-07-20,172.50108337402344,173.70738656600898,170.9156578821562,171.67390248191958,9671252
2016-07-21,172.74237060546875,174.74138138953003,169.91617880196216,174.39672172116133,12168179
2016-07-22,172.22532653808594,176.60246893887054,170.3641671622123,174.50005989474045,16388121
2016-07-25,173.53504943847656,173.70738470588412,171.63943795936703,171.98409757098594,9212323
2016-07-26,173.53504943847656,174.77581530174754,172.67340587102746,173.46612407007052,7080363
2016-07-27,170.53651428222656,174.87919430777646,169.7782697771681,173.01804572539794,9241105
2016-07-28,175.2928009033203,176.05105642527928,171.12245561012594,171.91516289341513,11787316
2016-07-29,174.017578125,176.80930689791356,173.29379618671882,175.22388135546862,12596909
2016-08-01,172.74237060546875,175.91322207734407,172.01858857885387,173.70741330762195,9926094
2016-08-02,179.7733612060547,180.60054212999336,173.0180739941486,173.0180739941486,17425566
2016-08-03,174.18991088867188,179.22189985203525,173.19039470983756,179.22189985203525,11408861
2016-08-04,173.77630615234375,175.67192851186735,172.46660402702906,175.08600827765846,8995366
2016-08-05,174.0865020751953,176.80929436049803,173.0869968760231,173.81076783978548,4533189
2016-08-08,172.29428100585938,175.60299356630614,171.98409500626542,174.39669040522722,8739307
2016-08-09,170.70884704589844,172.32873510009392,169.6404055960267,172.32873510009392,9718838
2016-08-10,169.91615295410156,171.2258442021935,169.43363167642673,170.95012087872115,5457692
2016-08-11,173.4661102294922,174.2588174420902,169.95059994859037,170.26078592806073,11158153
2016-08-12,175.15492248535156,176.11996494534293,172.53552932480028,172.7078536541436,8603626
2016-08-16,175.84426879882812,177.84327938990995,174.70690183388817,175.25834851148437,10689714
2016-08-17,174.8792266845703,176.98163626444838,173.8452586995538,175.46514697357162,8649054
2016-08-18,173.8107452392578,176.05102689848152,173.3626976459687,175.36170778438276,6939437
2016-08-19,172.98358154296875,173.9830866476113,172.15640076136305,173.70736336147436,5531361
2016-08-22,175.15492248535156,175.60298103411765,173.36271013667792,173.46610910356202,4345966
2016-08-23,173.2937774658203,175.77530903002105,172.5355329237807,175.36172407705277,6694732
2016-08-24,172.50108337402344,173.70738656600898,171.70836516649163,173.1559289968743,5590189
2016-08-25,174.70689392089844,175.775324541148,172.50108546402706,173.77631404060725,9884849
2016-08-26,174.94813537597656,175.70637990177144,173.74183230166864,174.63793847549937,4936367
2016-08-29,174.25881958007812,175.0515377255974,173.0525164824589,174.3966812307781,4437169
2016-08-30,177.36074829101562,177.77434419956978,174.43115793927478,174.8792165324763,7989072
2016-08-31,179.25634765625,180.25585276800786,176.74034261355357,178.05004461681986,13265582
2016-09-01,179.9112091064453,181.28983659205576,178.6015069873576,179.9112091064453,8695602
2016-09-02,181.2209014892578,181.7723480845966,179.39421552660622,180.600518607904,9506919
2016-09-06,181.0140838623047,183.2888172054072,179.98011614692976,181.28980712997878,9519864
2016-09-07,181.1519775390625,182.63400401895052,180.60053090617214,181.97915841159417,6656556
2016-09-08,182.59951782226562,183.04757634619068,181.08302885389585,181.6344754157777,8645619
2016-09-09,178.05006408691406,182.2893456054045,177.18842052498385,181.28984038434896,10131678
2016-09-12,173.87969970703125,176.9471515161826,173.53504011393193,176.43016758813147,7627126
2016-09-14,173.60397338867188,174.46561689486722,172.01854802648896,173.01805318289212,13020551
2016-09-15,176.39569091796875,177.77432926641424,174.05202101808513,174.05202101808513,8077776
2016-09-16,179.46316528320312,180.73840482385464,176.05106443356038,176.46464943628158,14578809
2016-09-19,178.42919921875,181.01413009053317,178.01561421161563,180.2558854491883,6724348
2016-09-20,177.11949157714844,178.70491710761493,175.94766196440162,178.67045442220385,6944197
2016-09-21,174.84474182128906,178.39471486848302,174.39668325890685,176.94715113450567,9139238
2016-09-22,175.94766235351562,177.29182724268387,174.91368348012648,176.08552401866152,7988449
2016-09-23,174.70689392089844,177.15396301908999,173.56951608427664,175.775324541148,5143011
2016-09-26,170.98455810546875,174.569004469707,170.60543586134264,174.39666922579846,10060086
2016-09-27,169.4680938720703,171.8117639612157,168.88217361898487,171.39817897720053,6900812
2016-09-28,170.22633361816406,171.91515803700747,169.22682840955764,169.77828596238646,7646466
2016-09-29,169.36468505859375,171.84621666495056,166.1249088973163,171.0190467449621,18104875
2016-09-30,166.3662109375,170.22637096133462,165.78029057258271,169.3302645300013,9912734
2016-10-03,167.02102661132812,168.330728792993,166.50404264492238,168.330728792993,6714964
2016-10-04,166.26275634765625,168.15836757302526,165.6768361786532,167.5035220448423,8002732
2016-10-05,165.5734405517578,167.67584974340394,164.88413233010047,166.67634462960456,6470467
2016-10-06,163.64337158203125,166.81421134442593,162.43706850347033,166.81421134442593,8986109
2016-10-07,164.71180725097656,165.6079243792465,163.1953181465131,163.98802538115652,4164582
2016-10-10,165.50450134277344,167.22778813751506,165.1253791217858,166.81419231593284,5241260
2016-10-13,164.71180725097656,166.43509429630166,163.3331797993556,165.50452540881568,11089281
2016-10-14,165.36669921875,165.7802842659706,164.0914595408899,164.74631618632006,9579094
2016-10-17,165.8491973876953,166.641904681536,164.40163353995504,165.36667610511523,6379993
2016-10-18,169.53701782226562,169.95060277617236,165.64238521099384,166.12490645214947,12234489
2016-10-19,165.0564422607422,169.33019655509906,164.33266049872412,169.33019655509906,8734555
2016-10-20,164.98756408691406,166.3661917274384,164.12592044618668,166.12493107110686,4572220
2016-10-21,165.53900146484375,166.228320707941,164.57395889378623,164.74629416615883,10999941
2016-10-24,166.3662109375,166.81425869156746,165.2288438219771,166.12495025331046,9944640
2016-10-25,164.57391357421875,167.43457781443956,164.16032869616933,167.43457781443956,6177333
2016-10-26,164.57391357421875,167.15884363921305,160.95501585250412,165.3321579789061,24852951
2016-10-27,167.5724639892578,168.74429344366365,165.19432055330142,166.26276196544407,15943817
2016-10-28,167.5724639892578,168.39963386653423,165.09092158784307,168.39963386653423,9674418
2016-11-01,165.40110778808594,167.36565523516592,164.84965031570138,167.36565523516592,5730426
2016-11-02,163.57443237304688,164.7117991454241,162.05794334321064,163.3676344423619,4867894
2016-11-03,165.6424102783203,167.02103792317155,162.67835701877112,163.4021389900374,9210542
2016-11-04,171.67388916015625,176.74035125014555,170.2952617290945,173.36271349788453,36621117
2016-11-07,176.8092803955078,178.98062588488267,170.26078124687746,174.94813180027012,25202734
2016-11-08,176.18893432617188,177.42970031545505,173.84526402161504,176.80931732081345,10317962
2016-11-09,171.0535125732422,175.77531524866288,164.43608755246294,164.84967252006317,23914156
2016-11-10,173.05250549316406,174.39667015612523,169.26127210848375,174.29327119386747,12012673
2016-11-11,167.4690704345703,171.60495272416443,166.12490568657347,170.95010715269768,13232720
2016-11-15,163.71229553222656,170.19185849602454,162.5404660683029,166.77974722416113,22012736
2016-11-16,159.16281127929688,164.8151932157876,157.19826376572152,164.02248604369692,31846924
2016-11-17,159.57643127441406,161.29971844451023,157.43954819264903,157.47401087755594,9640577
2016-11-18,157.0604248046875,159.5074938801123,156.54344084186735,158.54245132380996,8575440
2016-11-21,154.54440307617188,157.5773920858694,154.13081813433845,157.30166879131377,7878052
2016-11-22,155.8541259765625,157.23275355711274,154.06191339880618,155.09588135341968,9570300
2016-11-23,154.85459899902344,157.02594450715404,154.061891801373,156.64682224873056,10720504
2016-11-24,154.06187438964844,155.26816639019341,153.0968320506573,155.0958420824567,18697423
2016-11-25,157.71527099609375,158.85264882622064,153.75171270263536,154.75121794719817,7890103
2016-11-28,161.09291076660156,161.43757036445965,156.68129412968818,157.43953869105846,9472016
2016-11-29,159.26625061035156,162.43710194881095,158.714792979525,160.64487830262158,8945347
2016-11-30,160.26571655273438,161.57541854610815,157.95650945515234,159.9210569836155,11507955
2016-12-01,160.95506286621094,161.98903082494513,159.26623833862809,160.47254157261582,5358757
2016-12-02,157.5084686279297,160.61038303716717,157.163809043971,160.61038303716717,8693600
2016-12-05,160.30018615722656,160.74824470875552,156.78468680066067,157.7841919480449,5320355
2016-12-06,158.68031311035156,160.61039822447265,157.95653119255616,160.61039822447265,5100487
2016-12-07,156.6123809814453,159.57644522242992,156.12985965778716,159.57644522242992,8419775
2016-12-08,160.81716918945312,162.19579650108346,157.37059544878,157.88757932524206,7648947
2016-12-09,162.78173828125,165.15987098278524,160.3001956828527,161.33417449631725,8648965
2016-12-12,160.1278839111328,161.78223485005668,159.8866232613734,161.43758614171202,3155645
2016-12-13,162.43707275390625,163.29871627211105,160.05892921588796,161.85115253996003,7727181
2016-12-14,160.7137908935547,163.0229982182824,159.92107271428588,162.67833861526103,6556449
2016-12-15,158.33566284179688,161.5754503208023,157.50849282107797,159.92108843297035,5538310
2016-12-16,156.02645874023438,159.09391079227322,155.7851980982809,159.09391079227322,13422991
2016-12-19,156.47447204589844,157.85309930144422,155.3371053793127,155.3371053793127,5665425
2016-12-20,158.50799560546875,159.09391588657405,156.8191710577169,157.50849032056982,6145411
2016-12-21,155.99197387695312,158.40458012241575,155.44052726267353,157.8531225849404,13379223
2016-12-22,156.85360717773438,157.43952735960286,154.57887365734385,155.2681818802523,6668113
2016-12-23,154.8890838623047,156.81916903483838,154.26870090301838,156.81916903483838,11177602
2016-12-26,155.0958251953125,155.68174525493154,153.02787911166416,155.02688892580736,9071721
2016-12-27,161.33416748046875,161.92008769029945,154.6478063983913,155.78518413606142,16206836
2016-12-28,162.2991943359375,162.95403984670367,160.4035722377912,160.4035722377912,14711711
2016-12-29,162.6783447265625,163.3676530353044,160.12787667622655,162.19582344884498,14593942
2016-12-30,166.57298278808594,167.08997772354041,162.8851474799628,163.67786576552805,10821396
2017-01-02,166.09046936035156,166.98657569348066,164.47057013077574,166.81424041040378,5075736
2017-01-03,167.7447967529297,169.36468483139538,164.91860555543775,166.05597238629292,7798116
2017-01-04,169.1923828125,170.26081349611175,165.50454760401462,167.40015923880736,9668664
2017-01-05,170.0884552001953,170.84669970282076,168.26176930394584,168.53749259159235,9532162
2017-01-06,167.29673767089844,171.6394288859751,166.95208900069503,170.26079051237863,8404984
2017-01-09,169.4680938720703,169.98507783288838,166.88316314478365,167.4001471056017,5041639
2017-01-10,171.60498046875,172.22537438184784,169.36470916761996,169.57150713865258,12438618
2017-01-11,170.63990783691406,172.67338067936447,169.9850513934176,172.19085947813326,7931415
2017-01-12,168.6409149169922,170.74332439213384,168.2962662212875,170.74332439213384,5816779
2017-01-13,172.08743286132812,173.0180124350624,167.1588336035631,169.57143922199054,4553691
2017-01-16,171.5015411376953,172.9146310554625,170.3297008830839,171.81172707831985,4813933
2017-01-17,173.6728973388672,173.9141579555664,171.50156271176985,171.50156271176985,4996927
2017-01-18,172.91465759277344,175.29279022091305,172.19087572264493,173.43164152195217,7534139
2017-01-19,175.18939208984375,175.6029770247419,172.01854148603928,172.15640313100533,9538148
2017-01-20,176.051025390625,176.67140821872258,174.8791850913327,175.25830732388152,11261533
2017-01-23,178.9806365966797,179.32528526875439,175.80978579730493,175.84424847987324,11101905
2017-01-24,179.11846923828125,179.73885204000615,177.3951824642461,178.94613400696136,8341113
2017-01-25,183.0131378173828,183.63353170318786,178.94618041290727,179.18744106076585,18123606
2017-01-27,177.42967224121094,184.01263440354444,176.53356604033885,181.6344908643748,25440485
2017-01-30,176.53358459472656,179.91122273652186,176.1199886714722,178.119010146409,9253765
2017-01-31,177.91220092773438,179.1874294562885,175.49959460539296,176.60249879229247,10380649
2017-02-01,185.90823364257812,186.18395692897607,178.18790516107106,179.22187294666082,35144107
2017-02-02,189.07911682128906,192.93928718950727,185.77039312098958,186.8043829313292,30867395
2017-02-03,188.2174530029297,189.90626643451452,186.4596923604621,188.87229858157704,9356904
2017-02-06,190.80238342285156,192.31887251893414,188.94122381177394,189.49269226648775,8538188
2017-02-07,191.00914001464844,201.38331174277573,189.97517238626978,192.04310764302707,25251605
2017-02-08,189.42373657226562,192.3188639058868,187.49365168318485,189.90625779453583,11114871
2017-02-09,191.38832092285156,191.90529397245038,187.94174653995307,190.25095399806224,5070408
2017-02-10,188.4242706298828,192.3878181213307,187.18350470744093,192.1120947881651,7975779
2017-02-13,186.5286407470703,190.49221015998683,185.15002405512968,189.83736450051578,9312915
2017-02-14,186.66648864746094,188.5276482433815,185.52912183466157,186.11504204362933,6911954
2017-02-15,188.45872497558594,189.90628887934096,186.9422356991932,186.9422356991932,7827599
2017-02-16,183.80584716796875,187.14902246720743,183.15099062790608,186.14950631498488,10982700
2017-02-17,184.8397979736328,185.35679280562096,181.979144211543,184.2883513837725,9700816
2017-02-20,183.39222717285156,184.3572695908483,183.04757852916256,183.35777541631646,5934404
2017-02-21,181.39321899414062,183.5301017786614,179.773331027291,183.357777454901,10251239
2017-02-22,181.60003662109375,183.53012168792077,180.35927077047526,182.25488223025457,8815003
2017-02-23,183.1165313720703,184.87429215003672,180.32480266146194,181.97916446152487,12837302
2017-02-27,182.39273071289062,183.35778409978528,177.739853647595,183.04758719794106,5270544
2017-02-28,180.73837280273438,182.39272344371741,179.84226666066834,181.2898193753304,8558167
2017-03-01,185.0810546875,185.90822450604225,180.87622562220213,180.87622562220213,15139871
2017-03-02,182.4961395263672,186.287373299793,181.63449598346114,185.0810810782813,10453722
2017-03-03,180.29031372070312,181.56555303153652,177.946643947922,180.60051060923934,10371862
2017-03-06,182.04808044433594,182.70292600040491,180.29031986247406,181.08303798916359,9927375
2017-03-07,182.15147399902344,182.66846884650553,180.01460201448123,182.1859476043193,7183529
2017-03-08,182.08253479003906,183.01310359835915,181.63447626402157,182.28932179011312,5993605
2017-03-09,182.63401794433594,183.56458693909101,180.80733171801313,183.42673619355378,9847115
2017-03-10,181.60003662109375,182.70294081310973,181.04857906348767,182.6340045222104,5880374
2017-03-14,184.11602783203125,187.25240490228373,182.80632579079438,183.495634031028,18508020
2017-03-15,184.87428283691406,186.5975699199703,182.80633615260737,182.80633615260737,14475482
2017-03-16,185.04656982421875,186.9766544630761,184.39172436026087,186.28733539971455,9020039
2017-03-17,193.86984252929688,199.1431028053614,190.80239061607236,190.80239061607236,54015422
2017-03-20,194.31787109375,195.9033073046747,191.49169101241716,195.00719023561336,16509511
2017-03-21,198.4537811279297,198.93630238400036,195.07613233543498,195.2140049141945,13734401
2017-03-22,192.90478515625,198.41929471567292,192.04314167219079,196.45475805828525,12874461
2017-03-23,191.3538055419922,194.73145381688585,189.63051872673458,191.28488018637066,17547913
2017-03-24,193.69752502441406,195.07614164584774,192.14656220970744,192.2154875791809,7398317
2017-03-27,194.111083984375,195.007201103377,190.4577119906475,193.31838768112559,12623097
2017-03-28,193.3528289794922,194.52466933793042,193.04265393457968,194.11107348286046,6532115
2017-03-29,195.21400451660156,195.55865319321074,193.14604691777114,193.14604691777114,8828112
2017-03-30,194.90382385253906,196.21351514853717,193.0426858894253,195.76546746230488,14948411
2017-03-31,193.21498107910156,195.0761187613036,192.1465396688347,193.6975023015966,9929324
2017-04-03,194.0766143798828,195.4897043693651,192.07760423335904,194.93825781440458,7507187
2017-04-05,192.28439331054688,195.4207922275712,191.4227498177536,195.21399429387833,10685034
2017-04-06,188.94125366210938,192.42230188909068,188.3208815913334,191.7674562074514,16243974
2017-04-07,187.9417266845703,188.97569452092614,186.73541267016273,188.18297637961726,9480161
2017-04-10,188.56211853027344,189.56163471352306,187.56262419341704,189.56163471352306,5687364
2017-04-11,194.4212646484375,194.80038688895647,187.35579279528096,188.25190983941184,11355730
2017-04-12,194.31787109375,196.31688131268078,192.69798312588557,194.18002037321128,7507416
2017-04-13,192.42227172851562,194.38683031190007,191.28490490503674,194.31788310098042,4085766
2017-04-17,192.38778686523438,194.73146758596826,189.94072902695282,190.63004817107398,5017073
2017-04-18,192.3533477783203,195.7654482738454,191.69850219450765,193.1460440922033,4497780
2017-04-19,192.11207580566406,194.0421607935059,191.52615558818414,193.80091109322137,5143709
2017-04-20,192.66351318359375,194.04215149351768,191.8708169094583,192.80138575314228,4400814
2017-04-21,189.11358642578125,194.3868469612727,187.9761976584929,194.3868469612727,9041742
2017-04-24,190.76791381835938,191.31938228463898,186.9077656327526,190.52666411455533,7392939
2017-04-25,193.904296875,194.38681808914095,188.80336144642303,191.62954152468424,13211107
2017-04-26,200.52171325683594,201.90035163392244,194.38683146405793,195.28292674741186,19671557
2017-04-27,197.0062255859375,201.21104448739106,196.11013024895436,200.86639579568873,14075606
2017-04-28,191.62953186035156,197.4887114947448,191.1814842720989,197.00619030493854,12851433
2017-05-02,192.45672607421875,193.90428966279993,190.59556664707463,193.3528212625863,7298698
2017-05-03,191.1125946044922,192.6635355754228,189.90628048151035,192.6635355754228,6271881
2017-05-04,193.83538818359375,194.52470746167597,190.35436187582906,191.56065422767725,8070845
2017-05-05,191.0436248779297,193.66302892401947,190.5266518973318,193.66302892401947,4192254
2017-05-08,188.14852905273438,191.97422542983435,187.87278389991312,191.31937984626458,11038927
2017-05-09,187.14898681640625,190.69895939133085,186.8043381930962,188.52762500242315,7008749
2017-05-10,188.8378143310547,190.044128296806,187.49364964409125,187.6315222116934,4754549
2017-05-11,190.69898986816406,192.42227695290063,188.87230381063196,189.90627169219553,9778012
2017-05-12,189.52716064453125,191.14704885251592,188.90678861736782,191.14704885251592,4672675
2017-05-15,191.5950927734375,192.24993832153243,189.90625757425565,190.18198086574873,5673245
2017-05-16,195.3863067626953,195.97222692379472,191.6295361190288,191.9742066030581,11635819
2017-05-17,194.14556884765625,196.04118031855248,192.4912070883321,195.83438236783792,8617269
2017-05-18,191.5606231689453,193.73195778877985,190.97470296989346,191.62954853166002,8229448
2017-05-19,197.28195190429688,203.79597830897092,194.3523724411633,194.559170397882,37099971
2017-05-22,209.2760009765625,210.10317081554413,200.79743912623536,201.59013536286344,37323445
2017-05-23,206.8979034423828,209.48283420202657,205.58821218167577,208.1041957249927,20546707
2017-05-24,206.7255859375,208.13867622308118,205.34694741482963,206.79451130971538,9822098
2017-05-25,206.82896423339844,210.0342668007636,203.58916621378498,206.79449062754168,23646915
2017-05-26,213.06727600097656,216.30705231291682,206.48430255509763,208.17313792573339,22579834
2017-05-29,217.7201385498047,220.47739354079798,209.20710202267722,209.55175070415433,20422509
2017-05-30,214.68714904785156,217.27207956329536,213.7221065743746,215.68664327984425,8876322
2017-05-31,214.9283905029297,216.03130550735787,211.61968918242528,214.68714081700514,12782086
2017-06-01,216.58274841308594,218.34050893108602,214.23906772241915,215.06625942330848,8570891
2017-06-02,220.02931213378906,220.51183332167503,217.27205756575003,217.89242946652416,11500232
2017-06-05,222.25778198242188,222.8179065686852,219.35222583522602,220.54246007074337,9847609
2017-06-06,217.77699279785156,223.34304775891215,216.5517435479598,222.29284996565406,10220219
2017-06-07,218.61712646484375,220.36746335554326,217.28687752849027,217.952001996667,11978598
2017-06-08,218.16204833984375,219.31726803751715,216.62173322030557,219.14221659510338,8081100
2017-06-09,214.2412872314453,218.8621660365871,213.33110404741421,217.56693180810117,10453119
2017-06-12,213.1210479736328,215.29147272584126,211.790799094179,214.94141423839733,6507632
2017-06-13,213.71617126464844,214.24128120013486,211.5807611758476,213.57615674138964,5303687
2017-06-14,209.93548583984375,214.2413215539468,209.44539053751242,213.50616750579454,15135338
2017-06-15,211.37071228027344,212.10586617283772,209.69040490445252,212.10586617283772,7713717
2017-06-16,214.80137634277344,216.7617571159595,211.79079792375356,211.79079792375356,12798297
2017-06-19,217.6719512939453,218.33707576376318,215.71157042123585,216.34168016500288,7251573
2017-06-20,216.13165283203125,218.58212911163403,215.71158703360538,218.44211457526157,8579082
2017-06-21,216.30665588378906,217.74192660163467,215.08140692350588,216.62169961478443,8598645
2017-06-22,217.95204162597656,219.98243012564825,215.78161638629166,216.0966824093383,9289243
2017-06-23,217.74192810058594,219.0721768541561,216.0615987033948,217.04178900264765,7453263
2017-06-27,218.68716430664062,221.592721288771,217.74198846650418,218.2670762935534,10061814
2017-06-28,215.88661193847656,218.1620589070025,215.01144344124475,218.1620589070025,8224059
2017-06-29,218.16204833984375,219.31726803751715,216.06163073464091,216.41171143016152,10311615
2017-06-30,226.59869384765625,227.33382567378948,217.2168762459741,217.2168762459741,24090343
2017-07-03,239.79620361328125,248.40787372859663,238.25591066629661,242.24667975135097,48892799
2017-07-04,236.1205291748047,240.46135729702112,235.42038988043174,240.00627674086815,11664585
2017-07-05,231.77969360351562,236.54060958720865,231.21956887243297,236.12052158622396,12439637
2017-07-06,236.01547241210938,237.17069209250081,231.95469616782918,234.05509155230334,13946670
2017-07-07,234.05503845214844,236.78556514607317,233.1798702089495,236.6455506531702,10301830
2017-07-10,233.35491943359375,234.54515367185803,231.74461949129184,232.75982450376512,1316454
2017-07-11,231.3245391845703,234.5801760861305,231.04448797625938,234.54516136410257,8657755
2017-07-12,230.2393035888672,233.5649474086966,229.2241208351173,229.92425987970802,10643992
2017-07-13,237.17071533203125,237.6958253242568,231.74467489937211,232.44481415923656,18165609
2017-07-14,236.05047607421875,238.01085684214155,234.40516125599186,238.01085684214155,5801768
2017-07-17,227.64886474609375,234.54519039870408,224.53326415765758,234.54519039870408,21102802
2017-07-18,199.223388671875,204.89448743265862,193.51729737360475,204.89448743265862,155236591
2017-07-19,204.05429077148438,205.0694735525873,200.37856623566998,201.49879317505886,40641441
2017-07-20,202.68905639648438,206.46978125351765,201.91888778385552,205.83964934935923,15896377
2017-07-21,202.26901245117188,204.26438620302903,200.62369726266525,204.08935692135375,13681787
2017-07-24,205.3145294189453,206.7847925861213,201.7088343710039,203.0390830409737,18479650
2017-07-25,204.01927185058594,206.64477664249787,203.63419870201093,206.53975467567724,9927828
2017-07-26,205.5946044921875,206.01467022191872,204.08930424184481,204.43938490414317,9564282
2017-07-27,202.02392578125,206.8198561342513,200.76368406234621,206.32976089971606,19620418
2017-07-28,204.1243438720703,206.3647760647983,201.04373573875216,206.04971008707696,19206912
2017-07-31,199.71348571777344,203.24917434106504,199.18839794693102,202.68907184311016,22065527
2017-08-01,201.53384399414062,202.02393926137765,199.53847038494567,199.7485143836628,14063559
2017-08-02,199.853515625,202.9691161739779,199.04835444331627,202.89908672213988,10247374
2017-08-03,197.01797485351562,199.81850955850777,196.4928648885075,199.53845830693933,10592033
2017-08-04,196.56285095214844,199.11834885736403,195.79270454607885,196.31781445444685,11717562
2017-08-07,195.9327392578125,198.13815647190773,195.6526880393008,197.1579661124643,8776750
2017-08-08,191.9419708251953,197.01795186726,191.48689036815466,196.10776876387365,13231816
2017-08-09,191.03176879882812,192.81712010539854,189.31644693202327,191.83692984170924,10291858
2017-08-10,191.20684814453125,192.29203834781103,189.5615110985002,190.89178218746324,10380837
2017-08-11,190.0865936279297,192.15199612970565,189.10640336231748,189.73653518562656,14964550
2017-08-14,189.91160583496094,192.11702331903678,189.38649586765348,192.11702331903678,10066349
2017-08-16,195.47764587402344,197.26297504763085,189.98157727994672,190.43665770626964,19412233
2017-08-17,196.0377655029297,198.06815352328633,194.56747993178064,197.33302183236455,14231781
2017-08-18,197.3330078125,198.8382858114635,193.79731974812833,195.51264169794814,15442589
2017-08-21,197.15798950195312,199.53845842566275,196.70290899154708,197.68309946727368,13592218
2017-08-22,198.06817626953125,199.53846200952862,196.2828245446827,197.43806648913696,12417415
2017-08-23,197.82310485839844,199.9585147303361,197.1579582778963,198.48822924959646,9084531
2017-08-24,197.05294799804688,198.48824103137423,196.8079114980309,197.4380433940242,11235986
2017-08-28,197.75306701660156,198.13814018406353,195.5476499838015,197.50803054153633,10358573
2017-08-29,196.21278381347656,198.06814248875554,195.61766667335837,197.68306930271484,6377756
2017-08-30,197.4380340576172,198.06814373450857,196.4578437252934,196.84291691375603,6785885
2017-08-31,197.61309814453125,198.2432079325577,196.31784165065977,198.13818593633525,11654017
2017-09-01,198.55825805664062,199.08336799579723,196.527869940746,197.57806762975267,7526993
2017-09-04,198.20822143554688,198.7333092433577,197.43807489931052,198.45325797466347,8807199
2017-09-05,198.0331573486328,198.76831129772063,197.1579888687809,197.89314281786872,8121365
2017-09-06,193.02719116210938,196.73790879744877,192.71212520681317,196.38782811735098,14710804
2017-09-07,189.31649780273438,194.3224724366679,188.72138054063194,193.93737698238797,19958290
2017-09-08,190.68174743652344,191.3468719185141,189.03643250023907,189.841593699689,10090288
2017-09-11,191.55691528320312,192.11701777262246,190.0866296064971,190.71676154907414,9672742
2017-09-12,194.39242553710938,194.81249122500893,192.25701581016952,192.88712543667012,11906324
2017-09-13,190.0865936279297,194.28740588208163,189.7015204656751,194.2173986314816,12593161
2017-09-14,190.43670654296875,190.78678727471228,189.3165014557317,190.646750544153,7312288
2017-09-15,188.54632568359375,190.96178694416378,187.7761792581745,190.43667702260254,13653947
2017-09-18,186.93603515625,190.22668757515285,186.41094733474804,189.73659229483198,10543289
2017-09-19,187.53111267089844,189.03641292313785,184.90561864687686,187.63613465078978,35187337
2017-09-20,190.12164306640625,190.43668684628875,187.46112297542936,188.6163426731503,9974675
2017-09-21,188.7213592529297,190.71675481128844,187.00603711869306,190.43668138716632,8058682
2017-09-22,187.9512176513672,189.70155455603324,186.97102720960964,188.6863493880319,7142399
2017-09-25,183.6103515625,188.79134314385058,182.66517598833656,187.98620426441306,18260404
2017-09-26,183.75039672851562,184.66057986789255,182.77020632897307,184.3455139131883,9950366
2017-09-27,180.98487854003906,185.88581978620508,179.79464408736746,185.60576853663073,18208892
2017-09-28,183.1202850341797,184.41554145293753,181.404951749547,182.31513493425615,22436773
2017-09-29,180.84486389160156,184.06548674114296,180.24974662914525,183.99546837717276,12640792
2017-10-03,183.01527404785156,183.96046092121634,180.98488576539887,183.78542056225402,11940746
2017-10-04,187.2161102294922,187.9862567924239,184.2405237915199,184.9056594460422,11194466
2017-10-05,185.71075439453125,188.6163105064924,185.11563728398934,187.21605453107307,7204474
2017-10-06,186.34092712402344,187.28610288854392,185.2907182699791,186.09586840622447,8158755
2017-10-09,187.63613891601562,188.44130005038343,186.51593402411726,187.63613891601562,6323114
2017-10-10,186.3759002685547,187.5661346270187,185.64075747561859,187.00603217220237,5683301
2017-10-11,185.8157958984375,187.46111071081748,185.15066037188294,186.5859423131981,7959877
2017-10-12,186.93603515625,188.4763504581939,184.83563949162306,185.92085205442714,9518815
2017-10-13,186.2008514404297,187.35607095297172,184.97561358107373,186.41089538621978,12504487
2017-10-16,187.28610229492188,189.0014245568456,185.88582382730107,186.23590453886024,9504724
2017-10-17,187.11106872558594,188.12625173032478,186.20088552365848,187.6361564968727,11038203
2017-10-18,189.28146362304688,189.56151486067455,187.0060389963322,187.6361487336678,7508323
2017-10-19,188.79136657714844,189.946586242138,188.33628609408458,189.73656445793597,1283342
2017-10-23,186.9710235595703,190.96179251187363,186.09585512432227,189.03642639218924,10144269
2017-10-24,186.93603515625,187.9512404473824,186.30592533258573,187.9512404473824,8723712
2017-10-25,188.51132202148438,190.08662968930616,187.77619027746465,187.91620480522693,6169387
2017-10-26,187.91616821289062,189.59649754398234,187.04099992222035,189.59649754398234,9616793
2017-10-27,188.5813446044922,193.23726072229292,187.2510955361542,189.45651313667432,23852749
2017-10-30,185.64076232910156,189.45649091259355,184.45053903417264,188.33628597367368,18266520
2017-10-31,186.02584838867188,186.9010279732446,184.76560665076116,186.2708960096353,8452918
2017-11-01,188.931396484375,189.8765721418131,186.44590580645647,186.9360009972217,7516426
2017-11-02,185.99082946777344,189.00140793806258,185.7457818669521,188.82637869232718,10056813
2017-11-03,185.8157958984375,187.56613269367622,185.46572632045923,186.93600079652367,6210456
2017-11-06,185.46572875976562,187.56613516060787,185.04565191745831,186.41091552327316,9368140
2017-11-07,185.74578857421875,187.4261071157749,184.59056888348306,186.0258398153692,9872847
2017-11-08,185.8157958984375,186.5859423131981,185.32570070819844,185.7807922690355,6186540
2017-11-09,182.070068359375,186.58593580214816,181.54496955805763,186.51592854578712,21026098
2017-11-10,183.22528076171875,185.6757565313837,181.61496969803207,182.42013077720136,17438746
2017-11-13,180.84486389160156,184.34553800771496,180.63481989434536,184.13549401045876,7681031
2017-11-14,179.6195831298828,182.63016126811948,179.2345099560143,180.9848465989264,8656529
2017-11-15,177.34414672851562,180.17969562458046,175.31375889672557,179.93464805214705,17666898
2017-11-16,178.60443115234375,178.95450078206792,176.71406846541856,178.3243798864262,10343428
2017-11-17,180.63479614257812,181.3349353116009,179.23452889918556,179.58459848369694,10383570
2017-11-20,181.47496032714844,182.52515798256132,180.10969671831995,181.05488348391387,8221147
2017-11-21,179.09449768066406,181.6849992114111,178.67442084918585,181.6849992114111,17266541
2017-11-22,180.73983764648438,181.0899072688017,178.95449699571643,179.23454825570863,8941555
2017-11-23,180.73983764648438,182.52517829725235,179.51459951570084,180.87986327648048,7814131
2017-11-24,182.5601806640625,183.05027588319015,180.66981814513585,180.98487301763026,7630740
2017-11-27,181.5099639892578,182.38513240047462,180.14470038018732,182.0350628170573,5022804
2017-11-28,179.93467712402344,181.4749700598104,179.23453791976382,181.40495170152303,18183221
2017-11-29,180.66981506347656,181.1248955487233,179.93467224732433,180.6348003379551,9032800
2017-11-30,179.26953125,180.77482046746977,178.2893408582238,180.56478759398405,22967997
2017-12-01,178.67442321777344,181.75500887875637,178.2893389154978,179.89965009949015,6847473
2017-12-04,178.60443115234375,179.44459604475085,177.51921862859518,179.2345520479855,6347174
2017-12-05,177.72926330566406,178.77946110420206,176.78407641125634,178.5344134719226,9337698
2017-12-06,176.15394592285156,177.30917675193442,175.62884705217053,177.30917675193442,8562019
2017-12-07,177.37916564941406,177.90426446571956,175.03371169597636,175.03371169597636,5635445
2017-12-08,183.57537841796875,184.27550653459244,177.4141844237584,177.6592320382401,13638732
2017-12-11,186.4109344482422,187.28610294622166,184.34553146757673,185.2907183270423,17842707
2017-12-12,183.1202850341797,185.67578314521563,182.38514219790852,185.18568792103488,9599026
2017-12-13,181.33493041992188,183.71538799787007,180.35474004759274,181.7550072532118,8986735
2017-12-14,185.01063537597656,186.34090643351746,180.3197385183287,182.66519249447902,8353203
2017-12-15,185.2556915283203,186.97102477909772,184.4505414442879,186.23589305198925,12742052
2017-12-18,184.27549743652344,185.88580866723393,181.36994093301786,185.88580866723393,9650962
2017-12-19,185.01063537597656,185.81579651747427,184.20548532913165,184.4155292955489,6107682
2017-12-20,184.34552001953125,185.32571045154208,183.92544316066375,185.32571045154208,7728106
2017-12-21,184.1704559326172,186.16582895580072,183.15525096673792,186.16582895580072,7032195
2017-12-22,184.20550537109375,184.97565187221366,183.54038086460906,184.48555662701844,6652053
2017-12-26,184.94064331054688,185.53576053451854,183.89043448683444,184.31052245418087,9917650
2017-12-27,183.5403594970703,185.04564869073923,183.1902899205921,184.9756303375825,6325599
2017-12-28,183.330322265625,184.8706151451179,182.77020870375742,184.41553466416943,16501935
2017-12-29,184.31051635742188,184.83561520458164,183.6103771647733,183.78540641560878,6818477
2018-01-01,183.64537048339844,186.44590490742195,182.91022770079542,184.31050600745985,10863895
2018-01-02,182.5601806640625,184.97564203358206,182.35013668596395,183.8554259748122,5907460
2018-01-03,182.84027099609375,183.8904689218105,182.4551976836872,182.94529300759658,11443370
2018-01-04,183.1202850341797,183.96044986058294,182.45516055621442,182.7002081683048,9729737
2018-01-05,184.06546020507812,184.48553704437515,183.36532104493025,183.36532104493025,9566733
2018-01-08,185.955810546875,186.79597526555685,184.31049583150164,184.83559462018326,14989106
2018-01-09,189.42149353027344,190.43667645653312,185.36070635197038,185.88580517731785,26728897
2018-01-10,188.61631774902344,191.83693990010875,188.37128126490475,191.4518667184194,17074502
2018-01-11,188.89637756347656,189.7365534085821,187.7061432424471,188.6863336022002,11722150
2018-01-12,187.3210906982422,189.9816108522646,186.34092241971547,189.21146436886738,8494789
2018-01-15,187.35609436035156,189.80657038521431,186.93600641628763,187.63614559329216,10944192
2018-01-16,183.22528076171875,188.12622120639674,182.59516000589804,187.7761627490034,13433905
2018-01-17,186.27088928222656,186.93601376025376,181.7200177368709,183.4353510216634,17006334
2018-01-18,191.41688537597656,192.71214184448203,186.69098439574998,187.63616015393373,27461089
2018-01-19,192.22206115722656,194.28746427980863,189.80659948712292,193.2372664479344,26700710
2018-01-22,191.59194946289062,192.8871838275198,190.2266856379933,192.53712528341666,8660321
2018-01-23,193.65731811523438,194.11242082092642,191.52190787705894,191.83697386039006,18947034
2018-01-24,197.05294799804688,197.4380433940242,193.2722231900035,193.6923111206657,17971710
2018-01-25,196.91294860839844,198.27821229863056,195.0575896911777,196.73791935361118,13629982
2018-01-29,192.99217224121094,198.34820460756998,192.5370917752149,196.8429265027263,9938281
2018-01-30,192.67709350585938,193.5522618450366,190.40166913758094,192.53707899760127,13560150
2018-01-31,190.0166015625,193.23722380841565,188.93138923961155,191.7669382924995,19675610
2018-02-01,192.7471466064453,203.24916796555587,187.2160846866972,190.43668504356788,61648368
2018-02-02,192.78216552734375,199.99355806450748,189.59655727119775,192.11704096719345,36356576
2018-02-05,195.51266479492188,197.22800913668854,190.33168361182766,191.521895825113,20465290
2018-02-06,191.4868927001953,194.14739040674797,187.74116044958865,189.001402044615,16432103
2018-02-07,192.6421356201172,195.16261911511205,191.83697439026082,194.6375091414431,13455081
2018-02-08,191.90696716308594,193.86734799764693,190.89178420974233,193.02719429253779,10156564
2018-02-09,189.98159790039062,190.78675905607182,187.49612936238256,189.73656139479104,14751166
2018-02-12,188.931396484375,191.73193092190257,188.54632327658126,190.75174054037208,6972242
2018-02-14,186.58592224121094,189.73653700943532,185.60573196617682,189.03639792879625,11738542
2018-02-15,187.70616149902344,188.9664253892568,185.39572207887656,186.58595651566998,12188244
2018-02-16,186.5509490966797,189.56152784400896,185.95584294962458,188.93141806351625,6401588
2018-02-19,184.90562438964844,187.49612596036488,183.78539729911716,186.23588435183316,6303342
2018-02-20,184.31051635742188,186.0958568756264,183.54036990230045,184.83561520458164,9659227
2018-02-21,187.7761688232422,188.3012565263179,184.45052461321112,184.8355978045218,10961665
2018-02-22,187.00604248046875,188.33629143131083,185.85081168808816,187.07604974385333,19855003
2018-02-23,188.3712921142578,189.0364165400927,186.3058893892824,187.25106503708435,6780714
2018-02-26,186.6209716796875,188.6863523962485,186.23589844209405,188.02122791216044,8701511
2018-02-27,186.51593017578125,187.77617174781733,185.88579829511076,187.63613504456671,7716072
2018-02-28,185.5707550048828,186.44591233945422,184.17048773705417,185.53575137421672,13969189
2018-03-01,184.8356170654297,186.3059027280019,184.0304558763125,184.97564268643845,8081243
2018-03-05,182.2100830078125,184.34549280748166,182.03504268813285,184.34549280748166,6878708
2018-03-06,179.58457946777344,183.7153735004375,178.88444037288727,182.77018683180637,8495423
2018-03-07,181.9650421142578,182.3851189265331,177.51918203207288,179.58458465539363,15736814
2018-03-08,181.22991943359375,183.36532954802016,180.45977297850925,182.24511349662816,6259151
2018-03-09,181.5099639892578,182.66519472400023,180.8098359170761,181.3349347448756,6345666
2018-03-12,189.1064453125,189.63155528174468,184.10048199804748,184.8356248603361,20666810
2018-03-13,188.65133666992188,190.43666592053742,187.0760291863812,188.79135118130512,8647577
2018-03-14,187.67115783691406,188.37129700466096,185.7457806729365,187.67115783691406,8211627
2018-03-15,185.92080688476562,188.96639982892316,185.67575930413975,186.9359897399487,5771710
2018-03-16,182.38514709472656,186.515952979344,181.22992736156428,186.515952979344,21477001
2018-03-19,181.43995666503906,183.5753667000788,180.84483948290594,182.42014706039888,13423983
2018-03-20,181.47496032714844,182.00005915485488,180.2847259626711,180.73981753049824,7769207
2018-03-21,181.36993408203125,183.19028921592408,181.1248864889044,182.0700732322945,13418488
2018-03-22,180.84486389160156,183.0502925788286,180.52979789571725,182.03508732185983,8319663
2018-03-23,179.23451232910156,181.19489294540736,178.3593439960582,179.23451232910156,11616470
2018-03-26,180.70481872558594,182.03506764534106,176.78405703876274,177.0641193697167,12981125
2018-03-27,181.26490783691406,182.38512379419765,179.86464066397266,181.19490058032582,9107151
2018-03-28,178.8844451904297,181.29991736658184,178.07929519481368,180.63478188013167,12743051
2018-04-02,180.80984497070312,181.29994019309714,178.84946408112705,179.9346765156643,7299774
2018-04-03,180.98487854003906,182.0350762732697,180.28473932144945,180.63480893074424,5294559
2018-04-04,181.05490112304688,181.89505489136735,180.0046922706653,181.6850219966142,8716184
2018-04-05,181.79002380371094,182.03506030460284,178.88445628663763,178.88445628663763,9464602
2018-04-06,182.6302032470703,183.43536450088737,182.07010071802745,182.3851556169505,6333848
2018-04-09,186.09584045410156,186.65594288307304,182.66518534002049,182.84021457541098,9572467
2018-04-10,186.7259521484375,188.1262080695348,185.60572522225738,186.48089349393155,15248015
2018-04-11,185.64076232910156,187.32108083213453,184.41553540349466,186.86600034936163,5433736
2018-04-12,183.40032958984375,185.64076164877923,183.01525636983794,185.60575801822955,6360898
2018-04-13,182.5601806640625,184.4855468144544,182.03507071881614,184.13547721584132,5183544
2018-04-16,185.15066528320312,185.46573124013688,182.03506481746132,182.3851344047256,5412918
2018-04-17,187.35609436035156,187.91619682623272,183.9254390201968,185.8158014845253,13716437
2018-04-18,192.78216552734375,195.26765668184296,187.63617613224335,188.12627141698195,24733011
2018-04-19,194.18240356445312,196.03776231290425,192.7121180172293,194.11239630676775,13317329
2018-04-20,193.37725830078125,195.51266844444166,191.48690686307896,193.2372437739254,11206130
2018-04-23,192.88717651367188,194.07741102138658,192.53711798284215,193.2372572338101,12198602
2018-04-24,193.2372283935547,195.23260166223415,192.2920305606279,193.2372283935547,8774762
2018-04-25,191.90696716308594,193.44726005043918,190.92677674580543,192.88715758036642,5118640
2018-04-26,194.8125,195.40761712307483,191.13679747682346,192.22200974894207,21064135
2018-04-27,195.61766052246094,196.70287279153573,194.9175214273188,195.7576972172108,10107682
2018-04-30,197.05294799804688,198.7332775313902,195.75771386068087,195.75771386068087,6146923
2018-05-02,201.11380004882812,202.12898323390826,196.2128468436818,197.5081035170372,16690653
2018-05-03,199.53843688964844,202.82906647901532,198.1731733164744,201.28877366606105,9727173
2018-05-04,194.0423583984375,200.93870537492435,193.13219752030028,200.93870537492435,11324148
2018-05-07,197.61309814453125,198.41823719649236,193.86736538764953,194.84755589285362,6725168
2018-05-08,197.9281463623047,200.2035934121758,197.43807328807088,198.2432123580054,6842664
2018-05-09,197.64808654785156,198.83832102059435,197.08798403925775,197.08798403925775,4376684
2018-05-10,196.1427764892578,198.80327406848832,194.1473811155307,198.10315714088296,5890656
2018-05-11,198.59324645996094,198.83828293955148,195.8627195168753,197.3679974940974,4042002
2018-05-14,199.3983917236328,201.14872842577748,197.43803325624643,198.13815018566086,6728839
2018-05-15,197.3330078125,200.2385640243028,196.52784673065221,199.43340294245502,8077078
2018-05-16,200.13357543945312,202.19897838172955,195.72271830346904,196.00276955490028,18758524
2018-05-17,195.30262756347656,202.12894606194394,194.9525690514761,201.63885083155893,11169294
2018-05-18,197.64808654785156,199.92353349931233,193.2372515560403,195.02258107584663,16016090
2018-05-21,197.68307495117188,198.83829454230232,194.98756257186744,197.64806022805703,8909610
2018-05-22,195.16258239746094,198.20817529313058,194.67248724401185,197.43802893618255,4913188
2018-05-23,191.45188903808594,195.6176872681885,191.1018305373051,195.33763602970248,8195839
2018-05-24,192.4320831298828,193.79734681180295,190.26165825367465,191.83696591578357,6524303
2018-05-25,194.43016052246094,196.35804906230385,191.89536715769054,194.50157972628924,9600297
2018-05-28,196.572265625,198.14312606832587,194.501583892465,195.64401962228038,7266559
2018-05-29,195.67974853515625,198.3216483933086,194.53729006294054,196.21525685023028,9171106
2018-05-30,194.14459228515625,195.42984403786295,193.2520557171748,194.57301707927974,8313920
2018-05-31,193.96604919433594,194.7157697986079,192.5022949581113,194.35876429746108,13721531
2018-06-01,192.75222778320312,194.00179251370872,192.14530022204264,193.60907734232995,6862252
2018-06-04,192.00247192382812,194.18025977210075,191.0028293741628,192.96640487184158,8291604
2018-06-05,191.0028533935547,192.68082017800586,190.5387190323483,192.07389265155263,6011246
2018-06-06,193.0735321044922,193.60906303938387,191.2170625796365,191.35985574250006,7577818
2018-06-07,193.53761291503906,194.43014924418856,192.8592889256307,193.1448978353996,7059595
2018-06-08,191.28842163085938,193.85892435469202,190.64578463507277,193.57331545533916,7030323
2018-06-11,192.2523956298828,194.14457479390265,191.46696533119479,191.71688731513828,8903144
2018-06-12,192.96640014648438,196.07243389471685,192.2523665385431,192.28807613932057,8774931
2018-06-13,191.25270080566406,194.07312529440532,190.7885892001664,193.85891297505086,8118945
2018-06-14,190.82432556152344,192.00247085356347,189.93178919213022,190.288794688024,9522749
2018-06-15,188.86074829101562,191.1813407055833,188.21812252521488,191.00283794862807,11231098
2018-06-18,188.89642333984375,189.57474731061654,188.1466914861761,188.82501545694888,6522996
2018-06-19,189.96746826171875,190.75289842374002,187.53976989054894,189.14633981455893,7618626
2018-06-20,188.32521057128906,190.64579144757565,187.8253893221468,190.25307636822512,9907628
2018-06-21,186.25454711914062,189.07496100503894,185.93323987382595,188.78935205035242,7412366
2018-06-22,189.3248748779297,190.50303163693354,185.6476227508161,186.04034921370462,17468481
2018-06-25,187.5041046142578,189.5033899712393,185.46912096585334,189.32487588446259,14142177
2018-06-26,189.074951171875,190.03890680217876,187.1827834593592,187.39698450681888,10475574
2018-06-27,187.6112060546875,189.21777622085918,186.71866958788777,189.14636832498977,10423520
2018-06-28,186.004638671875,188.50374534224284,184.93359942162064,187.0756892369601,15200725
2018-06-29,190.07460021972656,191.03853325304797,185.86182861247084,186.9328791453985,11327082
2018-07-02,187.8253936767578,190.71721506886462,185.68330417574643,190.64579586757586,18794988
2018-07-03,189.5390625,190.4672971546457,186.46873829900855,188.14670486061675,10784961
2018-07-04,188.78932189941406,190.14596987492445,187.21846158468463,190.14596987492445,8184810
2018-07-05,194.572998046875,195.50122150379553,188.14672859710325,188.93215888972594,16069118
2018-07-06,194.68008422851562,196.17954807751883,192.895011450606,194.75148080332744,13434995
2018-07-09,195.9296417236328,197.07210015989506,194.35878117472566,196.35806646593878,10158808
2018-07-10,197.8218231201172,198.14314168056765,195.00142054637104,196.71507427611758,11928591
2018-07-11,196.89356994628906,200.14241977984344,195.46552522298097,197.67902283118408,11800272
2018-07-12,197.92892456054688,198.6072486410128,195.14420902941035,196.89357232269938,10284221
2018-07-13,193.0735321044922,198.71435989015234,192.21670523832677,198.50014751619565,19306087
2018-07-16,193.93032836914062,195.14418321024561,192.57368038770431,193.00210506801378,10676970
2018-07-17,192.68081665039062,194.9300013139742,192.2881015086592,193.53764351516978,10419746
2018-07-18,191.7525634765625,193.71613911253436,191.07423940501408,193.57334595518753,7321779
2018-07-19,195.14419555664062,196.07244154615353,190.1102957631503,192.00247471468796,9301711
2018-07-20,195.64402770996094,196.21524559848206,193.25202734341076,195.1084967959346,6825663
2018-07-23,202.8914031982422,204.6764758768845,197.89319064618053,199.57115715373166,27059765
2018-07-24,203.96246337890625,204.92641901844564,202.46299945817194,203.14134615514197,12577993
2018-07-25,204.31951904296875,204.8907370050275,202.21312734950587,202.96284809600007,13814116
2018-07-26,205.06924438476562,207.88966990883523,202.92716566421282,204.92645120588284,21495638
2018-07-27,216.02957153320312,219.31410832043696,210.63864333410302,214.2087890641841,78783846
2018-07-30,214.95848083496094,216.77926305939332,214.2087602894048,215.63682744146834,17738557
2018-07-31,212.56651306152344,215.1727029191094,211.03133967202146,214.74430085780747,15124149
2018-08-01,215.35121154785156,216.31516712885033,211.4240605389418,212.8164181929478,15187911
2018-08-02,213.6375732421875,216.70789769452955,212.2809024634825,214.56579665799245,10226827
2018-08-03,217.0292205810547,218.06455020085704,212.8878342128622,214.20879541363868,12950643
2018-08-06,215.4940185546875,219.13556049016208,214.20876712865777,217.7789124931468,7979881
2018-08-07,214.99420166015625,217.20769907253623,214.03026872849273,216.31516271330668,7465742
2018-08-08,214.88710021972656,215.92245237628697,214.20877619251686,214.38727894236274,6690368
2018-08-09,215.99386596679688,217.49332991701962,214.24450267303402,215.4583350454099,9576528
2018-08-10,217.6361083984375,219.1355722475332,215.02991843588327,215.6368458959691,15347074
2018-08-13,218.45724487304688,219.77820595007876,216.45795977148262,217.06488722229025,10341087
2018-08-14,219.849609375,221.49188902946014,219.09988875337922,219.20699493213354,12790249
2018-08-16,219.5282440185547,220.27798710993258,217.85027774882002,219.84956248628808,19393491
2018-08-17,224.02667236328125,225.13342107410196,219.77820289631796,219.77820289631796,26392504
2018-08-20,223.7053680419922,224.91922300379508,222.2773233483947,224.34800512635607,19958265
2018-08-21,223.4197235107422,226.34725426814322,222.77710915841186,224.56218171327754,14143291
2018-08-23,222.7771453857422,225.9188663517127,219.4568990315288,224.20519008406512,11745180
2018-08-24,221.6346893310547,222.77714773140224,219.20700200351413,222.06311405989254,5655583
2018-08-27,223.7768096923828,224.81213937037083,221.70610507708224,222.20592642738544,5482067
2018-08-28,222.5272216796875,225.4904398639008,222.0631099850697,224.20518833063164,6864300
2018-08-29,223.34835815429688,225.24053713722947,221.34907299273343,222.56292793077688,10748094
2018-08-30,228.38226318359375,228.91779408882962,223.8481844946836,223.8481844946836,25934792
2018-08-31,228.38226318359375,230.34583878669184,226.49008415797377,229.91743669216322,18781195
2018-09-03,223.6339569091797,230.59574505503667,222.09880613477245,230.59574505503667,9463966
2018-09-04,221.0634765625,222.91994604766722,219.20700707733278,222.77715288785635,11615187
2018-09-05,221.527587890625,224.52651579736127,220.81355420383147,221.63469407512704,10529696
2018-09-06,221.92030334472656,222.59862742777972,219.9567276754514,222.34872808335416,7902786
2018-09-07,221.67041015625,223.6339858800551,219.9924433895746,222.4915500515363,7465327
2018-09-10,218.88568115234375,221.88460896331395,218.17164748835177,221.49189384256738,10006954
2018-09-11,212.2095184326172,219.02849181503493,211.03137297620432,218.9570952318268,27008217
2018-09-12,219.06419372558594,219.63541163050758,210.92425937663896,212.6022261158844,20171661
2018-09-14,219.31411743164062,220.38515666922822,217.8146534471535,219.20701124491572,13317349
2018-09-17,215.6368408203125,218.56434924512084,215.27981269531674,217.7789190516523,6049990
2018-09-18,216.52935791015625,217.70750309546577,213.70893328133167,215.7796147551778,8515415
2018-09-19,213.95887756347656,218.2430340923258,212.7807096254181,217.42191691443648,6387203
2018-09-21,217.0292205810547,218.92139968445736,214.49440436495178,214.49440436495178,16966413
2018-09-24,212.74502563476562,218.74285843701003,208.85356152451803,217.77892546747526,15009283
2018-09-25,215.02993774414062,215.88676460785013,208.7464728546204,211.99530017122123,13785151
2018-09-26,209.31765747070312,216.35084191859713,206.88997042816507,216.35084191859713,20657879
2018-09-27,209.4247589111328,210.71001028807845,206.71146302072384,209.56757467730773,12550275
2018-09-28,212.60223388671875,214.20880410398613,208.35376379037888,210.63865812324175,25554548
2018-10-01,212.1381072998047,216.31518052041545,209.49618497602026,214.81571659791464,9373133
2018-10-03,210.7814483642578,214.2087781331897,210.38871062951623,212.06669985631467,7861709
2018-10-04,204.997802734375,211.13845118848047,203.60544508317327,209.8174901110263,8417940
2018-10-05,197.42910766601562,204.21239388193055,196.42946501041425,203.8553657165522,18301682
2018-10-08,195.07278442382812,199.49975642798535,192.18096312390915,199.2141475209098,17063274
2018-10-09,191.7168731689453,196.71506355273533,191.18134226405422,196.71506355273533,10946626
2018-10-10,192.85931396484375,193.60905725127793,190.78863212793618,192.7165208062491,11921765
2018-10-11,189.36056518554688,192.28808500942372,188.25381643663314,189.217760720337,11018554
2018-10-12,196.5008544921875,198.25024039111645,190.86002692775668,191.00284271468044,13942941
2018-10-15,201.71328735351562,202.49871763625285,197.07210223834255,199.17847110768625,18623988
2018-10-16,201.8203887939453,202.60581905821132,197.32199694706304,202.07028813727507,12325066
2018-10-17,204.53369140625,208.24665310308666,201.03496471403898,202.71293147837687,15896854
2018-10-19,206.67578125,208.17524516327742,203.3198479044239,203.49835066393453,8341467
2018-10-22,205.99745178222656,209.2819884637687,205.1406023515967,208.49655823879772,12965700
2018-10-23,204.21238708496094,207.92532599961848,202.46300118105418,204.21238708496094,11261603
2018-10-24,205.4619140625,206.81856210971577,204.46227151308037,206.1402380861079,9024700
2018-10-25,205.31912231445312,206.71147997280065,203.14133445187457,204.2123735822206,9953333
2018-10-26,200.57081604003906,206.92567710523016,197.07208959759527,206.85428052855943,22302628
2018-10-29,202.4273223876953,203.67686440127792,199.17847241899003,201.28486393186256,11779416
2018-10-30,199.178466796875,202.67721601767474,198.50014271552482,202.24881390978348,7110853
2018-10-31,199.99960327148438,200.642240366901,194.82288742271618,199.60688814528322,14021856
2018-11-01,198.07171630859375,201.21343698612657,196.2152244267262,199.9281855608033,9816770
2018-11-02,202.24879455566406,204.17666043084026,198.71433606841003,198.71433606841003,12093152
2018-11-05,199.642578125,203.67683517302373,198.7857287486706,203.67683517302373,7665505
2018-11-06,198.00030517578125,201.24915478659926,197.14347840053915,200.71362390853616,10142476
2018-11-07,199.96389770507812,200.64222171184267,199.0713613530915,200.64222171184267,994001
2018-11-09,197.96461486816406,199.71397799093026,197.0006593038922,199.21415672304585,15613827
2018-11-12,195.5369415283203,198.64297588806346,195.10851675327635,198.3573669145884,7318920
2018-11-13,197.67898559570312,198.42870610551245,195.03706375331868,195.6082815350454,6958821
2018-11-14,197.3933868408203,198.78574455843395,196.10813530376615,198.5715548269749,7182329
2018-11-15,196.00103759765625,199.39268065947775,195.28702653593461,197.6790269557527,12621945
2018-11-16,197.4647979736328,198.71433985618881,196.53655198995813,196.9292670927322,13122152
2018-11-19,203.14132690429688,203.49833239126158,197.4290807052544,198.03600813682093,17364041
2018-11-20,202.67721557617188,204.67650084084514,201.21346123227207,203.49835544480428,8096904
2018-11-21,201.17774963378906,203.35553764058244,199.92820767058285,203.14134790405663,5867663
2018-11-22,200.28517150878906,203.14130562394098,199.64255717363892,201.3562331167989,6937634
2018-11-26,203.96246337890625,204.4622846858177,200.4280272562427,200.8207423809831,9292657
2018-11-27,203.39125061035156,204.5336864093685,201.92749625673827,204.28378706445636,7146777
2018-11-28,201.49905395507812,205.60473033798314,200.49941140323443,203.7839479836267,9197861
2018-11-29,205.31912231445312,206.56866419491365,202.39159121987106,202.53440699775805,14183469
2018-11-30,204.06956481933594,207.06849259112178,203.35553116467364,206.7114870786205,8972623
2018-12-03,202.03457641601562,206.71147045380476,201.74896750305282,205.10490051743827,8895477
2018-12-04,201.24913024902344,202.2844596474996,200.60649327370209,200.64220287110533,6548740
2018-12-05,196.60797119140625,201.21346940821175,195.78685391907,200.6422514892835,11894383
2018-12-06,194.96571350097656,196.28667473595536,193.85896464244422,196.0010431475857,10055005
2018-12-07,195.67974853515625,197.21489952729587,195.14421759042048,196.32236303917742,8415885
2018-12-10,193.1092071533203,194.43014550690359,192.18096124217058,194.21593317128003,6940479
2018-12-11,196.1438446044922,197.1077775983803,191.50265976282873,191.64545291691442,10633126
2018-12-12,197.10777282714844,198.28591815330657,194.64437599703055,196.85787349871762,10473073
2018-12-13,196.572265625,199.4997741548965,195.28701411412794,199.21416522244266,16430755
2018-12-14,196.89356994628906,197.9646317758457,195.57263140593662,195.89394995480362,8925774
2018-12-17,199.8210906982422,200.92783944400608,197.00066574517737,197.78609595901128,12703296
2018-12-18,198.6072235107422,200.35660921233782,197.78608374529236,199.249860534918,9172963
2018-12-19,202.39158630371094,202.78430139628728,198.85715047052403,199.21415596208124,13639278
2018-12-20,201.8203887939453,203.0699307699156,200.6422433975463,200.6422433975463,5155693
2018-12-21,197.6076202392578,202.7843365419944,197.10779888665576,202.07030280546826,7079146
2018-12-24,197.07208251953125,200.42801568810145,196.53655163958535,199.1070546040076,8869498
2018-12-26,197.5362091064453,199.07138265839788,196.21524792264063,197.32199673829746,8821251
2018-12-27,200.46371459960938,201.10635169381885,198.0003176644605,199.21417264486035,11881735
2018-12-28,201.53475952148438,202.78430137144,199.32126211105717,199.32126211105717,13702437
2018-12-31,201.10633850097656,202.6771988997798,200.71362340127575,201.9274783020451,5662393
2019-01-01,201.85609436035156,202.46302191675863,199.78541232478432,201.49908879995346,2586466
2019-01-02,200.35659790039062,202.24877663631165,198.17881026862486,201.53474308187145,10316782
2019-01-03,199.10704040527344,201.67754318638782,198.32161025713611,200.3566048261518,6350450
2019-01-04,200.6065216064453,202.0345888890823,199.32127010393575,199.32127010393575,8105747
2019-01-07,201.10633850097656,203.6768414498653,200.64222682760075,202.9985174258056,10133320
2019-01-08,202.96282958984375,203.85536606030277,200.8921476939381,201.3562820467465,7768619
2019-01-09,207.35409545898438,208.28234144584687,203.2127320646607,203.92676569842735,12651287
2019-01-10,206.78285217285156,209.7103602927012,206.28303095365087,207.6039918821791,10684824
2019-01-11,210.88853454589844,211.3526688610915,208.13952877598015,208.4251377078208,17419014
2019-01-14,210.13880920410156,210.4958147034612,207.0684849687685,210.2816249816408,6646635
2019-01-15,211.74537658691406,212.35230403203244,209.92459425155891,210.81713061855794,7490965
2019-01-16,209.96029663085938,211.74536930345585,208.2823301289913,211.35265422067093,8083821
2019-01-17,209.888916015625,211.06706135354017,207.17559720034006,209.99599956483584,11009380
2019-01-18,208.1038360595703,210.7100259768102,207.53259558199525,209.38908753221125,11418250
2019-01-21,206.99710083007812,209.35339157858604,206.14025137268592,209.10346961029325,8519267
2019-01-22,206.88995361328125,207.78248986793196,203.60541748060788,206.9613501773497,10727385
2019-01-23,198.00030517578125,210.21020552869004,196.35804819915253,208.13952384961084,41735950
2019-01-24,199.14273071289062,202.32016059696633,198.39298760706262,199.42833959094006,29105831
2019-01-25,199.35693359375,201.85601681582054,198.85711242340506,199.92815132281444,9240591
2019-01-28,196.1795654296875,199.53549892824591,195.78685028899793,199.14278378755634,9338450
2019-01-29,198.82144165039062,199.21415674450938,196.17954216537896,196.57225725949772,7267917
2019-01-30,196.7150421142578,200.07097507341092,195.78681881981998,199.99957850375975,10852162
2019-01-31,198.9642333984375,199.642557330941,195.3583787844933,197.42906017885093,15937442
2019-02-01,200.53514099121094,203.64115250217267,199.2855763620396,200.39232519971722,19060690
2019-02-04,197.85751342773438,201.28484318260686,197.10777019314227,201.28484318260686,6289877
2019-02-05,195.75111389160156,198.3573263574686,194.57296863078284,198.03600784188401,10205529
2019-02-06,198.28591918945312,198.78574047858595,196.0367347031853,196.35805323826912,8409442
2019-02-07,200.14239501953125,200.64221626826958,197.7860819156748,198.4287189339059,6177040
2019-02-08,196.7150421142578,200.78500865889526,196.0724277280822,199.57115382653762,4575570
2019-02-11,197.85751342773438,198.6429436346772,191.6811553189029,196.92926744241146,10335615
2019-02-12,196.572265625,200.28520437655945,196.0724443357909,197.82180753319298,7624089
2019-02-14,198.42874145507812,200.07099852752035,197.78610436390926,197.78610436390926,10378675
2019-02-15,199.99960327148438,200.6065307628244,196.64366989673627,199.21417301908207,38998388
2019-02-18,196.1438446044922,201.67756586300092,195.5726267288296,199.07137581916786,42232590
2019-02-19,197.00067138671875,199.35698472535785,195.64402327482043,195.64402327482043,35777932
2019-02-20,196.96499633789062,198.1431417637087,195.82253788791894,197.96463899549286,6208106
2019-02-21,196.3937530517578,197.60760806610935,195.786848174243,197.00068055893357,7264425
2019-02-22,195.8582305908203,197.0363759149642,195.00140379953183,196.78647658696065,9100951
2019-02-25,197.57192993164062,197.89322587244894,194.9300074139897,196.00104668589537,31204722
2019-02-26,196.7150421142578,197.78608117765555,195.67971265051443,196.32232703669004,12233273
2019-02-27,196.42947387695312,199.1427930117266,195.57264697475944,197.07211102584512,13634026
2019-02-28,197.10777282714844,198.00030922238878,195.82252132318868,198.00030922238878,44873000
2019-03-01,198.64295959472656,199.21417749482353,197.25060181970213,197.39339497989593,9170950
2019-03-05,201.7489776611328,202.7843071940447,197.1077703602426,199.92819529095314,14103324
2019-03-06,204.03390502929688,206.49730223086917,203.31987127950393,203.49837405953645,20817638
2019-03-07,207.1398468017578,207.78248374841448,204.1052326771818,204.71216002802802,14837761
2019-03-08,208.49652099609375,209.2105318878656,205.92599579302396,207.2826662726327,13169854
2019-03-11,209.1748809814453,210.56723866788263,207.85391987056235,209.2105679543928,15287916
2019-03-12,210.28163146972656,211.10274866952042,209.31767585832736,209.92460332969216,14686757
2019-03-13,210.56724548339844,212.0667093965308,210.03171457525823,210.63864206126374,11496644
2019-03-14,210.99563598632812,211.35266411535676,207.3898035018536,210.92423941238596,10503481
2019-03-15,207.63966369628906,211.74533931363084,206.60433436542684,211.31691469139562,22219476
2019-03-18,209.60328674316406,210.06742106656213,207.9967393018672,208.49656059883907,9519926
2019-03-19,213.81607055664062,214.20878567555064,209.46049464521673,210.3530310636177,16363247
2019-03-20,213.42337036132812,215.60115846932158,211.7810905640246,214.20880065406928,16221492
2019-03-22,212.92355346679688,214.20880512077912,211.7454080031183,214.20880512077912,8378083
2019-03-25,210.67431640625,212.06667390472725,209.35335547368902,212.06667390472725,8324586
2019-03-26,209.49618530273438,211.60257671831766,207.81821861700814,210.6386437057997,11178168
2019-03-27,209.28196716308594,211.852469934031,208.21090548381108,209.92458154099356,8757278
2019-03-28,214.20880126953125,215.6368686947973,209.21058791076177,209.9960182057596,18436077
2019-04-01,212.24520874023438,213.63756644933068,211.74538744390085,212.0667059836138,6442182
2019-04-02,212.7092742919922,214.2087378557257,210.38867107033573,212.35226885619346,10228747
2019-04-03,211.4597930908203,213.4947653900257,210.7457593854344,212.7807316846398,9413878
2019-04-04,210.49583435058594,212.28090727331588,209.74611368009022,211.35268383647937,7233298
2019-04-05,210.31732177734375,211.63828292006028,208.9606736608198,210.67434992303848,8107661
2019-04-08,209.0320587158203,210.63862870873916,208.2823381216095,210.38870675756309,5492542
2019-04-09,211.56686401367188,211.85247292228803,208.67504269815413,208.85354543733203,6413515
2019-04-10,210.42440795898438,211.74536897615442,209.5675812241393,211.3883408643923,5540095
2019-04-11,211.63827514648438,212.3879957544837,209.21056531170714,210.3173140522874,11179559
2019-04-12,218.31443786621094,219.49258309134152,211.0670411479607,211.81676169862294,22658578
2019-04-15,218.13592529296875,221.34906528062544,217.3148081249537,219.84960146169624,13098155
2019-04-16,219.3498077392578,221.313383476271,218.60008705045698,219.06419878020694,10121522
2019-04-18,217.3505096435547,220.09953814374006,216.74358215505896,220.09953814374006,9178504
2019-04-22,215.4940185546875,218.1359179777325,214.95848769815095,216.9577727230101,6929432
2019-04-23,216.6365203857422,217.63614046945148,215.31555909385884,215.7439838652075,7784732
2019-04-24,218.8142852783203,219.34979355579088,213.13774818137549,216.63649730542238,11888770
2019-04-25,217.17198181152344,221.20626140111392,215.636831095218,219.3854791458302,24135743
2019-04-26,217.45762634277344,218.77858756571953,216.02958156224113,217.49333594840977,4834044
2019-04-30,215.17276000976562,219.59975597852417,213.85182124492434,217.4576545850288,11593138
2019-05-02,217.7789764404297,218.85001583833824,214.63725483865406,214.99426042806869,7781859
2019-05-03,217.2433624267578,219.52825616317426,216.56503848823132,217.2433624267578,6112578
2019-05-06,219.2069854736328,219.56399096763658,214.744303650293,217.06488462063456,6997113
2019-05-07,215.5654296875,220.99206730145607,214.81570906736187,220.0995309000414,8989234
2019-05-08,214.6728973388672,216.6364955627776,213.24485264743956,214.2087856428607,8179360
2019-05-09,214.1016845703125,215.1370367972513,211.60257801361576,213.7803660209528,10617358
2019-05-10,212.60223388671875,214.53012267337195,211.99530635443278,214.20880410398613,7170576
2019-05-13,206.5686798095703,216.70789928654847,205.42624401875284,210.71004349577467,37262425
2019-05-14,210.17453002929688,212.9592454879153,206.24735617833392,207.78252969280874,21959611
2019-05-15,212.10243225097656,213.70900261751274,208.4965989583851,212.45946046002015,18583184
2019-05-16,210.46014404296875,212.0667141739216,209.3891048322204,212.0667141739216,7637614
2019-05-17,215.2084197998047,215.886743830332,210.71002828152916,210.71002828152916,11626049
2019-05-20,219.2069854736328,219.59970056890037,215.70823658783,219.09987929949997,11437612
2019-05-21,218.42156982421875,221.34907843298848,217.9931450991656,219.20700006704283,10923996
2019-05-22,218.29153442382812,220.51268120745718,216.14320569271945,220.0393292457646,14266773
2019-05-23,209.8802947998047,222.55176659974197,209.0064089474735,222.1148121334732,32589058
2019-05-24,211.5188751220703,212.39276107419312,209.22488699240833,212.28352244515165,11298665
2019-05-27,211.81015014648438,213.77639912043193,210.49930980378375,212.1014454359504,9371741
2019-05-28,210.39010620117188,212.64767392052715,209.80751552527715,212.5020147114482,16199349
2019-05-29,209.80751037597656,212.42919143336954,209.44337390232138,210.31728297492575,7534947
2019-05-30,210.2080535888672,211.95582565054832,209.95315573807343,210.46292835944988,8989691
2019-05-31,202.85272216796875,212.2835023825329,202.05165435084507,210.71778731459364,27294002
2019-06-03,202.85272216796875,205.00105089580356,200.4859392829058,204.92823284339417,20323304
2019-06-04,203.36248779296875,205.47439588281568,203.03479502814525,203.36248779296875,14384170
2019-06-06,200.81361389160156,204.19996460507286,200.4859211453017,204.19996460507286,11071548
2019-06-07,200.44952392578125,201.57830762839166,199.68487665509437,201.57830762839166,7995725
2019-06-10,203.47174072265625,204.30922913658213,201.65112778468284,202.67067287636456,8947150
2019-06-11,203.7994384765625,204.92822209061026,203.3260865404285,204.56408568725632,8787243
2019-06-12,203.8722686767578,204.92823430515682,202.63424637593334,204.92823430515682,8565517
2019-06-13,204.3456268310547,204.8917968031873,202.85270684806676,203.10760463255934,7475823
2019-06-14,202.48858642578125,204.27277853378246,201.8331547859823,204.27277853378246,8212601
2019-06-17,200.2674560546875,203.07119333074965,199.86692215810717,203.07119333074965,10398919
2019-06-18,200.34027099609375,202.34294044791844,199.5392032153639,201.1049412923759,14378973
2019-06-19,201.8695831298828,203.10760533264545,200.70440205448628,200.7772201016473,9394923
2019-06-20,201.7239532470703,202.4158055762795,200.5223514335098,201.7239532470703,10973042
2019-06-21,199.72128295898438,201.46907790083583,198.99303314319556,201.46907790083583,19311989
2019-06-24,201.1777801513672,202.088086640014,199.721280537449,199.721280537449,9279182
2019-06-25,202.8163299560547,203.90869309142934,199.7212741455845,200.30386474042334,12856683
2019-06-26,202.01524353027344,202.9619473897266,201.25057324972485,202.77989073061678,7707084
2019-06-27,199.1751251220703,202.5978740779547,198.6653525277763,202.41581738289466,24205884
2019-06-28,199.42999267578125,200.5951970264566,198.44686809379917,199.6120493642655,8775151
2019-07-01,200.2310791015625,201.17780628159696,199.64848841240794,199.83054511774236,5236646
2019-07-02,199.42999267578125,200.74083314516037,198.95664066968044,200.5223558868957,10360661
2019-07-03,201.50550842285156,202.12451964283704,198.1919750593752,199.7577133946696,18818695
2019-07-04,202.1973114013672,202.63424279141785,200.41309603462128,202.05165221787928,10071080
2019-07-05,203.5081329345703,205.2559275739547,195.1697166851905,202.19729272508314,38474130
2019-07-08,202.05160522460938,206.0205458591299,200.85000379107768,204.01787680324375,12637923
2019-07-09,198.88381958007812,202.12451167447384,198.1919672460449,201.68755716460205,8003290
2019-07-10,198.9202117919922,200.449529455764,197.1724168790804,199.21150709744282,8477115
2019-07-11,200.74081420898438,201.65112064574402,199.2479171919482,199.53921248208647,8727346
2019-07-12,200.30386352539062,201.3234086002778,198.8838076141627,200.55876133421603,10872126
2019-07-15,197.3180694580078,200.70442054575432,197.0267741623211,200.26746606212063,8865479
2019-07-16,198.04632568359375,198.62891629393008,197.06317806341724,197.35449644879338,6602372
2019-07-17,198.73814392089844,198.92020059152813,197.13600829102634,198.41042806564096,6536611
2019-07-18,198.8109893798828,200.34030716836605,198.30121678372174,198.7745918888634,9447100
2019-07-19,195.3882598876953,199.72131584687702,195.1697825989614,199.61207720251008,8294444
2019-07-22,192.54803466796875,195.31537423400664,192.25673941052332,195.1697150651818,14037538
2019-07-23,197.099609375,197.8642797879285,192.98503122993947,193.34914461119448,14951457
2019-07-24,197.2452392578125,199.0658520538968,195.09691061918357,196.84470536588216,12537555
2019-07-25,195.0604705810547,198.4468211222032,194.36864148044245,197.35445816964688,18350433
2019-07-26,196.91754150390625,197.35449600077052,194.36867873921116,195.7159397177374,4972441
2019-07-29,194.9876708984375,197.4637153655593,194.07736450556135,196.62622702165567,5738104
2019-07-30,195.82516479492188,196.69905064798775,194.11379057420555,195.1697330949677,13743007
2019-07-31,196.77186584472656,197.4272975351733,193.7132538632599,195.60668472420707,14175457
2019-08-01,194.842041015625,197.1360291651237,194.07739368593155,196.9539724752166,6153824
2019-08-02,192.62088012695312,194.58714058690944,191.6013351017677,194.58714058690944,9233326
2019-08-05,189.1981201171875,192.62088006348264,187.63239355476952,192.54805047309208,12001827
2019-08-06,188.542724609375,190.43616726589653,187.99654300041257,188.4334859795616,9770895
2019-08-07,184.71942138671875,188.87041962012816,184.31888748174973,188.65194238465295,8816780
2019-08-08,187.7052459716797,188.39707523405843,184.24607657957702,185.70256470358177,6616227
2019-08-09,185.11996459960938,188.5063042192256,184.6101920512711,188.5063042192256,10309668
2019-08-13,179.36680603027344,184.97429175824402,177.69184096242213,184.82864412713985,21801393
2019-08-14,181.15103149414062,184.6830304736095,177.72828268322735,179.36683902978615,14340858
2019-08-16,184.24607849121094,184.5373738110133,180.16790939366396,181.15103398302313,10735480
2019-08-19,183.1901092529297,187.37751663643655,182.75316630912064,184.61018824543865,13006987
2019-08-20,179.51248168945312,183.48141199200944,178.74782285169,183.2265257127551,15577976
2019-08-21,175.83482360839844,179.8037651904408,175.3978806755557,179.6581175461599,15303762
2019-08-22,174.81529235839844,179.14835916325075,174.05064505058758,176.38103062325146,10917955
2019-08-23,171.93870544433594,174.37832936366834,170.8827514061405,174.0506250608298,17073495
2019-08-26,176.5994873046875,177.29132805938133,171.1012395348153,175.28864692962,13352257
2019-08-27,178.7842254638672,179.3668275984418,176.7451353030116,177.6554417619502,15089362
2019-08-28,179.11192321777344,180.3499338758969,177.03642423964948,179.2575708516643,9237042
2019-08-29,175.65277099609375,178.7478152438506,174.88811219087592,177.65544057635216,11532941
2019-08-30,178.89344787597656,180.02223147561546,174.08702974668213,176.7815398522221,12225631
2019-09-03,175.90765380859375,178.01956196812154,175.2522336370126,178.01956196812154,9913882
2019-09-04,177.1456756591797,178.09240271975435,175.7255966084218,175.94407385933965,7303230
2019-09-05,177.87391662597656,179.80376813953237,176.2353604057603,176.2353604057603,8777107
2019-09-06,177.6190185546875,179.0390974404686,177.14565507939287,177.91031382866754,9039911
2019-09-09,178.7842254638672,179.5124752470595,177.10926019460777,178.1652143021641,9435127
2019-09-11,177.50979614257812,178.74781848013708,176.96361456899191,178.1288073113576,9314093
2019-09-12,175.32504272460938,178.42008675330436,174.77886119956975,177.9103142525733,8395088
2019-09-13,174.70603942871094,176.56306119032158,173.75931249603664,175.50710718704875,14572355
2019-09-16,174.34193420410156,175.39788832627556,173.5408663555629,174.4147522593666,7357494
2019-09-17,172.7397918701172,174.85170003332271,172.44848503993788,174.63322279571406,11083300
2019-09-18,174.23268127441406,176.45382795937954,170.4458080485696,173.10389764955843,20724917
2019-09-19,172.3756561279297,174.74245040587118,171.93870168024023,174.74245040587118,8810026
2019-09-20,173.3587646484375,180.9689308196607,170.62784576136534,172.5941059752451,66016326
2019-09-23,185.5933380126953,189.70791610632065,181.98852095447552,182.06133901377441,54044544
2019-09-24,186.43081665039062,187.88730479091686,184.82868084982223,185.7025668100752,17828419
2019-09-25,180.27711486816406,186.61283883910912,176.7451164897514,185.7753620636747,21390350
2019-09-26,182.3526153564453,183.0808535280933,179.33038943877293,180.0950481740802,18534981
2019-09-27,184.2096405029297,187.88727507258656,182.06131189187585,182.06131189187585,18211017
2019-09-30,189.23455810546875,189.92638734741277,181.62439028366788,185.5205025358603,21381205
2019-10-01,186.35797119140625,191.12798069730772,185.70255100693993,188.68835663397616,16035574
2019-10-03,190.54539489746094,190.90951979578682,186.46721450037708,187.66882781886292,12832216
2019-10-04,187.34109497070312,192.183922213259,185.8481980249946,191.52850207171088,18781574
2019-10-07,183.4449920654297,187.88728563415074,182.57109465417366,187.52316075111878,22082491
2019-10-09,179.9494171142578,183.66347252210997,179.3668265232791,183.0080523372071,22332047
2019-10-10,177.1092529296875,180.3499447137858,176.70871902739248,179.8765812201175,25230638
2019-10-11,177.65541076660156,179.29396672285537,175.57991194072753,177.10922929455086,26037798
2019-10-14,177.7646484375,179.43961340575282,176.96358074400987,178.74778431412074,15280471
2019-10-15,180.3135223388672,181.4787149338536,178.45650060751777,178.45650060751777,10373904
2019-10-16,177.43698120117188,180.31354830996779,176.34460649472652,180.16790065712922,16681940
2019-10-17,179.03912353515625,179.65813473766087,177.58263541287235,177.6918740415619,14175284
2019-10-18,179.51248168945312,180.4591972094962,178.4929365724356,179.14835678478914,13327812
2019-10-22,181.26026916503906,182.8624164736852,178.3837019714734,178.42011100073,18979485
2019-10-23,182.82598876953125,183.48140897109366,181.36950071495966,182.35263678735524,13325639
2019-10-24,181.36949157714844,184.97430827417472,180.5684237644989,183.95476322531044,17438024
2019-10-25,180.38638305664062,187.30472221727055,179.87661045448672,187.086244947746,33846376
2019-10-27,182.3526153564453,182.86238784665017,181.84284286624043,182.0248995241268,3252338
2019-10-29,184.4281463623047,185.77539586884762,181.73363580911428,182.75318096654334,12397313
2019-10-30,188.9068145751953,192.25674474914555,185.19275954927616,186.43078173795,35611812
2019-10-31,187.63238525390625,191.4192583643136,186.57643125062845,189.34375938129102,17296427
2019-11-01,190.29049682617188,191.5285075556086,188.43346342186197,188.87041788880697,13055757
2019-11-04,189.88999938964844,192.9486235450983,189.38022677372254,191.4921353024981,8199342
2019-11-05,191.4556884765625,192.25675627485634,188.32423533408482,190.07201857217112,10674212
2019-11-06,190.32688903808594,192.11109269358596,189.3437531144139,191.49208161349992,9198544
2019-11-07,193.60403442382812,193.93173878093958,190.8002967125781,191.4557169669058,15351749
2019-11-08,189.70791625976562,193.31273332090117,189.34379134266328,192.87579034444104,12357632
2019-11-11,188.94325256347656,191.05517241261396,188.469900569444,189.78074100540283,7524183
2019-11-13,184.8650665283203,188.7975874730307,184.35529401251307,188.54270121512707,10664859
2019-11-14,184.9014892578125,186.3579773223091,184.42813727241088,185.04713691025177,9222757
2019-11-15,182.53468322753906,186.24873852145916,182.06131973181198,185.15636388672817,17386229
2019-11-18,182.60751342773438,183.69987652600216,181.15101390990623,183.11727441085026,8167820
2019-11-19,181.5515594482422,183.3721724220803,181.18744608555778,183.33576339383268,12621028
2019-11-20,182.57107543945312,183.0080298691455,179.65809976198082,181.55153049030716,10362358
2019-11-21,178.9298553466797,183.08085331049853,178.45650342069675,183.08085331049853,10793493
2019-11-22,180.34994506835938,183.9911707619114,179.6217068537109,179.9858201909835,17000856
2019-11-25,180.4227752685547,180.8961272246473,179.33040063274186,180.4227752685547,10994413
2019-11-26,181.44232177734375,182.35262821115145,180.38635615883584,181.07819689579998,20539741
2019-11-27,179.84017944335938,182.09774684558576,179.5852931734339,181.87926960276292,9182137
2019-11-28,179.6581268310547,180.56843330993334,178.89346800398414,180.09506978647903,11416080
2019-11-29,179.43963623046875,180.16788597542129,178.42009120357645,179.69452248719185,10185713
2019-12-02,178.38368225097656,179.80376117613991,178.09238696891822,179.14834102145707,10356741
2019-12-03,177.72825622558594,179.0026874676232,176.70871123195613,178.383676358619,8442322
2019-12-04,177.0728302001953,177.7282503114183,176.23534189468117,177.32771644012104,12406762
2019-12-05,179.84017944335938,180.2407133617988,177.03644201428318,177.07285104138575,11699738
2019-12-06,177.21849060058594,179.9858188762421,176.599479467579,179.876580259817,10773814
2019-12-09,175.83482360839844,177.18208451317773,175.50711929379224,176.9636072767047,6981671
2019-12-10,171.5745849609375,176.01688999596502,171.13764203261982,175.94406040452714,15972570
2019-12-11,173.03109741210938,173.90498333411398,171.57459779522685,171.57459779522685,14331297
2019-12-12,173.722900390625,174.9245020068151,173.03107125526145,173.35877554144858,10704007
2019-12-13,175.94406127929688,176.59948144508365,174.19627801723323,174.77886859122003,8521473
2019-12-16,172.5213165283203,177.25490543443263,172.12078261503865,176.96361014115573,12476974
2019-12-17,175.54354858398438,176.0169121376183,172.95827663433073,172.95827663433073,16534369
2019-12-18,178.52932739257812,180.13146296157214,174.59680651953667,175.2158176403218,17794641
2019-12-19,177.94671630859375,180.5319875676614,177.14563707640673,179.1847268672435,9699414
2019-12-20,175.61634826660156,178.49291504839158,174.88809854509154,177.9467335273104,14495913
2019-12-23,173.97781372070312,176.81797183037008,173.79575703781848,176.23536967295178,19817033
2019-12-24,173.86856079101562,174.92451485310386,173.46802688953744,174.05062899902592,8200254
2019-12-26,172.448486328125,174.34192880796925,172.12078200936747,173.97780392260265,15017235
2019-12-27,172.5213165283203,173.6501002148978,172.19360066830612,172.9582594682357,9048085
2019-12-30,173.46804809570312,175.43430881790522,172.9582755151206,173.32240043555163,13680470
2019-12-31,173.10389709472656,174.01420348860134,172.88543140746654,173.7229082121861,7417112
2020-01-01,173.3952178955078,173.75933125034106,172.66696810563374,173.75933125034106,4370931
2020-01-02,174.66961669921875,175.47069598772595,173.3951970304488,173.46801507661155,8726602
2020-01-03,173.68650817871094,175.50712106070634,173.32238329429117,175.50712106070634,9642051
2020-01-06,171.21044921875,173.54083427835354,171.13761963684289,172.95823224340182,7930726
2020-01-07,171.39251708984375,173.24953883894318,170.84633558012067,171.90228957627926,8740894
2020-01-08,170.55506896972656,171.7202617716222,169.86322817040752,170.40942131200268,7314466
2020-01-09,171.72024536132812,172.30283593654897,171.17405227192944,171.5745861774196,9816703
2020-01-10,173.32235717773438,173.86853865201257,172.4484598948282,173.0310619301329,10357864
2020-01-13,174.23268127441406,175.14298767120655,173.5044315409389,173.68649974435914,12715178
2020-01-14,177.1456756591797,177.5462211325638,173.54087025965958,174.96094931041748,12299570
2020-01-15,176.5266571044922,176.96360001941585,175.5799301453366,176.63589571824883,5687654
2020-01-16,175.32504272460938,177.6190189778992,174.8516907882897,176.59947397643705,9730522
2020-01-17,174.74246215820312,176.30818877415402,174.34192824761826,175.3250527408344,7677106
2020-01-20,176.16256713867188,177.1456917770451,174.81530602223464,174.81530602223464,8329721
2020-01-21,173.6501007080078,175.83482695389216,173.322384847063,175.83482695389216,9939680
2020-01-22,173.3587646484375,174.4875481479265,172.66693555654507,174.4875481479265,7949731
2020-01-23,173.2495574951172,173.86856865817532,172.52131925043443,173.39521668415745,6356150
2020-01-24,173.43161010742188,174.12343926265135,172.59412177625737,172.88542858802478,7063834
2020-01-27,170.84634399414062,172.885434040306,170.6278667634506,172.5941272193516,7100949
2020-01-28,168.04261779785156,171.79308254892973,167.86056110784187,170.95560561873873,15144538
2020-01-29,172.33926391601562,173.06751375523652,168.3339244206144,168.58881071033127,21258057
2020-01-30,170.44583129882812,172.59414868745364,169.68117243640413,172.55773965784425,10794458
2020-01-31,171.24688720703125,173.61368168789414,170.44581937105644,171.68383015208013,19166671
2020-02-03,151.18370056152344,157.9563901444777,149.29026989368396,156.57272039482436,82836335
2020-02-04,157.0460968017578,158.46616414986522,152.31249666102292,153.514098323323,37145337
2020-02-05,157.62867736816406,158.39333607032123,154.02386106945238,157.51943876212704,22072147
2020-02-06,155.51681518554688,160.14116624027656,154.24238364050527,158.75750759717891,28443398
2020-02-07,155.4075469970703,157.08251220347708,154.93418350174778,155.698842283375,17793265
2020-02-10,153.33204650878906,155.8809090913034,152.96792163412943,155.84448852576526,9987781
2020-02-11,154.82493591308594,157.99280947342362,154.2423453742346,157.6650936402428,30951617
2020-02-12,155.1526641845703,156.42709551560472,154.24235773956053,155.4075504507772,10310789
2020-02-13,154.31517028808594,155.44395393246606,153.8054093139595,155.15265865007865,9505645
2020-02-14,151.2565460205078,155.0434192937699,150.60112586821444,154.5700558070735,14260540
2020-02-17,149.14463806152344,151.94837533889554,148.56203595888704,151.47502339186298,16161290
2020-02-18,148.45281982421875,148.9990129844349,146.01319550893592,148.96259241368398,21741128
2020-02-19,150.52830505371094,150.85602091901498,148.45280586042986,149.47235094345967,9403278
2020-02-20,151.07449340820312,151.87557282378242,149.61800531278445,150.74678906828345,16193373
2020-02-24,147.83380126953125,151.07449333890605,146.95991533674342,150.7467889991367,17233132
2020-02-25,146.9599151611328,149.58159603657197,146.74143790814483,148.41640325414298,15903285
2020-02-26,144.6295166015625,147.06914057371844,142.95455140605708,146.12241358923504,18557438
2020-02-27,143.86485290527344,145.03004554316664,142.66325124309998,144.48386401855169,17936226
2020-02-28,143.86485290527344,145.57622706778162,139.85950249125912,142.00783110554147,33885063
2020-03-02,142.22630310058594,148.16150516628528,141.02470138510856,145.28493823827736,19274852
2020-03-03,141.17034912109375,143.79202978934148,140.22363366647167,143.46432547586218,18638624
2020-03-04,136.54598999023438,142.4083620842417,135.85414930242368,141.9714076413923,28729502
2020-03-05,136.946533203125,139.2404980240208,135.85415856165255,136.5824083226342,20797182
2020-03-06,132.35858154296875,134.61614889606108,130.9020935494242,134.61614889606108,27795285
2020-03-09,129.0450439453125,130.35588401212766,127.07878384508977,130.35588401212766,22633662
2020-03-11,127.9162826538086,128.71735043996304,125.51306775524229,126.71468097457691,29032759
2020-03-12,113.46061706542969,123.18268050028759,109.63732331904488,123.07345342762181,54043896
2020-03-13,118.1578140258789,119.43224546226251,98.02183195133142,109.23680551129817,63962722
2020-03-16,107.234130859375,115.13558232196841,105.77763126174855,115.06276426614946,34535653
2020-03-17,108.6177978515625,113.46063746781826,106.36024176210462,107.78032090324734,49492914
2020-03-18,109.74658203125,112.62314935386897,107.30695769962591,110.76612721700961,52178352
2020-03-19,117.86650848388672,119.10451924318505,105.41351359743747,109.74656856513683,93204936
2020-03-20,127.80703735351562,128.53528705197988,120.2332912659378,120.2332912659378,64384067
2020-03-23,112.36824035644531,117.97572620517644,108.65418529294675,115.06275044015594,53330913
2020-03-24,109.018310546875,119.21374884189873,107.3433454368332,118.66756732647485,54576761
2020-03-25,107.30693817138672,110.69327747062299,101.22608873444655,109.96503928482652,64913270
2020-03-26,113.8975601196289,116.08229775743861,104.3211327696162,109.2367895696623,60694283
2020-03-27,118.84961700439453,120.88870685165577,112.87800662893113,117.9757197069823,33893412
2020-03-30,115.93666076660156,120.08765919759078,113.64268430523263,113.64268430523263,29203338
2020-03-31,125.03973388671875,126.605460660552,117.64804299858575,119.43224703298793,44272500
2020-04-01,121.18001556396484,125.80437725547516,119.8327662167248,125.03971847781897,18840671
2020-04-03,129.5548553466797,133.08684278612895,121.61697144015073,122.27239167076911,65288649
2020-04-07,132.2129364013672,135.23515106472252,126.45980237086108,135.23515106472252,37509626
2020-04-08,130.1010284423828,133.9971405419018,128.64454041847276,131.7031641146735,39007671
2020-04-09,134.90744018554688,135.63567839066872,131.08414633327064,133.99713377406727,44268652
2020-04-13,132.24935913085938,135.92700590187516,131.8488251720525,134.36127909741964,18427550
2020-04-15,137.8932342529297,141.09751671031373,133.05040731469072,134.03353169518326,50983406
2020-04-16,135.7085418701172,139.24052978224304,135.05312155178564,138.1117573974035,28122965
2020-04-17,136.98294067382812,139.38614408559536,136.14545230419782,138.69431489859022,27694463
2020-04-20,131.59393310546875,138.33020358833178,130.72004716463462,138.33020358833178,37141676
2020-04-21,130.7928466796875,134.21560651972086,128.20757517268143,129.6276540503341,24232310
2020-04-22,132.7227020263672,133.6694174597702,128.17116998486787,130.35590767280814,26132520
2020-04-23,131.48471069335938,133.99716481839607,130.82929038685106,133.2325058707854,34237726
2020-04-24,131.12059020996094,133.12326005522078,130.57439703388542,131.81241951284977,18744844
2020-04-27,130.9749298095703,132.75912221093952,130.5743843393545,131.26622511508725,13589672
2020-04-28,130.6836395263672,131.66677573221634,129.66409428774008,131.08417350724136,18488267
2020-04-29,132.64987182617188,133.196064900723,130.8292590179428,131.4482701423654,22287597
2020-04-30,132.57704162597656,134.65254049874804,131.41184907389257,134.65254049874804,31326446
2020-05-04,126.75109100341797,132.35857709102112,124.27505803564382,132.35857709102112,31461042
2020-05-05,126.64186096191406,129.22713272007488,125.25820251395744,127.44292880864765,18389548
2020-05-06,119.35940551757812,124.82124416573042,116.88337245868657,124.82124416573042,68112675
2020-05-07,117.24749755859375,120.77948471113605,116.88337267336081,119.43223532988797,25183509
2020-05-08,115.24480438232422,119.54144988154052,114.4073276201483,119.39580225073176,26281664
2020-05-11,115.39043426513672,119.06807965278932,115.06273003124619,116.51921765541628,18792383
2020-05-12,120.19686126708984,120.81587230817979,114.69861455765316,115.39044363881167,22211224
2020-05-13,120.4517822265625,126.42339407909991,119.79636197641106,126.27774641685568,20785966
2020-05-14,119.28656768798828,122.5272593186666,117.93931840224104,119.79634018315808,15525762
2020-05-15,119.90557861328125,120.52458971934972,117.35672768139762,118.12137488289085,15526021
2020-05-18,119.9784164428711,121.83543834853978,118.81322373850765,120.8887228825268,21602419
2020-05-19,124.34785461425781,125.00328619324014,120.23327774687576,121.25282259404686,20917906
2020-05-20,127.9891128540039,128.89941925899478,124.52994389899743,125.22177307395752,26295911
2020-05-21,137.60195922851562,138.6943223763774,125.73155455189189,127.87988336015151,60630670
2020-05-22,135.7085418701172,139.75030242317936,134.43411026777642,136.91014386370736,40516307
2020-05-26,139.6046142578125,141.97140852425554,136.76445652203984,138.36660358894648,55283582
2020-05-27,139.93234252929688,141.20676233519748,136.10904849128414,140.18722879849773,25491463
2020-05-28,138.83995056152344,140.4785065936959,137.63834895931814,140.04155216372874,25524647
2020-05-29,143.71922302246094,144.19257501688833,137.63837283162732,138.6943269870247,37214719
2020-06-01,146.04959106445312,149.47233940167038,144.92080744681644,146.37729536434912,29606349
2020-06-02,143.64637756347656,147.03271690862843,143.24584367083196,147.03271690862843,23502975
2020-06-03,143.24586486816406,146.30450036290264,142.44479696433385,145.64908011975933,19710133
2020-06-04,145.75831604003906,147.46969044641915,142.00785134174856,144.010521064086,22843181
2020-06-05,145.6490478515625,147.10553567585464,144.6659119346066,146.95988804743564,15193091
2020-06-08,143.9376678466797,148.3071430294819,143.46431592094618,147.76096151665726,20304292
2020-06-09,144.5566864013672,150.16417253307583,143.93767526952908,144.3746297344045,41451482
2020-06-10,144.9572296142578,147.94303530896414,144.41104803817453,145.24853645625893,28247205
2020-06-11,141.46163940429688,146.55936445677813,140.98828746378283,145.64905806027832,20611505
2020-06-12,141.20675659179688,142.15348357609523,136.80087214058787,137.6019514827103,23431727
2020-06-15,136.32754516601562,141.24320303552227,135.67212488608843,141.20678246322805,25404661
2020-06-16,134.72537231445312,139.05843869114904,132.46781656280288,138.94920007508316,28700454
2020-06-17,131.95806884765625,134.72539763429444,131.59394390570523,133.99715929049768,24952658
2020-06-18,135.8905792236328,136.54601098870123,131.59393296217837,131.95805787384828,30000032
2020-06-19,134.03355407714844,136.87371216635788,133.70584974229567,136.25470098484217,31707306
2020-06-22,134.72537231445312,136.54599668204608,133.3781229765478,135.8177469350089,32605144
2020-06-23,135.3444061279297,136.54601956593095,134.54333819599887,135.01670176491484,27569189
2020-06-24,139.7138671875,141.78936639633707,135.56286876982588,136.47317523791048,56757828
2020-06-25,147.17837524414062,148.1979203322793,139.56821919071197,140.00516213986978,78484846
2020-06-26,142.1534881591797,152.49456340789692,140.76981820374345,150.01853033087136,74727243
2020-06-29,143.64637756347656,147.8337846939177,142.88171880294513,147.46967136613378,95027403
2020-06-30,141.7529296875,145.2120866666592,141.27956626209647,145.2120866666592,42797633
2020-07-01,147.76095581054688,148.45278493073477,141.75293632128347,141.75293632128347,46004000
2020-07-02,149.9093017578125,150.56472193225932,147.5060867581052,148.8897566997611,40835235
2020-07-03,151.14732360839844,151.83915285995607,150.01853984840085,151.47503948972843,39352660
2020-07-06,153.2885284423828,154.93802872984577,152.6363973116863,153.71049278399755,36046969
2020-07-07,149.03050231933594,153.82556266594855,148.8387047684925,153.4419675642617,32467210
2020-07-08,150.603271484375,151.86916435559033,149.0304855457776,149.0304855457776,22093693
2020-07-09,149.95115661621094,151.14033546708566,148.95378747284485,151.06360915257167,19492371
2020-07-10,149.10720825195312,150.75670829940688,148.83868442294664,149.72097005679592,16815128
2020-07-13,151.56231689453125,152.4829719847571,149.6826496312733,150.2964237439419,21079233
2020-07-14,150.29640197753906,153.05835469066795,147.8796872747752,151.44721155549203,19185879
2020-07-15,152.444580078125,153.44196134322124,149.22230597777028,150.64163940610422,24692471
2020-07-16,148.7236328125,152.55968138479994,147.3042992174683,152.44459798242238,22997164
2020-07-17,148.87704467773438,149.91278294247815,148.07147317350058,148.3016399340106,15455455
2020-07-20,147.8413543701172,149.8744621601331,147.5728304703499,149.60593826036583,19643434
2020-07-21,147.49610900878906,148.99216904859648,146.92070410676035,147.3810255968724,29089491
2020-07-22,150.79510498046875,151.83084349512546,147.68791375160703,148.07150890161287,33826583
2020-07-23,153.97900390625,154.59276574959273,150.9868845260748,151.6390034452385,32700809
2020-07-24,153.1350860595703,154.74622937585997,151.37050225947505,154.20918160376343,62500933
2020-07-27,150.6800079345703,153.82556811977494,149.7209958312464,153.82556811977494,23517850
2020-07-28,149.91281127929688,152.40624041178032,149.64428739379537,151.14034730479614,20029937
2020-07-29,150.91018676757812,152.06100867789738,148.3784004484731,148.41675753155084,15402845
2020-07-30,148.34002685546875,152.21444470171252,147.68790783206416,152.21444470171252,16943579
2020-07-31,148.95379638671875,151.1019874310335,148.45510570641613,148.45510570641613,17294202
2020-08-03,147.76461791992188,148.8387134453884,147.2275701571886,148.8387134453884,13776301
2020-08-04,148.5701904296875,150.2196908083926,147.7646187808938,147.7646187808938,17849565
2020-08-05,147.91807556152344,149.2990522094626,147.07414673862226,149.22233803877418,50646546
2020-08-06,149.87445068359375,150.06624824407467,148.14822400905248,148.9921527272537,18574935
2020-08-07,150.41146850585938,151.14032589615329,148.9537780403752,149.9895041966348,21717194
2020-08-10,152.55967712402344,153.17345120037746,150.6800099719779,150.6800099719779,17108987
2020-08-11,155.78195190429688,159.3494762211454,153.44196348988828,153.44196348988828,57266693
2020-08-12,156.6642608642578,157.20130866105148,153.7488672227736,155.36001061315466,22106836
2020-08-13,154.55441284179688,156.6642344321249,151.21704321657532,156.12718672594102,23573090
2020-08-14,150.6800079345703,156.0121162016556,149.98951970647923,154.66950898304458,29858596
2020-08-17,152.48297119140625,153.05837606072092,151.02526831926238,151.9459234046982,12192938
2020-08-18,152.3295135498047,153.36523976642857,151.33213225391552,153.36523976642857,12969115
2020-08-19,152.2528076171875,154.74623687559134,151.9842837181253,152.36789102500762,16070316
2020-08-20,150.2196807861328,151.2937762461969,149.2606687192974,151.14033577440955,17561721
2020-08-21,150.9868927001953,152.82819048745935,150.6032854485625,151.9075355150511,17897538
2020-08-24,150.91018676757812,152.67477063735774,150.6416628709257,151.33215115409564,15304895
2020-08-25,149.91281127929688,152.1377165262788,149.68264447528028,151.33214486977428,15784633
2020-08-26,149.56753540039062,150.79507121518654,148.5701663501038,150.75671414028554,23502769
2020-08-27,149.03050231933594,152.59803888846628,148.76197845362353,152.29114578654307,49030500
2020-08-28,150.0278778076172,150.60328259538915,148.87705607452108,149.29902039605733,35979788
2020-08-31,146.61380004882812,152.6747534241546,145.76987137094122,152.6747534241546,100730476
2020-09-01,145.92332458496094,147.57282500600942,144.4272646498758,146.613812850573,41311165
2020-09-02,146.8056182861328,148.07151148133676,145.50136800677086,146.7672612019748,21378178
2020-09-03,146.99740600585938,148.26331127371776,145.76988213469372,146.84396552196367,16295787
2020-09-04,143.23806762695312,145.7698657200187,142.47085313631453,145.7698657200187,42983034
2020-09-07,145.07936096191406,146.1534563530489,138.71152708240294,143.66002757080122,33918419
2020-09-08,144.35052490234375,146.19183487775496,141.62692917531442,145.4629774402764,26574542
2020-09-09,141.01318359375,142.89283870748602,139.86236168666153,142.3174338327188,28901363
2020-09-10,141.8571014404297,142.47086335090304,140.55283914434418,141.24332737240323,18469229
2020-09-11,141.1282501220703,143.08463132532833,140.20759513801548,141.85709539910607,19997552
2020-09-14,140.66790771484375,142.5859317192333,140.39938386792716,142.54757464326,32185628
2020-09-15,139.47874450683594,141.3200545647599,138.71154211399528,141.16661408619174,31956903
2020-09-16,138.59645080566406,140.78299877618673,138.13612939623127,139.51710578208215,52591750
2020-09-17,137.02369689941406,139.24860227319502,136.4099227729082,138.71155447158523,35240133
2020-09-18,137.4073028564453,137.98271994452898,135.79617148247667,137.75255310929552,30929813
2020-09-21,134.83714294433594,138.5581081580488,134.30009516528935,138.09777454312103,24811451
2020-09-22,133.64794921875,135.60433039341518,133.30269904569312,134.83712804920944,19242719
2020-09-23,132.34368896484375,136.21810645150583,131.72992708035426,134.22335601180984,64164525
2020-09-24,127.7788314819336,131.76832132916496,127.47195045312104,131.7299642399524,32698988
2020-09-25,131.00106811523438,131.34631828939095,128.12403196080598,129.58173465576857,27650738
2020-09-28,132.95745849609375,134.10826806924482,130.80926765815616,131.19287490172388,24087933
2020-09-29,129.96533203125,134.06990378594605,129.65845111591142,134.06990378594605,26602326
2020-09-30,131.72991943359375,132.03680035802444,129.42828818525987,130.42565726843554,19193371
2020-10-01,131.0778045654297,133.95484094235044,130.5023997215562,133.87812678052913,20517295
2020-10-05,129.85028076171875,132.57387691340875,129.4666734439003,131.26961446433697,25234767
2020-10-06,130.3489532470703,131.65320335604545,128.9679768222483,130.04206014123545,22728054
2020-10-07,130.04205322265625,131.11614864205154,129.65845813648838,130.4256604663763,16913783
2020-10-08,128.23915100097656,130.73258059644442,128.0473534003851,130.50242590724585,26484289
2020-10-09,128.7761688232422,129.58174044135572,127.62535917311027,128.50764495053767,23234939
2020-10-12,132.113525390625,134.4151444591548,130.42565600747093,130.80926323807648,68801924
2020-10-13,130.54074096679688,134.14662223136398,130.04205034524003,132.61220544798766,37058708
2020-10-14,128.73780822753906,131.19288009448448,128.16240341818838,130.84762991434246,39688050
2020-10-15,126.62799072265625,128.73782483925527,126.24439557196025,128.66109851458353,28161148
2020-10-16,127.12666320800781,127.97059187059862,125.66896050872666,126.97322273822334,21006060
2020-10-19,129.0830535888672,129.5817442693512,127.4719224625984,127.97060098552905,19748904
2020-10-20,128.4693145751953,129.1214458526836,127.89390963052261,128.8912790117923,16770677
2020-10-21,128.62271118164062,129.58172314794936,127.81713967103511,129.0063183996744,17113482
2020-10-22,129.31321716308594,129.7351815139109,128.12403827027762,128.5460147786556,22893091
2020-10-23,131.00106811523438,131.19287782006106,128.6994489177336,129.62009173371294,20921450
2020-10-26,129.31321716308594,131.6532057113163,129.0830503689803,131.5764915516498,16699886
2020-10-27,128.27748107910156,129.8886120417747,127.93223091438811,129.2748501812425,47652264
2020-10-28,126.97323608398438,129.27486768777365,126.5896287904272,129.27486768777365,17468592
2020-10-29,125.70731353759766,127.31845649894765,125.40042048004224,126.58959916449832,21816186
2020-10-30,126.78142547607422,127.97059215897167,125.32372277350822,125.82241341959588,16976909
2020-11-02,127.93222045898438,128.27747059548187,126.16763701783863,127.97057753274484,14924105
2020-11-03,130.50238037109375,131.00105882165013,128.20074917932473,128.27747548732273,23473408
2020-11-04,130.27223205566406,131.80664901498557,129.0446960566962,130.46404177405006,19533203
2020-11-05,134.06993103027344,134.26172860194734,130.57912039688753,131.38469208151506,28037401
2020-11-06,133.45616149902344,135.94960296171064,133.03419710081116,135.4125551535215,35571152
2020-11-09,132.5738525390625,136.02629344957134,131.8450072794974,133.45613826603332,36645472
2020-11-10,136.83189392089844,137.75254907732986,131.8450351255417,134.26173819453626,59672371
2020-11-11,142.1639862060547,142.624319808801,137.0236875166303,137.79088992528514,65757234
2020-11-12,144.23544311523438,144.81086008742798,141.05152593767596,142.0872643300717,48153554
2020-11-13,143.5449676513672,144.8492300274065,142.35580083753857,143.62169397365636,29284742
2020-11-14,144.69578552246094,145.76988105936098,144.27382115547212,145.0410235692911,8066280
2020-11-17,143.73675537109375,145.30952924045667,143.0078979723787,145.00264831339345,21757459
2020-11-18,141.20497131347656,144.58069831815004,140.20760212296858,143.31480525047994,27620283
2020-11-19,144.1587371826172,147.1508569785352,140.16924817391103,140.2459623362121,50871154
2020-11-20,147.07412719726562,147.30429399385875,142.7393880875631,144.84922202204265,47052232
2020-11-23,146.42198181152344,147.6878869121731,144.7341245540599,147.3042796743263,24073204
2020-11-24,150.0278778076172,150.71836598445398,146.23018675623874,146.23018675623874,47160760
2020-11-25,148.7236328125,151.86919312808809,147.68790650620903,150.37313321228683,43263598
2020-11-26,149.4524383544922,150.25800979907333,147.7262242511472,149.68260509795834,25155854
2020-11-27,148.5701904296875,150.18133372727485,148.22495238452075,149.18396451533891,32594141
2020-12-01,149.1455841064453,150.6416438910789,147.6111672435667,149.60591767559566,16505446
2020-12-02,150.33477783203125,152.48296894724766,148.493467688259,149.605932485463,29520716
2020-12-03,150.5265655517578,151.2937800877277,149.26067250920514,151.2937800877277,29087754
2020-12-04,152.06100463867188,152.94329047134832,150.75674227313291,151.02526616265249,23005484
2020-12-07,155.8586883544922,156.31902198222613,151.60067524327772,152.06100887101164,37068111
2020-12-08,155.3216094970703,157.04783594072902,153.09670459983815,156.43407410323806,32042241
2020-12-09,157.58489990234375,159.42619776253358,157.00949508088146,157.27801895190424,41212760
2020-12-10,163.18553161621094,163.9143769113715,155.85867295505693,158.54391165967942,67739601
2020-12-11,165.94747924804688,167.21337224422493,163.6842171176878,164.52814578180653,62645643
2020-12-14,165.64060974121094,167.71207446636245,164.95012149949375,167.21338378607373,28029531
2020-12-15,163.83766174316406,166.02420977272564,162.3416019251718,165.14191185054926,24151252
2020-12-16,164.18289184570312,165.3720706583904,163.79928460055703,163.99109430190617,20304621
2020-12-17,163.4540557861328,165.0268297748982,162.07307935195487,164.33634155780925,23248344
2020-12-18,164.56651306152344,165.67896565660092,160.92226215958942,163.49241754695115,24690701
2020-12-21,155.7052459716797,164.71996279538615,152.78985238087193,164.56652230719143,43445980
2020-12-22,156.0504913330078,158.23703949747096,151.0636209128453,155.82032452910005,42564860
2020-12-23,159.38783264160156,159.77143988907343,154.9763796895558,155.74358202694725,24608258
2020-12-24,160.0399627685547,161.61273666876025,157.7383314553409,161.11405819189127,23645158
2020-12-28,160.73046875,161.26751652115414,159.4645756426596,160.34686146238224,16347233
2020-12-29,162.30325317382812,163.79930091102958,161.19078840486398,161.49768152607137,27568853
2020-12-30,161.99635314941406,163.7992939309936,160.76881718955417,163.18553202984012,19654130
2020-12-31,160.34683227539062,162.11141575119268,160.00159428966379,161.53601100328038,18947950
2021-01-01,164.0678253173828,164.33634920082562,160.57702699017972,161.0373484371302,20279389
2021-01-04,163.7225799560547,165.71731829459736,162.72521078678335,164.18290138243694,27927482
2021-01-05,162.22654724121094,163.6075239087551,161.5744159933276,162.99376190431545,18718244
2021-01-06,157.58489990234375,162.26487694798112,156.89441168507844,162.2265198685644,50957586
2021-01-07,155.5901336669922,159.27274117232378,155.05308597928436,158.1219316458365,36298522
2021-01-08,154.59275817871094,158.04519877231658,153.63374622728986,156.77930591425303,58600546
2021-01-11,155.36000061035156,158.12195358314642,154.4009884860448,156.5108102964983,44625924
2021-01-12,158.3904571533203,158.735695151872,154.66949253337037,155.74357576251583,36989137
2021-01-13,162.07308959960938,163.41570903927234,157.46982642292312,159.15768391418302,66387977
2021-01-14,164.29795837402344,166.10089886787705,162.34157742936853,162.64845833097107,50164605
2021-01-15,167.1366729736328,167.63536366391435,162.0347312988473,164.87339848414769,60567280
2021-01-18,168.5943603515625,170.3205747534394,164.64322874568606,167.5586219843944,70211602
2021-01-19,167.90383911132812,170.0903868076995,166.86811303057644,169.55335130947145,33009228
2021-01-20,166.98324584960938,168.0189722370271,165.4871858166242,167.6353770757936,46392916
2021-01-21,163.95272827148438,168.40253803103676,162.8019065988904,168.01893080683877,30116008
2021-01-22,161.65110778808594,164.75829854747354,160.46192896159238,164.1828937518501,25663922
2021-01-25,159.42620849609375,163.03210245796404,158.69736315034135,162.6484951653114,25929487
2021-01-27,161.6127471923828,163.14717627280982,158.8891635369968,159.57965176016774,50338134
2021-01-28,158.5055694580078,161.88128453775306,157.85343826031013,160.53867721697478,22984352
2021-01-29,155.93540954589844,160.19342251696622,155.24492128457808,160.00162495009255,24679902
2021-02-01,165.67897033691406,167.21338733355498,154.82295580055427,156.5108132811039,59968324
2021-02-02,167.40518188476562,171.4713968912657,166.4845269071981,168.78615827234066,50324035
2021-02-03,166.29273986816406,170.320585893544,165.48716823157744,169.93697861551894,55709225
2021-02-04,176.41993713378906,177.53238990851003,165.7173494978269,165.79407582878068,109894300
2021-02-05,179.79563903808594,183.24809267810267,174.348458991336,178.10778145944968,130323308
2021-02-08,178.8365936279297,182.6342846321445,177.6090699132887,182.21232031584864,43093963
2021-02-09,175.69105529785156,183.5166050428732,175.07729336513415,179.98743745708754,73377134
2021-02-10,174.57859802246094,177.3021938807802,171.16451392946587,175.69105061401896,49104142
2021-02-11,173.7346649169922,175.9212129644523,172.23860508675352,175.69104617286087,45311749
2021-02-12,166.82980346679688,173.19763868795232,165.56389811335796,173.19763868795232,114826417
2021-02-15,167.71206665039062,169.55337664752713,166.86813796735007,167.5969832558755,33000365
2021-02-16,167.4435577392578,170.16715374170735,166.6763553032146,168.05733184564622,30271502
2021-02-17,167.05995178222656,167.55864248781938,166.13930885159144,166.94486837650868,20615018
2021-02-18,167.90383911132812,169.24645825077562,167.1749939317213,167.40516068635543,24997592
2021-02-19,165.67897033691406,167.94224482906344,164.18291042186195,167.90387558992106,29208388
2021-02-22,162.76449584960938,166.65575313651098,161.93907688226142,166.65575313651098,53531490
2021-02-23,163.90435791015625,165.51589375199904,162.72519506555793,163.51131193334746,27703323
2021-02-24,164.1794891357422,164.92630385891084,162.33212829411372,164.3760245711383,13667471
2021-02-25,164.4153289794922,166.02686476114877,164.1401893317501,164.69046862723425,26953713
2021-02-26,160.2489471435547,163.51132111673056,159.58074901411376,162.9217272042317,45101885
2021-03-01,162.6465606689453,163.3147586880303,160.40614154272504,161.50670005484514,16850430
2021-03-02,165.00494384765625,165.71244416291137,162.3321634947938,162.72522199373287,26590262
2021-03-03,165.04421997070312,166.6557432467369,164.14018438802822,166.6557432467369,21648963
2021-03-04,164.8477020263672,166.10548158915327,163.19686401450676,164.1402018008679,25858155
2021-03-05,163.9436798095703,165.08354059891087,162.8824232362745,163.51131925006482,17990773
2021-03-08,163.5113067626953,165.71241150014663,163.27546921839905,164.84769044717444,23874105
2021-03-09,163.35409545898438,164.88701478947416,160.9564549589029,164.06159573020372,23463213
2021-03-10,162.3321533203125,164.454654133046,161.78187394770524,164.37604991243768,20358192
2021-03-12,161.31019592285156,163.51131320409982,159.97379972864053,163.51131320409982,31973696
2021-03-15,161.5067138671875,161.93907439719885,158.48019015710818,161.82116808117496,42699297
2021-03-16,163.3933868408203,164.21880578296356,161.1136529951976,162.2535261465517,50641203
2021-03-17,165.55520629882812,168.14938216046383,163.9436828124423,166.8129858923604,81604999
2021-03-18,171.09732055664062,172.23718149105147,166.5771664749334,167.44190016108575,95536034
2021-03-19,175.26368713378906,177.7792463271207,169.44646428488895,172.1585464795081,139352860
2021-03-22,177.6613311767578,177.97577294603528,174.12381767258447,175.53881809141933,47823778
2021-03-23,174.6741180419922,179.31217829742732,173.96661774733556,176.8752356062962,43165463
2021-03-24,169.76092529296875,175.1458006402198,169.21064587854767,173.73079999087645,28672557
2021-03-25,166.34133911132812,169.7609218687507,164.33675697470719,169.1320382404335,42248040
2021-03-26,165.79104614257812,168.5817450433417,165.35868556921488,168.4245241491266,27083832
2021-03-30,168.66033935546875,169.0140956894897,165.39797796367802,167.63839737455197,28862387
2021-03-31,171.76547241210938,172.39435587914537,167.20601744775928,168.2672738697385,37890481
2021-04-01,172.98397827148438,173.41633887188857,170.82217526946346,172.9446761597443,30182056
2021-04-05,167.08811950683594,172.9446566946344,165.4765960789059,171.05798114422925,32586507
2021-04-06,167.16671752929688,168.974776206274,165.20143798350676,168.07074063924298,26663018
2021-04-07,168.07078552246094,169.1713443551407,167.00954126029708,167.2060642845235,15790468
2021-04-08,167.63841247558594,169.8788320882791,167.32397067729957,168.89619212581871,14660557
2021-04-09,167.52047729492188,169.7608966883879,167.08811675031316,168.0314545099531,16994483
2021-04-12,161.38880920410156,165.86964823150564,161.1529840943502,165.0835437705231,35840817
2021-04-13,164.06158447265625,164.84770136766377,161.93908380463958,162.72520069964713,21027436
2021-04-15,162.48936462402344,165.43728432160052,161.9390852839088,164.29742353338779,18205903
2021-04-16,163.4720001220703,164.49395455881864,162.33213936454595,163.51131468608185,13824608
2021-04-19,161.6246337890625,162.01769221652623,160.170331310241,161.15297115035747,16400507
2021-04-20,160.0131072998047,162.7251892191932,159.18768835540698,162.09629325613926,22187707
2021-04-22,161.86048889160156,162.17493068484117,157.65478942148886,158.79465026479772,24030915
2021-04-23,161.4281463623047,162.7252282472713,160.56342510566026,160.56342510566026,20381213
2021-04-26,161.38880920410156,162.52868247242807,160.91714652751205,161.7818676631362,20652091
2021-04-27,161.46742248535156,162.68589994562547,161.1922828155183,161.38880581236214,11885588
2021-04-28,161.54603576660156,162.3321401945587,161.3888024239239,161.939081752037,13197445
2021-04-29,160.60269165039062,163.15755274020708,160.40615620835197,162.80380887587472,13601150
2021-04-30,159.26632690429688,161.70328215806683,158.79466417312602,160.28828150746605,17130954
2021-05-03,157.96920776367188,158.67670792197376,157.22240550132133,158.16573074100035,21405441
2021-05-04,156.90798950195312,159.06980506435596,156.51494345159654,158.16576925152384,18962501
2021-05-05,158.32298278808594,158.79464546368473,156.8293656297263,158.36228489678084,14396547
2021-05-06,159.38424682617188,161.89980632434572,158.8732695209812,159.03050288956936,14872429
2021-05-07,161.4281463623047,162.2928676189491,159.5414704777273,159.5414704777273,20213092
2021-05-10,161.58535766601562,163.07896249062617,161.1529970634086,162.84313736189637,16922951
2021-05-11,160.36685180664062,162.33213145637367,160.17032882450155,160.28824759661921,14277000
2021-05-12,159.7772979736328,161.34951947329805,159.4628561651173,160.2882752552863,17174525
2021-05-14,166.852294921875,167.59910976147466,160.36687368441076,161.15299063438286,64021335
2021-05-17,167.12741088867188,170.58630753771413,166.38060861215132,170.42908666145115,39465392
2021-05-18,165.12283325195312,168.69964876142777,164.80839149160627,168.30659033245126,31653409
2021-05-19,163.3147735595703,166.18408886417703,163.1575526802486,165.1228323573984,25345241
2021-05-20,162.72518920898438,164.53324797415846,162.56796833250212,163.8650499062948,21688686
2021-05-21,164.3367462158203,164.9656298029654,163.03965201743105,163.19687291421735,23509878
2021-05-24,166.2626953125,166.69505585072386,163.31477575710858,164.69047404104177,29977506
2021-05-25,165.79104614257812,167.75632600589725,165.28006889356385,167.44188421746705,26310600
2021-05-26,165.55520629882812,167.00952135024505,165.31938118928798,166.498544108249,18253046
2021-05-27,165.98757934570312,168.34591781801896,165.31939361850192,165.86966055352417,49385674
2021-05-28,167.36326599121094,167.83492866948632,166.3020218508196,167.04882420569402,26583388
2021-05-31,170.27188110351562,171.2938231197057,168.54242639486318,169.0141015231714,75852502
2021-06-01,169.21063232421875,172.47300643612786,168.42452783593546,171.37244769544404,40247686
2021-06-02,164.2974090576172,167.00950341125213,163.98296730728094,165.4765843070062,100377464
2021-06-03,164.3367462158203,165.6731300670472,164.0615940750854,165.6731300670472,48454441
2021-06-04,164.10089111328125,164.84769340751643,163.51130969903846,164.69047252752407,31286264
2021-06-07,166.2234344482422,166.9702369346303,165.24079435264142,165.39801527308686,32643869
2021-06-08,167.9528350830078,168.42451018362948,166.0268699457557,166.81297435164862,22080199
2021-06-09,167.04881286621094,168.81755713249416,166.26269599869443,168.22797571039973,25846432
2021-06-10,169.29049682617188,170.98906638458726,167.83458372389148,168.8051839139019,31902690
2021-06-11,168.1581268310547,170.22066837551174,168.03679859598097,170.09935295770347,22249404
2021-06-14,167.6728057861328,168.60296744352516,165.97423634157573,168.19854431616434,18358717
2021-06-15,167.4705810546875,168.5625221727644,167.4301425887627,167.87500416572573,15426377
2021-06-16,168.11766052246094,169.33091703778302,167.47058098162938,167.47058098162938,20878518
2021-06-17,166.3382110595703,168.23899850929826,165.81247252045043,167.3897137723383,22304032
2021-06-18,165.44850158691406,166.98530449810372,163.79038326088707,166.62131980179623,24475206
2021-06-21,165.36761474609375,166.62130982916455,163.7094837020442,164.27567353979143,19809308
2021-06-22,165.89337158203125,166.82354619682388,165.28674320822978,166.70221795861045,18737552
2021-06-23,164.9631805419922,166.49998325816205,164.6800856420994,166.3382037577117,13059519
2021-06-24,164.39700317382812,165.52938285902923,163.83081333122757,165.3676161636097,23299321
2021-06-25,165.85293579101562,166.29779746014998,164.80144573826774,165.00365092705024,14411660
2021-06-28,164.68008422851562,166.54042029509029,164.47786626332027,166.54042029509029,15190488
2021-06-29,164.43743896484375,166.05511870995298,164.3161107409393,164.68009541265263,13839294
2021-06-30,163.9521484375,165.32717181490213,163.8308202065276,165.24629487243058,16556397
2021-07-01,164.19476318359375,164.84184269580436,163.5072580245274,164.11388625535668,10583793
2021-07-02,163.70948791503906,164.76097786194453,163.58815968707597,164.4374444655528,13187847
2021-07-05,164.72055053710938,165.0845352456267,163.95215546437134,164.19479911945064,10642939
2021-07-06,163.7903594970703,164.84184932729272,163.58814153381692,164.3969877523039,11515716
2021-07-07,164.80140686035156,165.9742248765986,163.6285888441045,163.79035552042174,18568033
2021-07-08,163.3859405517578,165.40804333224568,163.22417386739042,164.59919709314508,21730892
2021-07-09,162.86019897460938,163.66904526218303,162.4962271172863,163.38595034325868,12289809
2021-07-12,162.65797424316406,163.8307922469677,162.53664603289766,163.38593068749952,13589278
2021-07-13,163.2646026611328,163.54769754631897,162.8601795655436,163.38593087153586,11247522
2021-07-14,165.0845184326172,165.93380318206343,163.14329248609312,163.2646207099089,21269167
2021-07-15,166.82350158691406,168.6433862216671,164.11388104893993,165.32713747210863,29963443
2021-07-16,168.1581268310547,169.5736015448058,167.59193694555427,167.99636012337822,30137464
2021-07-19,168.0367889404297,169.45226357284628,166.9044092344964,167.2683939188027,17099088
2021-07-20,167.26837158203125,169.290474267665,166.94483822847297,168.40075113674823,24567907
2021-07-22,167.4301300048828,168.44118129785713,166.4999684549419,167.4301300048828,19016769
2021-07-23,171.7978973388672,172.76851033180674,167.02573494803917,167.43015809653602,46241640
2021-07-26,170.78683471679688,174.18397356147904,170.50373981307337,173.092032413613,49084040
2021-07-27,168.7647247314453,172.28319164452847,168.19853494812764,171.47434543485662,25378089
2021-07-28,169.1287078857422,169.85666434114893,167.7941103697773,168.4816283602345,15304399
2021-07-29,166.66175842285156,170.01844610864407,166.33821222274898,169.12872289720647,16204679
2021-07-30,165.7720184326172,167.51103916265964,165.4889363423467,166.70219290762893,15515733
2021-08-02,167.6728057861328,167.83457247362435,166.1764414966242,166.98528775134582,10046707
2021-08-03,169.7758026123047,170.58464894835848,166.98530454226992,167.83458934994684,19179805
2021-08-04,168.72427368164062,170.7463762377362,168.31985060696906,170.58460957132004,11421835
2021-08-05,174.10308837890625,175.3163577769582,167.34926179660232,168.72429788427505,48995450
2021-08-06,173.29425048828125,174.70971219049275,171.95965290291105,174.2244121340714,24489836
2021-08-09,172.93028259277344,175.63990367590895,172.04055932780713,173.90089561694802,21142199
2021-08-10,169.73538208007812,173.4560551115406,168.68389198588795,173.09207037666715,18855165
2021-08-11,168.7647247314453,170.34196586822125,167.79411184329172,169.73533761959894,16012451
2021-08-12,168.96694946289062,173.25379865758592,168.52208787492475,170.05887779071102,28758718
2021-08-13,171.0294952392578,171.71701328147688,169.209597555093,169.7353489080718,19576945
2021-08-16,170.5846405029297,172.48541519955947,170.26110711143198,170.9890636509341,11621038
2021-08-17,169.20957946777344,171.06991542107542,168.8860461238764,170.50372566062427,8161139
2021-08-18,169.00741577148438,171.06995736612583,168.52211563664693,169.53316719717432,11149120
2021-08-20,168.96694946289062,170.42286244482696,167.18749029376337,167.43014672984066,20168965
2021-08-23,166.86395263671875,170.01843495562278,166.62129620687585,169.45224516416496,10319044
2021-08-24,166.4191131591797,167.43016466143263,165.5698283592154,167.43016466143263,12971124
2021-08-25,166.94483947753906,168.15809597109157,166.621293304297,166.94483947753906,10994627
2021-08-26,165.4889373779297,167.30882223724134,165.28671940427463,166.9448503922846,15407558
2021-08-27,166.54043579101562,167.30883080536913,165.73158948950118,165.81247924655847,10879860
2021-08-30,168.23899841308594,168.4007651032814,166.6213058766031,166.6213058766031,12550267
2021-08-31,170.90817260742188,171.15082905785013,167.63236179569816,168.27944139108536,26802390
2021-09-01,169.45223999023438,171.71699908691517,169.29047331436618,170.66549646787738,16867486
2021-09-02,169.6544647216797,171.06993932055775,169.0478364128075,169.0478364128075,14872714
2021-09-03,170.34197998046875,170.86773134203847,169.65446192701546,169.65446192701546,10622796
2021-09-06,169.29049682617188,170.8272996862522,169.08829165756924,170.66552017065237,11041632
2021-09-07,171.2721710205078,173.37515103534764,169.9780245431966,170.58465290065942,38933378
2021-09-08,170.86773681640625,172.2832114373175,169.61402889256135,171.67657030173794,17897021
2021-09-09,172.0001220703125,173.0111735725918,170.30155247033966,170.70597563470437,19784972
2021-09-13,173.21336364746094,174.0222099056848,171.31258903962518,172.566296894693,16661794
2021-09-14,174.7906036376953,175.72077810977382,173.25380088488862,173.81999069817195,20377545
2021-09-15,174.70973205566406,175.68034509613292,174.14355500076118,175.59946815283186,21028598
2021-09-16,186.64012145996094,188.9857704130323,174.95236643020303,175.47811776433798,154986538
2021-09-17,186.96365356445312,191.93802036180432,185.30552275382766,188.4600048865559,82563658
2021-09-20,189.06668090820312,193.5962001176955,186.2357314022704,186.84237259444586,73101936
2021-09-21,195.33518981933594,196.10358483372562,187.4085447697263,190.03727602387522,58854434
2021-09-22,196.95285034179688,198.81318639960207,194.6880911727708,196.95285034179688,54648494
2021-09-23,196.14402770996094,198.65144361074374,195.49696090799435,198.1661306920039,22630330
2021-09-24,192.8682098388672,197.3572769737961,192.26156875258198,197.3572769737961,25779310
2021-09-27,193.07040405273438,195.618258019015,190.48211162207994,193.96012717253504,23772123
2021-09-28,192.30201721191406,195.41604826187472,191.12918634049865,194.00057377677285,16319138
2021-09-29,192.58511352539062,195.2542830164171,190.64388769804088,190.8865441307755,16045073
2021-09-30,191.00790405273438,194.44546906167392,190.27994745095987,194.04105869633912,16987893
2021-10-01,190.36080932617188,191.69539418755454,188.37914486040498,190.2394810992708,16570661
2021-10-04,191.37184143066406,192.78731590584886,190.40122853092828,190.88654138942783,11098123
2021-10-05,189.83505249023438,192.05937334584604,189.67328579810587,191.21008859922316,9578825
2021-10-06,187.04457092285156,191.2101052643208,186.51881951466333,189.91595879723582,18179336
2021-10-07,188.4196014404297,190.03728127093544,187.89385004817768,188.46003991144445,10770973
2021-10-08,187.4085235595703,189.91592630298197,187.00410045456505,189.8754878376604,10114327
2021-10-11,192.544677734375,193.71749589152083,187.40854348815924,187.65118712315402,22000303
2021-10-12,195.1734161376953,196.54845232797277,192.5042463338838,192.98954643895908,30347455
2021-10-13,201.56326293945312,202.9382862550941,194.2432462940476,196.184472267883,52091422
2021-10-14,207.50823974609375,211.79510194592942,202.4934210233864,204.83907010131895,88696178
2021-10-18,212.3612823486328,214.58559028719347,208.15531009018667,211.10757451930024,62614961
2021-10-19,198.93450927734375,212.36127161570184,198.2065528235824,211.43109720312384,61336411
2021-10-20,199.4602813720703,200.99708428545208,196.02270366574527,198.93454278856314,49663940
2021-10-21,197.9234619140625,200.8757262533177,196.62931565721811,200.5926313590935,23385990
2021-10-22,191.37184143066406,198.81318563319934,189.026205338794,197.9234624823013,36905793
2021-10-25,188.7835693359375,191.41230060727338,186.43793299026947,189.3497591872732,23194065
2021-10-26,191.4527587890625,193.31309510797695,188.1365093192176,189.34976600590457,19663381
2021-10-27,192.8682098388672,195.17339469769658,191.04831221453878,194.32412281142447,26909428
2021-10-28,182.0701904296875,190.84612015074669,181.30178260678912,190.1586020839877,48064941
2021-10-29,180.53338623046875,184.61803049604393,179.80542969979925,181.9892992918077,27668175
2021-11-01,183.4856414794922,184.05183128754618,179.96718722995428,181.30177199868277,24090945
2021-11-02,182.47459411621094,185.4268714402308,181.58487091738763,184.41582002024722,14896284
2021-11-03,179.92674255371094,183.4856351475048,179.32010148225675,182.7981299619622,18530527
2021-11-04,183.2429962158203,183.84962448550323,181.18044215472932,181.867960175093,7295341
2021-11-08,185.87173461914062,186.59969113502424,182.5554854207232,185.79084486525838,21051238
2021-11-09,185.02244567871094,186.7614535836723,184.29448917936116,185.91216886488692,11964518
2021-11-10,186.7210235595703,188.3387033182455,183.76874614401848,183.97096412464316,13948380
2021-11-11,186.0334930419922,187.2467623927212,184.86067497503865,186.3570264086145,8448263
2021-11-12,188.37913513183594,189.22841985901883,185.34598088501025,187.00411187158556,12312123
2021-11-15,192.58511352539062,193.3130700063309,188.54089518795593,189.2284132025283,40247848
2021-11-16,190.44168090820312,193.83880685090224,190.0776962622371,193.35350680687762,15241184
2021-11-17,193.71751403808594,198.3683614499821,190.60348242295095,190.88657737135102,48496295
2021-11-18,192.09979248046875,196.54842092669077,191.12917960812177,194.12189515445485,21005037
2021-11-22,186.76144409179688,194.72852671233866,185.66951580689974,192.423329112012,23443628
2021-11-23,187.32765197753906,188.2173752044726,185.34598754292787,185.34598754292787,13950744
2021-11-24,184.17315673828125,188.21736226802568,183.5665284722723,188.01515711844388,14684422
2021-11-25,187.08499145507812,187.81294797192888,182.5959241316211,183.60697556153963,24825493
2021-11-26,181.18045043945312,186.07394092191376,180.45249391909408,185.14377924150222,28067913
2021-11-29,179.15835571289062,180.8973637470813,178.10686576175002,179.56277886864154,22985358
2021-11-30,178.875244140625,182.15105473493767,177.94508250449095,179.56276215969913,24408641
2021-12-01,179.4818878173828,180.61425462029055,178.43038513164424,179.56276475181576,13496307
2021-12-02,182.353271484375,182.91944846524135,178.9965711619585,179.48188402736324,16517389
2021-12-03,179.2796630859375,182.95989671270922,179.0370194745252,181.98928381527028,14325920
2021-12-06,176.2465057373047,179.7245213367751,175.92297238322908,179.27965977060538,13644352
2021-12-07,178.4708251953125,179.52231499767808,176.40827123799244,177.05535075909177,9246755
2021-12-08,181.9488525390625,182.5150423501689,178.75393164339854,178.75393164339854,10241656
2021-12-09,190.40122985839844,191.2505145494305,180.3716058820805,180.3716058820805,39714672
2021-12-10,190.96743774414062,193.27263560468322,189.0666630343934,191.04832750120553,36517117
2021-12-13,189.7541961669922,193.1108842321616,189.3902114572129,192.50425586646173,22903720
2021-12-14,184.90113830566406,191.776293765857,184.0518534911274,190.07772413678364,38953007
2021-12-15,181.2209014892578,187.81294863246143,180.69515012963606,186.03350221107112,35987634
2021-12-16,180.2907257080078,182.91945685285543,178.59215623573184,182.79814144820494,25131188
2021-12-17,176.28697204589844,180.25030111973342,175.31637183037014,180.20986264840266,30827201
2021-12-20,171.7978973388672,174.911941483302,169.6949174743068,174.911941483302,38778895
2021-12-21,171.87875366210938,174.26482798475877,170.70593573168685,173.09201005433624,20142586
2021-12-22,171.474365234375,173.2538117204035,170.74640868852111,173.09204502324314,17903428
2021-12-23,175.76121520996094,176.6913768575398,172.44496610821193,173.01115591709083,23065082
2021-12-24,176.3274383544922,178.3090902429465,175.07373028105957,176.3274383544922,17220191
2021-12-27,175.9634552001953,176.69141183898023,174.42666497235288,176.65097336384392,8467106
2021-12-28,177.9855194091797,178.43038099002638,176.3274013018899,176.3274013018899,12014352
2021-12-29,175.31634521484375,178.18773258871042,174.95236057632988,177.9450761630345,11923119
2021-12-30,174.70973205566406,176.24653496830098,174.30532170462845,175.19504498453108,10116360
2021-12-31,176.36785888671875,176.97448721569975,174.83105601167065,175.43769715791652,7875890
2022-01-03,177.2171173095703,177.8237455483031,175.5589864519535,176.36783264843922,8064567
2022-01-04,178.14727783203125,179.32009583782062,177.17667778278255,177.54064959693508,9398805
2022-01-05,178.38995361328125,179.15834860664458,176.85315080929033,177.6619970887096,11663111
2022-01-06,176.8936004638672,178.26862374548108,176.48917732788752,177.13624409164368,9295303
2022-01-07,176.6509552001953,178.47085301866474,175.92299863626053,177.7833349257083,9196075
2022-01-10,180.6142578125,181.7466374526854,177.05536502021903,177.86419846516287,16451394
2022-01-11,179.52232360839844,181.38265969705273,178.91569534013942,180.6547032116892,8329596
2022-01-12,180.16940307617188,180.89735961298143,179.2392413747403,179.96719791154985,13665682
2022-01-13,181.1400146484375,182.6363789970961,180.16940166785685,181.09957617928208,11944029
2022-01-14,180.04806518554688,181.82751142727145,179.80540876448885,181.13999344578227,10976796
2022-01-17,181.665771484375,182.47460497814987,179.0370401993933,180.04809167956049,12792728
2022-01-18,178.55172729492188,183.84964115279135,178.18775542702093,181.66577149359125,14948456
2022-01-19,178.2281951904297,179.88631347773043,176.89361030300253,178.55172859030327,11915686
2022-01-20,176.9340362548828,179.68409559376028,176.327407968725,178.3899492685671,17997322
2022-01-21,175.55899047851562,178.34950094830944,174.70970579790563,176.73182133549844,17225050
2022-01-24,171.31260681152344,176.12520794060003,170.58465023050962,175.5590180645598,18023332
2022-01-25,173.33470153808594,173.6582349325195,169.4927008230772,171.47436529419593,19028606
2022-01-27,173.57736206054688,174.3053186237153,170.74641274974468,170.8677409798169,24041247
2022-01-28,176.0038604736328,177.3384580740327,173.98175765654287,173.98175765654287,15865353
2022-01-31,178.10684204101562,178.5517036079144,175.59943931692595,176.7318188753094,15618203
2022-02-01,184.21360778808594,185.06289254541718,177.25757585253209,178.75394020380048,44871108
2022-02-02,187.7725067138672,188.70268119324072,185.22465253411045,186.033498792934,42714702
2022-02-03,189.63282775878906,190.23945599598144,187.4893968790814,187.77249176540624,28918394
2022-02-04,189.5115203857422,192.90865939517457,187.28721233237408,191.89760794959554,58889867
2022-02-07,186.1952667236328,189.87550056339333,184.82024345517462,189.2688722738599,25101983
2022-02-08,187.04457092285156,187.8938557434947,185.26512433708427,186.27617586395485,16825239
2022-02-09,186.1548309326172,188.4600287198056,185.02245127332966,187.89383889016185,12351873
2022-02-10,187.85340881347656,188.7835705367218,184.2136132268058,184.9820210683716,20317032
2022-02-11,188.01516723632812,188.70268528952616,185.87173613945438,187.65118256677707,18793513
2022-02-14,181.7635498046875,187.18871229333118,180.97669898576711,187.18871229333118,23621214
2022-02-15,184.7039031982422,185.11804004119819,181.01810760863412,183.04736895153604,13371177
2022-02-16,184.49684143066406,186.11196604630967,183.7514003099906,185.3665249256362,11664158
2022-02-17,184.4140167236328,185.8220663006464,182.9231345243862,184.74532096232798,14564261
2022-02-18,183.79283142089844,185.07663872090413,183.4615140328821,184.41403019511014,9004891
2022-02-21,180.5625762939453,183.2958560634697,179.85854491387306,182.46759543260728,16750193
2022-02-22,177.95352172851562,179.65147895212988,176.42122975242555,178.07776410159943,26741024
2022-02-23,178.8646240234375,180.14844444350152,178.11918287229824,179.56865542315774,11438476
2022-02-24,172.69400024414062,176.669690308222,171.45160284135426,173.93641077204484,42933709
2022-02-25,177.2080841064453,179.3201651151258,174.3919717198317,175.17882259803994,24543858
2022-02-28,178.78179931640625,179.27875569432666,174.59903391638014,176.58688567829964,20806226
2022-03-02,178.3262481689453,179.40299352304177,175.96568246469477,177.58079393328015,20039140
2022-03-03,181.72213745117188,182.3847458944181,178.90601219202222,178.9474350635634,29631546
2022-03-04,186.7745819091797,188.3482836014619,179.7342946670046,180.31408364577752,69409780
2022-03-07,186.31903076171875,188.01697478310345,182.3019308817423,183.87563253568553,47001716
2022-03-08,187.9341583251953,189.21796551756063,185.32510794211785,185.449350311567,37424203
2022-03-09,189.8805694580078,191.6613459625949,187.2715193175173,188.5967492598926,43923809
2022-03-10,192.1583251953125,192.57246206267456,188.72101413393293,191.33006458570702,37523806
2022-03-11,195.7612762451172,196.38247490344915,190.62600862768025,192.0754809138661,43305144
2022-03-14,197.95620727539062,198.3289212537235,194.89161032800456,195.6784611573547,36465969
2022-03-15,197.00367736816406,199.94403174120512,195.38855295022438,197.95619337111165,34269168
2022-03-16,200.93795776367188,201.2692619716211,198.0390131313231,198.78445416176746,22462538
2022-03-17,202.84298706054688,203.25712390430283,201.0207875730442,203.13288153866426,35541798
2022-03-21,202.5116729736328,205.2035559388632,201.9318971331737,203.67125090478717,29052540
2022-03-22,206.86007690429688,207.68835055185687,201.7248091646828,202.5530828122428,38368305
2022-03-23,208.72369384765625,210.13174335097898,205.82474909799515,208.2681341368943,42051087
2022-03-24,211.08425903320312,212.45089878780126,208.2681337811327,208.68227061967937,39712133
2022-03-25,209.8418426513672,211.8296941707732,206.4459416704061,211.45696708896557,30412482
2022-03-28,212.9064483642578,213.69329918097034,209.17924301520128,210.3802306762796,25876007
2022-03-29,210.87718200683594,213.27915727195392,210.1731507006442,212.90644330845788,18820674
2022-03-30,206.40455627441406,212.3680852859041,205.94900964854295,211.29133990885595,18281803
2022-03-31,207.60552978515625,210.67012670588494,206.65302684870818,206.73584634312036,26644916
2022-04-01,209.80044555664062,211.4983895869442,206.07324013940996,207.06715283392606,14856664
2022-04-04,211.58120727539062,213.61046851910598,207.97824448052705,209.6347786462649,16520039
2022-04-05,214.89427185058594,216.8821233148181,211.29130911870095,212.07815988052118,28230046
2022-04-06,215.0185546875,218.1245617006276,213.1135354777674,213.2791876101199,20352716
2022-04-07,212.5751495361328,217.17203843753802,211.87111819534724,213.69330460668098,16679649
2022-04-08,221.8103485107422,222.6800188366679,212.03676868596685,213.69330296766637,39283623
2022-04-11,221.56187438964844,226.241582975269,220.3194769001305,222.597210005953,47924937
2022-04-12,219.32550048828125,222.5143525426068,217.917451115402,221.0648671769407,24460888
2022-04-13,223.25982666015625,224.12949705953278,218.3730428975986,219.73968281104084,22239115
2022-04-18,223.71533203125,225.7031834705936,221.3547797753443,221.97596530310358,25339139
2022-04-19,216.6336669921875,225.70321587679368,214.35593389623543,225.28906588192407,24280577
2022-04-20,214.97714233398438,219.86392611715925,213.320607905388,217.75184504882688,25454589
2022-04-21,215.68116760253906,219.0356461157108,215.01854597485945,215.101378600239,24313956
2022-04-22,216.2609405517578,217.83464219108288,214.14884657510902,215.34983424069003,16274820
2022-04-25,211.41554260253906,214.52154890056238,209.13779677558546,214.35589680634843,25140992
2022-04-26,214.48016357421875,215.92962284487297,212.24382723496012,212.53372171411456,21327644
2022-04-27,213.27915954589844,214.1074332237923,211.82970029726076,212.20241426473058,17219401
2022-04-28,216.2609405517578,218.41443115034514,213.81754234842143,214.93571051988948,28999835
2022-04-29,214.97714233398438,217.83466455144108,214.10745880581945,217.83466455144108,21206335
2022-05-02,217.95887756347656,219.07704569906468,212.90644233070114,213.6932931251151,19696250
2022-05-04,215.1427764892578,220.36086409715944,214.1902735380598,218.66292005911836,26951488
2022-05-05,217.04779052734375,219.6568408338776,215.68115075373368,217.00638078044832,18623544
2022-05-06,220.85781860351562,221.43760753455692,214.4387306170208,214.52156323221985,35818441
2022-05-09,217.79322814941406,220.4437012860046,215.80538970336823,220.4437012860046,22228031
2022-05-10,215.1427764892578,220.9820759404605,214.6043972667696,217.00638576892462,18727774
2022-05-11,211.7468719482422,217.17203446004757,208.5166229144991,214.52157438749515,18012072
2022-05-12,209.4691619873047,212.36809398660628,206.36315497904764,211.20851593683787,20816708
2022-05-13,214.19027709960938,216.05387328514584,210.7943758419421,211.16708982900204,12380764
2022-05-16,210.46307373046875,215.30844778921883,209.55198044594192,215.30844778921883,8502159
2022-05-17,219.24270629882812,219.9053147566057,211.04284132056372,211.2084934350081,18483427
2022-05-18,220.98207092285156,221.81034461170077,217.95888377115804,220.3194624718665,20978307
2022-05-19,228.31227111816406,231.29403581395096,217.50336753337663,217.50336753337663,81302807
2022-05-20,231.91522216796875,233.86165095623062,229.43040102853226,229.43040102853226,33617466
2022-05-23,227.35972595214844,232.2879452728415,226.1587514014878,231.91521817081468,22535903
2022-05-24,224.33656311035156,227.77387399376755,223.63253178479854,227.77387399376755,16146766
2022-05-25,225.86883544921875,226.86277435123446,224.04664912917005,226.0759235539621,15877459
2022-05-26,226.2852020263672,227.60029743546008,223.86706785554793,227.60029743546008,19129574
2022-05-27,228.4063720703125,229.67906159476308,224.88523928841508,228.23666758492703,13986762
2022-05-30,228.27911376953125,229.9336183150873,227.04883012682743,229.50937052196485,12274291
2022-05-31,229.63662719726562,232.90320322898515,226.0306690873399,228.27909888444083,24102167
2022-06-01,230.65480041503906,232.56382124443414,229.2548123677556,229.636627289742,15265925
2022-06-02,232.0547637939453,232.86079959901087,227.2609280270644,229.67906233252978,14789457
2022-06-03,231.37599182128906,233.92139797854622,230.44268429737605,233.3274725642133,12968807
2022-06-06,233.15774536132812,234.00621399779703,228.8305902726855,231.12145290212473,11345943
2022-06-07,232.39413452148438,233.32744192283218,230.99417341946267,231.80020918514782,11245578
2022-06-08,227.30335998535156,232.81836584770733,225.86096597650308,232.43655092355297,14915091
2022-06-09,229.80633544921875,230.52753246108173,225.47916682317526,227.21852353148398,10239939
2022-06-10,229.21241760253906,229.9336146380709,228.02456682522424,228.2791101189731,8693455
2022-06-13,224.54586791992188,228.32151727461266,223.14589324207893,226.03068139937048,11519902
2022-06-14,225.22462463378906,226.92154850603336,223.1883186761228,223.31557687430515,7708043
2022-06-15,223.48526000976562,226.79425519418118,223.1882973521104,225.6912702445092,5254329
2022-06-16,221.19439697265625,227.30334113661206,220.1762508162746,226.53971135162604,14843837
2022-06-17,223.40042114257812,224.1216181322031,219.37021532538816,219.7520302417075,17296080
2022-06-20,224.07919311523438,225.81854972629355,221.7459111682168,223.40041554051032,17738981
2022-06-21,229.00030517578125,229.80634100550807,224.0792110615894,224.8428274911029,14417711
2022-06-22,225.09735107421875,229.33968088641635,224.75796899168597,226.53973164755035,11756920
2022-06-23,225.2670440673828,226.75187094288194,222.63681273726155,225.2670440673828,9416459
2022-06-24,225.56399536132812,227.68516690124375,225.0125028615705,225.7761192378866,7283228
2022-06-27,229.04270935058594,229.63663472949503,226.11551530105876,226.53973619016412,8487729
2022-06-28,230.65480041503906,230.9941824933819,227.85485121074058,228.1518273357084,11673046
2022-06-29,232.52142333984375,233.32745916509273,228.36394567826173,228.44878447821705,16635367
2022-06-30,232.0547637939453,233.07291003872254,230.7820473751379,232.43655182931883,20003893
2022-07-01,241.26055908203125,241.81205152463303,230.1032503744232,232.05473067792394,36520000
2022-07-04,247.6664581298828,248.8543087844818,241.64236606449282,242.36356302551843,41417701
2022-07-05,243.4241485595703,248.59977216869018,242.44843519525284,248.59977216869018,19283789
2022-07-06,245.46046447753906,246.05438981253735,242.06661694480627,242.74538107329937,18997440
2022-07-07,247.70889282226562,248.72703900941576,244.7816990052252,246.9028570628217,14326277
2022-07-08,248.64222717285156,249.83007796510742,246.3937972368151,248.51495552437626,11538313
2022-07-11,250.29672241210938,251.95122689053898,247.79374927212905,248.599785089008,12828405
2022-07-12,248.3452606201172,250.5936635092591,246.81800094480317,248.59977700906794,14616684
2022-07-13,249.49069213867188,250.1270234812717,248.3452742097764,248.5997906126545,9634877
2022-07-14,246.7755889892578,251.44212602720404,245.33319503561347,249.70278284853933,13930984
2022-07-15,249.0664520263672,249.44826697785155,245.63019813381953,247.7513564550386,11450042
2022-07-18,250.55125427246094,251.39972289531465,249.23613194057785,250.296710996578,11751684
2022-07-19,249.9573211669922,250.80578976351006,248.3452496567952,250.29670322754595,9542292
2022-07-20,253.0117950439453,254.11480694524707,249.10886088195596,250.21187278325772,16397373
2022-07-21,254.15725708007812,256.4056872261121,252.84213451651797,253.69060328884123,16660697
2022-07-22,255.0056915283203,256.6601960000569,252.92696617265906,254.53903779989557,10351425
2022-07-25,255.47238159179688,257.0420474880511,253.52092760181753,253.69060522341252,11050533
2022-07-26,256.61773681640625,257.72074864777426,254.92082656460886,255.38748024513643,10114261
2022-07-27,258.06011962890625,258.781316538835,255.04808725474751,256.95710784485084,9706094
2022-07-28,257.4662170410156,258.95104383009493,256.575342479782,258.6965005582375,11256515
2022-07-29,257.1268615722656,259.5449960147736,255.68446747605176,258.781366120212,17584873
2022-08-01,260.9024963378906,262.0055082145643,257.1692667403295,257.93286966243636,16501510
2022-08-02,262.98126220703125,268.6659731656708,261.4964620849749,263.0236950554766,40483892
2022-08-03,261.4539489746094,263.787244007661,257.6358811655729,263.787244007661,18376724
2022-08-04,262.5994567871094,263.32065382141474,260.6055701764938,261.3267403205295,16514348
2022-08-05,263.7448425292969,264.5508782662489,262.26004268651855,262.5994247394317,10477269
2022-08-08,265.6963195800781,266.375110636269,263.0661017145629,263.829704678658,8627072
2022-08-10,264.04180908203125,266.5023761852095,263.6600210538475,265.69631350505483,9267241
2022-08-11,259.8419494628906,265.95088115689765,259.0359135991356,265.56906620345455,11305242
2022-08-12,261.7933044433594,262.51450123078166,258.35705183071497,259.84185134641587,6669853
2022-08-16,263.4903259277344,264.2963617462434,261.7933886012013,261.7933886012013,8941455
2022-08-17,265.1872253417969,265.7811506321461,263.87210313529044,264.46602842563965,8283028
2022-08-18,267.8174743652344,268.11445049047194,265.2296624865342,265.5690445651854,10264507
2022-08-19,264.7206115722656,268.24173100632373,264.04182050223625,268.24173100632373,10823811
2022-08-22,266.75689697265625,268.96292083324323,263.8721358407428,264.04181343600726,11793184
2022-08-23,268.02960205078125,268.11444084482474,264.80543208418464,265.52662905922335,9698555
2022-08-24,266.50238037109375,271.0416459497589,265.6114788807127,267.90234153713817,11783894
2022-08-25,265.01751708984375,268.4537971570217,264.38118586016276,267.6477614652669,8057930
2022-08-26,265.48419189453125,267.6053499429559,264.72058898003723,267.053857455251,7224507
2022-08-29,266.0357360839844,267.2235599628373,262.04793599320465,263.0236763157559,11798961
2022-08-30,271.93255615234375,272.69615913543754,266.62963366461634,266.62963366461634,18516092
2022-09-01,269.47198486328125,273.12037590363923,268.11445651815694,271.08408338595274,13765474
2022-09-02,274.1809387207031,275.1142730153722,269.853783764817,270.4052762609814,26750910
2022-09-05,279.0172119140625,279.6535701667409,274.6900564666612,275.7506356276114,18144801
2022-09-06,277.5748291015625,279.99293654538434,276.9384708846257,279.99293654538434,12431779
2022-09-07,276.68389892578125,278.5505136483378,275.9627019847451,276.59906013573766,8397233
2022-09-08,279.90814208984375,280.50206755631865,277.87182236331944,279.14451210854463,11331350
2022-09-09,280.41717529296875,282.7928498157612,279.9929275319118,280.5020140890729,9770432
2022-09-12,280.7565612792969,282.0292507996631,279.99293143291607,281.68986872025,9048240
2022-09-13,283.7261657714844,284.2352254054314,280.5019959352434,281.4353033027904,10925371
2022-09-14,284.5322265625,287.62909815011665,280.7989698733131,280.8414027174895,12739464
2022-09-15,283.4716491699219,285.9746222956876,282.45347602573565,285.42310287916376,8742900
2022-09-16,281.095947265625,283.8958696274001,279.7383920388356,281.9868218751829,12973988
2022-09-19,284.7443542480469,285.8473662510156,279.2293480137439,279.2293480137439,14918717
2022-09-20,285.0837097167969,288.1381752501277,284.23524109303435,287.4169782644429,9892945
2022-09-21,289.2835693359375,292.889553968105,284.65946546332907,285.08368629522374,21800547
2022-09-22,292.7623596191406,295.9016645185148,289.24123973611654,289.3260785468367,25111230
2022-09-23,293.9076843261719,296.5803614725286,291.277466907098,294.84099161846655,23718397
2022-09-26,282.1989440917969,293.52590457504243,281.47774711779783,292.5925971711066,16829922
2022-09-27,284.10797119140625,288.0957710584365,283.3867742013136,284.2352428302619,10375837
2022-09-28,275.70819091796875,282.7928350538754,275.1566715464111,281.64741725032246,16151900
2022-09-29,282.58074951171875,284.150415192397,278.08388980295234,279.1444689082173,18985406
2022-09-30,281.85955810546875,284.87161788294566,280.12021479186643,282.5807551382411,12906555
2022-10-03,275.24151611328125,282.5383246071473,274.26580276287336,282.4534589234243,9462192
2022-10-04,282.41107177734375,283.38678519272355,278.2960270021202,278.8899523763931,9142294
2022-10-06,285.63525390625,287.88368406544515,282.1565668767165,284.23529252434463,23091432
2022-10-07,283.4716491699219,285.8049178082336,281.0959476871794,285.7624849638028,10910698
2022-10-10,278.16876220703125,281.22322795270395,276.6415293341949,279.9929443291806,9750594
2022-10-11,276.85357666015625,280.37469534498996,275.8354037168939,279.1444120019692,11018577
2022-10-12,280.0777587890625,281.2232035118425,275.5384934107888,278.2535768254512,10735673
2022-10-13,278.8475036621094,281.09593338744793,278.29601116390967,279.95051554877637,7546587
2022-10-14,281.7747497558594,283.3019827872863,280.7141705148609,281.9444542661391,6672357
2022-10-17,281.9019470214844,284.02310494370334,279.65351747271103,280.9262068479893,7195922
2022-10-18,288.7320861816406,289.32601149959356,283.00497031516136,283.3443523696678,21691854
2022-10-19,293.8653564453125,294.7986639855421,288.3079171619546,291.10783978264334,16923690
2022-10-20,296.70770263671875,297.76828179838714,292.55022479370285,294.416839815796,19186222
2022-10-21,293.22894287109375,299.67725563027733,292.29563550688033,299.67725563027733,28426343
2022-10-24,295.0107421875,296.7076794697808,294.4168168277286,296.0713212663584,3292671
2022-10-25,293.8229064941406,296.5379901504789,291.5744765807541,296.4955573046579,17906260
2022-10-27,293.3986511230469,295.5622150905754,291.7441467942074,294.1198211853786,19273344
2022-10-28,293.3986511230469,295.77432551421805,292.8047258026874,294.8834509788122,13572499
2022-10-31,295.8592224121094,297.38645526984885,292.50778055998325,295.2652970290846,14358449
2022-11-01,296.5379333496094,297.38640187161934,294.5864799502247,296.3258229416731,20422565
2022-11-02,300.90753173828125,302.2650599111192,295.68947568212093,295.68947568212093,17427813
2022-11-03,300.10150146484375,304.1741129474546,299.5075761558936,300.35604472443185,11149636
2022-11-04,300.0166320800781,302.0529512413714,299.0833247332908,300.3560410155152,8709851
2022-11-07,299.93182373046875,302.34995802183795,296.9621969210103,301.2045132515885,10437370
2022-11-09,306.040771484375,306.67712972446185,299.6772966445866,299.93183994062133,21404869
2022-11-10,302.052978515625,305.3619873676679,300.44090693293117,304.5983844196486,20071989
2022-11-11,302.3499450683594,306.2528791521114,300.90755112409437,305.44681649600983,11372654
2022-11-14,294.5865173339844,302.8590125251536,294.07743077812114,302.34995285955847,18319254
2022-11-15,292.9320068359375,296.07131112129144,287.75635636940854,296.07131112129144,16046491
2022-11-16,291.9562683105469,294.28953683980063,289.8775161651745,293.31379658565174,7897812
2022-11-17,291.6168518066406,294.7985885772583,290.68354450514727,291.95623383534144,10379179
2022-11-18,289.3684387207031,292.5077428316221,288.30785973711704,291.6168683171269,8140173
2022-11-21,286.10186767578125,288.47756916373294,283.72619307809856,287.71396619418795,9553090
2022-11-22,288.6896667480469,289.32602493621624,284.8291654472003,285.93217734327123,6746019
2022-11-23,288.307861328125,290.1744760470947,286.35638092900854,290.1744760470947,8067471
2022-11-24,289.1139221191406,290.5987220769565,286.39883859521296,288.3078863197395,8454385
2022-11-25,288.7320861816406,290.08964128993296,286.61092817327545,289.32601149959356,7200274
2022-11-28,288.5199890136719,289.96238297928875,287.4169771181529,288.4775561710592,10284123
2022-11-29,290.4290466308594,292.71988240502225,288.47756604814566,288.47756604814566,10582296
2022-11-30,288.4775695800781,291.99868897256374,287.62910092026095,289.5381486822823,23425220
2022-12-01,288.09576416015625,289.9199461229615,285.76246876385073,289.9199461229615,17270904
2022-12-02,286.0594787597656,289.1563774474647,285.7200966541682,287.92609378568704,8711914
2022-12-05,285.7200927734375,287.5018689713266,283.5140687816108,286.4836957780927,10090597
2022-12-06,286.18670654296875,286.95030944094776,283.4716232240956,283.4716232240956,6571118
2022-12-07,288.56243896484375,289.75026283547726,285.6352180174455,287.2048837136964,10191144
2022-12-08,287.1200256347656,290.30176276848573,286.35639581534434,288.64725838334056,6439244
2022-12-09,289.6654357910156,290.5987432995631,286.7806744619426,288.26547452819443,8445424
2022-12-12,291.192626953125,291.87141795405626,288.5624093017329,289.32601220366394,11646572
2022-12-13,293.22894287109375,293.5683249226017,290.51385956876385,292.29563550688033,11105261
2022-12-14,293.0592956542969,294.71380028505,291.65933433447066,293.56838227615066,7664099
2022-12-15,287.5018310546875,293.65316779795717,286.7806341013506,292.50774999690054,8469001
2022-12-16,284.32012939453125,287.5442727749147,281.09595912387766,286.35642198521447,12907968
2022-12-19,288.9018249511719,290.4714637783214,284.5322367839802,285.76249351633334,8113695
2022-12-20,288.6048583984375,289.28362261057686,285.7200970517099,288.52001959448774,5693354
2022-12-21,284.36248779296875,289.5381109866779,283.8109953365087,289.326000571906,7316532
2022-12-22,282.0716857910156,286.27156930728074,279.9080947667324,284.7867693372603,6838031
2022-12-23,277.1929931640625,281.60501372316077,276.04757535065187,280.75654512830334,10461859
2022-12-26,283.8958740234375,284.32012180287114,276.17487098681516,277.0233127651438,9934633
2022-12-27,282.6656188964844,285.423108472061,280.1202128764104,284.7443442894824,6986433
2022-12-28,283.7261657714844,284.2352254054314,281.26559883129704,282.4110435107773,8035558
2022-12-29,284.5322265625,284.87160864510446,281.30805644235426,283.6837579108544,8417520
2022-12-30,281.3080139160156,285.7200341034306,280.4171394451391,284.574589496249,7228324
2023-01-02,282.41107177734375,283.38678519272355,279.69598819356304,280.7565672983169,6181118
2023-01-03,280.9262390136719,282.8352867403055,280.20504201070946,281.26562109325386,6228015
2023-01-04,277.447509765625,282.1140462534319,276.59904125231526,281.5625538203996,6947412
2023-01-05,282.92010498046875,283.30191987610624,278.46567853549766,278.8474934311352,8486143
2023-01-06,284.2776794433594,286.3988375987267,282.6231750065621,283.98070331866836,8603181
2023-01-09,286.82305908203125,289.58057544596466,285.21098748541885,285.8897516429116,11027747
2023-01-10,282.87774658203125,287.12006331709665,282.1565495102376,286.6958155094274,7217255
2023-01-11,281.5201721191406,284.3201214106787,281.09595123056147,284.3201214106787,4760847
2023-01-12,279.86566162109375,283.0473988879398,278.3808616526731,282.8777212922585,6894087
2023-01-13,278.9323425292969,281.9019692324323,276.93845607653475,279.86564993738693,14967746
2023-01-16,280.16265869140625,281.85956922640884,277.91422870354097,280.2899303428153,8571826
2023-01-17,281.9019470214844,282.96252598259383,279.22929664437345,280.16260397892853,14240647
2023-01-18,283.93829345703125,285.55036502803495,282.02924576542426,283.38677405884465,13039078
2023-01-19,281.8171081542969,284.78673462261804,281.3928604358136,283.3867467309152,8667564
2023-01-20,283.8958740234375,284.4049606026502,279.3566083263557,281.68987699729814,13608325
2023-01-23,286.5684814453125,286.90789037363754,282.5807088852788,285.0836816675179,7399204
2023-01-24,287.586669921875,289.1139026204414,286.4412521205169,286.61092970354275,12776694
2023-01-25,287.8412170410156,289.3260169185744,284.44734265185195,287.5442409313436,12978859
2023-01-27,293.5683288574219,295.9864629809435,289.7502336688159,290.0047769334252,21850457
2023-01-30,292.5502014160156,298.44702215928777,290.0472283408259,294.33197749206926,14634225
2023-01-31,298.9560852050781,301.2045150247423,289.3684674513022,293.5683509628021,17794183
2023-02-01,306.6346740722656,310.2830649667827,279.22932296558173,299.5075967647228,67003785
2023-02-02,321.2282409667969,326.403864253843,305.7862098950441,306.8043560384698,57892084
2023-02-03,322.9676208496094,324.3251491955415,315.6284059198903,324.02819995371976,23153980
2023-02-06,325.3008728027344,329.3735114120182,322.0767028112403,324.537269869911,26783409
2023-02-07,316.6889953613281,325.7251210184186,312.61638330032497,325.7251210184186,21438758
2023-02-08,318.64044189453125,320.12524177355647,315.2465675020157,317.96165088186785,10821785
2023-02-09,317.5374450683594,322.4161195709826,315.7556689949735,317.3253346313471,12318006
2023-02-10,315.0768737792969,319.8282492829872,314.18597238529725,315.7980707062556,10674456
2023-02-13,317.4950256347656,318.3010614636174,313.9314733374816,316.47687935994287,10282470
2023-02-14,327.8887023925781,328.9068755452573,317.11320683176126,318.1738128292252,30246745
2023-02-15,329.5971374511719,330.1576679226677,326.44948650079726,329.2090652796974,12679568
2023-02-16,329.8989562988281,332.2273620190069,328.56228147159135,329.4246549728039,10151755
2023-02-17,330.6319274902344,331.62365824844454,327.0531039108078,328.60536506972716,7967611
2023-02-20,331.1924743652344,334.1676667878579,328.8209679393305,331.7530321247744,8105569
2023-02-21,329.6402282714844,332.7878791255196,329.1659269645161,332.01176213727604,8577674
2023-02-22,331.02001953125,331.92549387387686,327.69991050035287,329.4246300412966,9306194
2023-02-23,334.2538757324219,339.77303253424947,330.37320921112376,331.5374255660815,19555814
2023-02-24,332.09796142578125,335.46119851133227,328.5622387300454,335.46119851133227,13407431
2023-02-27,329.5971374511719,333.5640336540253,326.0614143293228,332.09800144908905,8455904
2023-02-28,324.85406494140625,331.3649527420199,323.3880602116682,329.85581977604465,16997837
2023-03-01,326.57879638671875,328.0448283784041,322.1807277426097,322.74125813257007,8065784
2023-03-02,323.86236572265625,327.48429035456184,323.12934968272515,327.26870383245233,5212922
2023-03-03,331.9686279296875,332.3567000823072,324.3366789162476,325.1127958905374,8495772
2023-03-06,334.72821044921875,338.4795199727342,332.22734654385846,332.78787699460906,11126980
2023-03-08,338.39324951171875,339.04003641351176,332.09797543504453,334.598839237063,9261146
2023-03-09,334.16766357421875,339.42810589779805,332.57227411624933,338.13455943528567,10005328
2023-03-10,334.5988464355469,336.4960516136908,330.71817960319845,333.6933720845052,8684320
2023-03-13,330.8475341796875,337.09970743167725,329.8558306919474,335.6336753224757,9130473
2023-03-14,327.4411926269531,333.26216543515204,325.2852727230352,332.61540586254597,10623744
2023-03-15,327.1824951171875,331.4081060043401,325.9751777208582,328.5622708095923,8748113
2023-03-16,328.9503173828125,329.72646164762585,324.9834215793122,328.21730135413816,16315136
2023-03-17,323.86236572265625,332.0117439736037,318.77438167994,332.0117439736037,50787703
2023-03-20,326.6650390625,327.1393403346496,320.8009381836736,321.9220263410037,10512002
2023-03-21,325.06964111328125,326.66503050094747,322.5687774410421,326.66503050094747,12057999
2023-03-22,325.75958251953125,326.7081851155626,322.698160870653,325.0696673607315,4958761
2023-03-23,328.26043701171875,330.07141300627836,322.8706372651541,325.1127863070593,10127917
2023-03-24,326.57879638671875,330.28697726919245,325.97513776255107,328.99343088338946,10317108
2023-03-27,327.8724060058594,331.49435844939364,324.55229659809567,325.9320723874694,11232922
2023-03-28,327.4842834472656,329.7264597565682,326.1045078701083,327.87235557744657,9523719
2023-03-29,330.0714111328125,331.14937107600696,325.24214184139754,327.8723630095542,10551626
2023-03-31,330.7181701660156,331.5805435853681,327.6999041947047,329.42462370246113,9877493
2023-04-03,326.75128173828125,331.14937807779063,326.4063378288794,331.14937807779063,7331070
2023-04-05,333.2190856933594,333.77961615807664,326.75129823985384,326.75129823985384,12055499
2023-04-06,334.038330078125,336.5822949482747,331.3218522485814,333.43467137499874,13394394
2023-04-10,335.07318115234375,336.3236268704563,331.7961726708039,334.03834931494004,7044256
2023-04-11,341.4977722167969,343.3087482121327,334.5988394706166,335.0731407552796,18939829
2023-04-12,339.38494873046875,343.0500286146007,338.134530611312,343.00690038151225,10122932
2023-04-13,341.1528015136719,342.0151748719387,339.51431126462745,341.06657237712915,6292395
2023-04-17,345.0766296386719,346.67199180859274,338.82445634896516,338.82445634896516,11466474
2023-04-18,343.6536560058594,346.6719490142624,342.3601096682426,344.94722967442203,9860308
2023-04-19,343.86932373046875,346.1114728891326,341.497789853725,341.54091809308494,10119480
2023-04-20,345.2059631347656,347.2325255508556,342.96378687492137,344.9472483870184,6924577
2023-04-21,352.0617980957031,352.7085850216558,344.1280333460661,345.205993335354,14801099
2023-04-24,352.4497985839844,353.5708865840232,348.5691324792644,353.5708865840232,6212135
2023-04-25,354.9076232910156,356.6323428269631,351.32877217565795,352.44986037223555,9180650
2023-04-26,355.51129150390625,356.1580510981409,352.7517128413691,355.295677641545,7914219
2023-04-27,358.74517822265625,359.9524956184329,354.4333381894397,355.46816995826964,13100076
2023-04-28,366.9807434082031,369.3091214497726,356.7616749731286,360.4698558768053,13208557
2023-05-02,366.0321960449219,368.2312170453855,363.22948899493935,367.3688708739612,10648421
2023-05-03,368.36053466796875,369.52475106941137,363.9624658109192,365.6440843931658,7607609
2023-05-04,366.16156005859375,368.2312237045819,365.6441304816209,366.76521878807824,8292456
2023-05-05,369.7403869628906,372.4568376004393,365.94597625254295,367.3257520268687,12890455
2023-05-08,372.0686950683594,373.79344179112326,370.257746539688,371.6806502870422,7522610
2023-05-09,365.47161865234375,373.53476810451167,363.48818430101966,373.23295242687635,10377820
2023-05-10,366.80828857421875,367.670662019015,364.09183818751245,365.6009712176939,10130159
2023-05-11,362.53961181640625,368.5761991800974,361.246065190173,368.4468417843788,16597954
2023-05-12,362.58270263671875,364.5230087103349,358.78826497218336,362.53957439894646,11564770
2023-05-15,368.9211120605469,369.6972290385542,361.3753921567857,362.194637373385,9503538
2023-05-16,365.6009521484375,370.81829345220825,365.212907349826,370.81829345220825,8302077
2023-05-17,368.7486572265625,369.91284645625467,364.43681692153007,365.7734917890424,9844782
2023-05-18,361.9359130859375,372.9310991903745,360.55613745867515,370.8183075120231,24919291
2023-05-19,362.0652770996094,364.86798397388037,354.73514378539636,363.0138796934658,26759905
2023-05-22,366.2908630371094,367.1532090960195,361.41846568333955,363.87622847788674,16015615
2023-05-23,370.0852966308594,371.85314442709114,365.81658497706684,367.3688462448959,9068926
2023-05-24,373.83660888671875,374.91456886776746,368.231195120506,369.3522833399385,11921823
2023-05-25,380.4337158203125,381.5547766783347,374.9576595870935,376.81176382297446,18905572
2023-05-26,382.5465087890625,383.538239600723,379.0108132541104,382.3740231705763,13496209
2023-05-29,387.28955078125,389.61795648566954,382.977710635322,383.7538549804455,20589822
2023-05-30,396.694091796875,398.0607904227817,388.8466198986373,388.8466198986373,19627897
2023-05-31,392.8143615722656,398.54568107281267,390.1250617221742,396.164976116987,14821960
2023-06-01,387.7003479003906,394.1370521106153,387.0831300712574,394.1370521106153,9142172
2023-06-02,390.9627380371094,392.28536752672613,387.7884831517181,387.9648430652818,9558309
2023-06-05,388.5379638671875,394.0047579044921,388.0530090359599,392.3735334972519,7427630
2023-06-06,390.4337158203125,391.13909958783097,388.3175365729127,388.67022845667185,6703067
2023-06-07,391.4477233886719,392.94665691202545,390.3896197900168,391.4917924087194,7833952
2023-06-08,390.5218505859375,393.03481848099153,389.64010697460554,392.9907215197301,7294955
2023-06-09,386.5981750488281,392.1090385407523,383.6884458318554,383.6884458318554,7329661
2023-06-12,385.2755432128906,388.8024899824118,382.54214619271056,387.9648432684456,9054977
2023-06-13,392.7261962890625,393.6079399018476,386.4658529665835,388.846557926619,16732376
2023-06-14,391.93267822265625,394.79831026437284,391.2713634734976,393.4757087109002,9039402
2023-06-15,395.10693359375,395.68005441379864,392.15310761877413,392.3735365538048,7787525
2023-06-16,399.515625,401.71997024510654,394.9305745944466,395.9004842667059,12181426
2023-06-19,399.9565124511719,401.98452587577134,398.7661737553355,400.97051916347164,4350517
2023-06-20,399.2951965332031,401.0145589993537,396.9144913699615,401.0145589993537,4644353
2023-06-21,394.18109130859375,400.48553208235376,392.4176318908195,398.5457127503798,6292873
2023-06-22,394.7101745605469,396.4736620636969,393.12304698565055,395.0187695039324,6892713
2023-06-23,392.1531066894531,394.71014380840734,390.34555030370274,394.57788085873347,6325479
2023-06-26,392.99078369140625,398.0166923317774,391.49182210948834,394.04885942548816,5688287
2023-06-27,392.461669921875,394.31332312296445,390.74227965978065,393.3434135335617,5052984
2023-06-28,396.20916748046875,397.3113402708982,391.9327392891905,392.3735972274227,12548096
2023-06-30,398.19305419921875,398.50164914384476,393.78433542362166,396.7822586020583,9456776
2023-07-03,408.46527099609375,410.84594822373344,396.8263269252858,398.19302545533765,11111199
2023-07-04,411.19866943359375,412.6535619979312,405.42330792404516,410.0083307348918,8022597
2023-07-05,418.9138488769531,423.8075221771925,409.3910840683227,411.19864047327803,16878943
2023-07-06,417.8558044433594,420.94189362445013,414.8579091994762,420.8977966558463,9835812
2023-07-07,413.0062255859375,419.26656948415007,412.30081386393067,417.0622242218856,7605499
2023-07-10,410.7578430175781,415.2106311542285,408.8620924031624,414.41705333102686,6772454
2023-07-11,417.1944885253906,418.4288961670022,410.89004764135507,410.89004764135507,8783282
2023-07-12,416.44500732421875,421.25045876818416,414.8137828842925,421.25045876818416,12816220
2023-07-13,416.18048095703125,420.3687425486203,415.2987372622475,417.8557744157289,8214385
2023-07-14,416.9740295410156,418.8256829113683,415.607331009695,417.06222347163595,5277090
2023-07-17,416.48907470703125,419.53106669234575,414.9460442041412,418.38482504271707,6325310
2023-07-18,416.621337890625,418.12029937388587,415.29873632386034,416.66543485596026,5558415
2023-07-19,422.22039794921875,423.6311655117629,412.7417020883116,416.84176976869503,14401395
2023-07-20,433.947509765625,435.31420831259464,419.97195731460386,423.14621228731295,21030102
2023-07-21,432.44854736328125,438.84115426116944,429.4065553495226,433.6388859893509,14510084
2023-07-24,415.60736083984375,440.60466916135977,412.7857975889099,435.0937776752237,40477929
2023-07-25,407.62762451171875,413.0943906903244,401.54361259835747,412.5653388861595,45211370
2023-07-26,416.40093994140625,417.06225474642486,407.4071983173887,409.9201666316123,18842179
2023-07-27,410.05242919921875,418.95797687745863,406.56955113754066,418.29669001792155,14528232
2023-07-28,413.0503234863281,413.9320672418531,408.5975636299245,412.3890366283196,10362522
2023-07-31,410.6255187988281,414.15246561566977,408.68569944680746,413.5352478268591,8510403
2023-08-01,409.83197021484375,413.40298606230425,408.950226521892,410.8900458794789,6686176
2023-08-02,405.6877746582031,409.831967190005,403.8361213001244,409.65560727477833,10715605
2023-08-03,402.11676025390625,408.9061279792718,400.57370181098145,405.6877760875922,11026824
2023-08-04,401.1468505859375,406.8340740267068,400.5296327547288,402.3372172249558,7097614
2023-08-07,401.1027526855469,402.55761719475873,397.6198749005769,400.39736891347656,9513953
2023-08-08,398.8543395996094,402.95443547075286,397.7080699276576,402.95443547075286,6638681
2023-08-09,404.4093017578125,405.51147446602874,394.04886153367136,398.8543412482576,10134166
2023-08-10,398.32525634765625,404.98238901293035,395.9004821797897,404.6296971289538,13702317
2023-08-11,395.6800537109375,400.2210071328504,392.15310692217804,400.2210071328504,12028396
2023-08-14,396.0768127441406,397.88436899489363,392.4176032810885,395.68002392475313,7854074
2023-08-16,397.0026550292969,403.3070958142908,395.19509864354063,397.6639697776685,15494896
2023-08-17,388.84661865234375,396.78225651702405,387.96487490185774,396.78225651702405,16896158
2023-08-18,389.4197082519531,390.9186697129564,386.64224220850457,388.846587435329,20068497
2023-08-21,394.8424377441406,395.459655576108,389.1552142963807,389.7283631048948,9940689
2023-08-22,400.52960205078125,401.32317974929236,394.1370232220497,395.9004826440001,10234488
2023-08-23,397.17901611328125,401.76403856600933,395.54779169239134,401.7199695458845,8770272
2023-08-24,397.5758056640625,399.86831689446626,396.16501017584454,397.31127976346886,6322751
2023-08-25,390.9186706542969,397.66396930020994,389.7724010734439,397.57580331548115,9628041
2023-08-28,389.19927978515625,394.00475909216124,388.8465879018226,392.37353468000396,7176903
2023-08-29,388.05303955078125,391.49182060438557,387.25948973948226,390.56600783372903,9845106
2023-08-30,390.4337158203125,391.49179147159015,388.4057025576413,388.8465883709738,7648569
2023-08-31,387.7003479003906,392.2853986232156,384.5260927633759,390.610077118513,20666732
2023-09-01,388.89068603515625,392.3735640541868,386.46591169018393,387.96487326520196,11879159
2023-09-04,385.760498046875,390.9186692245814,385.0110173173097,390.9186692245814,14128562
2023-09-05,390.6982727050781,391.932708368559,386.6422738029047,386.9949657146354,8701612
2023-09-06,394.5337829589844,395.4596236045077,389.7283315966505,391.4477219934921,13358433
2023-09-07,393.1670837402344,395.90045262319956,392.0208142442538,395.72412066679794,8401953
2023-09-08,390.3014831542969,394.93060291197133,389.59609933204774,394.93060291197133,10322317
2023-09-11,394.3133544921875,395.1069321892906,390.3014528764185,393.2552788408946,9679540
2023-09-12,397.7962341308594,400.5737001941304,392.90258881017746,395.81231782358947,14961276
2023-09-13,399.8683166503906,402.9544055806916,397.75213739177775,398.722047063466,12268130
2023-09-14,396.7381286621094,401.98449378836676,394.2692854757375,401.98449378836676,14986708
2023-09-15,395.3273620605469,398.63387991662444,394.1370234569155,395.0628361608855,15657801
2023-09-18,398.5898132324219,400.3092037659973,393.4316416316956,395.32739209339144,8513132
2023-09-20,399.3833312988281,401.2790535323377,396.3854085827855,398.28115876113765,10343224
2023-09-21,394.577880859375,399.91238403180046,391.93267775558206,399.25109722827455,11132308
2023-09-22,390.6982727050781,395.371489438992,389.9487919133328,394.5779116789628,7795399
2023-09-25,390.25738525390625,392.1972047328813,386.51000925541774,390.6982711003939,6005673
2023-09-26,390.1250915527344,391.93267587465755,387.7003173950868,391.13909818042134,5533023
2023-09-27,396.0327453613281,396.6058661800201,386.90676950287354,390.12509342536094,10894817
2023-09-28,388.62615966796875,396.73812888894656,387.6121530360298,396.73812888894656,10610213
2023-09-29,391.8445129394531,392.90261661546174,387.2594901595714,389.7283614771293,8474326
2023-10-03,387.7444152832031,390.5218813299559,387.303529470407,388.84658789792655,7770032
2023-10-04,384.5260314941406,389.4637733404414,382.0571605709903,387.7443830864504,13912656
2023-10-05,384.48199462890625,388.40573054259727,383.60027882840217,387.9648726423452,10416552
2023-10-06,389.8605651855469,391.13909770977415,385.01101687608707,386.06909252228434,8742804
2023-10-09,388.36163330078125,390.7864074656745,385.54007028758423,388.8024911690002,5827256
2023-10-10,391.8445129394531,392.24130181795636,388.36166285884923,388.36166285884923,5207891
2023-10-11,395.2392272949219,396.2973030322983,392.1972071533767,394.31338657297647,7946195
2023-10-12,397.39947509765625,398.98660267358673,393.38757316194955,396.4736623220496,12227957
2023-10-13,395.3273620605469,398.3693540169631,394.1370234569155,396.649963614009,7926432
2023-10-16,395.8564453125,397.66400184401175,393.43164300283894,395.018770582067,4377288
2023-10-17,399.82421875,400.7500593993467,395.9004831074062,396.60586687701203,7203352
2023-10-18,398.2370910644531,404.0124800575382,397.66397024508717,400.52960228676164,7160492
2023-10-19,397.1349182128906,401.10275081576816,394.0047602733921,396.5617973938608,9830006
2023-10-20,386.4658508300781,395.9004487505521,385.62820418325794,392.3735022637522,13521824
2023-10-23,384.3497314453125,387.9207754477462,381.88088808255816,386.2013849260132,7555671
2023-10-25,381.52813720703125,386.2013535243227,376.5463259738046,385.2314438673201,11308597
2023-10-26,382.9830627441406,384.9669512491503,378.75070392513396,378.75070392513396,19525305
2023-10-27,382.4539794921875,385.1432795427069,381.0872809846565,382.98303128732067,13638258
2023-10-30,379.54425048828125,385.45187443929177,377.692597150259,383.1593632352452,7911426
2023-10-31,377.7366638183594,382.10128521111284,377.2958059550796,379.14745928157436,8952141
2023-11-01,377.47216796875,380.1173710528435,375.1796288213682,379.1474613923529,8297973
2023-11-02,380.16143798828125,381.52810844204106,377.9570929440438,379.19152840440415,8465990
2023-11-03,382.0130615234375,383.0270680638022,380.1173393251997,381.61630065533143,14334179
2023-11-06,383.86474609375,385.1432786139572,381.39590292705253,382.23354963743043,7589690
2023-11-07,381.52813720703125,383.4679844658809,381.04318237852993,383.4679844658809,5321353
2023-11-08,385.2755432128906,385.76049804438924,381.17544768262053,381.924928412181,7248663
2023-11-09,383.0271301269531,386.2013852551894,382.5862722265829,386.02505327297996,8085620
2023-11-10,384.9228515625,386.20135614411055,381.35180782620057,383.0271012551432,4236307
2023-11-13,384.4378967285156,386.5540480245854,383.5561530493976,386.5540480245854,3888975
2023-11-15,389.68426513671875,390.16922000738833,385.76052920317534,386.28958104203184,7722827
2023-11-16,386.7745056152344,391.93267680548666,385.84866496975997,389.684234611322,11276031
2023-11-17,387.3035583496094,389.28747479301074,386.46591157113573,387.3035583496094,6911592
2023-11-20,385.143310546875,388.2293996921755,383.1153250770185,387.832610813884,4502356
2023-11-21,384.6583557128906,387.34765598014883,383.99704091567685,385.45190552470046,6228803
2023-11-22,387.7003479003906,388.31756572952384,383.379823096458,385.31967052005297,5074887
2023-11-23,388.2734375,389.94875886981583,386.42181210652865,388.8024892951886,6611803
2023-11-24,386.0250244140625,389.94876003547023,385.18737769907284,388.8465874220955,7084608
2023-11-28,383.776611328125,387.08312941901437,383.46801638650174,386.20138567247454,9082513
2023-11-29,385.4960021972656,386.64227186327514,382.8067019320691,384.43792646738143,14316126
2023-11-30,384.26153564453125,386.5981438118981,383.11529401552866,385.05511333677407,15710110
2023-12-01,396.60589599609375,397.6199027048791,385.672362929922,386.11322083208256,20081576
2023-12-04,400.353271484375,402.4253537779579,397.66397140473475,401.1909182058432,13293194
2023-12-05,398.32525634765625,403.65978746180724,396.87039184693634,401.1909163291269,12603697
2023-12-06,408.46527099609375,409.56744362422006,398.6338833286502,400.2210107953583,21203900
2023-12-07,403.9242858886719,409.83193741937873,403.30706814748095,409.7878404575641,11746535
2023-12-08,396.0327453613281,407.01040251522204,395.45962454263616,405.5555100688054,19386851
2023-12-11,398.9425048828125,399.95651159293635,396.1650386168719,398.1048581006937,6854157
2023-12-12,399.515625,405.5996089341438,398.8543102485301,400.4855346722593,10549319
2023-12-13,401.7640380859375,404.58560110918506,399.5156238272296,402.33718685047717,11718443
2023-12-14,405.6877746582031,406.4813523594561,396.2972728624452,405.5996086730122,14924265
2023-12-15,404.0124816894531,408.20074324634294,401.19091865642844,407.2749025937947,16397959
2023-12-18,398.2370910644531,402.0726607198276,397.09082148087657,401.19091703591056,12490839
2023-12-19,402.1608581542969,403.83615172335817,398.58981411932143,399.7360837925379,10664235
2023-12-20,397.6639709472656,404.9382934765252,396.16500947644437,404.7178645413679,10766954
2023-12-21,398.060791015625,400.0887765009009,391.888612678095,395.900514625066,11584223
2023-12-22,401.36724853515625,401.98446627571667,397.2671532703954,399.4274013899357,11450973
2023-12-26,402.4694519042969,404.62970018930855,400.92639346227867,402.1167600176528,6097422
2023-12-27,403.0426025390625,404.27703820604734,400.0887763319808,402.9544365470913,7833901
2023-12-28,409.2147521972656,409.74377605686726,402.16083060240936,403.1307402806648,21493169
2023-12-29,407.4512939453125,412.5653686044719,406.78997914247,409.21478145632807,13384631
2024-01-01,412.6976013183594,414.3729227144936,407.93621892139623,408.6856996614059,9706230
2024-01-02,414.7256164550781,415.6073322050578,408.7738674736452,414.4169935867092,10924918
2024-01-03,420.80963134765625,423.85162356508897,413.84390315321025,414.6374529754397,24961710
2024-01-04,420.0601501464844,424.51293796394583,418.12033064417545,423.23440532205296,12240910
2024-01-05,417.8998718261719,422.7053512147422,416.1804814002084,422.7053512147422,9564086
2024-01-08,410.44921875,419.2666004502911,409.61154401480087,418.82571459836834,8311403
2024-01-09,409.6115417480469,414.37295243132024,408.8179919307326,412.2126760420016,5916180
2024-01-10,408.5093688964844,411.55138903884136,405.64373662767423,409.6115416025299,6123200
2024-01-11,407.93621826171875,411.3749990892165,406.5695197347844,409.21475080316065,6786448
2024-01-12,411.5072937011719,412.3890374584718,405.90826415683006,408.46530149160697,9714589
2024-01-15,412.30084228515625,414.8579075571134,410.97824062559533,414.4170217073618,7167978
2024-01-16,416.44500732421875,418.8256845634594,409.34701668229076,412.4771746656909,12531058
2024-01-17,411.4190979003906,420.5891708332484,410.18466231857855,415.651428506,11536527
2024-01-18,410.44921875,412.5213012139807,400.7941623145097,410.2287618516151,9495938
2024-01-19,415.7395935058594,417.06222301526753,411.2427370084064,413.1384873419948,12673308
2024-01-23,404.9823913574219,417.72350799852904,402.42535422515556,417.72350799852904,8728196
2024-01-24,408.7738952636719,412.12451035385544,403.9243465297125,405.6878060944037,22459072
2024-01-25,401.7640380859375,409.9642012558687,398.6338801428064,408.7297936314898,20435547
2024-01-29,396.60589599609375,403.1748631742745,394.5779105233698,401.9845244825636,18557346
2024-01-30,386.2454833984375,400.0446766491432,385.672362537243,394.1370522199117,45190319
2024-01-31,389.3315734863281,390.1692202685137,386.8186051949246,387.96487486493197,20648695
2024-02-01,390.5218505859375,394.7982777588131,387.3475959410163,389.7283008971284,19903526
2024-02-02,388.05303955078125,394.31338382927,387.52401565819747,392.37356435182073,17816750
2024-02-05,386.2454833984375,391.1832260328726,384.9228817484557,389.728361423408,12505666
2024-02-06,380.38189697265625,388.7583920360094,378.70657560411007,387.96484228867234,19487043
2024-02-07,380.7345886230469,383.5561516187938,379.8528449472176,383.5561516187938,13376903
2024-02-08,371.1029052734375,384.12797657888825,365.77650329864366,384.0384650856425,50039587
2024-02-09,371.9533386230469,379.74154788600976,365.77650648040475,367.11929237602516,33527317
2024-02-12,364.20989990234375,374.1913251991492,363.49375120632266,373.7884809183948,11326971
2024-02-13,364.12042236328125,367.74596448553467,361.0320059987887,364.25470380272145,16207766
2024-02-14,368.4173583984375,369.04399563612463,362.01670458696765,363.4490304322448,12618012
2024-02-15,361.56915283203125,371.10296536010526,360.8977455956946,369.7154093192213,21169031
2024-02-16,362.1957702636719,366.6269726665046,357.54074654679084,362.55384464630635,38963810
2024-02-19,366.3584289550781,369.49161543120795,362.1957892142552,362.5538636156247,17602580
2024-02-20,363.5385437011719,367.4326485808488,361.9271948494633,367.4326485808488,14626643
2024-02-21,361.0767822265625,367.1193336213837,359.24161197934507,364.3442216530248,20162369
2024-02-22,371.013427734375,371.64006498707033,361.166283065441,364.2546993925409,19321180
2024-02-23,368.2831115722656,372.3114698748243,367.4774228889632,372.3114698748243,11576964
2024-02-26,366.31365966796875,369.7601503452562,364.6127709260232,368.0145200385987,8289561
2024-02-27,368.05926513671875,369.49159101888046,365.73176749593637,367.0298119400418,8083518
2024-02-28,365.5079345703125,369.133476258572,364.16514870796414,368.0592248716431,8949664
2024-02-29,363.7175598144531,367.9697389838581,362.10621099325186,366.1345972319124,15468800
2024-03-01,366.5821838378906,369.8496514216038,364.7918120169836,366.04508647727596,12873024
2024-03-04,366.2240905761719,369.67060934978923,365.6422233108164,369.0439721519782,7103794
2024-03-05,363.5832824707031,368.28307592576715,361.61385926389903,366.71646865030743,10108373
2024-03-06,365.1051330566406,366.98504483260456,358.7045074023188,363.89662847613386,11534613
2024-03-07,370.2077331542969,371.46100763953405,361.34530025763866,365.10512371335005,23907135
2024-03-11,366.49267578125,374.45990848021876,365.2394013091887,373.1171225091003,18298683
2024-03-12,362.06146240234375,363.89660411866976,357.4959505214604,363.89660411866976,36226074
2024-03-13,378.17498779296875,392.0952609994141,377.0112531117893,389.4096888737355,105525827
2024-03-14,375.6684265136719,380.9053175233625,374.1913590552437,377.72738966516533,31949569
2024-03-15,375.1760559082031,383.6356443794862,371.7295653076996,373.47519557546644,76074975
2024-03-18,373.698974609375,376.6083677378852,373.20661882761476,375.08653045923944,16547358
2024-03-19,366.6269836425781,375.57892859039265,365.86606491745584,374.1913725840706,21803126
2024-03-20,372.1324157714844,372.9828459519357,366.62696200946334,367.02980631746095,20364534
2024-03-21,377.1007385253906,377.77211732469914,372.57999644292715,375.086545384835,19968509
2024-03-22,383.680419921875,384.62036160072563,377.10074305597453,377.10074305597453,40358503
2024-03-26,382.8299865722656,384.2175424825222,380.9500748588195,380.9500748588195,10669833
2024-03-27,383.143310546875,383.9489991957222,381.75575456584926,382.24811039415033,12698464
2024-03-28,383.4566345214844,387.84306693740666,382.24810157609323,383.1433017081666,29009002
2024-04-01,381.9795837402344,386.1422233976248,381.12912513629533,384.12803010538937,9743648
2024-04-02,381.2186584472656,383.76994910118805,380.0996653454435,383.76994910118805,9194659
2024-04-03,380.63671875,383.8594446123948,376.87692392461406,381.3528958145952,13152268
2024-04-04,378.4435729980469,382.56147130590125,375.8922821653247,380.9501222612033,19065447
2024-04-05,382.740478515625,386.4555320406198,375.9369803377719,378.21973637562843,16768902
2024-04-08,384.1280212402344,386.18698442346965,382.9195166413107,383.4118724683771,8844633
2024-04-09,381.666259765625,386.2765138011743,380.9501109606296,385.3365720410326,6967273
2024-04-10,391.1553039550781,391.9162226475416,381.1291078862097,383.4118639636001,14547618
2024-04-12,385.0232238769531,390.08109199273235,383.411874944211,389.4096847827078,18785009
2024-04-15,381.26336669921875,384.17275985826257,378.5777948380354,383.14327835057276,9083087
2024-04-16,381.26336669921875,382.2480782730736,378.84635769841657,378.89109926093727,10357752
2024-04-18,374.9522705078125,382.1585846561629,373.87804738734405,381.35292440864043,22133191
2024-04-19,380.23394775390625,381.5767338052428,372.4009960212404,374.19136796591687,17221280
2024-04-22,380.7262878417969,382.7852225858655,378.9806575358475,382.24809683901475,7386048
2024-04-23,384.217529296875,385.3812638619412,380.5472174952533,380.72626885904805,12484384
2024-04-24,383.948974609375,385.64983493071486,383.41184887787193,384.26227903854186,6070285
2024-04-25,391.69244384765625,392.36382269137283,384.0385150815419,385.82891540742,30337038
2024-04-26,393.8856201171875,396.83975482059645,390.6629225550479,393.2142129703609,15342965
2024-04-29,392.2742614746094,396.07882622081183,389.0515639934862,395.67601031415643,12075706
2024-04-30,389.9915466308594,394.3332375377621,389.49919080754,393.84088171444273,12528665
2024-05-02,392.9904479980469,396.2131457894124,389.27539438775926,390.3048759623476,24123523
2024-05-03,390.7076721191406,393.93039811859694,386.14218854115893,393.93039811859694,23786388
2024-05-06,389.1858825683594,394.2884921290817,387.93260805370363,392.0952475427761,10753860
2024-05-07,394.19891357421875,399.2567810732374,389.5886602844062,391.1104975273433,26969062
2024-05-08,394.7808837890625,398.0930933806103,392.27433453218583,395.00467675028676,10916481
2024-05-09,380.5472106933594,395.2284008948065,378.98063186624165,393.9303849229235,24314298
2024-05-10,387.9326171875,390.6181892842415,381.8005259086496,381.8005259086496,14524604
2024-05-13,386.5898132324219,389.8125109477641,384.48608019612794,387.8430593472191,7584217
2024-05-14,384.6651306152344,387.88782832259807,383.6356490674802,385.38127935657843,11423749
2024-05-15,382.96429443359375,387.84308286683984,382.02432432634987,385.60509663039625,7856433
2024-05-16,386.231689453125,387.2611709473564,378.57778988889186,384.93367347333725,23911954
2024-05-17,390.5734558105469,391.64767899723824,383.9490085643236,387.0821949896533,11894830
2024-05-21,389.2306213378906,391.28958447059944,387.7983238293244,390.30487284063116,11175153
2024-05-22,393.7961120605469,395.6312537828145,389.767725887034,391.5133561127143,11036895
2024-05-23,395.09417724609375,398.27213366936695,390.79725604789365,395.13894718561795,27244733
2024-05-24,390.48388671875,396.0788519270615,389.67822648183704,394.78083588666976,13252938
2024-05-27,386.2764587402344,392.900905170469,385.56031003732085,392.8113936754333,12282545
2024-05-28,384.0384826660156,387.17166878618104,383.36707550765357,386.8135944254928,9668761
2024-05-29,385.7841491699219,387.0821936743324,380.90533235072377,380.90533235072377,10832067
2024-05-30,379.42822265625,385.78410628483164,378.08543673388806,383.5908902240176,21314885
2024-05-31,381.7557373046875,384.53084914126174,379.7863140805311,382.02430017549347,29300711
2024-06-03,385.24700927734375,389.3201656528504,383.725200249957,388.514477016602,16116836
2024-06-04,378.535888671875,388.6557312027862,367.2764561221505,388.3822180405629,47791986
2024-06-05,392.302490234375,397.4991534256846,381.13421955458244,384.7353989949108,28197030
2024-06-06,396.9521484375,399.0490345527086,393.03186047876784,397.49917476941124,32318523
2024-06-07,400.3710021972656,402.6502400373076,393.03185750810144,393.3053706719897,29543660
2024-06-10,398.3196716308594,402.05763661284067,397.36240447731143,401.14593572253284,11872688
2024-06-11,394.7640686035156,399.1402214325666,394.0803145887873,398.4108722591482,13158571
2024-06-12,394.1258544921875,396.04041761505835,392.2112913693166,392.5303996702627,10751658
2024-06-13,392.302490234375,398.31966398522343,391.801059088471,398.31966398522343,9641349
2024-06-14,393.0774230957031,393.7611770597148,391.1628599867876,392.9406665240471,9572809
2024-06-18,390.8893737792969,395.8581191738071,390.38794261342787,394.7640665251691,14641141
2024-06-19,386.23974609375,392.71275624893684,385.6927197561344,392.0290022211883,11329972
2024-06-20,385.9206237792969,388.8380493170652,384.2795737201941,386.6044066765355,15147549
2024-06-21,382.54736328125,387.74402663160475,381.5900672225091,387.47051347196447,26176371
2024-06-24,385.9206237792969,386.5132163607238,382.9120368199867,382.9120368199867,9723008
2024-06-25,385.9206237792969,386.5588115186297,382.68411881899715,385.64711062040146,10655609
2024-06-26,386.51318359375,388.74685493918827,384.780972259955,385.6470779268525,11511714
2024-06-27,388.01751708984375,389.52181048558475,383.9148777238095,386.5131947998345,38438054
2024-06-28,387.3793640136719,390.2055993306075,386.1029884921122,387.9263614555754,18554411
2024-07-01,391.1628723144531,392.25689602791135,387.1513942432347,388.6557165788598,13391362
2024-07-02,387.92633056640625,392.6215625266498,385.23682315339903,392.02896997249417,11177863
2024-07-03,390.4790954589844,391.70987576739714,387.9263445272619,388.4733708395652,7435499
2024-07-04,391.1628723144531,393.3965148981146,389.33947056442025,392.0289780327245,9478861
2024-07-05,395.3566589355469,395.6757383384228,389.84088762231767,391.1172630223574,13427543
2024-07-08,404.42803955078125,405.29414529158566,395.3566835098957,396.72422041086423,21311436
2024-07-09,412.6332702636719,414.8213465379182,404.79269491641344,408.07479488064865,27489709
2024-07-10,411.5848693847656,415.1404827339749,407.0719599600082,413.6361603295421,12065662
2024-07-11,418.1490783691406,418.9240227196027,409.07769306817414,410.2629071737522,19556596
2024-07-12,418.51373291015625,422.3428593192128,415.5963073929136,418.14905833228465,19693114
2024-07-15,422.4796447753906,425.2603139042144,416.82711619633983,418.5137615167691,16876907
2024-07-16,424.43975830078125,425.5338109620082,420.6562269340028,422.5251950379047,13497253
2024-07-18,428.7247009277344,429.31732238979913,421.7958262702707,422.1149345797316,21907158
2024-07-19,432.6449890136719,437.0667368269077,427.94975694190003,429.40848412543824,25939326
2024-07-22,425.3514404296875,437.11230375842484,424.71325270358847,432.6905848326919,18762384
2024-07-23,448.7364196777344,453.4772470105013,425.21469253973703,425.3514491191427,56125835
2024-07-24,450.4230651855469,465.55721919731405,447.3233168036432,452.2008718247006,43693692
2024-07-25,446.6851501464844,452.20089316741996,441.853161161021,446.7307164122864,18567567
2024-07-26,457.8534240722656,461.6825218161174,444.36031941248064,450.42308880903994,21534703
2024-07-29,452.2464599609375,461.5001675935918,450.423058192173,460.8619798639512,12978187
2024-07-30,446.6395568847656,453.84194523349976,445.4999379265304,452.4744082624718,13891052
2024-07-31,451.6082763671875,453.97867557287424,447.1865573764219,448.9643640042543,11982586
2024-08-01,450.10400390625,452.88467297760064,447.59681911064166,452.155294892808,12114803
2024-08-02,445.9101867675781,455.3462174298525,441.9898988909283,441.9898988909283,22141163
2024-08-05,443.08392333984375,448.4629384481495,437.20347706841375,437.6593419676077,25022076
2024-08-06,443.3574523925781,448.28060277815945,441.3061325083515,443.31185723274336,14251363
2024-08-07,449.14666748046875,451.83617488506997,444.99846182580694,446.730673221321,11320399
2024-08-08,451.0612487792969,454.02426944874264,449.00992900000904,450.3774947823807,21349889
2024-08-09,452.1097106933594,454.02427391323624,449.55695973352357,454.02427391323624,9556181
2024-08-12,450.92449951171875,455.84764972526483,448.5541002742936,448.5541002742936,9425644
2024-08-13,446.730712890625,453.8875348865262,445.1352579261627,452.15529444292224,8056478
2024-08-14,448.7364196777344,454.93597422607183,446.6395336172972,448.5085016768149,9609981
2024-08-16,458.2636413574219,459.67677341741495,449.1466901515516,450.833335370804,13643352
2024-08-19,457.16961669921875,464.32640951224664,455.4829714833437,460.1782036565068,10591508
2024-08-20,454.7536315917969,458.9474326908904,453.7507692522604,456.7593562708698,6888634
2024-08-21,460.77081298828125,464.0529130177818,454.9815283328472,455.8476340497613,8801221
2024-08-22,459.9958801269531,463.5970596598946,457.16961601684477,463.0044670797505,8686423
2024-08-23,461.135498046875,462.18392662579055,455.80207815406663,460.45171515256504,8195369
2024-08-26,461.0443115234375,463.1412264870548,457.67104997039354,461.31782468341106,8126402
2024-08-27,456.3946838378906,462.7765613871338,455.84765750673535,462.73096622811397,8260450
2024-08-28,453.3861083984375,457.94458422323976,452.65675920109425,456.2123437617104,8081932
2024-08-29,460.4972839355469,462.86768300960847,453.43162407992503,454.0242455191415,19389694
2024-08-30,457.57989501953125,464.1896905333773,456.0300063539427,457.6254612839912,15523349
2024-09-02,465.01019287109375,467.6085389871661,458.8562623710469,459.49445011058486,16497266
2024-09-03,464.4176025390625,470.3892102248928,463.0500656317912,465.0101951235504,12481552
2024-09-04,461.63690185546875,465.0101631809234,455.80205115060204,455.8476174113433,8739052
2024-09-05,466.05865478515625,466.6968425307686,462.27512346983656,463.4603086443522,11318636
2024-09-06,457.39752197265625,466.78798605768634,453.2493162323431,466.78798605768634,14245025
2024-09-09,466.5600891113281,467.38059970737794,456.16676226622855,457.67105577087847,14265060
2024-09-10,468.24676513671875,469.52311182622276,463.8250168608902,466.69687637152293,11332248
2024-09-11,468.93048095703125,473.6257131371341,466.7424045783741,467.69970063527967,15497555
2024-09-12,473.625732421875,474.5374333579599,463.6426750732821,469.6142829762266,19085324
2024-09-13,468.4746398925781,474.0815440167886,466.7879946924352,473.6257080193676,9165077
2024-09-16,465.9674987792969,471.3464850740398,464.69112327323506,470.34362273274417,7821668
2024-09-17,462.913330078125,468.20115510336865,461.545764214466,465.9219171896321,10889862
2024-09-18,462.5486145019531,467.15268536936793,460.4973235485926,463.0044794093549,5638729
2024-09-19,463.369140625,469.34074825372676,462.685357730768,464.96459551918156,14461616
2024-09-20,468.97607421875,471.6655817468218,463.14122316210313,466.78799784894,24725118
2024-09-23,471.3009033203125,473.580141232498,468.2467499449426,469.93336635185545,8105508
2024-09-24,469.75103759765625,472.0758417465427,468.7481752404364,471.3464925584321,7015487
2024-09-25,471.847900390625,473.44338416672934,467.061506850851,469.978932353214,8802667
2024-09-26,476.5887145996094,477.50041546177516,471.3464563128574,471.93904887084426,16086557
2024-09-27,476.54315185546875,481.83097676370437,474.30950915137026,474.30950915137026,17916386
2024-09-30,472.3949279785156,478.047427263378,468.6569629993216,474.6285705979751,10936940
2024-10-01,470.61712646484375,473.85363142974245,468.6114018224536,472.3949331059205,5285319
2024-10-03,467.4717712402344,470.161249819359,463.2323751658065,463.6426448944806,16481353
2024-10-04,459.0841979980469,471.6656015344404,457.260796130997,464.9646155648812,18930962
2024-10-07,465.14697265625,469.47753046957075,462.00162895956305,462.2295469719965,17114457
2024-10-08,463.09564208984375,467.28944322025905,461.317835402975,464.964610200732,9868331
2024-10-09,448.28057861328125,464.7822693286866,447.2321211477684,464.7822693286866,24874940
2024-10-10,448.5997314453125,451.88183185115764,446.2293031233235,451.6083186682918,13292273
2024-10-11,445.08966064453125,450.3319193215231,444.3603114582125,449.4658135509857,14949380
2024-10-14,453.06695556640625,454.9359524306525,445.49989337508043,447.6423744907658,6970606
2024-10-15,454.5257263183594,455.3006706741215,450.8333562856044,454.0242951345452,8347216
2024-10-16,449.64813232421875,454.79922952979206,448.87318798542856,452.2008833474638,6939430
2024-10-17,445.7278137207031,451.28915139858844,444.9073031735123,451.28915139858844,7669729
2024-10-18,443.72210693359375,448.1438259382292,436.1550443992969,445.5910749882809,22616838
2024-10-21,440.9414367675781,444.54264518224113,435.1977471460307,443.72210571019014,7680088
2024-10-22,439.2547912597656,445.27199403454927,438.34309036731116,440.94143646609285,12772970
2024-10-23,437.932861328125,440.62234002608295,437.15791699336745,438.5254539217694,10553961
2024-10-24,430.0466613769531,439.8017998552316,428.49677281164986,439.43712529179584,13596626
2024-10-25,439.7106628417969,449.92163786751,432.3259230631333,433.78462139783363,32154050
2024-10-28,441.39727783203125,442.9927616367931,433.96697181201,439.3915531808061,8946214
2024-10-29,444.8617248535156,446.00134374693727,438.7989558078247,442.1722173304157,7131161
2024-10-30,448.1438293457031,449.6937179905663,443.5397585692342,444.861729212034,6640080
2024-10-31,445.6366882324219,449.46581481275115,441.89872307707066,448.55411388015784,8111694
2024-11-01,447.00421142578125,448.6452614962307,446.09251052124927,447.6423991695266,1517892
2024-11-04,441.8075256347656,449.87601899719573,437.2034550817817,449.87601899719573,8754385
2024-11-05,437.7961120605469,442.21783124301106,434.8330912542778,440.30326795355165,7610046
2024-11-06,438.6166076660156,441.6252235289505,435.79037243527137,437.79609708104795,11749720
2024-11-07,435.69915771484375,440.0753102371216,434.0581077425567,439.20920454261847,9267980
2024-11-08,435.8359375,438.2519318787487,432.69059396011545,435.6991809205033,6325023
2024-11-11,434.83306884765625,438.9812746472622,432.2347516635963,435.83593115318143,5700343
2024-11-12,431.0951232910156,435.7447601410333,429.5452347095868,435.42568073005793,5236095
2024-11-13,430.5025329589844,432.7817708396454,426.9013532883317,428.54240340663677,11548660
2024-11-14,424.804443359375,431.1863210595827,421.4311816574202,429.59086608166643,12087836
2024-11-18,425.3514404296875,426.4910593052737,421.2032346571783,424.85000928020037,8448573
2024-11-19,426.0807800292969,431.9156308531127,425.0779177527912,426.67340147942747,7121472
2024-11-21,416.7815246582031,423.0722117400087,415.1860408616483,420.2915427797919,20313155
2024-11-22,432.7361755371094,434.4227918075198,415.27718911581206,415.9153768353446,20214206
2024-11-25,434.69635009765625,439.61950063345034,430.684900526477,436.7020748832458,14427013
2024-11-26,434.8786926269531,440.0297610711077,432.2347801116228,437.6137665685303,6791715
2024-11-27,434.83306884765625,437.70492808099607,431.2318893580711,435.3345000004188,7339184
2024-11-28,432.964111328125,441.0782002838839,428.9982282727063,434.8786745654213,14967609
2024-11-29,434.6507263183594,436.6108556833616,430.867166371129,431.4141926563706,8668142
2024-12-02,435.0610046386719,436.9755679077777,431.5965815849029,433.966980868156,5689595
2024-12-03,430.8216247558594,431.5965690728606,421.886996425715,424.85001711458597,23073942
2024-12-04,425.8529052734375,435.97271937779976,425.2147174968439,432.50829621423856,13957078
2024-12-05,426.2175598144531,431.0039534664892,421.6590841659863,426.26315497287504,27432375
2024-12-06,429.5452575683594,433.009709482812,426.3999139761327,428.49680007286037,7842234
2024-12-09,423.8927001953125,430.3201724154078,422.0693273870647,429.86430754264455,12154116
2024-12-10,424.3486022949219,425.26030322616083,421.75025608560446,424.2574408700793,9163636
2024-12-11,424.1662292480469,426.8557367471317,423.6647980951895,425.94403586168113,7005617
2024-12-12,419.9268798828125,426.5822417304775,418.6049092085582,424.3941941854832,13380617
2024-12-13,428.4967956542969,432.508273854474,411.76718663458706,419.3798443995844,32976794
2024-12-16,428.5879821777344,432.50829918536283,426.67344772907313,428.72473876610616,9354160
2024-12-17,428.08648681640625,433.78458083019905,422.16047482091517,428.4967565200235,20608409
2024-12-18,428.95269775390625,431.96128499425197,425.6705684348433,430.9584225808034,12841386
2024-12-19,425.3514404296875,432.4626668364285,424.2118215541013,427.58508302389953,15161531
2024-12-20,423.6192626953125,426.17201380284894,418.74167849464,425.3058791172928,20231570
2024-12-23,432.3714904785156,435.5168338433801,426.3086928429072,429.590821673927,19562956
2024-12-24,436.20062255859375,437.84167265770424,430.9127976719345,432.96411751939024,12009880
2024-12-26,434.83306884765625,439.30038295953085,433.96696311963626,438.1151689192422,9188830
2024-12-27,436.3373718261719,439.3459877026604,433.96697258814555,437.38582931183106,16906420
2024-12-30,434.8786926269531,438.93573727333114,433.96699168167027,438.2975495010603,13578360
2024-12-31,440.9414367675781,441.853137660656,432.6449962031207,436.20060946013535,13787501
2025-01-01,441.2149353027344,443.85884757904995,439.5738853072878,443.08390329032954,18931186
2025-01-02,445.8646240234375,446.73072983094727,439.71069304798334,442.491362222012,27131131
2025-01-03,439.0724792480469,447.6424042811121,437.47699542332975,446.9586213713376,38500784
2025-01-06,419.10430908203125,437.18833703154587,417.77878443999913,431.36547703293587,22009958
2025-01-07,417.63677978515625,423.7910283252627,416.7373011331246,421.8027268642203,14294780
2025-01-08,425.63726806640625,428.0042866384456,413.84953291421215,419.43569096537107,13482926
2025-01-09,426.1580505371094,436.1468578467629,422.32346292445044,425.4952737464954,19732649
2025-01-10,421.234619140625,427.95695766150703,418.96228709118776,426.01601399088287,9145729
2025-01-13,415.6957702636719,420.3824783707832,411.8612119173213,411.8612119173213,17799607
2025-01-14,413.37615966796875,418.0155106322584,412.66605404401815,417.54210688295797,18048459
2025-01-15,414.08624267578125,418.2995184778754,412.19262778200317,413.37613709061446,9786805
2025-01-16,409.82562255859375,416.0745576911416,408.1687094723871,414.74900410675934,15774070
2025-01-17,416.78466796875,418.2995368348359,409.4942387500577,409.96764249427747,11270061
2025-01-20,414.4176025390625,417.7314283751026,412.8080184324215,415.6484405775987,8742771
2025-01-21,414.2756042480469,423.22294655507415,412.0979585863446,414.7016791747707,15686500
2025-01-22,413.7548522949219,418.4415606921262,413.32877738816876,416.50058809880306,9619648
2025-01-23,416.78466796875,418.3468945458208,411.00913651041515,411.8612574711563,8888248
2025-01-24,418.1101989746094,421.3293387049614,415.6958225061414,416.0272109109435,9665384
2025-01-27,416.68994140625,421.3292918750087,413.3287578086634,417.3526892479191,10480203
2025-01-28,412.28729248046875,418.2994963345326,411.3878138958314,416.5952545780571,20813072
2025-01-29,410.29901123046875,414.2282563403287,407.221887040512,412.76071636128813,15158510
2025-01-30,412.9974365234375,414.701678438765,408.50010096959244,409.9676410136649,22496695
2025-01-31,423.6963195800781,424.3590963304251,411.9559133750371,413.2814379814617,13546181
2025-02-01,437.9457702636719,446.41970841807506,416.16919912132676,424.16973355524414,30393007
2025-02-03,430.1819763183594,440.4548430642073,428.24100368388565,437.4250476268326,16991730
2025-02-04,430.93939208984375,435.86280223904276,424.8798303714777,433.6377990198034,18923681
2025-02-05,424.3117370605469,431.6021657104411,422.7495106053608,430.9393889625346,12836283
2025-02-06,417.63677978515625,426.06336046890937,414.8910439076552,426.06336046890937,17469129
2025-02-07,407.9319763183594,421.8026990259945,405.6122866178601,416.5952582972785,18875982
2025-02-10,404.47613525390625,410.25163731299205,403.8133585122395,404.2867622150675,12227140
2025-02-11,396.049560546875,407.64795227119043,395.2921261144242,405.9910391677168,14288751
2025-02-12,394.22222900390625,397.97305679084684,392.01021063862936,397.34792371808146,13884574
2025-02-13,394.0298767089844,398.1173234410263,393.35663844827394,394.27031475204564,12989029
2025-02-14,394.558837890625,400.2812751894459,392.77959046029304,396.0014661827297,14124236
2025-02-17,392.9719543457031,395.6648487625189,391.1927069076455,394.12603937418936,11975265
2025-02-18,389.7500915527344,395.1359099155748,388.54790126416947,392.39491018757707,12998403
2025-02-19,390.8560791015625,393.1642784577035,389.02875583421536,389.3172697473528,7079032
2025-02-20,386.6724548339844,388.45170224904115,381.0462280233567,384.65279872265523,15355585
2025-02-21,385.56646728515625,387.8265909200422,383.93150608677536,386.6724764914858,8240986
2025-02-24,386.5281982421875,387.97082652327333,383.4986847219768,384.700874956215,7037625
2025-02-25,389.3653869628906,391.43314833834296,385.1817589914161,386.62438730224534,15760891
2025-02-27,386.2397155761719,390.9522958056036,384.2200299491726,389.3654104380863,19051003
2025-02-28,379.8921203613281,387.10526188717614,377.1992259318174,383.73912917511376,31954776
2025-03-03,382.2484130859375,383.7391172146777,376.23746200174764,380.8057848257319,10702826
2025-03-04,379.74786376953125,382.00798731989397,377.82435936077115,380.2768157418011,13404774
2025-03-05,389.5577087402344,396.9632122658291,379.4112349821189,379.4112349821189,15665018
2025-03-06,390.1828918457031,394.0299007695933,385.22984437591543,393.5009194323491,17869996
2025-03-07,388.45172119140625,390.3271497866334,386.33588388818345,388.11510203965406,11180761
2025-03-10,389.5096435546875,391.2888910064267,385.0855775356017,385.7107105996322,9785018
2025-03-11,390.6637878417969,392.77962524740065,385.8550264422196,386.1435403860541,11099475
2025-03-12,396.6265869140625,397.4921579923581,388.547874599392,390.85607392496263,13844306
2025-03-13,396.2900085449219,398.55013223484355,392.5872858097,397.2036849356402,8196569
2025-03-17,392.3468017578125,400.32933287132437,391.43312547418384,397.20363838043716,5257805
2025-03-18,393.4528503417969,396.1938501173774,392.1544789375377,394.31842149451984,13861897
2025-03-19,387.63421630859375,395.0397200620695,387.20144542451675,394.3184059049263,12830387
2025-03-20,388.49981689453125,391.0965302508203,386.5282072542035,389.50964497469676,16994037
2025-03-21,390.0386047363281,391.9140333230442,386.3358821349048,390.4233291082126,25302035
2025-03-24,395.1839599609375,397.05938842867533,390.08668521067875,391.4331323758087,14362572
2025-03-25,394.12603759765625,399.36759879824183,393.06813366389935,396.2419041658655,20338110
2025-03-26,391.769775390625,395.47252733324694,390.71184207125464,394.60692684899476,13891436
2025-03-27,393.7894287109375,394.99161889585264,390.1347529385877,392.3948763562974,18642328
2025-03-28,394.0779724121094,399.7042287729926,392.5391629889967,395.18398159578936,12981873
2025-04-01,391.0965270996094,398.55010666561213,390.08669902758044,394.1260406660441,15206240
2025-04-02,393.4047546386719,394.31843103609066,390.51949782621267,391.4812500970324,8001323
2025-04-03,393.7413330078125,394.51075235495847,391.1446197558559,391.4812095354885,7059566
2025-04-04,394.0298767089844,397.01128496266676,389.0287536731707,391.91401018990615,18627592
2025-04-07,390.51947021484375,392.49107984083315,375.2276160600784,375.2276160600784,26762866
2025-04-08,396.7708435058594,399.89653803876325,391.6735687769548,396.14571046934793,18600796
2025-04-09,400.37744140625,403.02226003741157,395.5206043873473,397.20367078899557,21785572
2025-04-11,405.4266357421875,406.292236218633,401.05067489059496,403.9359315444841,8939356
2025-04-15,404.32061767578125,412.78405461806295,402.97417047029376,412.78405461806295,11685880
2025-04-16,408.21575927734375,409.754539416005,402.01244544834776,402.01244544834776,13034594
2025-04-17,410.90863037109375,411.48568756526555,405.4266310519838,408.7446879057106,22410217
2025-04-21,406.67694091796875,412.6878924233474,405.3785695227371,411.6780349602343,27388236
2025-04-22,417.0157470703125,418.169832064902,407.3501201449234,409.6583488347964,32031936
2025-04-23,414.3709411621094,420.7185115509847,412.4474367624713,419.5163213012109,19566317
2025-04-24,413.6015319824219,419.372045323511,412.88021781478574,415.3327035949578,26064089
2025-04-25,411.4375915527344,416.1502009519827,407.10970652510946,413.60153406654683,22944377
2025-04-28,412.39935302734375,414.0343435923546,408.5042681552906,410.3315915600767,6287095
2025-04-29,409.7064514160156,413.16876532622075,408.7446991826447,412.49552702272155,11189930
2025-04-30,409.51409912109375,412.88023201920157,405.8594522861451,411.05290860172727,10026546
2025-05-02,413.07257080078125,414.99607520497585,407.87911477952554,407.87911477952554,9263372
2025-05-05,420.2376403808594,421.72834456792714,412.92831770641976,413.7938888263413,11525305
2025-05-06,418.89117431640625,422.834364350939,416.43871785669694,420.7666029152538,15026568
2025-05-07,414.6594543457031,418.362206178502,413.2649312686502,416.823396791454,9710361
2025-05-08,414.1304931640625,414.9960642530376,407.350122708005,412.59168381124715,19937960
2025-05-09,407.3501281738281,412.73594630577514,406.8211762096756,409.6583569091965,8226512
2025-05-12,418.84307861328125,419.5163168862086,411.7741941489348,413.072565475096,8031891
2025-05-13,411.53375244140625,421.1993794721109,409.08129611962823,418.2660177094136,14976369
2025-05-14,412.6878662109375,415.332684705315,409.6102474955229,410.7643618513902,9557309
2025-05-15,416.1020812988281,418.74689983509177,409.7064350721147,412.6878727466996,24263510
2025-05-16,419.03546142578125,419.51633754430964,415.573147502307,418.26604202592637,16402035
2025-05-19,418.6988220214844,421.72833555161463,416.10207936688846,418.362202884726,7543854
2025-05-20,418.26605224609375,423.9403847133091,416.3425477249801,420.28573786333305,9868414
2025-05-21,416.438720703125,421.4398441006694,415.4769684613164,419.90103464370577,5776672
2025-05-22,409.8026123046875,416.43869651769444,406.7249935694986,416.43869651769444,19451749
2025-05-23,419.61248779296875,422.20923056391143,412.59170822760365,417.40046939575757,18536884
2025-05-26,425.9600524902344,426.58518556334417,420.0452822056058,421.48791053602,13107662
2025-05-27,417.30426025390625,427.2103252046928,414.37092787863105,425.9600297748,26986022
2025-05-28,411.57440185546875,413.92513013654184,404.5221871211176,409.12572033536514,431851622
2025-05-29,410.1541442871094,414.12099629331436,408.04828421108533,413.337430183069,21478547
2025-05-30,409.468505859375,411.4274510468685,407.85238205791916,410.49697001748797,30656239
2025-06-02,410.6928405761719,411.8192579553598,406.0403458241328,409.7133679967952,14973380
2025-06-03,408.39111328125,413.04360813984886,407.1177809642176,410.3990201585084,13216486
2025-06-04,408.4400634765625,410.39900862513116,407.4116292300163,408.586978384479,12598933
2025-06-05,410.4969482421875,412.30897842272395,407.2157092489669,409.9092587388879,13212523
2025-06-06,412.40692138671875,412.6517895338172,410.39901453696416,411.67231694542346,8774988
2025-06-09,414.3658752441406,414.9046031137218,411.86823204786555,413.33744096123485,10473123
2025-06-10,418.23480224609375,419.75297282706833,414.3658735007135,415.78612073411426,13041075
2025-06-11,417.4022216796875,419.312205110815,416.12891931968926,419.2142518774774,20789182
2025-06-12,412.3579406738281,418.43068239792314,410.9376935297822,418.2347759328376,18508835
2025-06-13,405.4036865234375,410.7418239308055,405.01190347774315,406.48111231744474,17873926
2025-06-16,409.6154479980469,410.30106087453294,404.7670467340719,406.4321620890675,7006629
2025-06-17,408.83184814453125,410.44797192026425,407.1667626963428,409.5174909056936,9028406
2025-06-18,407.3626403808594,409.86031339660474,406.3831678000489,408.4400661979771,8036215
2025-06-19,407.4606018066406,409.66441515775824,406.2852227295919,407.11778041824044,12601006
2025-06-20,409.9582214355469,410.8887323090276,407.46057840418473,407.46057840418473,13203184
2025-06-23,405.4036865234375,408.9297937169475,403.2978264980913,408.4400574370469,14839890
2025-06-24,405.844482421875,412.0151479158747,405.25679287693885,408.3421256239387,16690068
2025-06-25,407.80340576171875,409.5664444107915,406.5790650634376,407.85236743319786,9946718
2025-06-26,411.67230224609375,412.25999175637196,407.70545036119364,408.635961243395,13703918
2025-06-27,410.0561828613281,413.3374219283217,409.2236252038625,412.3579493645105,21409935
2025-06-30,407.9013671875,412.1130873177171,407.26468609870335,411.18257641188427,12317124
2025-07-01,406.5790710449219,410.25209319380195,406.38316457386264,408.4400629554616,13670465
2025-07-02,404.47320556640625,408.3421042433258,403.2488648665335,408.3421042433258,15990899
2025-07-03,404.864990234375,407.4605865502793,402.80809187212105,405.5016414226337,14185298
2025-07-04,404.0813903808594,406.48111009570783,403.2978242937535,406.383156862037,8256733
2025-07-07,407.6075134277344,408.63597758463175,403.54270814671577,404.52218073930493,6845218
2025-07-08,408.635986328125,409.5175057020906,406.1383132289018,407.60752214922184,6807192
2025-07-09,410.83978271484375,411.6723104890166,406.9218924227146,407.65649685248883,9930533
2025-07-10,408.29315185546875,411.67231432927395,407.8523772370402,411.67231432927395,6220360
2025-07-11,408.2441711425781,409.4685119028319,406.9708687083669,408.44007762067145,8578844
2025-07-14,410.7908020019531,411.3295298660291,407.9992991168515,408.4890354163033,6896989
2025-07-15,413.4353942871094,413.72922411339215,410.3990232206159,412.26001519971453,8532755
2025-07-16,415.8840637207031,416.7166213924788,411.67231368924485,413.43538226908703,9780773
2025-07-17,415.2474060058594,417.1573595734722,414.3168951123935,417.05940633871836,7240795
2025-07-18,414.072021484375,416.4717411939595,411.4764251990089,416.4717411939595,6730256
2025-07-21,411.4764404296875,414.0720368111289,409.8113250726935,413.3374323697135,4822343
2025-07-22,407.4606018066406,411.77027527059994,406.6770356826959,411.47644544690354,9869507
2025-07-23,406.4321594238281,409.32158560296745,405.5016485154682,408.53801949465566,12196187
2025-07-24,401.5347900390625,407.3136721952123,401.04505375648824,407.3136721952123,9005157
2025-07-25,400.9960632324219,401.8286208931811,399.3799394739661,401.58375275125957,5824089
2025-07-28,401.4858093261719,402.41632024466196,400.21250691352043,402.36732868040224,8123337
2025-07-29,400.0655822753906,402.9550084157297,399.62480766342725,401.5837527990323,6811772
2025-07-30,399.2330322265625,400.898117688896,397.4210019633524,400.60428786940514,10915863
2025-07-31,403.4937438964844,405.50165074201533,397.2250954310459,397.61690837848414,19364174
2025-08-01,407.9013671875,410.74183168633,403.34679578552243,403.9344853107258,14324065
2025-08-04,408.29315185546875,413.8271659664987,406.5790748366726,411.57439098396185,18352458
2025-08-05,405.6485595703125,409.37057327725813,404.522172091142,408.6359688485212,8495104
2025-08-06,403.5426940917969,406.4811117672226,402.07348525408406,405.6485541142926,9080543
2025-08-07,405.10986328125,406.2362507650608,403.1998798022133,403.542701181929,11514878
2025-08-08,405.99139404296875,406.82395173394906,404.4732234643995,405.40370450279846,9814361
2025-08-11,408.29315185546875,408.4400667645679,405.5016490180602,405.99138530914485,8514272
2025-08-12,407.80340576171875,411.1825681542966,406.77494164048437,408.44005694659893,13635738
2025-08-13,405.599609375,408.92981023461243,405.1098730753178,408.6359804112558,10874910
2025-08-14,403.0039978027344,406.5300751148795,402.563223193151,405.74650902132066,9580361
2025-08-18,397.9596862792969,405.207807083524,396.5394690122968,404.5221643400549,30950814
2025-08-19,400.7022399902344,400.99606980890684,396.19666012675947,398.00869038492266,16681331
2025-08-20,397.7148132324219,401.82860986020313,397.1271536208501,400.7022224165175,18188129
2025-08-21,397.22509765625,398.49842996029514,395.07027588892424,397.7148339521601,15028966
2025-08-22,390.1239013671875,398.1555881648492,389.34033529035065,397.6658518940437,13087624
2025-08-25,391.1523742675781,392.327723409267,388.1160033420702,390.8095528920783,10440286
2025-08-26,395.0702819824219,397.07818887017044,390.22188062167817,391.1033999896865,13715752
2025-08-28,392.6705627441406,396.19667011274,391.78904337477377,396.19667011274,12471719
2025-08-29,401.3388977050781,402.02454048128317,393.6500318196282,393.74798505781916,25255050
2025-09-01,397.5189514160156,401.77966310485994,396.68639374720885,401.3388884886885,12268090
2025-09-02,398.4004821777344,399.4779080217149,396.14770714215564,398.20457570023547,19808255
2025-09-03,403.2978210449219,404.76702986475766,398.9391562562904,400.114535268611,12936588
2025-09-04,407.3626403808594,418.2347920060821,406.4811210363561,415.24741259106247,27274123
2025-09-05,398.9881591796875,408.4400635448862,396.09870312861307,408.3421103092152,16000675
2025-09-08,399.1840515136719,402.1224693529809,398.44944705384466,399.08612816526716,7419022
2025-09-09,401.6327209472656,402.51427018540727,399.0371245789613,400.1145503991436,8825896
2025-09-10,404.5711364746094,405.2078175633528,400.555322816839,402.56322964572416,9252397
2025-09-11,406.53009033203125,408.1462440335788,403.9834854870758,404.5711451336769,8274406
2025-09-12,405.25677490234375,408.48902241943284,404.37525556960406,406.82393698895356,7803379
2025-09-15,404.1793518066406,405.7954755760093,403.29783246799684,404.5711348581344,5707331
2025-09-16,404.6201171875,405.8444578774336,403.54269140213233,404.7180704209207,8239087
2025-09-17,400.8981018066406,406.08932424399245,399.6737611220478,405.45267306623015,14113882
2025-09-18,403.1019287109375,404.5711375822802,401.68171140331816,402.90605212943706,15647808
2025-09-19,402.22039794921875,404.13038138420126,400.55531254363956,403.101917268776,19505321
2025-09-22,398.59637451171875,402.56322646569487,397.7148252853857,402.2204050878021,8930779
2025-09-23,394.9233703613281,399.7227801970498,393.8459445065011,398.7433075819584,14936357
2025-09-24,392.76849365234375,396.34356249165154,392.4746638429711,394.9233452248436,12380865
2025-09-25,391.8869934082031,394.7274579712088,389.83009496908466,393.209287397003,22006368
2025-09-26,396.7843322753906,397.5678983516164,391.59310987422305,391.8869695711551,14414044
2025-09-29,398.89019775390625,399.6248021696593,394.9233458652918,398.5473763816621,19717660
2025-09-30,393.30718994140625,398.4004591506758,392.1808024887207,398.4004591506758,9465490
2025-10-01,397.2740783691406,397.665861416941,391.5441578852763,394.0907925326749,17643039
2025-10-03,396.0007629394531,397.1761420239669,394.04181772601805,396.58845248171,16987141
2025-10-06,392.52362060546875,395.60895312981853,391.5931097355416,394.7274338215943,13989077
2025-10-07,391.5931396484375,394.3356809060124,391.29930982029435,394.237727666254,12298968
2025-10-08,391.5441589355469,393.5031040709342,389.8300819420829,391.7890270774703,8402463
2025-10-09,391.6910705566406,393.1602793958562,390.7605895598157,390.80955123133737,15656267
2025-10-10,394.53155517578125,395.5600193505022,391.299307520674,392.22981845621223,15085738
2025-10-13,391.0544128417969,392.71952812155763,390.36877010515894,391.78901724913896,9508594
2025-10-14,388.6546936035156,392.6215753424221,388.0670339898672,391.78901770158024,10291102
2025-10-15,391.6910705566406,392.62158144459596,389.0954742522526,389.83007867186035,16043867
2025-10-16,396.83331298828125,397.665870666178,391.3482605181077,392.7685077269394,22962049
2025-10-17,403.6896057128906,405.35472100520315,396.9312510926241,397.0292043259007,21071344
2025-10-20,404.5711364746094,406.3342050500721,402.85705946273583,404.0814001855026,13083621
2025-10-21,404.3752746582031,405.4527005118031,403.88553835121513,405.0119258790611,1142130
2025-10-23,407.41162109375,411.8192475900064,405.0608630495091,407.46058276503413,24305990
2025-10-24,408.2441711425781,409.3705885549171,404.96296181800335,407.411643338511,14935678
2025-10-27,412.01513671875,414.02307345178554,408.048284707717,408.4400677633165,11603679
2025-10-28,409.32159423828125,412.9946164943518,407.3626490350436,411.86822898071654,17163147
2025-10-29,412.9456481933594,413.53333772312516,407.5095574069397,409.61544737952806,11470661
2025-10-30,410.1541442871094,413.04360036450976,407.60750959211543,412.94564712794636,12938674
2025-10-31,411.7213134765625,417.64711075138126,409.615453364337,411.8682283883677,18599864
2025-11-03,405.45269775390625,412.9946188955417,404.816016646247,411.3295333977877,7635440
2025-11-04,400.5063171386719,405.99136936159005,399.96761919609156,405.50163308974254,10085404
2025-11-06,399.13507080078125,404.8159997293463,398.20455990626584,401.58375221673697,10095563
2025-11-07,395.7558898925781,400.70224442999825,394.82540886238485,397.71483508178255,8411611
2025-11-10,397.22509765625,398.7432981082502,395.3641057100178,395.75588876851964,6650003
2025-11-11,398.4984130859375,399.673762211673,396.2945998476621,397.6658554399186,12005318
2025-11-12,398.64532470703125,399.7227504817627,397.22507756427666,399.624797249309,7987236
2025-11-13,397.3720397949219,399.1350784919307,396.1966607361619,398.64534219930255,6617185
2025-11-14,399.771728515625,400.3594180432725,391.8869861840081,396.3925660411311,64020258
2025-11-17,398.7432861328125,403.542695710365,397.6658603359422,401.3388824449565,7855399
2025-11-18,397.5189514160156,401.3878501610938,396.2456191310374,399.8696796229581,7661681
2025-11-19,395.2661437988281,397.2250889394812,394.5315393710832,396.5394760749311,7882450
2025-11-20,397.1271667480469,398.64533728000737,394.97231513062155,395.2661449461201,6693410
2025-11-21,399.4779052734375,400.1145564842314,396.39257256641207,396.68640238950724,5808131
2025-11-24,395.2661437988281,400.4083747930425,394.580530934278,400.01659174313806,11037491
2025-11-25,392.5726013183594,396.1966618504526,391.8869884414304,395.26615093538965,8199785
2025-11-26,394.04180908203125,395.6579627605675,392.71954500487413,392.7685066776832,11443953
2025-11-27,396.0007629394531,397.61691665344256,393.8459411393536,395.21719681053185,8679529
2025-11-28,395.9517822265625,396.68638664627787,394.23770524722676,396.0007438980914,6883500
2025-12-01,395.9517822265625,397.17612292608806,390.025985197311,394.5315350586607,13442658
2025-12-02,392.71954345703125,397.1761317458155,392.27876883896204,395.95179101910213,8093808
2025-12-03,392.2787780761719,393.94389346016385,390.66265425708065,393.45415715794644,10772192
2025-12-04,394.7763977050781,395.26613397807347,390.85850752111554,391.8869716290837,8057989
2025-12-05,396.6374206542969,397.0292036956514,393.7479646784384,394.7763988983853,4419747
2025-12-08,394.04180908203125,396.93126516491554,392.32773205787674,396.6374353457986,6056866
2025-12-09,392.8174743652344,396.19666679247575,391.78904009144696,393.7479852919042,9426717
2025-12-10,394.8743591308594,396.09869983875063,392.7684990915125,392.86645232636994,6969146
2025-12-11,394.6294860839844,395.70691187176226,392.86644744298803,394.8743542225189,6980147
2025-12-12,391.8869934082031,395.7069305716336,391.6421252580969,394.62950473294,12407516
2025-12-15,394.04180908203125,395.07027323120263,391.29929779983655,391.8869873292014,7756564
2025-12-16,393.4541320800781,397.4209839187486,392.81745101487064,393.16027238279855,12347384
2025-12-17,391.5931396484375,394.8254172136723,390.9075267523928,392.76851874327417,8087490
2025-12-18,392.1808166503906,393.69901709025,391.6421186856499,391.7890335950218,7227668
2025-12-19,392.8174743652344,394.38463650382647,392.0339082415041,392.0339082415041,10654835
2025-12-22,394.4336242675781,395.3641052941498,392.96441538139317,393.35619843948285,6847871
2025-12-23,398.9881591796875,400.50632971362984,393.5520684568217,394.2377112153877,10081997
2025-12-24,398.2535705566406,401.09403515706003,397.323059617528,399.5758645628573,5777430
2025-12-26,395.8538513183594,398.7922691629462,395.5600214903535,398.1556179415121,3152453
2025-12-29,394.3356628417969,396.4904845621106,393.2092753640043,395.80487169747335,6647710
2025-12-30,392.376708984375,395.1682117263742,392.0828492850893,394.7274371230106,12340527
2025-12-31,394.7274475097656,395.462051940615,392.62158745289,392.8664555965065,9945109
2026-01-01,356.381103515625,394.4336191525785,355.2547160290497,394.4336191525785,282626710
2026-01-02,342.8643493652344,352.6101130575833,338.1628931475851,352.6101130575833,118790358
2026-01-05,342.5215759277344,346.68433442609853,338.9464770691755,343.0113122216596,48358124
2026-01-06,335.42041015625,343.50105925874186,330.816876892923,343.06028462397126,72582738
2026-01-07,334.2450256347656,337.4772732668689,332.33504210325714,335.9591026893029,29440734
2026-01-08,333.9021911621094,338.06494956001615,332.09016094008854,334.48988067886347,36706319
2026-01-09,330.22918701171875,334.0001625673181,329.20075271979715,333.9022093273418,35193201
2026-01-12,331.4535217285156,332.5309475663088,328.9068869913131,331.306606816801,16156143
2026-01-13,327.8294982910156,332.5309549165941,326.8500256697591,332.0412186059658,24922339
2026-01-14,327.8784484863281,329.1027892200336,326.6051460797269,329.1027892200336,14913422
2026-01-15,327.8784484863281,327.8784484863281,327.8784484863281,327.8784484863281,0
2026-01-16,322.4423828125,330.5719932075216,321.805701727492,330.5719932075216,30526898
2026-01-19,326.3602600097656,327.7804772481891,320.58134815114005,323.22593594715954,15507440
2026-01-20,319.6018981933594,327.6335854891576,318.81833206792464,327.1928108616433,18771011
2026-01-21,318.0837097167969,322.54029785029536,317.6919266761261,319.3080504008492,14177965
2026-01-22,318.1816711425781,321.9526465247838,314.4596574325432,319.4060118581559,18622852
2026-01-23,316.76141357421875,319.69983119529894,316.0758007306446,318.86727355776696,11950089
2026-01-27,312.1089172363281,318.034744006556,311.32535116493864,316.95731824004827,47847784
2026-01-28,314.5576171875,317.0552902337236,312.7945784769798,313.38226801086364,28400238
2026-01-29,312.0599670410156,315.97785732428986,311.52123919238704,315.97785732428986,17719420
2026-01-30,315.5370788574219,318.4754965339916,309.95410320661756,312.25583980702623,41975824
2026-02-02,308.2400207519531,308.92563359629287,295.8007075190383,303.09778990932085,35227572
2026-02-03,310.1499938964844,318.08372796245794,305.2036692056378,314.60661217674976,33168353
2026-02-04,313.8500061035156,314.95001220703125,311.3500061035156,312.5,11196759
2026-02-05,310.20001220703125,315.3500061035156,309.29998779296875,313.95001220703125,15816704
2026-02-06,325.79998779296875,327.70001220703125,308.29998779296875,310.0,68057745
2026-02-09,322.79998779296875,328.70001220703125,321.6499938964844,327.95001220703125,20059198
2026-02-10,321.3999938964844,323.54998779296875,320.75,323.0,11489090
2026-02-11,318.25,322.20001220703125,316.29998779296875,321.95001220703125,24843366
2026-02-12,317.45001220703125,320.3999938964844,316.8999938964844,317.29998779296875,13294561
2026-02-13,313.75,318.3999938964844,313.25,316.0,8730618
2026-02-16,317.95001220703125,318.25,313.1499938964844,313.75,11693763
2026-02-17,325.45001220703125,328.04998779296875,318.1499938964844,318.45001220703125,39360672
2026-02-18,332.45001220703125,332.95001220703125,324.79998779296875,326.0,35473203
2026-02-19,326.0,334.25,325.0,334.04998779296875,19911747
2026-02-20,327.0,327.8500061035156,325.04998779296875,325.04998779296875,11282027
2026-02-23,325.3999938964844,328.1000061035156,324.3999938964844,327.0,13486092
2026-02-24,323.5,325.3999938964844,322.04998779296875,324.0,13135859
2026-02-25,319.75,326.6000061035156,318.1000061035156,325.5,13492101
2026-02-26,318.29998779296875,321.3999938964844,317.6000061035156,320.0,11270119
2026-02-27,313.6000061035156,317.75,312.6499938964844,316.0,13892595
2026-03-02,314.8999938964844,315.75,307.0,307.0,22194311
2026-03-04,311.95001220703125,315.5,310.5,310.6000061035156,24165489
2026-03-05,311.5,313.6000061035156,308.20001220703125,312.20001220703125,19938009
2026-03-06,309.70001220703125,312.29998779296875,309.20001220703125,310.04998779296875,21288269
2026-03-09,306.0,307.20001220703125,303.6000061035156,305.0,14084931
