Price,Close,High,Low,Open,Volume
Ticker,LT.NS,LT.NS,LT.NS,LT.NS,LT.NS
Date,,,,,
2016-03-10,676.3740234375,696.5315122361422,673.5799176299392,692.2548143464284,2932767
2016-03-11,676.0888671875,685.4120364298806,667.906081006018,677.9706245318548,2996377
2016-03-14,675.2620239257812,688.0636119377801,671.5555701992897,682.5609139563568,2726301
2016-03-15,673.2948608398438,683.0457012697383,670.3296765037791,677.8281504243745,2444158
2016-03-16,674.6917724609375,679.5387135906087,664.2566203471073,676.8586255196294,2704711
2016-03-17,680.4226684570312,687.1228114191248,675.4047003768895,683.1312613252675,3872653
2016-03-18,683.8724365234375,685.9822809234573,678.6263820851439,683.7013581818018,2566830
2016-03-21,700.3235473632812,702.8325574365256,681.0499020678006,684.8419215368015,3575446
2016-03-22,705.5411376953125,709.931905570377,696.8167150782353,703.6594322403595,2979816
2016-03-23,708.53466796875,712.2126693853277,701.5494305653984,707.0806326616683,2438136
2016-03-28,687.8926391601562,710.6161478745303,683.1597668768096,707.6509635559977,3717456
2016-03-29,680.8218383789062,693.4238456905587,678.569419666273,688.8334951849517,2703178
2016-03-30,700.2664794921875,702.4618370179373,685.1269594599681,688.8334133326891,2874000
2016-03-31,693.7944946289062,701.3784814888083,690.8293103480194,699.0690540964073,4945963
2016-04-01,705.8831787109375,711.8135465340782,691.1143200709939,691.1143200709939,2539944
2016-04-04,704.7142333984375,712.7828977133033,696.5885081661239,707.0236082787869,1740162
2016-04-05,681.5060424804688,704.0870276099894,678.5978671117726,700.4660866808724,3151113
2016-04-06,691.02880859375,692.8250006761538,674.2926272890624,683.7584227841854,2583834
2016-04-07,674.5206909179688,689.9453580703213,671.6125680186095,688.8333749852059,2707579
2016-04-08,679.8524780273438,682.5610711082753,673.4374303665517,675.1481097427629,1565038
2016-04-11,691.8842163085938,693.3382518492251,676.0604338690015,681.990750084642,2529934
2016-04-12,697.0447387695312,704.1725510964972,688.291760382064,692.8250496484836,2837052
2016-04-13,704.1725463867188,714.4936298435832,700.8652577773317,704.7997988790518,4955905
2016-04-18,714.4935913085938,716.7460097290781,689.4321539422261,703.1460905484848,2644515
2016-04-20,721.8780517578125,723.0184870511689,711.6424818568727,716.7745189856482,2522848
2016-04-21,713.8948974609375,727.038590359244,710.5305481016551,724.0163976895019,1723543
2016-04-22,721.3934326171875,723.6172946735863,707.9360862256145,712.7829757753631,2008374
2016-04-25,721.6215209960938,728.521246460951,716.831587949832,724.18753977616,2128689
2016-04-26,730.4598999023438,731.8569787184051,718.684730132937,719.112399863559,1877685
2016-04-27,727.865478515625,734.8792735156168,724.7862247029095,730.4600016152357,1557685
2016-04-28,718.2286987304688,731.5434717340615,714.7217749192191,728.1791219299354,2789970
2016-04-29,715.406005859375,721.9635741379659,710.2169077446779,718.5707203649731,1689373
2016-05-02,713.2106323242188,716.2043208399591,704.7998105628764,710.5020918043101,1344315
2016-05-03,713.5812377929688,731.6859414746056,709.9317927004363,716.204265033212,2525149
2016-05-04,710.9583129882812,717.2877949454253,707.0807802816481,711.1008347898419,1644345
2016-05-05,726.3828735351562,731.315328213874,709.4756649441646,709.6467432983538,2821255
2016-05-06,718.7418212890625,725.5560334060684,715.0638716249712,724.7577025624568,1610382
2016-05-09,738.1866455078125,739.526663746711,720.3100775845294,720.766251784759,2788513
2016-05-10,752.7272338867188,754.2383301285,734.4515050058546,738.4430543737632,3676146
2016-05-11,757.1181640625,760.682044466043,738.4432135718519,741.208815253182,4603557
2016-05-12,750.4749145507812,764.0462772174197,747.7093132934093,755.6069516627152,1553274
2016-05-13,733.59619140625,749.8476418214254,730.1463290683605,746.9964753657871,2103742
2016-05-16,731.7430419921875,739.013428733197,723.4747416298948,736.6184882479042,2410951
2016-05-17,736.21923828125,746.4263037889859,732.5412887933027,735.0217420731828,2223565
2016-05-18,746.9109497070312,748.2509676392389,728.207498543543,732.968926605994,2603508
2016-05-19,721.9635620117188,745.856059806259,718.5136995827129,743.5751370226615,2005083
2016-05-20,715.6910400390625,729.7186280469758,713.4101174134614,725.3278611287049,1672558
2016-05-23,707.7650146484375,721.8211093301327,705.9402658057176,720.5666042893477,2198760
2016-05-24,708.306640625,711.9846423515639,697.5578878360697,707.7649534349297,1858491
2016-05-25,736.5045166015625,740.5246237756014,713.3818395171879,718.4853735360139,3721570
2016-05-26,840.5992431640625,846.7291943593146,792.61471253864,800.5978647280164,20691907
2016-05-27,841.0270385742188,848.1263478656383,827.9688555585371,840.5138556204463,5885740
2016-05-30,847.9835815429688,853.3152011165402,836.0373331755404,838.1756818760161,3487939
2016-05-31,840.2569580078125,847.9835697833895,836.6360696506139,847.4703347789253,3809605
2016-06-01,835.4102172851562,846.3015452600783,833.1577985898158,838.2613319498596,2486295
2016-06-02,842.3668212890625,845.4745791233221,822.0667606366351,832.530417181823,3103587
2016-06-03,832.8727416992188,847.3280028347508,830.2497139969049,842.2244692362556,2250340
2016-06-06,837.2064208984375,840.1431008882271,833.1293054685399,834.1272191072519,1901931
2016-06-07,848.4398193359375,855.3395444059366,833.27179460142,841.0838679305767,3348535
2016-06-08,861.7261962890625,863.7219714113844,849.7229367825498,852.6025559191254,3325263
2016-06-09,850.4640502929688,863.1516209520864,847.9835970784411,861.7830464352418,1813729
2016-06-10,848.3258056640625,858.1907154328873,841.8252455800534,845.2466039833816,2152996
2016-06-13,836.037353515625,840.4565728002715,829.8503943113398,838.2327109799836,2209357
2016-06-14,832.8441162109375,840.0859979060731,829.7363582023899,837.092309531631,1689316
2016-06-15,863.2086181640625,865.0333145545073,834.5262410790791,834.8113368386414,2960616
2016-06-16,852.0322875976562,860.4716137207535,842.7945784093862,860.4716137207535,2447025
2016-06-17,844.0775146484375,856.9646680985862,839.8863824113109,852.203239918978,2653944
2016-06-20,859.3596801757812,861.041854964904,832.7015793923504,834.4692672565332,2975367
2016-06-21,852.3743286132812,861.5549761950463,849.9223797066664,861.041793369828,1195078
2016-06-22,850.5211791992188,857.0502959696724,844.0491233541248,853.0586936896411,1813926
2016-06-23,854.541259765625,859.872880027657,840.1715650840565,847.983691041254,2053992
2016-06-24,815.7658081054688,837.092287211533,798.8871049068515,825.9728735458059,6840802
2016-06-27,836.3795166015625,837.8906130121668,814.2832620126022,814.8250014305619,2560092
2016-06-28,840.5421752929688,850.4925974187896,837.0923127802799,837.4914781925256,2342134
2016-06-29,845.7595825195312,851.3477929340411,842.3667292951989,847.4702613078822,2000545
2016-06-30,853.3438110351562,858.1336918344452,846.7291814230329,848.6109389533912,3960568
2016-07-01,879.65966796875,880.9996859319594,855.7386662993413,858.0765977488664,3497923
2016-07-04,894.1719970703125,899.2470257154523,882.909956587202,883.8509136326286,2718052
2016-07-05,898.7337646484375,902.0981142713352,884.9913225695301,893.1455529866192,2636760
2016-07-07,886.4169311523438,902.0695824357772,884.2215735390249,898.6767285574933,2084571
2016-07-08,873.9573364257812,887.3576718962777,867.9129515589452,886.6733585707077,1915600
2016-07-11,889.439208984375,895.939769372101,886.4455202415927,888.4127387684747,1815517
2016-07-12,894.1149291992188,896.2532779581362,882.1116717932659,894.0008073635988,2383048
2016-07-13,884.6492309570312,895.1413403817704,879.9162546790336,894.1719834048251,2036055
2016-07-14,892.0907592773438,895.7972659339682,879.8593603985885,888.9545486673258,1909636
2016-07-15,904.29345703125,909.5111119434689,887.9279877496285,893.0315208172333,2428458
2016-07-18,897.7645263671875,914.4436504824365,892.404453277867,905.5195923761519,1855422
2016-07-19,896.85205078125,902.9534452536783,890.4655083126514,896.3958766343193,1926168
2016-07-20,895.7400512695312,904.3790643687145,894.4285375695212,896.966051895717,1790911
2016-07-21,888.1561889648438,898.1066121580475,884.9913696845792,898.1066121580475,1678212
2016-07-22,897.5363159179688,899.7601778160531,885.3049188611591,889.6101208726955,1877206
2016-07-25,904.3222045898438,905.975770857485,891.2639697434365,896.3960079569304,2209774
2016-07-26,908.1995239257812,911.2217165352084,901.5848427652205,905.8045315583589,1729183
2016-07-27,913.5881958007812,920.9155910384169,904.7497563059843,910.2523505152612,2467012
2016-07-28,899.3896484375,916.1257804545459,890.3515733257681,914.6432404426297,2811580
2016-07-29,888.8973999023438,908.6273243869998,883.8509796497419,906.6600014870677,4228011
2016-08-01,851.7471923828125,904.379136148718,849.6373476698491,889.0115271821178,9155449
2016-08-02,857.2498168945312,863.2086894223212,849.7798479664953,853.0586321923529,2410914
2016-08-03,843.1367797851562,865.119018500728,838.5179249463496,859.901415485663,2619658
2016-08-04,837.7481689453125,853.0587171830741,832.7586529064141,853.0587171830741,2254336
2016-08-05,862.2962646484375,864.8907874412049,842.7944827583202,844.1345528932864,2805628
2016-08-08,859.416748046875,869.3957278292755,853.6859620672183,866.744143644706,1403923
2016-08-09,855.8812866210938,861.0418282618341,848.154674132935,860.9847673411125,1865400
2016-08-10,845.7595825195312,857.6203166285101,841.853546541003,856.1092205125184,1683261
2016-08-11,840.912841796875,843.3647907948375,834.1556385136703,841.1123722985084,2240371
2016-08-12,850.7206420898438,858.5897758965173,843.0796475408985,843.3647433043891,1659132
2016-08-16,858.9605102539062,862.5529468859703,839.3732132354552,851.889706628379,2610843
2016-08-17,856.7651977539062,863.4653406642141,850.2075766421285,857.4779633639174,1384653
2016-08-18,855.5241088867188,865.1062948932042,854.3119412442431,860.6615392769329,1780732
2016-08-19,862.5952758789062,864.124952465301,854.1098911236361,858.9298124705197,1392250
2016-08-22,861.6138305664062,868.1655172072576,853.7345571114514,862.9703779144902,1837995
2016-08-23,852.6666870117188,862.7972194774,844.614231458682,861.6138539764607,1273489
2016-08-24,850.5597534179688,859.1894642830966,845.68212292323,851.4256099884137,1230627
2016-08-25,839.678955078125,856.2167967678548,837.2834217517566,852.060695212877,2616154
2016-08-26,823.8336181640625,842.738134435572,819.908409013952,839.8808185091505,2788650
2016-08-29,842.4784545898438,844.9316972904979,819.2157990739768,826.6044348633493,2094229
2016-08-30,851.80078125,853.0418563580405,841.5259751807378,847.3849341252492,2598309
2016-08-31,873.3319091796875,876.2180804150972,848.7127041853073,851.4256935200992,4152240
2016-09-01,869.9550170898438,875.9871586274588,867.0399382650918,873.3607339096828,1905766
2016-09-02,868.7717895507812,873.0722185205908,858.2372341647379,869.955155312474,1755505
2016-09-06,875.3233642578125,879.8546842534244,867.6749286107636,872.8989762051588,1960860
2016-09-07,876.3911743164062,889.78304344045,871.6289631899257,878.9598891825032,2648263
2016-09-08,888.6575317382812,892.3806517263542,878.0651628887505,880.6050230253976,1692184
2016-09-09,876.07373046875,889.5811256486037,871.6290279392931,888.9461077470299,2262933
2016-09-12,844.6142578125,861.007823519323,842.709362724421,858.9297465418382,1953571
2016-09-14,851.5988159179688,855.4663157548523,840.5158620728695,844.6142534785453,1718754
2016-09-15,848.6838989257812,852.6091089465236,841.1220801703894,851.4835057982915,1126282
2016-09-16,850.38671875,865.279411136154,847.673676532615,852.6379249438986,2112271
2016-09-19,854.1964111328125,860.0842255838355,845.0760617747718,852.0029147401387,942540
2016-09-20,851.97412109375,856.8228973787016,847.7025473655749,853.1574338980698,1097205
2016-09-21,849.751708984375,858.8720583458385,846.403701864421,854.3118836651067,1337071
2016-09-22,865.8277587890625,868.1655822154017,852.5801631700649,860.0842185897276,1952950
2016-09-23,864.1249389648438,875.958330828424,860.4306207716741,868.7428234943817,3121780
2016-09-26,846.0574340820312,872.7546636419967,843.6907556740721,861.2387805648659,2122144
2016-09-27,829.144287109375,852.1761051582265,826.2869708021178,848.5683515867778,2819209
2016-09-28,840.4005126953125,846.8078735730846,830.3277410212772,832.37691059977,2393218
2016-09-29,829.8370361328125,847.9622632868527,819.9373943222704,843.6907425600868,3040345
2016-09-30,827.268310546875,831.5398312195653,814.7710989394282,828.3362039269714,3497865
2016-10-03,848.9434814453125,851.2813046695833,828.4515257447199,830.0966743074965,2181718
2016-10-04,836.5039672851562,854.0519893273752,833.1560133855915,852.4646033148224,2289637
2016-10-05,839.2748413085938,843.8638709897035,831.8862049325245,842.7671227548665,2059848
2016-10-06,839.59228515625,847.0674854786505,834.6857468981437,845.0760259051746,1627375
2016-10-07,841.0066528320312,842.7095114910308,831.799737552525,838.7265915700403,1098751
2016-10-10,836.9946899414062,845.8841470760289,835.291831665144,843.3154322421884,875911
2016-10-13,830.298828125,835.5516777751158,826.2004364068611,830.5874293960701,2659995
2016-10-14,851.339111328125,852.8110781812879,830.4142249744368,833.5313405777868,2632323
2016-10-17,835.8114624023438,852.5802486870499,831.7996878755663,851.3680281673004,2140920
2016-10-18,859.0740966796875,861.1809757063901,837.600810160865,841.4394552804769,1983013
2016-10-19,860.6903076171875,866.4338476752405,852.0317416938764,859.0740666404259,2146896
2016-10-20,867.963623046875,870.1859744610708,855.7838668384111,863.5477222141251,1502340
2016-10-21,872.1195678710938,873.9956079803751,861.8736164846566,868.1655037854455,1670799
2016-10-24,861.6138305664062,877.4012851626067,858.2370217347212,875.4675353471195,1517035
2016-10-25,856.6785278320312,865.4813678964211,853.5614124119802,862.9704155041575,838206
2016-10-26,855.6394653320312,859.5069650228673,848.856887029699,854.1386437677115,867619
2016-10-27,851.5988159179688,855.9858085727114,841.093117418696,854.167530862512,2440678
2016-10-28,854.7159423828125,857.1403303102187,844.4987921532471,849.1167292839854,1212981
2016-11-01,844.58544921875,854.917966448297,842.7671185519622,854.8891116064315,947158
2016-11-02,836.2155151367188,839.8809786008715,829.202097176141,835.7248771113551,1493443
2016-11-03,833.646728515625,846.6057227469045,832.3767984489174,832.4634158180116,1411942
2016-11-04,819.5620727539062,827.9897466286026,806.3433330545007,823.6604639137822,18639006
2016-11-07,806.9783935546875,826.4313132353767,803.7170037133579,822.5638131726965,2158653
2016-11-08,806.5166015625,811.5962691645867,798.8970737355223,811.3076679018292,1881726
2016-11-09,802.6203002929688,813.3857992783844,747.5806905509124,761.9538905286229,4757398
2016-11-10,815.1175537109375,823.7183585472891,808.4504462635522,808.4504462635522,2766432
2016-11-11,801.667724609375,813.3279336540685,800.0514836480997,806.3433713022393,2518285
2016-11-15,790.9888305664062,812.4620629065921,786.9192941228478,796.0107880967229,3958053
2016-11-16,794.0193481445312,801.3791291620762,779.8481866122208,800.8018738193125,3299710
2016-11-17,791.3929443359375,798.8970525983468,785.0433467894027,795.549045509082,1377642
2016-11-18,791.0755004882812,797.9445909699281,785.6205614633958,791.9702119559358,1654947
2016-11-21,778.0587768554688,795.8377461513026,773.4986019498652,795.8377461513026,1962840
2016-11-22,767.4663696289062,785.0433001069503,753.0066073288227,784.0331165025539,3084870
2016-11-23,783.4559936523438,799.4743427499261,778.1165791849493,783.3117194328138,7493139
2016-11-24,779.0689697265625,788.4490660774757,773.4986110320131,781.5222126865989,4315369
2016-11-25,791.2197265625,793.817296283879,771.4204975706895,783.7733811669568,3065824
2016-11-28,783.28271484375,792.0855544601592,779.2708882014947,791.075423725765,1777818
2016-11-29,780.6852416992188,790.6425931679514,778.7225839692712,783.3116664895394,1741327
2016-11-30,798.1754760742188,803.0820145336286,779.2709574989387,787.9295236933714,4335631
2016-12-01,801.4081420898438,809.5760716289457,792.4321183286967,800.2825388699537,2151997
2016-12-02,786.1112670898438,796.3572197464614,784.4661183295447,795.4336534202491,1217827
2016-12-05,782.8209228515625,787.8140256702471,778.7514391516652,785.1587462170027,1062822
2016-12-06,786.2843627929688,793.12465111965,783.7734103441098,783.9754470753621,1771909
2016-12-07,781.4644775390625,793.7596524768019,779.2709810831138,789.6612608308888,1557765
2016-12-08,789.05517578125,794.1348964498716,786.0823871103044,788.0161372037867,1388842
2016-12-09,786.3132934570312,792.7206008202262,783.3116500887421,792.489709241719,1211254
2016-12-12,787.9006958007812,793.6441833874278,782.7921204322611,785.0433794284291,1636279
2016-12-13,794.1060180664062,795.9531507291863,788.0450215331914,788.5068046988864,2168125
2016-12-14,785.0145263671875,797.6848671750384,783.3693775911672,797.6848671750384,1360938
2016-12-15,783.2249755859375,789.1416973668755,778.6936560226818,779.1265843067656,900523
2016-12-16,785.3896484375,787.6409073134448,780.454255231894,782.9075508383427,1577425
2016-12-19,776.35595703125,784.4661229707127,774.3932993048941,783.6002663228421,1148169
2016-12-20,782.4457397460938,785.7359841497331,775.8940529304949,776.384743742872,1177779
2016-12-21,774.653076171875,785.3608117452461,773.498565442976,784.0043171288688,950224
2016-12-22,758.8656005859375,775.8075139747361,757.3647789553664,773.9314737245991,1357563
2016-12-23,772.0266723632812,774.6530971439357,751.8521702270734,759.5006058342404,2136648
2016-12-26,772.11328125,776.3848550430624,761.001471267035,770.9588232712124,1198728
2016-12-27,782.5034790039062,784.7546850368376,767.2066613730784,773.4985491767947,1222356
2016-12-28,779.2421875,786.9194256993522,776.9620734916222,783.3117246240035,1294264
2016-12-29,773.0367431640625,781.5798895956578,767.9570758961695,774.3932377117823,2010627
2016-12-30,778.75146484375,782.4457828977032,775.8075311978946,776.3847865602197,1280979
2017-01-02,784.8123779296875,790.2384086473377,778.7802370730452,782.7631559618127,1476811
2017-01-03,789.1995239257812,793.701989316605,780.5409569617735,785.0434223525973,1363398
2017-01-04,794.6254272460938,797.3673239573586,791.104291342654,793.7018610119503,2144739
2017-01-05,803.6881713867188,805.2467028226425,795.4336781819216,797.8869211301775,2781498
2017-01-06,802.9088745117188,810.2686561607975,800.9751244376046,805.2466980756714,1462912
2017-01-09,796.96337890625,806.9495857528203,794.6832649447377,803.5150138126493,819484
2017-01-10,800.9173583984375,805.2466414168075,795.1738182651433,796.732402429911,1359729
2017-01-11,815.26171875,818.4365439777754,805.2466579216145,806.9783711644567,1514451
2017-01-12,836.6195068359375,839.4768230276355,816.2141671893199,816.7336600068314,2707455
2017-01-13,830.5008544921875,842.7671218033067,826.7199189346977,842.7671218033067,1400770
2017-01-16,832.8386840820312,836.9948385746065,826.777687102675,828.3362714612407,1052802
2017-01-17,834.54150390625,842.7382874392874,831.2224042828252,831.2224042828252,1423840
2017-01-18,838.408935546875,847.9622129910159,834.6857627349196,834.6857627349196,1538178
2017-01-19,836.67724609375,844.498810559197,834.1373859012567,838.7264682915052,1019914
2017-01-20,816.647216796875,839.246056126383,814.482574989539,836.6773408019842,2177485
2017-01-23,804.40966796875,815.6369493712815,797.6848516333483,815.0596939992819,3534069
2017-01-24,819.5620727539062,821.9864605046678,806.9782980425202,807.1226250822441,1879687
2017-01-25,836.8504638671875,839.3037067937515,819.9085492725454,822.4483567262353,2294773
2017-01-27,831.1646118164062,848.6837802405607,827.3836765436102,837.6007736757937,1871125
2017-01-30,832.8386840820312,846.807863687188,830.0679848839138,832.9541563058026,2601585
2017-01-31,834.8300170898438,839.8808292028306,823.718156454509,831.2222639533169,1894153
2017-02-01,860.2285766601562,862.8838562783159,834.8589875355408,835.8114087057994,3577633
2017-02-02,852.2915649414062,862.3932437118958,848.7127188892184,861.0078941783452,2257914
2017-02-03,854.7159423828125,858.9297532033409,841.0353657290401,852.2915016077129,1650459
2017-02-06,856.5053100585938,865.8565502315566,853.9654500851973,857.197984729241,1526715
2017-02-07,866.02978515625,868.6273549660482,849.7805464248032,854.4272855334076,2499546
2017-02-08,869.8106079101562,872.2061408247855,859.651220939885,868.6272952959034,1689792
2017-02-09,860.4882202148438,872.1195738462376,852.2337282337544,870.4744252786145,1529256
2017-02-10,866.982177734375,870.5610762389588,861.3829648379226,863.114677987436,1300986
2017-02-13,865.9431762695312,871.0517514179185,855.2065859924792,869.0602917804381,930046
2017-02-14,861.5850830078125,869.8684837776583,857.7753454273619,868.7428278459128,926545
2017-02-15,854.3119506835938,869.1469337683167,852.0895464270538,861.6428776961426,1952469
2017-02-16,848.6838989257812,857.1981389186695,843.3732864668536,856.5631738111055,2071947
2017-02-17,853.1574096679688,857.1980916891362,845.6533538614103,849.1456353367472,1028691
2017-02-20,855.8416137695312,861.2387905682502,851.4545678601041,855.9570331407887,1105371
2017-02-21,856.2166748046875,860.1419370533838,852.0028641631553,852.0028641631553,970615
2017-02-22,852.5513305664062,859.3627114423651,850.1557445483655,856.0436119527766,1291317
2017-02-23,858.1215209960938,869.3199460808211,847.5003512072628,854.3117840167029,2175397
2017-02-27,846.1439208984375,865.8565856417008,842.8248216027083,862.7972327521256,1553899
2017-02-28,848.0776977539062,858.9009054184628,846.3171296868309,849.6939387695563,1773558
2017-03-01,852.0894775390625,857.1114882069477,849.2033064252307,849.6939444165664,1219411
2017-03-02,850.8196411132812,863.1725259459154,848.53952724516,855.4952353711162,1920216
2017-03-03,848.7415161132812,853.359400425986,842.7670843540742,849.3187714702544,1205019
2017-03-06,857.5444946289062,859.5070996207138,847.3851058516734,847.3851058516734,821986
2017-03-07,858.0062866210938,860.9790225590106,853.9944592179351,856.6208841818041,991566
2017-03-08,852.1761474609375,862.681846899575,847.8757189420852,856.8517417828145,1424362
2017-03-09,852.5223999023438,855.9281166723891,845.653309528473,850.2134841664601,1111050
2017-03-10,861.0078735351562,864.4135376020731,854.340766763435,854.8314047721753,1836264
2017-03-14,899.3941040039062,905.5129158589889,875.66966379044,875.66966379044,7224810
2017-03-15,894.0836181640625,900.490978961135,889.0617126601726,898.7592655400559,2408866
2017-03-16,906.869384765625,909.1494456661446,899.3363687985873,899.913677005459,2396146
2017-03-17,896.1903686523438,907.9371415522959,891.3415931949366,906.8693011501992,1927983
2017-03-20,887.589599609375,897.8356048397306,886.2042501570982,897.0274579020554,1442107
2017-03-21,894.1701049804688,903.1461802850253,890.677823597846,894.7185583594351,2415213
2017-03-22,883.0872192382812,895.7287052001425,880.5185041280322,887.7050509120162,3371401
2017-03-23,891.1973266601562,899.5672380060995,876.8529311840292,887.2143020082408,2511771
2017-03-24,895.4111938476562,899.3364036075276,889.8119804747619,893.5640611831031,1347655
2017-03-27,891.1973266601562,897.604580518534,887.7916101668429,894.660752830254,1583550
2017-03-28,891.3993530273438,899.2209171213575,889.5810753404297,893.5639944868565,2628958
2017-03-29,898.4994506835938,904.877956526177,894.7186206230276,897.0275365793349,2280357
2017-03-30,899.0189819335938,906.2632382338285,896.0173385674757,902.2226091890267,2288326
2017-03-31,909.091796875,919.9150052864342,895.9307120294592,895.9307120294592,3543100
2017-04-03,958.7919921875,961.6781106370753,910.0730740086409,913.1324272102435,6576885
2017-04-05,979.2549438476562,981.275311113289,951.2011693244284,958.7918947189324,5179798
2017-04-06,971.6065063476562,982.6606580582836,963.4097236416194,972.645597665409,2740816
2017-04-07,972.9341430664062,992.8199895920728,964.6219410269044,966.8731469986927,4096639
2017-04-10,966.3248291015625,986.5570400216751,959.9463239056219,974.3773378318922,2406430
2017-04-11,984.1326293945312,986.4993605657976,964.5642905986633,966.3248587086929,1974126
2017-04-12,982.9203491210938,987.9423595723582,967.6235847451363,978.4179371750787,2135064
2017-04-13,968.9224243164062,978.1293383014353,965.401288111956,978.1293383014353,1975483
2017-04-17,970.5386352539062,975.3008463143323,964.5064941976746,969.7593432140332,1135260
2017-04-18,963.6984252929688,980.6980488744546,960.0618697398301,972.0683374506591,1839489
2017-04-19,964.3045654296875,966.8732806884923,959.2826599821462,963.9871621493439,1158162
2017-04-20,970.4522094726562,973.5692723823817,960.0619293099742,966.238345443463,1044189
2017-04-21,974.0888061523438,982.2855901156597,969.7595225694444,978.418089735243,2415931
2017-04-24,1000.1798095703125,1002.3155962667532,976.1090590933829,977.2634641163218,3238530
2017-04-25,1007.9147338867188,1010.165939777664,1002.0846824411747,1004.3935980094031,2879794
2017-04-26,1010.9163818359375,1018.2473077076288,1004.3936028408584,1007.857029057551,2885722
2017-04-27,1019.8347778320312,1024.0196808416852,1006.7025492282665,1008.9249003592709,2126127
2017-04-28,1010.0504760742188,1019.2573887996172,1004.508973258405,1017.6989104952593,1637739
2017-05-02,999.8046264648438,1019.9791285868661,995.7351425084007,1010.2237610545867,1861141
2017-05-03,992.9645385742188,1007.4243036627693,990.5400974561306,1002.0848890685387,1296282
2017-05-04,999.57373046875,1005.5193072804519,994.0033722747247,995.1578829679306,1255336
2017-05-05,995.388671875,999.2561715235358,983.1512607819039,998.6212593760473,1555141
2017-05-08,986.8455810546875,1003.7009299395309,984.2480112508115,997.4668046883828,1246116
2017-05-09,1007.0777587890625,1014.1778461039885,984.1902692862909,988.2310037566983,1836462
2017-05-10,1003.9605102539062,1018.8243434361121,999.2560096534613,1012.8788735804475,2010127
2017-05-11,1002.5755615234375,1012.763753008031,992.6182088034961,1010.1661827332638,1270446
2017-05-12,1004.739990234375,1014.206702875388,996.6586269735482,1002.9217125669192,1803768
2017-05-15,1005.7789306640625,1011.0606343924105,1002.3732141978156,1009.357776159287,1195701
2017-05-16,1004.7975463867188,1009.1556834329788,997.2068222518934,1008.4341011659883,1654389
2017-05-17,1013.3120727539062,1018.2474133465622,998.9099130653832,1006.6449131778548,2502879
2017-05-18,994.3497924804688,1010.2237605121074,990.7709465324357,1004.1917245329508,2155830
2017-05-19,995.475341796875,1000.9302809347972,979.8899221975443,998.0440568883093,2268141
2017-05-22,1011.29150390625,1015.3609870442738,998.0438576137553,1000.3528786680712,2839224
2017-05-23,1004.82666015625,1018.7669313295502,997.1205146954215,1013.052298477219,1463805
2017-05-24,972.3281860351562,1014.1491054944344,968.3741213329731,1005.6059581608857,2173069
2017-05-25,1021.0469360351562,1024.5970327236214,976.6862646513625,976.6862646513625,5404771
2017-05-26,1031.8702392578125,1038.450834716927,1012.3884635587447,1021.7109033288915,3066081
2017-05-29,1028.86865234375,1044.7714754246729,1019.4019388067337,1029.7345090002407,3033658
2017-05-30,1020.2965698242188,1058.6250984239648,1012.4750056905797,1048.2636742055788,6550440
2017-05-31,1016.3427124023438,1030.3695497084477,1010.5702635090007,1023.1540414394718,3000732
2017-06-01,1034.8717041015625,1037.8733471815972,1009.0115327059901,1015.9383850913965,2898184
2017-06-02,1029.7921142578125,1041.9141062194417,1026.3863976615896,1039.027882425355,1425321
2017-06-05,1041.8564453125,1044.4540151401613,1029.5035083631078,1036.1417071353355,1906419
2017-06-06,1024.683349609375,1043.6744809251404,1022.9516367926834,1043.472391392333,1431069
2017-06-07,1032.447509765625,1035.8532267449016,1023.4425792993775,1024.0197818449622,1327540
2017-06-08,1024.1640625,1038.450696105686,1022.5766235342404,1032.6782484276782,1428979
2017-06-09,1026.4442138671875,1029.7345114478296,1016.8620809386347,1025.7514862621915,1632207
2017-06-12,1002.4310913085938,1026.3288202402475,986.4417032620536,1026.213295172922,4068957
2017-06-13,1003.8165283203125,1012.8791684555104,1002.4022182582773,1007.0201557009482,1412274
2017-06-14,1018.50732421875,1022.490244078502,1001.3921733557672,1005.5483279805362,2079657
2017-06-15,1001.7092895507812,1017.0349055411883,998.6210824858031,1014.2930621750236,1481092
2017-06-16,996.7162475585938,1010.7431862295269,993.2528215700236,1001.4207486191181,2243152
2017-06-19,1013.51416015625,1015.93860128522,999.8913968905091,1002.0848935663098,1781056
2017-06-20,1010.4547729492188,1021.1048526800563,1004.5091953999535,1015.1881299745468,1565472
2017-06-21,1012.5905151367188,1028.6377182858398,1010.7433824363463,1015.0726657624652,3556927
2017-06-22,1002.315673828125,1019.1710242821341,999.9490482221169,1015.9385419942262,1761759
2017-06-23,994.4074096679688,1006.2696023255996,992.2716230954592,1004.3936150006393,1716825
2017-06-27,982.2853393554688,1003.2101694326072,973.1649913154522,991.4345422323119,2317045
2017-06-28,983.1802368164062,985.9220810062308,970.5387507273743,980.6403765226057,1578525
2017-06-29,983.4111938476562,994.667330564823,978.7355466876004,983.670887431585,2709552
2017-06-30,974.146484375,980.7269740693717,958.9651374810296,980.7269740693717,3251535
2017-07-03,973.9443969726562,987.3651742199373,965.949598026522,974.3773252709557,2170096
2017-07-04,971.693115234375,981.3042083093573,964.5642783603556,981.3042083093573,1640038
2017-07-05,978.5911865234375,980.7269734002497,969.8172002702614,972.0684065200373,1034440
2017-07-06,979.918701171875,985.3159302083569,975.7049433386182,980.8423731237357,1417581
2017-07-07,983.84375,991.6364570870214,975.6469695732205,979.5721779484744,1845099
2017-07-10,999.8623657226562,1003.8164300107527,988.2310115754267,988.2310115754267,324259
2017-07-11,1005.0287475585938,1010.1084687039864,998.6214921313424,1004.0474714222262,2123947
2017-07-12,1004.1340942382812,1014.0337377991162,1001.9117425320384,1009.0118317485733,2036904
2017-07-13,1029.9012451171875,1036.3869012454163,1016.6670659151653,1021.1368738592981,1643754
2017-07-14,1026.4830322265625,1036.8250322321087,1016.2726261631141,1036.8250322321087,1401864
2017-07-17,1026.5269775390625,1035.9486765858458,1018.7705304188688,1032.4429281033217,1646087
2017-07-18,1032.355224609375,1040.3307803825685,1023.766098707816,1025.3437281956762,2375324
2017-07-19,1035.3349609375,1040.3306085121642,1025.5188033878574,1037.701297791409,1827242
2017-07-20,1039.1475830078125,1046.8601646573138,1030.689944295415,1035.9485664601875,1845852
2017-07-21,1033.53857421875,1042.9602741745284,1025.606774717007,1042.9602741745284,1912305
2017-07-24,1032.44287109375,1036.5183248770359,1026.3954338979336,1031.5664340215142,1313657
2017-07-25,1026.1763916015625,1034.15194808203,1021.4874743564761,1032.4429384744135,2182162
2017-07-26,1034.4149169921875,1037.7015562116078,1021.9256879583908,1025.3438141439785,1161591
2017-07-27,1035.9925537109375,1047.2547494492621,1028.0607548789396,1034.8970072969573,3881208
2017-07-28,1017.8942260742188,1043.310905887916,1010.9703505206803,1037.70168618681,3278658
2017-07-31,1046.422119140625,1058.2978856208435,1034.283485700875,1046.2030098475357,5000536
2017-08-01,1043.00390625,1050.1906469351895,1026.9212015315013,1050.1906469351895,2721660
2017-08-02,1031.3912353515625,1044.581549684187,1027.6225129782686,1043.8365995369875,2154488
2017-08-03,1029.594482421875,1038.271231102497,1023.3718004141191,1034.1081548807445,1426006
2017-08-04,1030.5584716796875,1035.9047162241877,1025.1683624884272,1028.9370845537164,1082867
2017-08-07,1034.1517333984375,1038.227186601662,1027.1841024606488,1031.3033133190884,1035670
2017-08-08,1026.4830322265625,1039.454343387389,1020.1727282486682,1034.1957210768287,1531255
2017-08-09,1011.320556640625,1026.3076061789009,1006.1495575519882,1026.3076061789009,1439328
2017-08-10,1014.6512451171875,1022.7145310842515,999.1383503668014,1008.7791590106916,1713614
2017-08-11,1004.2269287109375,1014.9617177304153,998.2385616795318,1009.5943232206764,2001103
2017-08-14,1017.4901733398438,1022.9018614418432,992.7382332640263,1014.2519974790869,1866838
2017-08-16,1013.3648681640625,1022.3696203218374,996.5087224033996,1019.3532357369295,2143899
2017-08-17,1006.0457153320312,1026.4505226094886,1003.4286203259435,1015.8045362038588,1508949
2017-08-18,1003.0292358398438,1009.2837955792803,996.2868000809771,997.1739655307375,1230709
2017-08-21,999.9243774414062,1011.3688359283339,997.7064633275284,1005.5578576313387,1651344
2017-08-22,991.584716796875,1006.9327214199606,987.4594843551753,1004.2712252399959,1361351
2017-08-23,997.30712890625,1001.476763481195,988.6572651908582,993.6253703834614,1710949
2017-08-24,1004.0051879882812,1007.6426533021844,998.9483877808442,1002.4970499043995,1316100
2017-08-28,1010.3927612304688,1024.6761034372507,1001.4324117688152,1006.6666013309399,1884734
2017-08-29,1002.5413208007812,1010.2596165946699,996.5972475407956,1007.5094254667647,1045267
2017-08-30,1011.0582275390625,1016.6030121542939,1005.1585550491415,1011.3687138182006,895791
2017-08-31,1008.0862426757812,1015.8045395264794,1002.9406392442663,1014.9173739897751,1926054
2017-09-01,1010.658935546875,1015.2722613131803,1003.8722058320267,1006.8884820179262,976551
2017-09-04,1003.0736694335938,1010.4370779235935,995.3996663890173,1000.6782576648777,1006945
2017-09-05,999.5249633789062,1010.4814348898213,995.6658153790697,1003.517207853888,1110437
2017-09-06,991.4962158203125,999.0371231382946,989.9880776753472,995.3997659736424,891224
2017-09-07,1001.6983032226562,1003.3395373432002,992.0725815244508,994.6009809314015,1038623
2017-09-08,1040.11279296875,1048.629559610845,1006.0900196948343,1009.1506971720273,4947759
2017-09-11,1080.4344482421875,1086.777703025281,1022.5026079078409,1046.8552567916993,4364705
2017-09-12,1091.435302734375,1094.7621731958698,1081.89827407809,1081.89827407809,2451814
2017-09-13,1085.3138427734375,1090.326349276863,1071.2522919054613,1084.1161910629182,2233311
2017-09-14,1077.1962890625,1094.762208992185,1074.8009855705284,1085.4913729883094,1440488
2017-09-15,1075.5994873046875,1083.805768282269,1066.4173459242215,1077.0189304631172,1723247
2017-09-18,1098.2664794921875,1105.4082050343516,1081.0555555534665,1081.0555555534665,3005809
2017-09-19,1087.5760498046875,1098.1333393773111,1082.785335142697,1095.649233020263,900287
2017-09-20,1096.4920654296875,1109.4003657023052,1089.572240081772,1089.572240081772,2347635
2017-09-21,1089.4835205078125,1100.0851037943037,1072.3611848478745,1097.3349126941296,2216227
2017-09-22,1051.113525390625,1090.459286082677,1043.3508287598602,1089.4834258798335,2968531
2017-09-25,1033.725341796875,1053.0655957192835,1015.8046395101766,1053.0655957192835,2720490
2017-09-26,1031.684814453125,1037.983668044336,1021.1275230077184,1021.1275230077184,1809036
2017-09-27,1008.8845825195312,1040.556456451416,1003.8277823917323,1040.556456451416,2317721
2017-09-28,1005.4689331054688,1014.6510737806649,1000.722619645011,1011.6790912061026,3474398
2017-09-29,1013.1873779296875,1023.8333636705331,1003.4285576672457,1011.3242437877858,3193745
2017-10-03,1006.8441162109375,1027.1158255944515,1000.7670543847644,1025.1641048739436,1413186
2017-10-04,1009.8605346679688,1014.7842382281879,1005.4690004532885,1006.9328451915152,1155472
2017-10-05,1004.3154907226562,1016.5140132276741,1001.166010684562,1013.142741871307,1303081
2017-10-06,1012.9656982421875,1015.7601831700049,1006.9329290052863,1006.9329290052863,1814990
2017-10-09,1012.2116088867188,1027.5596180085467,1010.3485826739726,1013.1431761413861,1737288
2017-10-10,1013.7640380859375,1024.8980091385556,1009.8161946781743,1023.7890521929393,2347406
2017-10-11,1005.91259765625,1021.5710906573818,1000.1460218079886,1017.9337337047158,1638071
2017-10-12,1014.6069946289062,1016.7805071042434,1006.2676160457801,1013.1431496797716,1151274
2017-10-13,1010.1709594726562,1020.2402656526107,1007.9530458516723,1014.6067867146241,1762307
2017-10-16,1015.5383911132812,1021.0831759610138,1011.945435509898,1014.0302529533296,1189499
2017-10-17,1019.1312866210938,1024.6760705526558,1011.368589116907,1013.1429199750067,1123634
2017-10-18,1012.6106567382812,1026.36172108358,1009.6829674622701,1020.2402578770055,1263098
2017-10-19,1011.146728515625,1017.623079022809,1008.7070237528104,1014.0300159625878,264888
2017-10-23,1007.5982055664062,1022.0146447831829,996.4642353449758,1014.0301553708143,1077546
2017-10-24,1013.6310424804688,1016.1594426386769,999.0371042048888,1010.4815614593094,1281327
2017-10-25,1068.3245849609375,1077.9060150802763,1020.3289560722312,1020.3289560722312,6377478
2017-10-26,1085.4468994140625,1103.1902079455551,1072.7160972020285,1073.4257645653518,5486055
2017-10-27,1086.46728515625,1101.8595854025182,1082.696831663528,1093.8306940582102,2036609
2017-10-30,1097.37939453125,1099.996597907399,1086.0237403576714,1089.4393060994007,1808153
2017-10-31,1084.3824462890625,1098.488291262073,1074.1800429231457,1097.4237359686058,1815888
2017-11-01,1078.1722412109375,1097.1132023747962,1076.397910267315,1087.75356332856,1929731
2017-11-02,1074.31298828125,1078.7932172471615,1067.9254401819658,1078.3496345098065,1183382
2017-11-03,1095.6492919921875,1106.428373487698,1074.3573219453758,1074.3573219453758,1797145
2017-11-06,1086.5115966796875,1101.4160211136696,1081.0112136343184,1086.7777896610917,1691967
2017-11-07,1074.4017333984375,1094.4072487939784,1067.3487032777452,1087.2656320864828,1658527
2017-11-08,1080.7449951171875,1086.7777639828232,1071.8733399010011,1075.244612201781,1905789
2017-11-09,1078.7044677734375,1092.1893389880267,1069.8328134752705,1082.4749208501585,1733475
2017-11-10,1122.2198486328125,1131.0915027847666,1079.6803102928163,1080.2569894720052,5671395
2017-11-13,1100.5731201171875,1117.7840428627862,1071.8732317513231,1091.0360917220526,5216845
2017-11-14,1073.6475830078125,1098.3108258074121,1070.8530984808524,1095.6493294605445,2519826
2017-11-15,1073.026611328125,1086.7776757973982,1069.9659338455251,1073.9137767777554,1801470
2017-11-16,1081.7208251953125,1085.8017644124322,1072.5829781751145,1074.4460038724344,2003168
2017-11-17,1084.8258056640625,1099.5970217280433,1077.9058727917184,1091.2133527027272,2261694
2017-11-20,1091.0361328125,1107.182500966299,1085.8905297938702,1100.085177242156,2799314
2017-11-21,1084.6929931640625,1096.0930489462357,1075.4664496843984,1096.0930489462357,2192795
2017-11-22,1084.7369384765625,1092.9876188530802,1078.0389056279125,1086.7774619277786,2266995
2017-11-23,1078.7489013671875,1090.503844841086,1074.6236682192682,1084.116296234277,1654930
2017-11-24,1081.0111083984375,1085.890518407622,1076.5752811173606,1078.793194757899,1637839
2017-11-27,1086.5560302734375,1094.7623117839737,1077.906165978548,1077.906165978548,1464649
2017-11-28,1074.978271484375,1089.4391108179266,1072.582968223838,1089.4391108179266,4940494
2017-11-29,1080.4344482421875,1085.0033720815663,1075.2445518911352,1078.3052294504166,2046078
2017-11-30,1079.2811279296875,1085.8017720645405,1072.5829857340643,1077.905978219097,3419336
2017-12-01,1074.93408203125,1095.6493744557763,1071.6959063502654,1078.9263267155018,1772981
2017-12-04,1080.1240234375,1086.866459747898,1066.1955680555388,1079.6804406763347,1796642
2017-12-05,1073.381591796875,1077.4625315580354,1056.924627967417,1077.4625315580354,2139688
2017-12-06,1056.8359375,1075.2446222455405,1054.8398150577125,1069.8329341724311,1696890
2017-12-07,1080.9227294921875,1089.8386799555628,1061.0501958044242,1061.0501958044242,2476888
2017-12-08,1082.65234375,1088.5520156981415,1080.3013336297254,1086.777684784208,2316890
2017-12-11,1083.9830322265625,1090.3262865537827,1078.1277621924203,1085.8904595132874,2227028
2017-12-12,1067.1715087890625,1083.6727670870273,1065.0422897159035,1083.4065740916647,2009798
2017-12-13,1055.0615234375,1073.4702067348119,1051.2910702320264,1068.590796704199,2262858
2017-12-14,1054.662353515625,1064.5985634559204,1043.3952870744436,1061.4934843125072,1709762
2017-12-15,1067.748046875,1079.0150050479326,1065.485731603344,1066.3728970751201,2161729
2017-12-18,1080.4788818359375,1085.890569715237,1042.4194603067024,1060.1627702693695,2851823
2017-12-19,1082.253173828125,1084.1161996477483,1076.4421967061494,1084.1161996477483,2878543
2017-12-20,1093.431640625,1100.4845640755086,1072.5832482885396,1079.8579631468829,3293207
2017-12-21,1116.7640380859375,1122.2644211794118,1097.423785769907,1099.1981168705859,3664052
2017-12-22,1123.28466796875,1126.7002336318624,1111.6184194808848,1118.1834661235664,2490561
2017-12-26,1126.4339599609375,1131.1359802956954,1115.4331947113935,1128.2970940951484,2493302
2017-12-27,1115.9212646484375,1131.9789408721513,1110.1103947571153,1125.7244881663805,1675081
2017-12-28,1111.396484375,1122.2198592239072,1108.4687951586009,1115.6105201369487,2850194
2017-12-29,1116.276123046875,1126.7003189108136,1107.1382739921935,1119.6029940672809,1819413
2018-01-01,1118.4493408203125,1130.2486835829318,1114.191012013945,1118.715533750453,2048058
2018-01-02,1108.735107421875,1126.6115142898718,1102.6136436811755,1124.0387126253374,1512324
2018-01-03,1131.4022216796875,1139.0761167273854,1110.2876391585237,1114.1911890737688,2720736
2018-01-04,1167.2435302734375,1171.058384997737,1135.6604621555384,1139.9631928956492,4546456
2018-01-05,1166.5340576171875,1178.9986691965498,1160.4125933781243,1175.4944084296749,2418902
2018-01-08,1187.249267578125,1194.0803988235543,1167.9534173484785,1167.9534173484785,3513256
2018-01-09,1182.3697509765625,1191.4631968197511,1176.736272040339,1188.8017004754033,1703294
2018-01-10,1174.38525390625,1185.696613292316,1168.973566369092,1181.8817585729,1098019
2018-01-11,1174.2078857421875,1177.091173481885,1164.8926484293188,1171.2357948194015,1232290
2018-01-12,1179.1761474609375,1181.9707406857465,1161.9651136204898,1175.937971447955,1825056
2018-01-15,1176.3370361328125,1198.737964716959,1174.2522188941957,1184.2328306396075,2386631
2018-01-16,1176.5589599609375,1188.4914021022928,1174.0305596934352,1180.8617997017354,3139385
2018-01-17,1200.6453857421875,1203.8835614171035,1171.280229890148,1173.7199349703963,2724814
2018-01-18,1207.2548828125,1228.7242450756992,1198.0726330441712,1206.545107077943,4966982
2018-01-19,1216.703125,1223.0907818054948,1200.7785470263334,1208.3194540449695,2127776
2018-01-22,1241.011474609375,1245.2699124535714,1143.733753006634,1143.733753006634,3067658
2018-01-23,1251.524169921875,1255.3390244100829,1235.9100807475343,1247.3545359156017,4804202
2018-01-24,1243.09619140625,1250.7259009514617,1232.982591863182,1248.3304892466053,2147973
2018-01-25,1256.669921875,1266.029561152527,1234.9343672785033,1234.9343672785033,6113475
2018-01-29,1270.37646484375,1278.9820342940307,1258.0005506995674,1258.0005506995674,2945415
2018-01-30,1268.55810546875,1274.5907665345135,1248.020200292972,1268.6023987705344,1988140
2018-01-31,1256.669921875,1277.252118011014,1252.6776771531945,1270.332292137826,2614515
2018-02-01,1291.35791015625,1304.1331133339345,1246.6447531826327,1294.2855992394996,8187730
2018-02-02,1255.7384033203125,1284.6156845760627,1250.9477961062516,1284.6156845760627,3621563
2018-02-05,1209.783203125,1242.031645988312,1202.197895111231,1224.2883367599077,3060688
2018-02-06,1200.3792724609375,1217.5015009107701,1148.2138999426752,1171.0140090123255,4230633
2018-02-07,1183.2569580078125,1215.4167066322048,1179.9300874604617,1215.4167066322048,2927403
2018-02-08,1195.3670654296875,1206.1017485570853,1182.5918579084919,1193.2378461267228,1932082
2018-02-09,1179.264892578125,1191.4634197723692,1169.3729743212937,1175.317048913894,2029257
2018-02-12,1198.1170654296875,1202.109310371882,1183.9668183420952,1183.9668183420952,1543603
2018-02-14,1207.6094970703125,1217.6345093915766,1193.7697385135887,1201.842921980298,2310144
2018-02-15,1197.98388671875,1215.4167100958618,1194.479626384181,1210.4486050569733,1861841
2018-02-16,1178.5106201171875,1210.0936888712292,1171.4575897239067,1204.7706961049334,1424576
2018-02-19,1149.3228759765625,1180.7728488318987,1141.7819694186305,1178.1557539921846,4275673
2018-02-20,1144.9759521484375,1161.832099291121,1142.0039689168082,1153.3153308151877,2063972
2018-02-21,1138.055908203125,1152.9602231207728,1134.684636098592,1152.4279454981008,1584305
2018-02-22,1146.2178955078125,1151.5408888306042,1132.0232466470347,1133.797577754632,3028574
2018-02-23,1154.8231201171875,1157.7508091601221,1135.9265626927363,1146.7499369003626,2176017
2018-02-26,1192.572265625,1195.6329433898045,1158.6381840477961,1158.6381840477961,2239306
2018-02-27,1187.1160888671875,1202.8189825995692,1181.083428673929,1195.4554659102157,2243499
2018-02-28,1169.417236328125,1181.3495690951436,1162.7190934223863,1178.1557949248422,2439968
2018-03-01,1166.7998046875,1182.502696087045,1164.9367791442453,1170.1710762774271,1927606
2018-03-05,1153.9361572265625,1164.5821435466535,1151.4964520282083,1164.5821435466535,1302005
2018-03-06,1138.588134765625,1170.082507537383,1131.1359234927136,1161.0333551715044,2381856
2018-03-07,1120.7562255859375,1147.9034683747986,1117.8285361013297,1139.1205082175454,2156582
2018-03-08,1138.943115234375,1144.2661082484694,1117.163158833077,1128.385824097107,3588828
2018-03-09,1144.8870849609375,1149.8108968355775,1135.5718471522666,1140.1850644626945,2508919
2018-03-12,1162.231201171875,1163.9611305701771,1150.653648132256,1153.31514461984,2267260
2018-03-13,1155.7548828125,1173.6755830231841,1148.0365860962268,1163.428886230654,1915199
2018-03-14,1156.1983642578125,1164.8482273320606,1146.2177530182958,1155.9765728969344,1714051
2018-03-15,1148.9678955078125,1161.8317938932062,1146.306399290145,1157.6621598041502,1178352
2018-03-16,1126.079345703125,1156.7752539756634,1118.183550159603,1153.2265915557957,5152611
2018-03-19,1135.1728515625,1146.218020594016,1123.0186171711275,1135.5720327866413,4452882
2018-03-20,1147.5487060546875,1153.3152824670226,1131.1361424195798,1131.1361424195798,2831066
2018-03-21,1161.6102294921875,1165.3806832038717,1148.8794250896985,1148.8794250896985,2835466
2018-03-22,1149.98828125,1172.300515270693,1143.556331364513,1166.4452446204602,1834024
2018-03-23,1124.8369140625,1138.499281445454,1119.1590344401177,1134.3295395258945,2280525
2018-03-26,1151.0084228515625,1153.4037261363144,1124.92573817772,1124.92573817772,1697069
2018-03-27,1160.01318359375,1165.7353572112086,1154.202206797399,1159.5251992960805,2003736
2018-03-28,1162.9853515625,1175.4943642701346,1146.5727887406151,1154.2910857760598,3989865
2018-04-02,1185.2088623046875,1188.3583435625874,1164.005690702951,1164.8484547201772,1302024
2018-04-03,1180.2850341796875,1187.9146360228347,1169.3285616232574,1182.3698515006968,1123582
2018-04-04,1149.8995361328125,1182.3253688164143,1144.6208366518317,1180.8172308484573,1285513
2018-04-05,1178.865478515625,1184.4102625086873,1163.0738903847584,1165.7353867014285,1758313
2018-04-06,1167.99755859375,1173.719731653942,1157.928145460462,1157.928145460462,1492796
2018-04-09,1178.067138671875,1182.5916612529127,1169.151081703139,1169.2841781930524,1118116
2018-04-10,1197.5845947265625,1202.5082977170132,1178.1556508136227,1178.1556508136227,2177789
2018-04-11,1200.1131591796875,1206.0128315568322,1188.80179878084,1205.125666035354,1536552
2018-04-12,1204.2828369140625,1207.7872058272685,1193.725653467881,1203.2626831651085,1695410
2018-04-13,1201.9761962890625,1210.4042688214533,1189.3340874904763,1208.3194514859133,1320241
2018-04-16,1213.73095703125,1217.1909237361672,1194.2577199008867,1195.8102593444278,1304778
2018-04-17,1206.14599609375,1222.42546267203,1202.2867392203268,1215.8604157833843,1058589
2018-04-18,1206.6336669921875,1216.7029728574653,1198.5604833234145,1209.2951632541935,1459202
2018-04-19,1228.724365234375,1231.4745569557274,1208.142166478324,1211.0697480023766,2229317
2018-04-20,1211.0252685546875,1228.7241763685906,1205.6578741407325,1228.7241763685906,1091415
2018-04-23,1206.545166015625,1222.514146154067,1202.5529209810145,1215.4168216480928,1364935
2018-04-24,1222.5140380859375,1226.2400898035664,1199.4477354805424,1202.7302044557598,1002866
2018-04-25,1209.1180419921875,1221.4052641377061,1203.839341589055,1220.651195021997,1536003
2018-04-26,1195.189208984375,1212.0897535324914,1180.018701980993,1211.424379468338,4513014
2018-04-27,1222.292236328125,1226.9498550838664,1200.7784735039863,1200.7784735039863,1746280
2018-04-30,1242.830078125,1246.4674347450148,1225.441657278261,1225.441657278261,1309980
2018-05-02,1244.826171875,1263.1017577376517,1233.2486199077537,1259.7748874363233,3975516
2018-05-03,1222.292236328125,1247.842645392533,1219.4976434153668,1247.088468099588,1278892
2018-05-04,1214.2633056640625,1230.2766853231115,1208.3193404795945,1224.2883185476067,1274703
2018-05-07,1232.4058837890625,1236.619919598814,1212.134175289886,1218.965305810227,1250082
2018-05-08,1210.89208984375,1235.8214162069914,1203.1293925057664,1234.313278328521,1604486
2018-05-09,1220.4293212890625,1226.5950785973548,1207.6541155969855,1208.496879558294,1270004
2018-05-10,1208.496826171875,1228.9016331005796,1202.242374243411,1224.3771106148336,1262157
2018-05-11,1230.8536376953125,1232.7166638907418,1210.360132952416,1213.1990196981571,1033691
2018-05-14,1225.8409423828125,1241.1445474170832,1221.6269062139554,1225.6635525995941,1265158
2018-05-15,1219.142822265625,1244.6932327279208,1214.4409099567135,1225.175591159842,1824434
2018-05-16,1208.6300048828125,1219.009907134987,1205.3918288601694,1210.8923204278783,1491335
2018-05-17,1202.951904296875,1219.852448815451,1197.673313382443,1213.6422908942088,1833028
2018-05-18,1167.110595703125,1207.0773357762441,1163.9611149165453,1197.6734033058965,2070654
2018-05-21,1165.0699462890625,1186.007027795502,1163.0738241652093,1163.0738241652093,2047129
2018-05-22,1171.191650390625,1189.600335991636,1167.5985865089049,1169.1955278555756,1375132
2018-05-23,1177.1800537109375,1197.67355736656,1166.6227614348345,1168.397092630933,1851368
2018-05-24,1187.07177734375,1195.4554475534212,1176.736278160135,1185.2530448470284,1482329
2018-05-25,1190.575927734375,1195.5440321520482,1181.4824826827526,1189.6443607763188,1696915
2018-05-28,1221.1387939453125,1228.6796999838489,1192.4390143873711,1194.1246503376499,2127978
2018-05-29,1224.82080078125,1264.166573323903,1220.2075829984115,1236.442648435255,6814062
2018-05-30,1211.5576171875,1224.288420773182,1204.016710247955,1224.288420773182,2286366
2018-05-31,1215.7716064453125,1222.0260581579298,1202.9964017584753,1216.2594824857838,2930988
2018-06-01,1217.546142578125,1238.483229964045,1208.8518760118918,1220.5625274049764,2234018
2018-06-04,1204.6376953125,1228.7242611525305,1201.2221296754701,1220.6953697736624,1346919
2018-06-05,1183.2569580078125,1208.1419930206243,1176.91370317155,1208.1419930206243,1905926
2018-06-06,1198.1612548828125,1202.1090975302488,1180.8171282751005,1180.8171282751005,1581905
2018-06-07,1202.2421875,1211.8679102227657,1196.74169716088,1206.899805749392,2272271
2018-06-08,1192.305908203125,1202.1091292919893,1180.905854355867,1196.830538426637,2483519
2018-06-11,1191.68505859375,1202.1092532250373,1186.1402742154057,1191.4632672186162,1417401
2018-06-12,1212.2230224609375,1214.0416468504127,1192.8827702594947,1195.8991547720923,1853562
2018-06-13,1205.43603515625,1213.8641067911972,1200.334833903519,1212.5777602286985,1253808
2018-06-14,1191.463134765625,1206.0569623084273,1188.8016385598937,1201.2219541866389,1325652
2018-06-15,1179.8414306640625,1191.4632771587164,1173.9417583769707,1189.6889461428434,2660969
2018-06-18,1173.8973388671875,1186.4951538655632,1171.9900196914896,1181.0390644157092,951701
2018-06-19,1162.541748046875,1177.7122571577274,1159.5697651401047,1170.0382535591173,1607343
2018-06-20,1159.303466796875,1170.34863347375,1153.3150999318443,1163.118321599891,2207289
2018-06-21,1144.26611328125,1167.5098062263996,1140.8948410388678,1162.1868131888932,2161971
2018-06-22,1153.181884765625,1157.7508080813489,1138.6767526225374,1143.2899692288377,3364048
2018-06-25,1125.0587158203125,1156.641779373424,1121.598749432676,1154.202074757296,1622133
2018-06-26,1126.74462890625,1138.6769620107168,1118.80443240513,1125.6356719896055,2003243
2018-06-27,1093.6533203125,1131.1360644075746,1090.3264495348308,1129.361733326151,2332129
2018-06-28,1095.60498046875,1100.0852095196956,1069.9215828070587,1089.439223621118,4677061
2018-06-29,1131.224853515625,1133.7532538579148,1093.9196043996953,1096.4922980447648,2324572
2018-07-02,1114.2353515625,1133.7529905508234,1102.6579079587252,1133.7086972583306,3832519
2018-07-03,1110.2877197265625,1121.3772894401718,1105.4527106500607,1117.1632529490003,2096700
2018-07-04,1117.384765625,1119.0704014603227,1102.9239270069052,1110.6423305802612,1842579
2018-07-05,1112.9049072265625,1122.2645481602897,1105.0535128770118,1122.2645481602897,2006459
2018-07-06,1123.417724609375,1134.019309097289,1104.4323611040354,1109.8440490363453,2064484
2018-07-09,1142.6690673828125,1145.7297447803921,1120.6673215245191,1128.297030816653,2021357
2018-07-10,1139.6529541015625,1151.540995280727,1129.1400629765371,1148.3915139549688,1923397
2018-07-11,1130.9141845703125,1140.8503945305151,1128.1195916763286,1138.7212840365905,1326221
2018-07-12,1153.0933837890625,1157.3074200060257,1131.1360371848853,1135.6605596743104,2777124
2018-07-13,1151.8955078125,1170.1710922951768,1142.0035925375028,1159.525108134796,2360493
2018-07-16,1138.3218994140625,1154.335278151105,1133.708682667545,1153.31501628508,1593400
2018-07-17,1141.64892578125,1145.3306843422067,1125.6356531508457,1140.052092825951,1598278
2018-07-18,1146.350830078125,1160.4123804603237,1138.2332447481615,1148.8792298899994,1855985
2018-07-19,1116.14306640625,1150.3433450360108,1111.6185433162354,1148.2585274480869,1468552
2018-07-20,1127.0106201171875,1143.5562776005897,1113.8806362910236,1115.610565618884,1937969
2018-07-23,1134.8177490234375,1138.2333144730258,1119.7802291115001,1127.14374593763,1229445
2018-07-24,1174.6072998046875,1178.1559623418618,1136.459177530064,1140.0078400672382,4071039
2018-07-25,1171.679443359375,1185.208717359405,1165.4249915045168,1181.2164725725108,2254936
2018-07-26,1158.5936279296875,1194.923116574393,1147.3266705018402,1181.526940495775,7489743
2018-07-27,1163.4730224609375,1170.6147472615276,1153.7586046332826,1165.4691446142822,1785314
2018-07-30,1149.1895751953125,1167.9531433659706,1145.5078174593082,1164.4044820872286,3090391
2018-07-31,1155.35546875,1162.5857796534688,1140.0074650075428,1153.2705435580765,2304148
2018-08-01,1151.540771484375,1161.1664951028781,1147.0605425756132,1158.6380951915207,1924210
2018-08-02,1137.7010498046875,1150.6092427490132,1135.5718309623194,1148.3470357199592,1415162
2018-08-03,1144.4434814453125,1151.2746123957772,1138.2777246119672,1140.185043777121,1279748
2018-08-06,1144.8426513671875,1153.1377352498307,1140.7174185187669,1147.99213214262,842106
2018-08-07,1149.1453857421875,1160.4123430016384,1146.5281828347001,1150.387330664729,1458197
2018-08-08,1151.7625732421875,1161.1222122840609,1144.5765545831787,1151.230295618662,1308818
2018-08-09,1139.741455078125,1156.7750973653347,1138.0115257012797,1153.2707287222056,1035908
2018-08-10,1121.95361328125,1149.2339461341141,1119.6026035874665,1137.6563957023295,1784956
2018-08-13,1125.8572998046875,1134.5071624978352,1110.731086340611,1121.8206538959287,1627092
2018-08-14,1126.0372314453125,1138.1219278591589,1123.2069543496045,1135.8308347278955,2146242
2018-08-16,1106.6295166015625,1134.4828144821588,1101.553006503578,1121.2300356518751,2292161
2018-08-17,1114.2667236328125,1121.1402207676417,1106.4497644616686,1113.2334341833682,1750983
2018-08-20,1189.3360595703125,1196.703773673057,1151.8689163804036,1168.0418028818444,11227838
2018-08-21,1188.3026123046875,1199.4888124138733,1181.5189425649762,1199.4888124138733,3057182
2018-08-23,1214.808349609375,1225.4554771302396,1184.8434994707166,1194.2776825336543,8248115
2018-08-24,1206.5869140625,1224.6466110422136,1204.8797545176878,1216.2905778214576,3506532
2018-08-27,1218.447265625,1227.3423750521079,1208.8334270567493,1217.4589445063002,2595682
2018-08-28,1217.997802734375,1227.3421573469786,1214.763247974462,1224.062634038981,1889337
2018-08-29,1214.3590087890625,1219.0760999553647,1208.2042401904712,1219.0760999553647,1435495
2018-08-30,1209.8665771484375,1224.5569252835357,1207.5753746417574,1213.9996256912436,2288925
2018-08-31,1230.531982421875,1234.5302351632724,1212.0229260871176,1212.0229260871176,3549583
2018-09-03,1224.6468505859375,1248.9061792475811,1222.041197053066,1235.428774435557,2347852
2018-09-04,1221.322509765625,1232.3739162823363,1216.6502767964666,1226.4438798978322,1517216
2018-09-05,1211.1695556640625,1225.4556279968724,1205.239518944616,1220.0646655829373,2413590
2018-09-06,1210.360595703125,1217.9977906032302,1202.9031653141826,1212.7865940084362,1586350
2018-09-07,1210.7200927734375,1219.2557817391871,1204.879884533714,1212.0678331364506,1307928
2018-09-10,1201.106201171875,1214.7632590288472,1199.488868937508,1210.9446615060124,1228247
2018-09-11,1194.6820068359375,1210.9447186470534,1192.121322076847,1205.3741023402818,1617176
2018-09-12,1214.988037109375,1218.3124197395964,1186.4608637477756,1199.4890216609472,1319469
2018-09-14,1220.9178466796875,1228.4202453221976,1213.4604165830517,1218.3571621906055,1462192
2018-09-17,1208.249267578125,1216.3806785230058,1203.6220036061595,1214.3590679247154,912431
2018-09-18,1193.1094970703125,1213.1009767161754,1190.728467446278,1207.3955651351419,1501479
2018-09-19,1197.60205078125,1206.6768135188954,1191.4024234743524,1197.6469096502199,867001
2018-09-21,1194.726806640625,1215.167534510939,1176.6222496989988,1205.9579758001382,2309530
2018-09-24,1184.529052734375,1202.903313237661,1170.108295810222,1197.9615982828416,2425415
2018-09-25,1185.1580810546875,1197.4224315110441,1175.2296824496943,1182.417631577827,2684511
2018-09-26,1197.3775634765625,1201.1063339941356,1176.1281670932005,1194.0980397760607,2846089
2018-09-27,1176.936767578125,1201.2859217678322,1164.896931617049,1201.1511257943582,3847372
2018-09-28,1142.9737548828125,1183.0465499000913,1123.2518630567738,1181.0699077338036,4301355
2018-10-01,1121.4097900390625,1144.6807951735232,1093.9608775950862,1144.6807951735232,4955435
2018-10-03,1119.02880859375,1133.8989215235222,1102.137194746361,1120.511344967437,4302314
2018-10-04,1130.215087890625,1161.6623629589262,1124.2400836917695,1130.3049153120846,7398229
2018-10-05,1102.81103515625,1139.0202603969947,1092.4333905001563,1130.304916597057,4206887
2018-10-08,1091.984130859375,1117.725993398852,1080.9775847025135,1105.1470835052958,3957900
2018-10-09,1097.1055908203125,1110.5829940423168,1092.0739392072537,1098.6779545295465,2559815
2018-10-10,1123.701171875,1137.4032008491906,1099.4867007654252,1102.4517738578327,4134413
2018-10-11,1101.41845703125,1111.4366835113112,1096.2521183649687,1105.1472277436644,3942878
2018-10-12,1109.8642578125,1118.6245707156952,1095.0391128994004,1100.4750432392962,2773440
2018-10-15,1092.9276123046875,1111.2569032668105,1085.7396636669446,1105.1471030529722,2945137
2018-10-16,1100.3402099609375,1104.2036666360573,1092.1639401309828,1096.1621927820777,2336499
2018-10-17,1088.884521484375,1112.3351847850774,1086.0092758776104,1111.1222402432043,1746801
2018-10-19,1083.628173828125,1088.8843390820364,1065.6133345452138,1078.1922440592384,2006965
2018-10-22,1084.12255859375,1094.9494523705237,1078.2823491014224,1090.7714344132062,1452784
2018-10-23,1078.8214111328125,1086.3239217540718,1062.4688686124039,1074.5087069029644,2109820
2018-10-24,1095.1739501953125,1098.2288505921676,1081.8762000816616,1088.2554831672285,1484693
2018-10-25,1079.5850830078125,1089.0192662801928,1073.8347017440055,1085.380323146229,3063065
2018-10-26,1075.901123046875,1089.8727424713366,1070.375475121637,1078.7313998374818,1101325
2018-10-29,1133.27001953125,1136.145155174366,1076.6199542804936,1079.0908116760884,2140956
2018-10-30,1142.2100830078125,1148.8589581309168,1121.544728506983,1130.6644612334471,1957735
2018-10-31,1165.79541015625,1171.635618376686,1122.3981267387926,1137.492862626445,3117499
2018-11-01,1192.0762939453125,1243.5150486680327,1187.449030318221,1201.6901308688962,8903105
2018-11-02,1220.333984375,1230.8014569286636,1203.9814444490182,1203.9814444490182,2665756
2018-11-05,1213.10107421875,1226.4436813436441,1207.1710387942844,1220.4238185011113,1457946
2018-11-06,1225.410400390625,1230.7565027952755,1213.0112552673593,1213.1010826860534,1616734
2018-11-07,1227.29736328125,1230.9363064531092,1225.2308936838965,1230.9363064531092,255086
2018-11-09,1229.67822265625,1239.0225772998272,1221.951200237683,1227.2971928669685,1247358
2018-11-12,1228.42041015625,1243.9643933599891,1223.7482872923836,1233.5418895010137,2174698
2018-11-13,1249.8941650390625,1253.3983112860592,1220.3337098119255,1225.5450154797022,2068670
2018-11-14,1244.1441650390625,1256.0941749529377,1239.0227948927761,1252.50020020343,1364551
2018-11-15,1256.543212890625,1265.078901501609,1245.4018710835687,1247.109030741643,2890196
2018-11-16,1257.03759765625,1270.4700339882547,1250.253926658173,1260.3619803232139,1732865
2018-11-19,1273.3447265625,1275.7257558661759,1253.4431866845412,1257.8906848771828,1932311
2018-11-20,1269.661376953125,1278.6463136093348,1264.8094892228912,1267.1006919419858,1889461
2018-11-21,1259.778076171875,1270.2455503885903,1251.826428349357,1266.8761987960477,1320423
2018-11-22,1267.0107421875,1275.4116352141098,1254.4766909545483,1262.3834783204115,1723570
2018-11-26,1277.657958984375,1284.8459081207147,1267.0556901365142,1267.0556901365142,2630117
2018-11-27,1286.2833251953125,1288.4397316192556,1271.6828052240344,1275.3666067886024,1956946
2018-11-28,1260.9459228515625,1288.439804697941,1256.9925291299999,1286.2833981516894,1390580
2018-11-29,1278.0621337890625,1289.787518740276,1264.6296987996784,1270.155456186795,2816724
2018-11-30,1287.09228515625,1292.1687967334117,1266.8761759653141,1280.4883780897599,2018571
2018-12-03,1282.5994873046875,1293.7856876479557,1268.6728378803634,1289.3831571863536,1115862
2018-12-04,1275.77099609375,1284.6211355040625,1271.3683558232196,1278.6012726733327,1061729
2018-12-05,1253.21875,1274.9622483481387,1248.1422399012156,1268.6727939870134,1582751
2018-12-06,1239.471923828125,1255.240530413318,1232.7781903656899,1246.9294645956957,1574405
2018-12-07,1257.8011474609375,1261.4849490943523,1232.8229828022709,1246.2105586850903,1185686
2018-12-10,1228.9144287109375,1245.671353659395,1220.3337723045936,1235.1589143800684,1657418
2018-12-11,1223.209228515625,1230.8014556851467,1207.2609668608648,1220.1543282909465,2302505
2018-12-12,1258.1607666015625,1264.7646733324411,1226.8931421035077,1229.6784506257156,1751549
2018-12-13,1281.656005859375,1283.9472081501501,1263.2818577040664,1270.2002137642635,1863210
2018-12-14,1268.1339111328125,1283.543098577922,1262.428498609006,1278.9606933943421,2189734
2018-12-17,1265.0791015625,1279.8144198518078,1253.443652277135,1253.7581031292846,1610515
2018-12-18,1283.4979248046875,1284.8456650127428,1262.3833282118208,1262.3833282118208,1568498
2018-12-19,1289.11376953125,1292.033873905515,1281.6113694594035,1285.7444183301752,2073536
2018-12-20,1303.5345458984375,1305.5111879271892,1278.7810035907585,1285.3849095497626,2782410
2018-12-21,1275.8609619140625,1311.5311153577877,1271.5481485935793,1303.534609748465,1975704
2018-12-24,1262.203857421875,1283.677766791007,1257.8910442555266,1282.6894457635424,1390194
2018-12-26,1278.2418212890625,1286.6427137200028,1243.784616918262,1256.812772888192,1712084
2018-12-27,1280.3983154296875,1288.754239885895,1265.5282028625982,1284.1269760297168,1872745
2018-12-28,1293.2916259765625,1301.0186485000083,1281.5213825150988,1281.746005900544,1918767
2018-12-31,1291.62939453125,1302.8155949054083,1285.9238729755707,1298.323127336769,1487860
2019-01-01,1295.5377197265625,1298.3230274689945,1280.532813393863,1298.3230274689945,786846
2019-01-02,1280.8026123046875,1298.2334098832957,1273.2552442142248,1294.7292629470744,2058504
2019-01-03,1253.398681640625,1283.9474667128695,1249.8047069262432,1281.2519856770832,2290756
2019-01-04,1247.1541748046875,1264.7196601369465,1234.1260166702345,1259.5982901213706,2711485
2019-01-07,1243.33544921875,1265.618024004124,1239.067604750331,1255.195520501337,1851513
2019-01-08,1241.89794921875,1252.365422767643,1235.4288384455615,1246.6600097041576,1437271
2019-01-09,1245.357177734375,1252.0958801650013,1232.7332979759078,1248.4569369807025,1413005
2019-01-10,1251.2421875,1256.9027411516279,1242.8412941276606,1247.1091388029588,1063647
2019-01-11,1230.5765380859375,1252.4099715667173,1222.8944853274186,1251.6013055712497,2489197
2019-01-14,1198.5006103515625,1228.420380809196,1195.894957029219,1228.420380809196,3080984
2019-01-15,1204.7900390625,1211.169321415979,1194.996437302116,1203.9813729209288,3079248
2019-01-16,1205.9130859375,1223.2989134137094,1200.3873289171618,1206.5869560697513,2454470
2019-01-17,1209.417236328125,1214.583574024811,1201.2408576211672,1208.5636016836509,1610419
2019-01-18,1184.124755859375,1214.763366161747,1179.7221152147736,1213.730076569739,2135781
2019-01-21,1181.11474609375,1201.5105059118039,1144.1865732554731,1149.1732563553542,8813681
2019-01-22,1169.0748291015625,1187.3591497286664,1166.3343800790929,1183.2261016011662,2544978
2019-01-23,1169.3443603515625,1174.2412158960392,1162.24634921047,1168.9400821349534,1821323
2019-01-24,1163.8634033203125,1173.0281018045187,1156.361005368983,1172.5338865629549,1654706
2019-01-25,1154.968505859375,1180.710368356766,1151.419500159823,1168.0416310634178,3136788
2019-01-28,1168.4459228515625,1202.0945729598534,1160.5392452187225,1163.9534549876564,8004136
2019-01-29,1148.3197021484375,1175.9483782503178,1139.4694531170092,1171.6355654260747,3685535
2019-01-30,1163.0550537109375,1176.128180104099,1150.9703580697867,1153.935430967019,2385425
2019-01-31,1180.8900146484375,1187.538778600702,1164.941755513319,1171.6354880109552,5852257
2019-02-01,1190.1446533203125,1199.0847308437903,1179.7221490347129,1181.9683831341697,2515736
2019-02-04,1174.6905517578125,1192.1662083641309,1170.377738616401,1192.1662083641309,2308931
2019-02-05,1172.1744384765625,1188.7067385602122,1168.041390875492,1177.655226144028,1447400
2019-02-06,1180.9798583984375,1187.8083869472812,1161.7970444331604,1175.2294781596397,2034886
2019-02-07,1164.49267578125,1186.7752512847935,1158.3379068691218,1180.6205920520601,1556295
2019-02-08,1133.67431640625,1167.053376071071,1128.1036998764084,1163.5492290438626,2993525
2019-02-11,1119.9722900390625,1131.2034602159486,1097.0607028782154,1131.2034602159486,2981408
2019-02-12,1120.286865234375,1136.504720641947,1115.5249143583753,1118.1754269426028,1571390
2019-02-14,1102.9906005859375,1106.7193705533107,1079.1805227944515,1095.2635784083507,6974738
2019-02-15,1116.917236328125,1126.621009899219,1105.9556596135844,1117.725902405613,3620228
2019-02-18,1118.17529296875,1131.6976656144573,1114.1320717406588,1118.6245397718712,2186849
2019-02-19,1130.5745849609375,1141.0869166202463,1118.6245757418951,1118.6245757418951,2389086
2019-02-20,1146.9720458984375,1152.4528349079685,1135.8755622244616,1136.5944009743057,2433082
2019-02-21,1153.755615234375,1160.4044898414322,1136.684236754323,1151.868800601406,2392129
2019-02-22,1150.3861083984375,1153.1265573918513,1137.0435021190094,1151.8686445804585,2390188
2019-02-25,1146.343017578125,1155.8670276357007,1135.6958905401893,1150.3862387074216,5873730
2019-02-26,1137.35791015625,1145.5791471481293,1125.8122912757694,1135.5160643939512,2417931
2019-02-27,1154.294677734375,1163.5492056355115,1139.2898785682075,1141.5810811074327,3555914
2019-02-28,1161.707275390625,1170.692211538677,1144.05196360322,1161.7522439431239,9321535
2019-03-01,1175.7237548828125,1178.7785451473565,1165.570734101941,1168.3111832456252,2831577
2019-03-05,1173.253173828125,1177.3862231112648,1147.421478709236,1169.8388537319504,3948051
2019-03-06,1183.3160400390625,1192.7951911412003,1177.475831792856,1177.475831792856,2776738
2019-03-07,1215.122802734375,1219.5254434412636,1177.0266510248662,1189.4707658192876,6207580
2019-03-08,1203.4423828125,1224.6468104187202,1201.285976177424,1212.966393298072,4868283
2019-03-11,1209.8665771484375,1213.8648297180166,1203.9814003124666,1207.1710964014692,2661353
2019-03-12,1247.9178466796875,1260.5865851505234,1217.4588901489374,1217.4588901489374,6631152
2019-03-13,1238.6634521484375,1255.6899743857218,1233.497113126252,1254.027673217663,2241672
2019-03-14,1239.696533203125,1254.2970540688984,1237.2256758258402,1244.14403261048,1838850
2019-03-15,1254.746337890625,1267.5948405034048,1238.663280188013,1245.3121548989661,5723980
2019-03-18,1238.9326171875,1268.4031359938817,1231.250454460575,1255.1953263953299,2450686
2019-03-19,1220.109375,1235.3837666350528,1209.8216668587381,1231.834760685726,4053209
2019-03-20,1231.74462890625,1241.7178837501347,1222.8495222749154,1223.7480156784973,3871744
2019-03-22,1253.1290283203125,1271.3684929746769,1236.5068960800077,1239.0227221286782,3788604
2019-03-25,1237.001220703125,1248.0077686992124,1231.0262155693674,1246.2107812712798,1666203
2019-03-26,1233.4520263671875,1247.827923599069,1228.9145899316181,1239.7414814061356,2021089
2019-03-27,1227.7464599609375,1249.8943477678501,1224.7814970718393,1239.0225978157146,2558997
2019-03-28,1245.94091796875,1251.152224246702,1225.5451589748664,1231.8346136030366,3184285
2019-04-01,1268.8526611328125,1279.454929844576,1248.9959738344469,1248.9959738344469,3842703
2019-04-02,1266.6512451171875,1282.105289854063,1261.035660593703,1271.4581635334132,2737093
2019-04-03,1238.1689453125,1271.3682344897938,1235.4284964123437,1266.3366930948262,2366304
2019-04-04,1229.7681884765625,1252.4102937780115,1227.0727075844422,1244.3238511016507,1980318
2019-04-05,1234.3505859375,1251.376996260053,1231.2058582498962,1234.3056173844896,2037782
2019-04-08,1234.2156982421875,1246.030910469208,1226.8479852568073,1239.6515184620378,1013017
2019-04-09,1235.6082763671875,1246.2105440455302,1227.342179643976,1236.2372876548718,2209945
2019-04-10,1232.328857421875,1241.7180710336963,1226.443680869027,1230.936148564518,2014958
2019-04-11,1238.1241455078125,1247.0641127012248,1232.4187332463218,1232.4187332463218,3110225
2019-04-12,1222.760009765625,1241.5834075464727,1220.4239482505845,1239.9212162576591,2751659
2019-04-15,1219.166015625,1229.1392728769379,1216.5603621896007,1226.4437920153655,1933204
2019-04-16,1241.178955078125,1249.714643412316,1221.9511720525973,1221.9511720525973,3217456
2019-04-18,1222.580078125,1246.7495755379935,1219.6151153425008,1246.210501366574,2594906
2019-04-22,1222.0858154296875,1231.7446194439935,1215.2123190092143,1223.7480062776708,3101477
2019-04-23,1211.34912109375,1226.4438586099411,1200.9266164656194,1223.4787856294527,2016454
2019-04-24,1222.535400390625,1225.0511167897782,1212.9664211324775,1215.6619020683277,1753395
2019-04-25,1217.5933837890625,1240.4151386630406,1214.8979035207826,1228.1057129636051,2886022
2019-04-26,1220.333984375,1228.2407720610506,1213.8648742168832,1220.333984375,1767153
2019-04-30,1211.66357421875,1227.7914902815362,1203.98141015533,1226.443749897034,1905624
2019-05-02,1220.828125,1236.7763856945724,1205.7783578656854,1212.4720910178487,1985540
2019-05-03,1225.18603515625,1233.8115530766927,1221.9514796460105,1223.7484671160782,1239667
2019-05-06,1215.3922119140625,1226.3089307581968,1212.8764957181486,1215.931395801193,1515052
2019-05-07,1227.88134765625,1234.8446731460342,1212.9663756398174,1219.615250301426,2596385
2019-05-08,1222.265625,1231.8346028221317,1217.458706654988,1225.4553208338384,1601700
2019-05-09,1218.761474609375,1229.857957172626,1201.8248939256423,1219.2556899103477,2464425
2019-05-10,1217.908203125,1224.197658987689,1208.5638467645522,1221.636973893761,1466154
2019-05-13,1183.9000244140625,1217.4587358994734,1178.8235140222207,1208.4738005791821,3422913
2019-05-14,1205.5987548828125,1210.8549205005293,1154.8338665446663,1176.1281209669628,3132767
2019-05-15,1191.2230224609375,1217.458995314776,1186.460961854732,1210.7202923886796,2054728
2019-05-16,1201.4207763671875,1211.1694102930883,1175.4992571406372,1191.4025504811834,2058450
2019-05-17,1223.658447265625,1232.2839638297576,1197.2876822249063,1199.4889476578392,2776586
2019-05-20,1304.1185302734375,1307.308226519178,1257.8910770631267,1257.8910770631267,6210427
2019-05-21,1302.0072021484375,1313.642761401594,1291.8991479969307,1307.3083369282201,2961180
2019-05-22,1312.788818359375,1323.8403321754377,1295.268195276932,1302.9053899538944,3304912
2019-05-23,1326.266357421875,1403.8063975937296,1317.1915941592483,1326.3561848443974,10485813
2019-05-24,1387.4088134765625,1391.9461400189487,1339.0698174402585,1341.450847242977,5626500
2019-05-27,1433.9957275390625,1437.5897017935463,1376.5819668878046,1387.00447028993,6730594
2019-05-28,1414.67822265625,1443.8792656771,1404.6151378562088,1433.9958357315816,4987068
2019-05-29,1394.8663330078125,1434.8492978512154,1389.2507480578963,1410.8145942655742,3070738
2019-05-30,1400.39208984375,1410.0508959528422,1383.6801309769205,1392.665066892355,2675199
2019-05-31,1399.448974609375,1420.9678559028798,1379.0082419367284,1410.5902092896174,3945900
2019-06-03,1401.111083984375,1410.6350951751542,1389.4306659988483,1404.9745410488674,2617068
2019-06-04,1410.4552001953125,1424.1122581047516,1399.8529325723678,1402.5484131870771,3854101
2019-06-06,1362.0263671875,1412.2521775656,1358.1628011278822,1410.3203945357911,3268594
2019-06-07,1360.1844482421875,1378.0195233985148,1343.6971134202838,1364.4074337643483,2572146
2019-06-10,1376.58203125,1385.477139881617,1366.878366116832,1370.2027485859053,1608705
2019-06-11,1369.5738525390625,1383.859813183534,1367.5072733658972,1383.859813183534,1745105
2019-06-12,1356.051513671875,1371.0114545758756,1351.0648301440751,1369.394122167022,1495586
2019-06-13,1363.509033203125,1373.7967412524524,1351.8734750480578,1355.8268689012104,1828211
2019-06-14,1371.370849609375,1383.5903408478596,1359.465809200528,1366.6087895740775,1854211
2019-06-17,1346.6171875,1380.984565262719,1343.4724601230191,1374.6951105087574,2048759
2019-06-18,1352.50244140625,1365.6652847222454,1345.763739498651,1347.7403815197895,2098714
2019-06-19,1352.36767578125,1374.6952200002775,1345.0449309414478,1360.274353722634,2140698
2019-06-20,1399.04443359375,1404.3455680385407,1354.0748924402071,1356.0515345887188,3483179
2019-06-21,1383.455322265625,1410.5897812238275,1374.6950109215172,1401.6498150572334,3028524
2019-06-24,1384.5787353515625,1404.7498742238915,1381.1195566832225,1388.6219568370147,1941777
2019-06-25,1379.1876220703125,1394.4620126730456,1366.698539582788,1388.8913964426285,2384122
2019-06-26,1393.7431640625,1405.0193020933423,1373.7966509357125,1377.3906251696842,2789166
2019-06-27,1393.4737548828125,1409.6914986565102,1384.2641954252679,1401.650024758022,3763146
2019-06-28,1395.5401611328125,1414.1390437339016,1390.5535876552449,1398.235641827516,3002811
2019-07-01,1398.6400146484375,1409.7363881193628,1394.68662106965,1404.7497050162099,1537022
2019-07-02,1405.1092529296875,1406.9960676323713,1395.3606188996553,1401.650074361534,1294135
2019-07-03,1417.867919921875,1423.1240857334642,1401.829720846336,1406.142534151916,2800104
2019-07-04,1412.1622314453125,1429.1437810286368,1409.0624726512629,1422.270283616412,1981745
2019-07-05,1400.16748046875,1430.0873612385567,1388.6668281894492,1420.5183824569053,3693134
2019-07-08,1339.06982421875,1393.7881026922305,1313.1932760972695,1392.5751583501808,4697122
2019-07-09,1371.6402587890625,1382.2425267617975,1334.5773991140304,1335.70051607388,4329323
2019-07-10,1347.336181640625,1374.335849713119,1332.196476064152,1369.1246524091189,2823544
2019-07-11,1343.4276123046875,1359.375874006889,1338.845316793737,1358.5223489424736,2156264
2019-07-12,1317.9552001953125,1346.8417888500207,1313.5975285515212,1346.8417888500207,3495971
2019-07-15,1294.369873046875,1324.3346130141438,1286.5530225091165,1321.6841007355486,3950399
2019-07-16,1312.8787841796875,1315.3946100926053,1282.0605199831043,1295.6277511977712,3654380
2019-07-17,1307.7125244140625,1321.2798661210406,1304.612765227946,1312.6992079876234,2225647
2019-07-18,1289.51806640625,1307.263316321238,1286.6429305449499,1298.1436933489563,2342881
2019-07-19,1268.2685546875,1299.9404508344696,1259.777725231959,1299.581031495507,3199700
2019-07-22,1261.2152099609375,1274.962203596626,1252.4998673810408,1266.516343243691,2646126
2019-07-23,1266.4268798828125,1271.1889404011729,1245.4919326401593,1271.1889404011729,4013444
2019-07-24,1262.649658203125,1292.5469524514974,1252.4564014417322,1283.4913409133924,5434450
2019-07-25,1249.043701171875,1276.8022498515918,1245.9492833617117,1269.7032978811105,4181824
2019-07-26,1267.018310546875,1271.6598810223304,1240.5793900698907,1247.6783409840018,3019850
2019-07-29,1248.224365234375,1272.3424444751413,1238.2130870589626,1268.201371336044,1987927
2019-07-30,1252.638427734375,1267.9284245543802,1248.9525237300638,1252.3199092794105,2714475
2019-07-31,1262.6041259765625,1272.2967736859205,1244.2197138645906,1248.360786611354,2693653
2019-08-01,1235.9833984375,1261.421102788224,1218.6456397066609,1255.9604053735563,2774996
2019-08-02,1247.0867919921875,1253.139087276408,1219.5557754202016,1231.0232179545178,2776965
2019-08-05,1224.834228515625,1236.665737204132,1205.9037701747534,1233.2072517636157,2287548
2019-08-06,1253.68505859375,1273.6166254835855,1219.601251530777,1222.0129705689565,4152548
2019-08-07,1237.803466796875,1264.9704106133263,1231.250564109176,1255.960238854089,2247223
2019-08-08,1238.3497314453125,1248.6795289439817,1219.6467975601238,1246.8592963945007,2788577
2019-08-09,1241.9444580078125,1267.3367204431459,1238.7590515291402,1248.6793396394944,2419380
2019-08-13,1195.2100830078125,1246.859176638647,1189.5218568370158,1246.859176638647,3135817
2019-08-14,1213.8218994140625,1220.4202416896392,1197.7128875391625,1201.3533522429288,2798429
2019-08-16,1215.232666015625,1219.4647285999642,1201.8084519555384,1215.005136963759,2654524
2019-08-19,1230.6590576171875,1238.6225742145798,1218.6455684466737,1218.6455684466737,2509331
2019-08-20,1221.8311767578125,1233.708239339872,1214.0951879291783,1231.3418479960947,2145169
2019-08-21,1192.8438720703125,1221.2850045678013,1185.4719527465982,1220.6478565409532,2361165
2019-08-22,1177.91796875,1208.1337841233624,1167.8157004901104,1184.971369760479,3780476
2019-08-23,1170.864501953125,1180.8302299945308,1159.4880493496162,1174.0499086821076,5252370
2019-08-26,1213.7763671875,1222.4679093423447,1161.808759745927,1192.2520990574046,3759248
2019-08-27,1234.9820556640625,1255.9147269506807,1222.877577622437,1223.969672554648,5431422
2019-08-28,1223.787841796875,1246.8592665904278,1216.0063033945771,1239.6693259722056,2272465
2019-08-29,1221.785400390625,1233.2074026924668,1212.5022599535343,1219.4646708304347,2421312
2019-08-30,1208.8619384765625,1234.9367918931516,1185.790513197323,1224.0608357821125,3715119
2019-09-03,1178.054443359375,1207.7242095584336,1174.0499098194266,1207.7242095584336,3617815
2019-09-04,1190.4775390625,1196.1657653087407,1176.2341983222793,1179.5105944204802,2786181
2019-09-05,1201.626708984375,1217.7357245787637,1191.0238308668722,1194.8462752491434,2758679
2019-09-06,1209.2257080078125,1214.0948066393976,1201.6717003788171,1209.0436181395312,1694661
2019-09-09,1235.0277099609375,1239.396312254158,1204.1293087456934,1210.454572032459,3508361
2019-09-11,1241.0802001953125,1259.419067123057,1234.1177878011329,1241.3987187026146,2545642
2019-09-12,1239.9422607421875,1255.7327536710916,1233.52589746735,1246.9501106339733,2249695
2019-09-13,1240.89794921875,1244.0833560747426,1223.2872221059688,1239.5783251033943,1771658
2019-09-16,1222.83203125,1234.9820595765268,1218.2814505211015,1232.2972613857416,1835805
2019-09-17,1195.61962890625,1224.1063109155227,1192.4342221492207,1223.1961946992287,2210178
2019-09-18,1199.5330810546875,1208.998311197665,1195.2555796055176,1201.4443027426535,2081625
2019-09-19,1183.7880859375,1201.53535167314,1181.3308166595248,1201.3533728740929,1808736
2019-09-20,1284.62890625,1289.133936614801,1173.2306706934926,1187.7015392534538,9975807
2019-09-23,1391.1126708984375,1411.590286269857,1320.578662396881,1321.488778635611,12082820
2019-09-24,1348.1552734375,1387.0171936767038,1342.9221048918039,1387.0171936767038,3831602
2019-09-25,1319.7593994140625,1348.5190473714003,1316.6195431536264,1347.7910211144251,2746428
2019-09-26,1355.9365234375,1360.6236438281794,1325.402193273364,1325.402193273364,3560962
2019-09-27,1340.28271484375,1357.6203627093346,1330.589954582865,1350.6580622906383,2167976
2019-09-30,1341.73876953125,1350.6124022278277,1318.030198759076,1340.60112431374,2961398
2019-10-01,1332.4556884765625,1361.9433649522202,1309.7937725125012,1346.9719976607325,2578275
2019-10-03,1326.994873046875,1342.876355139076,1294.4126710244327,1315.5273208848814,1966976
2019-10-04,1296.824462890625,1341.5111415180324,1292.4558611384132,1332.2280016672792,3266487
2019-10-07,1272.2059326171875,1300.5560750165025,1256.916046819633,1292.3650290576863,2192329
2019-10-09,1298.05322265625,1304.560575667815,1273.3435457511705,1275.0727887406879,1818865
2019-10-10,1297.006591796875,1303.286415880739,1280.579060825437,1295.095369970874,1626821
2019-10-11,1299.3726806640625,1319.6683136512013,1292.5468100762114,1302.3761081619784,2024214
2019-10-14,1295.9598388671875,1310.4762580235306,1290.863210680193,1306.0166666980997,2220364
2019-10-15,1303.5140380859375,1314.9360418046492,1292.9567114895167,1300.6471495929761,1797471
2019-10-16,1296.1873779296875,1312.2055110672359,1288.9519989678622,1310.5672575560257,2446615
2019-10-17,1296.3240966796875,1309.29325362448,1292.5470919112174,1299.6460433097436,2304434
2019-10-18,1317.6661376953125,1326.039161399409,1297.2795147788063,1299.6457944257763,3516394
2019-10-22,1312.8880615234375,1335.868493696586,1309.79364447653,1318.3032080319056,2858390
2019-10-23,1303.1044921875,1318.6674578547868,1291.090891019392,1315.1179822574327,2410781
2019-10-24,1303.5140380859375,1335.1405787202448,1298.144329830549,1328.769764779521,3646005
2019-10-25,1296.9156494140625,1312.1145462696802,1292.4560575929336,1310.5218428405753,2013793
2019-10-27,1305.470703125,1309.6116651875982,1300.4195137617048,1307.5639037319115,398258
2019-10-29,1329.770751953125,1333.1382485377253,1302.376276669097,1306.4717995517042,3351491
2019-10-30,1341.73876953125,1357.8477813719248,1333.3201949216764,1337.8252255437494,3722066
2019-10-31,1340.646728515625,1352.887747109402,1335.3680100546721,1347.8821079509078,2210277
2019-11-01,1319.122314453125,1347.9275116066535,1315.1177813422091,1343.9684176424255,2287220
2019-11-04,1321.6707763671875,1336.050657584272,1319.6685650525847,1326.7675162555859,1459894
2019-11-05,1310.385498046875,1328.4057341949049,1303.2865464412325,1324.2192214189897,2401916
2019-11-06,1322.4442138671875,1335.0947384947706,1308.5193934104127,1310.5671545894588,2434431
2019-11-07,1306.0621337890625,1328.7239354542896,1302.3761192011182,1328.7239354542896,1999085
2019-11-08,1295.0953369140625,1317.8482416384838,1292.3649883471319,1301.4205999881844,2217408
2019-11-11,1289.6346435546875,1302.1487411897454,1281.4891480787717,1291.6368547370296,2097492
2019-11-13,1267.7918701171875,1292.2284679353472,1264.196955556482,1290.9542830321786,2929404
2019-11-14,1256.369873046875,1279.5778363167483,1253.184466323559,1271.432340706394,3000518
2019-11-15,1253.8216552734375,1267.518837972106,1243.4007577079417,1259.2368024406503,3409434
2019-11-18,1241.853515625,1268.5199638809115,1238.895638068546,1263.2412456485893,2733161
2019-11-19,1242.9910888671875,1254.3219901034843,1239.1230953634822,1241.8534437190388,2396206
2019-11-20,1256.6884765625,1268.1103680605713,1242.627114801989,1248.6794096705357,3914075
2019-11-21,1267.518798828125,1290.4537939356076,1260.51094846366,1278.7132726292002,5719318
2019-11-22,1254.7315673828125,1273.2068573168272,1247.7691570875288,1268.4742980968224,2363205
2019-11-25,1256.73388671875,1264.1513556978773,1247.860254092361,1254.5951359463816,2956576
2019-11-26,1240.4884033203125,1255.9603790036913,1237.3485468120716,1255.368781243222,4853977
2019-11-27,1215.4600830078125,1246.8590892704628,1196.0291259895434,1242.3085086526874,7904745
2019-11-28,1228.56591796875,1232.2973722826152,1207.9062129414453,1223.1962100057865,4503913
2019-11-29,1210.9552001953125,1228.8388953238434,1208.6343593581792,1228.6569165162214,2515083
2019-12-02,1213.50341796875,1222.1950721532453,1201.6719073207964,1210.9551592573232,3044008
2019-12-03,1195.16455078125,1213.5944038525379,1192.2522233771535,1213.5944038525379,3068849
2019-12-04,1169.5902099609375,1194.0723559418777,1166.9054118315821,1192.2521236919663,10230371
2019-12-05,1185.1533203125,1194.9826201190856,1169.6359051183726,1177.690411602511,6644324
2019-12-06,1174.778076171875,1191.3421471474908,1167.7701145297508,1191.2056074931181,3302384
2019-12-09,1161.3082275390625,1182.1499099551254,1157.48578408204,1177.6903185231558,3038475
2019-12-10,1164.03857421875,1168.589155040559,1153.2537198906955,1162.2183418900263,2759100
2019-12-11,1150.6600341796875,1172.9123323403958,1142.1959085060691,1167.6336135829297,3949135
2019-12-12,1164.6756591796875,1167.5425474354233,1154.2093228574104,1155.8475764601649,3264836
2019-12-13,1187.974853515625,1190.432123091909,1169.7725274744644,1172.184246796373,3655956
2019-12-16,1185.88134765625,1199.533089954672,1183.1509991965656,1196.3021331714467,3969819
2019-12-17,1199.4874267578125,1205.9037894731382,1186.6093732808292,1191.523911166952,3719446
2019-12-18,1200.7615966796875,1206.7683404317368,1196.4385454121907,1205.6762456034191,2961222
2019-12-19,1193.844970703125,1202.2635458729392,1189.6129079927189,1198.3955518759976,1936623
2019-12-20,1193.6630859375,1208.5434653255004,1189.7950916358207,1194.9827101423296,3297390
2019-12-23,1193.3897705078125,1203.1735188646926,1187.7015447189287,1190.3409037046029,3394916
2019-12-24,1184.06103515625,1200.4431248048377,1181.3306868814855,1196.48414202606,1803814
2019-12-26,1164.3118896484375,1189.2489887310626,1162.2185776065821,1182.8327351298915,3723801
2019-12-27,1182.786865234375,1184.8346264661168,1165.0851514703595,1166.3593362341858,2459664
2019-12-30,1185.244384765625,1189.703865316252,1179.965666308164,1184.8803160619777,2072838
2019-12-31,1181.5125732421875,1192.2519867221497,1175.0963219572657,1183.1508265181637,3043254
2020-01-01,1192.2066650390625,1200.352271642107,1185.881401923939,1190.796051595905,3123998
2020-01-02,1224.37939453125,1226.8366638846287,1193.1623637631662,1194.0724799826653,4335359
2020-01-03,1215.05078125,1224.0608435226698,1210.5911892686531,1224.0608435226698,2059871
2020-01-06,1198.3955078125,1212.274779879438,1195.983677659923,1211.3646636783274,2646905
2020-01-07,1201.8084716796875,1219.1006799052946,1195.665187178485,1208.6343433476902,2077893
2020-01-08,1175.460693359375,1191.0690982510948,1167.997673410899,1184.971363783033,4147568
2020-01-09,1197.849365234375,1201.2623007176446,1187.7925375710765,1193.1622449510528,2067779
2020-01-10,1205.5400390625,1215.8698369361387,1200.4434099585822,1200.4434099585822,2360798
2020-01-13,1214.73193359375,1219.0095459908298,1209.2712369067056,1209.5443161803212,1825244
2020-01-14,1206.905029296875,1211.3646207438896,1196.8937514394875,1210.2725257805316,2046500
2020-01-15,1204.6297607421875,1216.0517633079055,1201.3533646944722,1206.4499931129367,2127677
2020-01-16,1200.7164306640625,1213.0939896258544,1198.9871875440806,1208.3613183975792,1773135
2020-01-17,1186.9735107421875,1206.7685382112847,1184.9712995294087,1201.8994387316236,2941837
2020-01-20,1191.88818359375,1201.2624251312761,1189.0668455216758,1195.8471669447388,2542477
2020-01-21,1185.289794921875,1195.8016813298789,1183.5605519454796,1187.474095992155,1361576
2020-01-22,1177.872314453125,1194.0724268790123,1175.8701032985396,1193.1623106999887,2449753
2020-01-23,1212.5477294921875,1219.4190394167576,1188.6116315237707,1189.5217476275407,10056067
2020-01-24,1237.0299072265625,1244.9024346565477,1212.2747907731653,1212.2747907731653,5837319
2020-01-27,1227.382568359375,1242.2175054476356,1219.555592003462,1219.555592003462,2510013
2020-01-28,1225.60791015625,1233.207357631246,1217.735383402662,1229.4759037133958,2352852
2020-01-29,1242.9456787109375,1251.3642537560715,1230.5681203236722,1231.4782365447677,3678474
2020-01-30,1247.0411376953125,1253.0479933247489,1231.3871839352541,1243.1731439542002,2743506
2020-01-31,1246.2222900390625,1253.230141087352,1238.1676719313073,1252.2744745361395,3939306
2020-02-03,1171.0010986328125,1186.7006039902346,1157.6678733125261,1174.0499658594015,5767353
2020-02-04,1175.6424560546875,1189.7948056548944,1171.8200129263632,1179.5104494266498,3604309
2020-02-05,1192.2977294921875,1205.9039217549873,1178.6004367341195,1181.2397958391032,4220104
2020-02-06,1199.169189453125,1205.9040721511901,1191.3877619106038,1203.9928501810014,2354458
2020-02-07,1182.240966796875,1196.2567787691435,1179.5106181437643,1195.028144094878,3053804
2020-02-10,1169.7723388671875,1185.3807420523297,1158.6688551134316,1183.1510019110704,3039992
2020-02-11,1171.228515625,1182.1953487605954,1168.5891565253644,1175.87008584951,2200796
2020-02-12,1180.6939697265625,1183.0146997295508,1164.9489126398896,1173.2309490960517,2568696
2020-02-13,1176.09765625,1183.0145171315464,1169.4993138179532,1182.240940583285,1545536
2020-02-14,1178.7371826171875,1187.6562559589688,1174.5961088918782,1178.6006429485606,1780119
2020-02-17,1165.130859375,1181.1944345178688,1162.218531612894,1180.420857871514,2155085
2020-02-18,1170.7279052734375,1173.8678726979529,1152.6165713912617,1166.313864097928,2347917
2020-02-19,1166.2230224609375,1182.241046756244,1161.8544198812272,1181.330930476986,1820353
2020-02-20,1165.4947509765625,1173.0487596650312,1160.6712019100678,1164.857714093607,3034681
2020-02-24,1146.4732666015625,1157.5767502602998,1140.0570144203887,1157.5767502602998,3414064
2020-02-25,1130.409912109375,1151.8886329975173,1128.6806690463177,1148.7486653334513,3133077
2020-02-26,1102.287353515625,1126.7239533868099,1097.6002324592025,1123.9936045498466,5721483
2020-02-27,1101.5592041015625,1107.5659492580744,1092.1395229358761,1103.379436639789,4003149
2020-02-28,1080.8084716796875,1088.9084164860046,1057.5549597519018,1082.7196933632213,6286647
2020-03-02,1056.553955078125,1103.3793907366846,1047.1342743043188,1096.6900586566294,3177486
2020-03-03,1075.120361328125,1080.1260006601226,1057.6006236661335,1061.1955383834804,3134527
2020-03-04,1070.8883056640625,1081.0815632046315,1053.9146154154992,1078.4877541168967,3135151
2020-03-05,1076.1668701171875,1080.5354723727446,1061.3774816766256,1074.0281192392633,2625152
2020-03-06,1054.7337646484375,1059.3753353931534,1029.2049589052335,1044.8134751128352,3956575
2020-03-09,1002.9025268554688,1033.710049862893,971.367088627184,1033.710049862893,8038295
2020-03-11,1016.5542602539062,1020.1947251079935,988.2042290812386,992.0266727387619,5628125
2020-03-12,925.1786499023438,973.8699241461829,913.847691638327,973.8243738950493,9200130
2020-03-13,956.9415893554688,965.1326347728948,810.003380167686,864.610349617193,8117911
2020-03-16,881.6295776367188,948.341084258317,875.4407985613567,923.0853596055643,6671806
2020-03-17,870.753662109375,914.6667681420662,855.6457556213883,884.6329339642671,4720207
2020-03-18,823.2455444335938,887.1357086572758,819.1045271008446,880.9924247040195,5586097
2020-03-19,767.3189697265625,804.5427456771891,762.4043754240495,795.3505939925933,7251950
2020-03-20,786.9774780273438,798.8999778576925,756.5795751611909,772.6886427812889,6130185
2020-03-23,658.9696044921875,737.148606036746,642.5420186658586,736.283984561869,7308612
2020-03-24,653.2941284179688,697.4530590820982,620.1633552142507,696.7609124802966,7110384
2020-03-25,706.6815795898438,715.218053127168,610.0117846671717,643.419400478646,16122446
2020-03-26,773.3583984375,777.3266939898522,695.9764380220297,726.9845803927693,9028497
2020-03-27,772.481689453125,821.347247642904,749.3640057146495,800.9520182940443,6573448
2020-03-30,737.0438232421875,752.1325957300077,729.9839057944001,739.2125266009033,4474168
2020-03-31,746.1339111328125,759.5154098482433,730.1684101377381,756.7468239071196,8045468
2020-04-01,714.6181640625,749.7331080714645,707.4198517591988,744.6111789321101,4104403
2020-04-03,714.8951416015625,730.0761779427819,703.9591920227468,730.0761779427819,4268480
2020-04-07,739.8124389648438,750.2869014668081,729.9839348834504,742.9040045274053,5768998
2020-04-08,744.8419799804688,767.8212688506833,736.1671100180388,741.9811299951315,6151091
2020-04-09,750.1021728515625,769.9898363742001,742.3501663591657,769.9898363742001,6410296
2020-04-13,798.6909790039062,805.1048815695405,745.626410692665,750.102269141149,9462711
2020-04-15,812.2570190429688,855.1239142619696,801.9670851207923,822.2239174660612,10435477
2020-04-16,841.3271484375,848.8484397947313,803.028376183754,808.3809644140532,6980512
2020-04-17,860.9381103515625,867.4904089950732,845.3417177015818,858.261787622785,5827648
2020-04-20,844.9724731445312,870.2589159260032,840.7273302318016,868.2286081441209,4958362
2020-04-21,803.2129516601562,836.6667005134022,796.4299382165855,827.8072474858368,5122305
2020-04-22,786.832275390625,817.1944637689833,784.4328562435187,805.6586864712845,6090168
2020-04-23,775.7578125,802.4285481314427,770.5898075787862,793.6613587038996,6321888
2020-04-24,785.5401611328125,801.9670937908561,769.8053749883975,773.358371227546,7960368
2020-04-27,789.2777709960938,807.412032872212,786.509184836505,795.4609580179145,4224177
2020-04-28,791.0311889648438,800.7673718380129,786.3706907847579,797.1681874929425,3772704
2020-04-29,807.8273315429688,814.9333811089045,788.1242478768606,795.5071448124752,4837925
2020-04-30,828.3148803710938,846.0799760916693,815.9023736541681,821.531866354051,6332497
2020-05-04,785.0326538085938,812.1186334267295,779.8184605063482,812.1186334267295,4678576
2020-05-05,772.34326171875,802.7053889564475,770.5898013166791,794.5842142918092,4296433
2020-05-06,772.7123413085938,782.5869759736668,754.5319486438003,773.3583559739774,5081524
2020-05-07,759.3770141601562,771.5588044670894,756.8391435265047,768.7440864842636,3529134
2020-05-08,753.00927734375,770.4513357454385,747.518237053078,768.7440635373011,4394509
2020-05-11,758.2234497070312,763.668358418714,753.378423868121,757.8543386774278,2882920
2020-05-12,751.9480590820312,756.0548068632042,741.981159252995,753.9783670518618,3024381
2020-05-13,796.3377685546875,804.6896597131025,784.8942554100178,797.0760470063034,8625444
2020-05-14,804.4127197265625,811.7494278832107,776.5884066887219,792.6462287161273,6778584
2020-05-15,797.7219848632812,816.7329207129053,788.124196936521,813.918202703538,5653901
2020-05-18,750.6098022460938,802.8899582663148,747.518237006569,802.7976945950263,6211249
2020-05-19,734.921142578125,769.4823362800591,730.629868007723,763.2991495186659,5533176
2020-05-20,770.58984375,776.1270162799401,738.2896706586826,738.2896706586826,5949898
2020-05-21,757.208251953125,779.8183703843883,754.993360678028,771.4664807598776,4701930
2020-05-22,752.7786254882812,762.7455248929826,747.6105639371909,752.1326107535159,4607479
2020-05-26,761.8687744140625,777.6958815241286,757.6697632400749,758.5003616380201,4335209
2020-05-27,785.2171020507812,791.077309486408,763.206866109157,767.7750442273316,5159287
2020-05-28,835.651611328125,841.6502148329652,789.0470764059048,789.0470764059048,11481079
2020-05-29,860.3381958007812,865.1832218431026,822.2701340396848,824.3004419323498,10166556
2020-06-01,856.554443359375,899.0060981114235,852.7245432802803,871.7816673465228,7617144
2020-06-02,872.5199584960938,879.4875558843358,842.6192047893607,862.8760385643799,7325471
2020-06-03,887.147216796875,897.8062614808293,881.3331975444476,882.2099276974624,4651554
2020-06-04,858.90771484375,893.3304577885862,856.9696707568755,886.9165553231487,5355931
2020-06-05,881.56396484375,885.8552958660805,864.3525652448035,867.4903187156503,6071040
2020-06-08,887.1934204101562,918.2477513145716,875.7960964799281,903.9433893594199,9858804
2020-06-09,879.764404296875,895.4069277240148,876.4421233597086,890.1004707959931,5117749
2020-06-10,873.5350341796875,885.4861086097584,863.5220037887519,883.1789535586646,5175923
2020-06-11,858.6770629882812,878.5647302274992,856.6006232372184,871.1818333348311,3602957
2020-06-12,854.9393920898438,858.1694091380482,821.3471922577064,821.3471922577064,5411314
2020-06-15,830.4835815429688,857.7541438621936,825.1309365899456,850.6942266470357,4982324
2020-06-16,826.0076293945312,853.3705104757772,822.4085013578065,849.0330477706739,4661460
2020-06-17,816.5484008789062,830.3452009797081,813.1337997345054,823.839034232437,4681085
2020-06-18,827.4843139648438,830.575879429686,806.5814651350506,808.427189311561,5869802
2020-06-19,828.9147338867188,845.2494040147361,826.0538276343364,832.4215985353194,5409996
2020-06-22,837.4511108398438,845.3415694640871,826.8843299561377,835.1900877347149,6839642
2020-06-23,892.9613037109375,895.1761951782729,838.881609708299,839.804471765184,14580218
2020-06-24,881.8408203125,913.5411655154479,878.564671301519,903.4819466430536,11985132
2020-06-25,870.3511962890625,890.3773144873403,864.0296136359959,876.6267034310339,7508087
2020-06-26,887.977783203125,900.8055305646061,867.9516675404551,881.333165870425,6554103
2020-06-29,864.3526000976562,882.348410626436,858.2617329110356,876.7189744790148,4575801
2020-06-30,870.85888671875,878.7032149607861,859.5538254287566,875.5193292912585,3656480
2020-07-01,853.00146484375,868.4132738490931,846.2645824863107,868.4132738490931,6426017
2020-07-02,868.6901245117188,877.3650511924371,854.570344979941,863.7989664160094,6542705
2020-07-03,871.4125366210938,881.7024715515098,868.9669295289401,874.8732694909154,3928063
2020-07-06,877.8263549804688,885.486098396345,873.6273441013162,879.5797590028592,3900219
2020-07-07,870.8126220703125,887.7010429227386,867.4903411668686,881.3332721429356,4051767
2020-07-08,868.6439819335938,890.0082628248459,865.6446800039425,872.058583088142,5227021
2020-07-09,872.0585327148438,878.5646991056294,867.4903541589198,872.1046645533821,3777760
2020-07-10,860.245849609375,878.5646380719767,858.7692365895083,867.4902938945988,4537688
2020-07-13,856.554443359375,871.9200628592789,853.6474053401074,867.4903362375146,3821300
2020-07-14,842.4808349609375,862.8299330329002,835.9746120839621,856.4160301622911,3646237
2020-07-15,841.8347778320312,853.647400870564,839.1584553417333,847.2334983229413,3229770
2020-07-16,850.0943603515625,852.7244945409268,829.1453815254656,842.5730124630586,3134451
2020-07-17,854.1549682617188,858.2155838560275,847.1873709749884,850.9710828897074,2040517
2020-07-20,848.6639404296875,860.0151889976346,844.4187974215499,857.3388664531365,3035845
2020-07-21,865.690673828125,869.6128372646663,849.5867209232741,855.4930601585229,4756570
2020-07-22,849.8637084960938,868.413213696742,839.8044893347877,866.7520732250025,4977432
2020-07-23,845.84912109375,865.5983896367641,841.0502276197722,841.6501104266534,9075059
2020-07-24,834.636474609375,843.9573589405636,828.7762666969484,843.8650952648213,6059379
2020-07-27,834.082763671875,844.4188305682814,827.1612978475448,837.9587957989065,3615970
2020-07-28,843.034423828125,846.264440777658,829.6529250372024,838.6969612304898,3793721
2020-07-29,850.8327026367188,868.274762085164,846.4952396120575,848.6639429608726,7245021
2020-07-30,838.189453125,860.7534414109467,834.4518731047947,857.3388405759703,3364408
2020-07-31,842.9883422851562,851.7093998345805,837.0820026942687,843.4036414688486,2943858
2020-08-03,845.2493896484375,848.8023860753749,833.852009325412,842.5730671234762,3583167
2020-08-04,852.9552612304688,858.2617180896251,845.8953439218227,847.1873733400815,3860346
2020-08-05,861.799072265625,869.9446211528236,857.1910075313846,860.1234278583121,3007723
2020-08-06,858.4476928710938,869.199804903909,856.678922571828,862.0782459007172,2188023
2020-08-07,852.396728515625,862.8229847094696,850.9537573859309,858.8200409758862,2461109
2020-08-10,893.7294311523438,902.9920933707892,861.1007075958556,861.1007075958556,11861641
2020-08-11,895.4517822265625,912.0221433745769,890.9833217121371,902.6198192625455,5427516
2020-08-12,884.1409912109375,889.9592393763162,879.7191226052497,886.2355605504738,3672458
2020-08-13,922.26220703125,925.0084316555586,885.8166761172005,890.8902001148499,8816193
2020-08-14,914.9080200195312,946.7454903508496,906.1574074940223,930.8733182234847,13443785
2020-08-17,931.6644897460938,937.4362036547057,919.4694635482282,932.7816048282176,4735094
2020-08-18,935.1554565429688,938.3671411577219,926.6375746207841,936.4587669665549,4362050
2020-08-19,939.3910522460938,954.1461068531491,935.9466947902445,946.9780705746911,4914223
2020-08-20,926.96337890625,935.5743869452988,913.2323120331722,917.8869109731986,4791040
2020-08-21,925.4739379882812,940.2289940284209,923.4724376992015,940.2289940284209,2806380
2020-08-24,922.8673706054688,932.2231605533995,921.6106515354558,927.1961706356707,2026255
2020-08-25,912.673828125,930.8267648908615,910.2534024649159,924.4033953077138,2914757
2020-08-26,902.0146484375,919.7486572360281,898.3375042841772,918.8177375424693,4482066
2020-08-27,908.2053833007812,912.3014533699778,898.6169202056604,907.8795840806845,4466609
2020-08-28,914.0236206054688,935.2951730042106,910.6257972866115,919.7488003391636,7821191
2020-08-31,879.6726684570312,926.6375833081312,875.4369947689179,919.8418233742221,8489726
2020-09-01,889.2146606445312,899.2685837575559,878.1366915953446,898.2911292694134,5099949
2020-09-02,889.5404663085938,893.4968757378308,882.512032686305,890.3783169152621,2107714
2020-09-03,894.7536010742188,903.923138505572,887.4458464501995,893.6830205616365,3278899
2020-09-04,877.391845703125,890.0989227477372,875.0645463776525,882.5119042191644,3130721
2020-09-07,867.7568359375,885.071919926382,852.9551897265817,881.7206316765437,3470806
2020-09-08,853.3742065429688,871.3409476248855,849.8832572335741,871.3409476248855,3738931
2020-09-09,846.6715087890625,863.8935240860363,838.7586909499124,844.8562039210204,5656245
2020-09-10,857.33056640625,859.2389405550922,848.998823170362,854.3050771789434,2948599
2020-09-11,854.0259399414062,857.8892234394162,848.9989497482549,856.4463089565729,2632298
2020-09-14,839.78271484375,859.5647602637586,838.7587258083657,858.6804319235788,5006356
2020-09-15,847.0905151367188,851.9778442699767,837.827851415634,847.1370497646966,4488829
2020-09-16,858.1218872070312,860.1699221950727,848.3937636279624,851.7916437321336,3596197
2020-09-17,843.692626953125,854.5378656537281,842.5289771706069,851.7916408032181,4512652
2020-09-18,838.4794311523438,850.9537217253796,835.035016709619,848.2540885385768,7496145
2020-09-21,820.9315795898438,841.3652799833394,813.9031466632026,838.7587159811271,4597697
2020-09-22,797.332763671875,826.6102010922444,793.1436248084501,826.6102010922444,5089087
2020-09-23,801.1495361328125,813.344619284153,795.517482854347,806.3627209673361,3709291
2020-09-24,791.9334716796875,800.4979450569803,784.765377978513,796.8673351715388,11609426
2020-09-25,827.8204345703125,833.5456140845855,793.1436719189276,800.6840995934394,4961967
2020-09-28,840.4808959960938,854.1188934251848,831.3113589413515,835.9659578156031,3853608
2020-09-29,833.5921020507812,849.7900716201597,830.752808175176,847.0904384346795,3362381
2020-09-30,839.3171997070312,842.0168896318353,823.0261045510808,835.7797161226482,3582787
2020-10-01,840.4343872070312,850.4883097207172,838.479478347283,847.0904865293609,2506154
2020-10-05,834.9885864257812,845.7872341600541,833.2198159501905,845.2287049671517,2788003
2020-10-06,830.93896484375,842.0634674706546,826.8894865675471,838.8052482722461,3497325
2020-10-07,826.5636596679688,833.1731670927923,815.5322266604131,833.1731670927923,5073845
2020-10-08,820.1868286132812,832.2422506548784,818.3249891263575,828.7978362403031,3918217
2020-10-09,845.6941528320312,851.7451318837608,824.4226000742633,826.0983012667364,9668150
2020-10-12,843.1806030273438,861.7989988987729,839.7361884273624,853.6069160791111,6188905
2020-10-13,834.5230712890625,852.4432775510536,827.4480466735463,845.2286490559662,4548652
2020-10-14,851.977783203125,853.6534274220843,825.9120296940537,835.035032058462,5286914
2020-10-15,827.4014892578125,855.5152779829336,824.2363960965102,849.9297593018699,4927777
2020-10-16,832.3352661132812,841.0859338638566,828.0530582976209,832.2421968724823,2373435
2020-10-19,840.5275268554688,843.4133555652988,822.9331195581944,836.8969168357656,5800391
2020-10-20,853.9327392578125,870.8754913403335,849.9297953968193,855.5153143150898,13188572
2020-10-21,860.5888061523438,866.6863193771054,845.8802849208816,861.0542660445979,6390783
2020-10-22,871.6201782226562,874.13367299119,856.5858578743319,858.3080367389534,6151367
2020-10-23,876.228271484375,882.9774401093542,863.893583997344,875.0646217214476,5102184
2020-10-26,886.0028686523438,892.984766750471,877.8573208711954,884.2340984066186,6975809
2020-10-27,914.1167602539062,917.8869742916406,889.168119578104,893.6830581338489,9638520
2020-10-28,914.95458984375,925.9394899850323,906.9021668981296,921.5641551445535,7369181
2020-10-29,869.944580078125,892.5659205558754,862.0317615327382,885.3978265098164,11852038
2020-10-30,865.2899780273438,881.3948796489158,860.3561143146777,875.9955560233786,4797473
2020-11-02,865.103759765625,873.1562387723686,857.051337577717,865.7554149901374,3682174
2020-11-03,882.279296875,887.0735568791447,868.08276901708,879.6261980028587,4049112
2020-11-04,891.8635864257812,902.1122117719915,882.5165259581744,886.5495315875531,3369408
2020-11-05,909.1817626953125,910.7949764875862,896.08636811594,903.393236761754,2889134
2020-11-06,911.6964111328125,918.1017723351508,901.5901514015842,910.0357619322064,3419233
2020-11-09,916.5360107421875,924.8392568950168,913.2622057370081,921.423087359678,3040456
2020-11-10,980.9218139648438,983.9584994614313,921.9925079995368,925.2189356606641,12149416
2020-11-11,1005.3569946289062,1008.5360443873922,969.1074407328989,986.9001110033928,10254627
2020-11-12,1018.4050903320312,1020.9198112373374,998.7145325740713,1001.039511305952,6743163
2020-11-13,997.81298828125,1013.6129032746418,985.0971362568682,1010.6712048409726,5025096
2020-11-14,1005.119873046875,1013.2808714068891,1000.1854182671685,1005.926566860807,911852
2020-11-17,1025.7117919921875,1040.8473758844723,1006.8753098297506,1008.725701045983,7611327
2020-11-18,1089.5283203125,1095.3168462130986,1024.0512898696118,1025.7119391924386,13436421
2020-11-19,1076.3380126953125,1116.9053038945406,1051.1435434049201,1067.607788175824,10841151
2020-11-20,1074.487548828125,1101.7221499553355,1061.3920970930599,1081.7943591292699,7009257
2020-11-23,1068.3668212890625,1089.2435549374572,1065.5199939733723,1080.6556953710785,4998877
2020-11-24,1077.524169921875,1085.5901808812198,1070.6918305031584,1077.0496986889723,4623887
2020-11-25,1059.0198974609375,1089.1963172182975,1055.651105036258,1083.2179327523836,4651911
2020-11-26,1061.7242431640625,1077.0021935300063,1045.3076081866045,1072.3049747103823,7360928
2020-11-27,1065.0931396484375,1081.60476316057,1036.2452630052896,1071.3561373012565,18995549
2020-12-01,1058.9722900390625,1081.7944024969968,1054.4648133619917,1081.7944024969968,3551604
2020-12-02,1056.884765625,1074.250460634328,1047.7274468450835,1062.8631500282672,4434968
2020-12-03,1067.7027587890625,1079.3746829300756,1063.1004104792344,1077.04981996216,4087608
2020-12-04,1090.8094482421875,1102.6712299760086,1071.1188905640445,1072.3050687374266,6542918
2020-12-07,1109.97802734375,1112.0657704054886,1085.5902507382973,1095.8388763635685,5484461
2020-12-08,1111.5911865234375,1122.124424336989,1089.4334039334562,1114.9598626499057,4982626
2020-12-09,1120.7010498046875,1124.4968196600803,1106.7990195417713,1117.854222413143,4304573
2020-12-10,1129.57373046875,1132.8001582755696,1110.3102663898119,1121.6500834192445,4921373
2020-12-11,1133.3218994140625,1154.67310237335,1121.6498621279095,1127.343516250386,6689415
2020-12-14,1185.8460693359375,1199.3685005429952,1136.9280350202332,1136.9280350202332,9723233
2020-12-15,1182.6195068359375,1188.0759258243481,1154.0088693204711,1186.1780409588139,6953407
2020-12-16,1203.496337890625,1212.7485273599202,1183.378803020677,1192.1090277745693,5729223
2020-12-17,1213.5078125,1218.4422675600163,1190.0214837444623,1205.1570714962777,5345257
2020-12-18,1216.1173095703125,1234.5741948960504,1205.1569773389579,1218.3946789045665,10315248
2020-12-21,1171.8013916015625,1270.159285474705,1095.079428791789,1211.087626512583,21153346
2020-12-22,1198.2294921875,1203.258933116835,1151.5890670637325,1172.1810702938253,7998730
2020-12-23,1200.2225341796875,1206.390660500837,1184.612360371999,1203.2591038796313,4057070
2020-12-24,1197.755126953125,1215.59529154032,1189.4993738843023,1209.901636779007,3277840
2020-12-28,1223.5665283203125,1225.0848132094202,1201.8357210919678,1209.9017326429207,3405825
2020-12-29,1219.248779296875,1228.9280625482945,1202.9743918360186,1228.8330756256871,3778319
2020-12-30,1226.0810546875,1230.1614374397623,1206.1057711512165,1222.427533835652,2866392
2020-12-31,1221.8582763671875,1237.4209557263787,1216.5442218107496,1226.982588768564,3889877
2021-01-01,1230.7783203125,1233.5776541199975,1217.4931264155261,1217.4931264155261,2058419
2021-01-04,1247.479736328125,1255.0238983972995,1235.523084484525,1238.3699118681297,4014636
2021-01-05,1239.603515625,1245.9613834323409,1228.9279135201914,1240.2677289764429,2833637
2021-01-06,1246.9105224609375,1262.0936034041454,1233.6253266356307,1241.2168671072345,4615963
2021-01-07,1270.58642578125,1278.0357165589664,1257.3487251608626,1262.093437331281,4270598
2021-01-08,1303.277587890625,1312.3399188125748,1278.2254839682503,1280.882569171268,4984995
2021-01-11,1281.072265625,1314.2377568333236,1276.3275535300925,1311.4384230324074,3252470
2021-01-12,1280.882568359375,1297.061967667329,1275.4261492590344,1284.8680803236734,2836161
2021-01-13,1283.4447021484375,1302.8980229573417,1275.6634201599577,1284.8681158661623,4389762
2021-01-14,1306.314208984375,1318.7453324398107,1287.0032524742383,1288.6639018322694,5168591
2021-01-15,1285.010498046875,1313.810879496686,1276.375144541668,1306.4090817278195,2587576
2021-01-18,1267.8345947265625,1284.7257006749871,1258.44004139243,1276.517325392192,3185998
2021-01-19,1299.908935546875,1311.4386107554299,1268.736195788719,1271.6305169159928,3885798
2021-01-20,1312.05517578125,1321.9241994819545,1292.981457533726,1299.102089413931,3957992
2021-01-21,1301.284912109375,1324.7237458039167,1291.5582513683362,1323.7748032925958,2985423
2021-01-22,1292.554443359375,1304.7958237093515,1279.6488496524075,1292.4595722851902,3282665
2021-01-25,1291.7952880859375,1325.103141937025,1273.480654102443,1300.051040328127,4847989
2021-01-27,1290.41943359375,1321.5921715061868,1262.188394259523,1298.9125384591082,8896211
2021-01-28,1276.6597900390625,1295.4014047198743,1271.5829707487642,1276.042954236456,2962948
2021-01-29,1266.553466796875,1299.1022398124285,1257.4436422637589,1292.4596425306995,5130876
2021-02-01,1374.8751220703125,1387.3537373349468,1268.9256838730569,1277.039187427158,11317043
2021-02-02,1442.582275390625,1511.6653325279894,1398.741180255026,1398.741180255026,14349665
2021-02-03,1450.506103515625,1478.452413782529,1428.1584613239447,1451.882023804409,6197782
2021-02-04,1451.692138671875,1470.8607289332165,1432.903032702682,1447.1371687891324,3957579
2021-02-05,1439.0712890625,1468.0140350673837,1433.9469764383562,1456.0573828361862,3270494
2021-02-08,1472.56884765625,1489.8395528252613,1442.3924333085333,1443.4837402249568,5223019
2021-02-09,1486.4708251953125,1494.1098581024626,1466.1160563787264,1477.5033655544835,3825206
2021-02-10,1473.5654296875,1484.1461623886964,1450.648443718367,1480.3503921524082,2578777
2021-02-11,1452.3565673828125,1480.2555014167745,1448.6082906593142,1470.2916046787675,2720190
2021-02-12,1443.6734619140625,1465.1670299181596,1438.69151443539,1456.6265485261495,1867284
2021-02-15,1459.141357421875,1465.1671187127718,1443.673549406084,1449.0350973279808,1917477
2021-02-16,1470.3388671875,1493.6354512146524,1460.4224646882785,1461.3714071604606,3838556
2021-02-17,1469.2950439453125,1486.992844102329,1454.7288002609255,1465.1671673860853,2340184
2021-02-18,1446.757568359375,1471.9994131799087,1437.7901089618485,1463.458931529809,2446843
2021-02-19,1431.7642822265625,1468.013834122567,1422.3222362213498,1446.0457952731044,3044240
2021-02-22,1378.05419921875,1434.753511415308,1373.214615822233,1433.7571913312122,6168108
2021-02-23,1410.413330078125,1421.515911355093,1385.4560951791962,1387.3539802410853,3733776
2021-02-24,1448.655517578125,1453.7798299635524,1410.7926907450849,1410.7926907450849,2380414
2021-02-25,1429.5343017578125,1461.9407094634205,1425.311554207259,1455.6777124859755,3168105
2021-02-26,1368.8494873046875,1417.2455523671063,1361.8747834485264,1406.332714166757,5579058
2021-03-01,1397.6497802734375,1410.128395908131,1364.7689031905443,1381.6601241199455,2494481
2021-03-02,1409.79638671875,1413.5921565529673,1383.7004691085065,1403.7706252744706,2089473
2021-03-03,1420.4720458984375,1432.903169432596,1405.7159437456878,1417.245618243432,2184001
2021-03-04,1387.9232177734375,1418.052140855535,1383.558105628296,1397.792242517476,3530366
2021-03-05,1388.8248291015625,1401.777801434139,1365.623115692929,1379.3827818130576,3306902
2021-03-08,1437.837646484375,1447.1373294282434,1394.9454913177165,1402.5370314065203,4150049
2021-03-09,1431.2899169921875,1454.06453536769,1415.6323668590294,1447.1372092767283,3779948
2021-03-10,1446.3780517578125,1456.389441049776,1430.5307590047482,1445.239367140452,2210547
2021-03-12,1436.698974609375,1485.0950431067847,1426.402971439723,1448.3710139350108,4885349
2021-03-15,1407.993408203125,1450.078984128294,1388.5875807739249,1442.3925731887111,3181450
2021-03-16,1387.1641845703125,1420.566914036215,1382.6092142623681,1412.311160670486,3233903
2021-03-17,1364.2471923828125,1416.7236425182123,1358.6484085305635,1400.6391136658717,5178384
2021-03-18,1355.1846923828125,1394.660675214078,1347.4982816900083,1381.233232189934,3381940
2021-03-19,1339.195068359375,1349.2538354307069,1308.212073371155,1342.753602641995,9920812
2021-03-22,1328.5670166015625,1345.0311460957994,1321.1652186375522,1337.0600057894135,2964175
2021-03-23,1332.6473388671875,1344.177013082346,1326.716448410594,1330.3224761432846,2564844
2021-03-24,1299.2445068359375,1335.1619534174024,1290.6091541853539,1328.5193566342314,4237815
2021-03-25,1301.0948486328125,1318.0809400705177,1291.5105539495858,1291.5105539495858,3894604
2021-03-26,1326.90625,1336.1109452622527,1311.4384420116712,1315.518940807424,3093766
2021-03-30,1350.8671875,1355.2796776027697,1324.2967966091865,1336.111084795196,2801282
2021-03-31,1346.4544677734375,1358.5059905739513,1338.3884569346537,1350.9144509609785,2400871
2021-04-01,1370.84228515625,1373.92634822011,1347.9727945271668,1358.8856330608257,1380763
2021-04-05,1332.12548828125,1365.528216954364,1310.8691537448574,1365.528216954364,2548649
2021-04-06,1329.4683837890625,1343.9872497329748,1322.1615731968232,1334.1182250012614,1824079
2021-04-07,1332.4576416015625,1344.8412717895433,1318.3183751091146,1330.4173920482122,1841308
2021-04-08,1346.691650390625,1361.5426223416202,1338.0088041324389,1338.0088041324389,1644834
2021-04-09,1332.4100341796875,1344.6514146150707,1325.7674372126405,1341.8045873434792,2015002
2021-04-12,1276.469970703125,1322.778293156595,1263.9913542113509,1322.778293156595,3755497
2021-04-13,1303.5621337890625,1311.4384020758264,1278.462653543167,1278.462653543167,2063654
2021-04-15,1304.4637451171875,1320.073801881858,1288.7587014385897,1308.5441280965692,2625838
2021-04-16,1289.755126953125,1322.1615341064485,1286.10172176502,1291.036176066136,3752588
2021-04-19,1243.5416259765625,1277.4663196200754,1239.3188782776967,1271.5829225820166,4157065
2021-04-20,1263.516845703125,1271.0608916874894,1250.4213938324065,1252.6040077567593,2989204
2021-04-22,1268.5462646484375,1271.1083628297008,1240.504969995615,1243.11456163263,2398100
2021-04-23,1255.35595703125,1275.9954547722248,1247.3373240384592,1262.0934250803043,2062964
2021-04-26,1267.692138671875,1272.7214637438335,1255.4507588982988,1262.1408489599312,1431562
2021-04-27,1310.1573486328125,1317.5590298553095,1267.6921762034706,1270.6338744779641,4303909
2021-04-28,1305.64990234375,1328.4718981032781,1302.423474939566,1314.1428906904262,3220346
2021-04-29,1289.2806396484375,1318.6029835382085,1284.3935630271928,1313.2888133261574,2221346
2021-04-30,1272.009765625,1295.3063473650677,1267.8818894437927,1281.0722116797374,1968093
2021-05-03,1273.955322265625,1282.30606270569,1251.7975377796083,1257.82329956282,1653245
2021-05-04,1269.3052978515625,1281.9262777763179,1263.0423013430197,1281.0722064711322,2029558
2021-05-05,1270.3017578125,1277.9881680298072,1256.399728584715,1273.670433805711,1813150
2021-05-06,1271.488037109375,1287.287952382395,1267.5499026963244,1275.378678063904,2333882
2021-05-07,1274.14501953125,1290.466899663873,1270.633978695925,1278.225518523832,2362325
2021-05-10,1323.7747802734375,1327.4281857109518,1278.2255405220933,1278.2255405220933,3929224
2021-05-11,1312.956787109375,1328.4245958089507,1305.8397185367553,1309.5406173620584,1975828
2021-05-12,1314.5701904296875,1352.2431641772948,1306.6939207523753,1309.540748466433,4283174
2021-05-14,1343.22802734375,1351.1991670282011,1303.8944094376445,1322.8257648302279,4558155
2021-05-17,1315.9459228515625,1367.4260499939437,1298.3429943323135,1359.8345105075095,9620003
2021-05-18,1344.9361572265625,1349.3961403285743,1325.6725794929805,1333.2641189603705,3312380
2021-05-19,1331.793212890625,1361.7323930235395,1328.5194078278435,1341.804601906122,3215258
2021-05-20,1337.771484375,1354.0932465387714,1330.0850744704064,1338.7679201823892,1996254
2021-05-21,1345.6478271484375,1351.9582014874895,1335.2568382847915,1342.7535064707895,2185322
2021-05-24,1369.5611572265625,1383.5580580192816,1338.0088215412807,1347.4982458075308,5035538
2021-05-25,1376.8680419921875,1387.306409249226,1368.469924230202,1385.4560177523783,2892219
2021-05-26,1397.6973876953125,1401.2084285003984,1378.6236672095106,1384.4121931108948,3230579
2021-05-27,1407.1392822265625,1409.1795316520502,1387.1166197928512,1400.5915561846793,3747221
2021-05-28,1402.6318359375,1423.0815924164915,1398.6463239150676,1411.1723181321724,2315923
2021-05-31,1392.7628173828125,1400.6390862217154,1383.1311439790254,1397.1280454165392,2405318
2021-06-01,1399.358154296875,1416.2967556440703,1388.3029504236347,1391.102284610593,2077742
2021-06-02,1395.94189453125,1399.3105708639796,1380.7588147099395,1393.3323026869623,2469417
2021-06-03,1433.709716796875,1437.6478512400902,1397.9820094054467,1404.5297356578435,3025466
2021-06-04,1459.0465087890625,1468.2512042092442,1439.4508240497523,1441.3960865675735,5677538
2021-06-07,1478.262451171875,1489.365030421977,1462.0829376378854,1466.5429203840347,3131245
2021-06-08,1470.0543212890625,1502.1760022763237,1467.1126226580848,1481.2992669319908,3945382
2021-06-09,1441.7283935546875,1475.6055946333738,1436.0347385271632,1470.860882110437,3025732
2021-06-10,1442.1077880859375,1455.6777113916178,1437.6478049271843,1447.1372293821491,1584311
2021-06-11,1426.6875,1449.1775058810458,1422.1326456791435,1443.3414865646737,1909384
2021-06-14,1438.3594970703125,1441.9180312045785,1402.5369201187016,1426.68745877484,2005404
2021-06-15,1433.662109375,1445.903372683945,1428.9647753687825,1442.3923324203645,1831871
2021-06-16,1414.7783203125,1438.5967526136956,1412.0263640429941,1428.964963589276,1504791
2021-06-17,1411.5992431640625,1423.2711646002383,1404.6719176539327,1405.383624418493,1675778
2021-06-18,1400.6390380859375,1414.8256811948852,1385.5508301585287,1411.599369576771,4649835
2021-06-21,1392.14599609375,1394.3759875691562,1373.3568902138563,1385.455905829836,1970012
2021-06-22,1422.654541015625,1427.9687116534824,1394.5184887318494,1395.0403376010522,3862264
2021-06-23,1403.7230224609375,1430.056173634364,1400.7338307818206,1428.158288865108,1818874
2021-06-24,1427.2569580078125,1435.9396888753022,1406.3327303606848,1413.9242700657358,2762042
2021-06-25,1446.0460205078125,1451.2178266892647,1430.530833638873,1433.3776611685025,2099002
2021-06-28,1437.1258544921875,1449.9365776333727,1433.235213594627,1448.0861861813935,1173658
2021-06-29,1433.757080078125,1451.6921144149073,1427.1144833487756,1435.749835929391,2174022
2021-06-30,1423.9356689453125,1445.6189812058774,1419.1434631392492,1438.5967837640267,2139362
2021-07-01,1416.1068115234375,1426.2604490237238,1404.5771380194788,1420.6616656105157,2060651
2021-07-02,1409.79638671875,1424.0305235970648,1400.1645975968834,1423.413687831464,1814564
2021-07-05,1430.957763671875,1436.698912000088,1412.0264075667972,1413.9242925232043,1605396
2021-07-06,1428.6328125,1441.4435351627367,1423.4136291929592,1429.107283709731,1072506
2021-07-07,1439.0238037109375,1442.1078668271957,1418.669033478717,1418.669033478717,1096808
2021-07-08,1424.0777587890625,1446.1881621970997,1420.5667183786472,1426.2603725605256,1456033
2021-07-09,1423.0340576171875,1426.1181205423343,1409.6539924017823,1421.420901806806,1248405
2021-07-12,1424.12548828125,1438.5968617253873,1415.4426410472256,1427.5891516501756,865284
2021-07-13,1436.3192138671875,1437.647756413591,1424.694669302127,1437.647756413591,995833
2021-07-14,1465.831298828125,1470.765868877677,1431.0051586108054,1436.2718353373232,4010254
2021-07-15,1527.180419921875,1542.0313915682093,1470.8132185025504,1470.8607119573687,9066480
2021-07-16,1536.1005859375,1539.9438491825708,1513.6580739005099,1527.1805037689944,4157388
2021-07-19,1527.4178466796875,1555.696379919249,1516.0305365168106,1518.308021716928,3027093
2021-07-20,1509.150634765625,1539.8015228973181,1501.2269883046301,1527.65501294005,1847026
2021-07-22,1558.305908203125,1563.0506205772551,1510.2894421444682,1527.7973844699268,3231269
2021-07-23,1529.4580078125,1561.911793565018,1524.8081665973211,1560.0614021056306,2259058
2021-07-26,1516.0303955078125,1544.2140550421404,1511.4755413689434,1529.4579539934896,2219416
2021-07-27,1526.13671875,1536.3378502448313,1503.3620995987487,1527.9397326003482,3984778
2021-07-28,1529.9273681640625,1536.7412146410677,1490.388455357962,1528.2479220617595,4119892
2021-07-29,1531.65478515625,1542.5471688765556,1522.0579506627898,1529.735418257558,1672177
2021-07-30,1536.885009765625,1559.3896568933428,1521.098263917632,1533.5741487320984,2536568
2021-08-02,1548.881103515625,1552.7678684637226,1537.4609638387208,1541.5396186230043,1083353
2021-08-03,1568.458740234375,1572.6333401239267,1545.3784218271967,1559.4857227364037,1777140
2021-08-04,1557.7581787109375,1578.007593868875,1548.5452407277746,1573.8809080431192,2067087
2021-08-05,1561.7889404296875,1567.0191686086387,1543.9388508840404,1554.687259149479,1831728
2021-08-06,1545.42626953125,1572.9212246798,1543.4589886853669,1561.4050229127727,1192143
2021-08-09,1533.0462646484375,1558.5259068446337,1525.8966698786746,1554.6871730839327,1223794
2021-08-10,1524.4091796875,1544.994460659832,1508.6224332726588,1541.2516716513296,1429931
2021-08-11,1519.4669189453125,1533.4782744913828,1499.7453763355222,1526.0886413175447,1370930
2021-08-12,1557.9981689453125,1561.4050923123634,1518.219333766539,1525.8968019524632,1645811
2021-08-13,1601.135986328125,1609.1973512157895,1559.4856986992459,1560.4453822061375,5439442
2021-08-16,1589.3319091796875,1609.4373499105104,1586.6927794081303,1606.5102682134166,1794407
2021-08-17,1572.6812744140625,1597.8729653085668,1559.5336578353317,1591.1551810700323,1838525
2021-08-18,1567.0191650390625,1594.1302236630906,1561.500984965145,1580.5987098681271,1570228
2021-08-20,1529.3515625,1557.5662800979044,1525.8967254193888,1553.63160127974,2416059
2021-08-23,1517.019775390625,1553.7276712683358,1504.687865172593,1535.5896286989869,1973841
2021-08-24,1541.059814453125,1548.3053546042913,1518.9870939059508,1525.8967682611724,1580003
2021-08-25,1529.5435791015625,1560.4453403347475,1525.896735013683,1549.840791008598,1795313
2021-08-26,1531.4149169921875,1538.3245912057077,1521.0983195567082,1529.543581061111,2051262
2021-08-27,1572.0574951171875,1599.504419389291,1533.6222417890183,1539.3323116716465,4903187
2021-08-30,1593.170654296875,1617.0187673296673,1578.7754008989473,1580.3108711649518,3345934
2021-08-31,1604.78271484375,1608.4295590328459,1578.6793702917848,1593.1226539433624,3264644
2021-09-01,1618.41015625,1648.73612914205,1604.7825812844249,1604.8306123153627,3530101
2021-09-02,1618.21826171875,1641.0587757495466,1614.1876379010162,1619.849793948872,2400278
2021-09-03,1623.3045654296875,1635.5885605230474,1604.6866829580379,1628.5828244364052,2336258
2021-09-06,1625.895751953125,1646.8168992813976,1622.057017922166,1631.4619631575617,1850835
2021-09-07,1613.899658203125,1636.2603301015947,1611.7403703774778,1625.8957016789432,1734879
2021-09-08,1599.360595703125,1626.3755927103514,1591.155254857432,1614.1876590290717,1644392
2021-09-09,1602.719482421875,1612.8440730979057,1588.4680886709868,1588.4680886709868,1225239
2021-09-13,1604.3028564453125,1608.0936765510182,1593.55444812928,1595.042004410446,1578773
2021-09-14,1628.0550537109375,1630.3104036924262,1607.8537859902906,1608.429572670065,1407269
2021-09-15,1647.7764892578125,1655.0700600728628,1628.5828201924915,1631.4618705522896,2757989
2021-09-16,1651.855224609375,1658.8129299853622,1640.339022607741,1640.6748884030158,2128381
2021-09-17,1647.0087890625,1671.4807185089585,1637.31600906446,1654.4943672821396,3473932
2021-09-20,1635.636474609375,1665.05079596205,1631.413843973705,1631.6537648376766,1820374
2021-09-21,1651.519287109375,1660.9721457455246,1624.1683085430036,1630.1182991259686,2029747
2021-09-22,1641.9224853515625,1660.2524163450212,1637.2200128812754,1651.5193201281234,1487933
2021-09-23,1698.351806640625,1703.4381759410078,1645.90519821032,1649.0241695183809,3702946
2021-09-24,1697.440185546875,1737.0271298034452,1679.4461199757068,1708.236624889576,3612494
2021-09-27,1669.46533203125,1710.875696969497,1666.9701784524002,1700.5590997223105,1650711
2021-09-28,1667.1141357421875,1688.131226817034,1649.6958576202644,1674.9355793229802,1442615
2021-09-29,1651.6153564453125,1671.7687105913624,1647.392725480176,1662.1718752837196,1698747
2021-09-30,1634.2928466796875,1664.3309848324434,1628.5827771432357,1650.6074649539569,1792078
2021-10-01,1628.48681640625,1643.4578543062173,1619.4657688418931,1629.0626030276228,1563937
2021-10-04,1646.096923828125,1654.4461224064537,1616.1548491173767,1628.102860384442,1588493
2021-10-05,1647.488525390625,1669.8491965487813,1637.2199593748394,1645.3772686683249,1705242
2021-10-06,1626.7115478515625,1665.9145950188363,1621.8650993637407,1647.488601707161,1845661
2021-10-07,1643.4097900390625,1659.58054903406,1631.4617785790101,1641.0586125706513,1378863
2021-10-08,1657.2774658203125,1670.808979791493,1650.6556262156048,1669.8492962878793,1755402
2021-10-11,1647.6805419921875,1676.4230145169672,1645.857120003811,1663.8511847268846,1528151
2021-10-12,1648.9281005859375,1655.9818678492734,1631.4619081930623,1641.538584684843,1671988
2021-10-13,1681.41357421875,1692.7858006101608,1654.542435400761,1657.3734549523945,2105025
2021-10-14,1717.16162109375,1744.6085439687338,1696.1924442712063,1703.4381010818297,4440909
2021-10-18,1716.3458251953125,1737.506892200127,1710.1559137810693,1734.291976061343,1918546
2021-10-19,1771.623779296875,1809.0034049155577,1729.3977051237798,1736.8352522792682,6639827
2021-10-20,1733.8602294921875,1793.3126959291772,1723.879614253484,1780.21299199229,3295376
2021-10-21,1732.948486328125,1752.8619190244056,1718.8411856871737,1741.8255587349008,2774633
2021-10-22,1719.9927978515625,1757.6603762115424,1709.5322239982531,1742.7852815725694,1520637
2021-10-25,1712.2193603515625,1739.714316383869,1689.3788459199293,1719.9927733643904,2488386
2021-10-26,1723.83154296875,1738.850613662246,1709.724241919242,1713.0351032424321,1930107
2021-10-27,1712.6031494140625,1740.865780187665,1703.5340705124136,1728.3898953241371,1408879
2021-10-28,1741.1058349609375,1786.930723272573,1718.7931930081515,1726.9985340051749,6379424
2021-10-29,1695.4248046875,1751.3263661220017,1665.8185934347932,1748.543260663731,3984689
2021-11-01,1722.9676513671875,1732.2286200509711,1680.5976037960029,1704.3978001166342,2316925
2021-11-02,1742.4493408203125,1750.8944851885758,1723.0157502730383,1727.4302708688194,1687119
2021-11-03,1813.3218994140625,1837.7938276675998,1744.704531958066,1744.704531958066,11580233
2021-11-04,1831.98779296875,1843.4080501888043,1823.3986723977912,1823.3986723977912,764191
2021-11-08,1846.958984375,1875.125672548499,1835.1067990613426,1866.1526549734824,3674523
2021-11-09,1865.24072265625,1884.9142333038953,1852.4770031107512,1855.547943279133,3550645
2021-11-10,1871.5267333984375,1875.221491310295,1854.1084550724106,1854.7801866386171,3208195
2021-11-11,1853.8204345703125,1901.8526370935524,1848.0144201090693,1869.319345392066,7061537
2021-11-12,1880.931640625,1885.7780891895882,1850.3657443903007,1861.7860015408658,2026320
2021-11-15,1868.5516357421875,1894.8948985638706,1864.6648710608258,1882.179093344336,1127678
2021-11-16,1876.4691162109375,1900.1252197810186,1865.6246462533163,1871.3827470133574,2279531
2021-11-17,1874.1658935546875,1899.117664061753,1865.192876436727,1870.4231045488552,2166686
2021-11-18,1820.5196533203125,1875.2216144374752,1816.6809192068274,1874.1659859860406,1883794
2021-11-22,1789.329833984375,1823.3985972487596,1763.7542460195082,1821.7191511723463,2407464
2021-11-23,1810.2989501953125,1819.1760225869853,1770.1362190746522,1775.4144783345657,2028470
2021-11-24,1787.410400390625,1825.7017929348049,1771.5275926578124,1817.6404286388422,1361828
2021-11-25,1775.3184814453125,1791.585069465147,1764.0901145135922,1780.2128437314595,1930012
2021-11-26,1706.461181640625,1767.4970267608685,1697.2961576639007,1746.6239113369245,2796595
2021-11-29,1696.0006103515625,1717.8814403012275,1665.1947944307701,1706.3172076418607,2111420
2021-11-30,1693.6014404296875,1726.3746550710619,1680.6937443376653,1696.0006491567449,3385628
2021-12-01,1713.99462890625,1721.672096448943,1691.0102573098554,1692.8815931638437,1359786
2021-12-02,1717.065673828125,1721.6722014943448,1691.922012951243,1713.9467024486062,2813690
2021-12-03,1728.6298828125,1770.4241455757146,1724.1194172783082,1727.3822474185167,3612772
2021-12-06,1710.77978515625,1747.5836233158025,1706.317233528554,1726.470586680466,1566109
2021-12-07,1725.6068115234375,1737.027068163789,1700.6550414835156,1718.0252887353813,2097201
2021-12-08,1751.470458984375,1766.7773643033388,1729.3497069389553,1729.3497069389553,3433206
2021-12-09,1804.0130615234375,1808.1876612523988,1754.253379119209,1761.0191945463573,3791595
2021-12-10,1797.87109375,1814.617523978683,1786.0190259454105,1804.0130915846248,1771926
2021-12-13,1786.4508056640625,1819.7998067367598,1780.2608940511213,1817.3525669927433,1857829
2021-12-14,1790.4815673828125,1798.4469877741249,1771.767738000958,1775.4145823810732,1685243
2021-12-15,1804.9727783203125,1822.1990503302482,1788.5141828230405,1790.7694156240912,2176709
2021-12-16,1798.3509521484375,1831.076136397466,1791.0573809049295,1815.7212002431895,2469902
2021-12-17,1772.6312255859375,1799.1184646069453,1757.8520774553697,1791.2491074050242,2352938
2021-12-20,1726.8065185546875,1755.8849760748226,1700.0793559482438,1747.5836901957393,2488158
2021-12-21,1753.8695068359375,1777.525609767241,1739.4262242932973,1744.6085382671702,2077840
2021-12-22,1795.56787109375,1803.7732120729397,1753.8696688891478,1753.8696688891478,1692505
2021-12-23,1802.7174072265625,1811.7384554738228,1787.0266055748543,1807.0840139711684,1677127
2021-12-24,1784.4354248046875,1812.6021105447307,1775.414376972999,1812.6021105447307,1203991
2021-12-27,1790.9613037109375,1800.030383089792,1771.3838539986514,1784.435526189797,1139744
2021-12-28,1822.9188232421875,1832.0358165671682,1796.6234716961544,1796.6234716961544,1916098
2021-12-29,1818.4561767578125,1831.9876900843246,1813.8497664492443,1818.6001527062683,1287946
2021-12-30,1809.6751708984375,1825.0301072531745,1805.0687602813368,1816.0091758638605,1805349
2021-12-31,1819.4639892578125,1830.2123977056526,1811.2107345051281,1811.258648391288,1145546
2022-01-03,1845.327392578125,1859.338748233416,1817.304681267543,1818.600230561389,1906676
2022-01-04,1859.4346923828125,1864.6649202610063,1837.3619733061253,1845.3272755531807,1643920
2022-01-05,1870.0391845703125,1872.3424483260624,1849.9338627510097,1862.457661734197,1711667
2022-01-06,1846.9107666015625,1874.261744438998,1842.208294350618,1866.104435259412,1372015
2022-01-07,1828.10107421875,1856.9394923415327,1820.6635272905046,1851.2774535604094,1447123
2022-01-10,1874.3577880859375,1880.9315965177607,1830.3563237997737,1832.9954533792463,2397846
2022-01-11,1882.083251953125,1890.576427193741,1859.5306905119812,1870.4230744165488,2232435
2022-01-12,1894.6070556640625,1904.012000509997,1881.2675491779653,1898.7337414360024,1585970
2022-01-13,1937.025146484375,1947.1977678744495,1895.9027330716533,1895.9027330716533,2373324
2022-01-14,1962.312744140625,1967.3030512458845,1926.0846937230638,1932.8024779064526,3124945
2022-01-17,1985.9688720703125,1988.4161117696958,1959.6736388044635,1962.3127683376233,1858651
2022-01-18,1940.671875,1994.7501324995194,1929.491656242745,1991.9669098452289,1460676
2022-01-19,1939.42431640625,1945.2783620482564,1906.891023872662,1938.4646329518603,2336679
2022-01-20,1922.7259521484375,1952.95598334019,1904.108068238664,1938.5607303917363,2031107
2022-01-21,1877.18896484375,1914.376700623453,1864.7130792918497,1902.2366808681768,2209132
2022-01-24,1823.3026123046875,1880.0198808389705,1805.6924444055185,1876.1811470342968,2307120
2022-01-25,1847.6785888671875,1853.4366895538576,1775.5103233049413,1818.6001335399606,2998042
2022-01-27,1833.8111572265625,1844.511651475247,1791.7290599918242,1837.362056397492,2932713
2022-01-28,1821.0474853515625,1869.4634714144279,1815.0494634335232,1838.849544114983,2233620
2022-01-31,1832.2276611328125,1846.4310235581897,1775.8462564373635,1813.993674933433,3161064
2022-02-01,1910.25,1919.2710482978964,1839.7132629992464,1850.8935991645128,5392787
2022-02-02,1902.7645263671875,1927.044567024404,1891.152378850251,1914.664625808467,3579380
2022-02-03,1855.69189453125,1904.9716154094253,1852.1890265693658,1901.6127233923307,2262217
2022-02-04,1869.41552734375,1878.8685040454195,1845.7594215176268,1869.463558380875,1440816
2022-02-07,1808.5234375,1868.9834940468293,1798.9746341588927,1854.5882424880604,2641464
2022-02-08,1799.9822998046875,1820.4715185379862,1773.4950593608883,1813.8017652554538,2040523
2022-02-09,1812.6502685546875,1823.3027321329703,1799.9823758774091,1808.523582583912,1390810
2022-02-10,1824.3582763671875,1833.9551110666466,1805.164606968269,1815.721125137674,1288856
2022-02-11,1795.8077392578125,1812.8421212868445,1775.4144649977036,1812.8421212868445,1744894
2022-02-14,1726.4705810546875,1772.487357075394,1722.6318471334987,1768.9365750578393,2290199
2022-02-15,1800.414306640625,1806.1243766999758,1733.3324054577547,1737.0271635637387,2602134
2022-02-16,1785.68310546875,1811.21078120103,1767.8810461962453,1800.4143414398145,1898439
2022-02-17,1793.3604736328125,1808.9074163104085,1779.3491182435191,1793.648425536585,1459905
2022-02-18,1807.179931640625,1819.5598719204893,1789.9536600924837,1794.6081015249551,1912482
2022-02-21,1788.802001953125,1807.9477579495776,1774.3108046221096,1799.3585203881364,1262585
2022-02-22,1770.0882568359375,1780.2129650330046,1727.9102121519809,1739.9062563907478,2288298
2022-02-23,1746.911865234375,1777.3337843378488,1742.9291554088134,1774.454733931254,1583872
2022-02-24,1686.499755859375,1727.4302800924493,1680.405789134377,1711.3555816527,3616355
2022-02-25,1705.4056396484375,1726.1826940590418,1693.8414064164724,1710.1560261949878,2476882
2022-02-28,1743.5050048828125,1748.7832641517573,1682.1332916970823,1693.7454386589877,2553662
2022-03-02,1712.55517578125,1753.293692783803,1697.2002400499528,1727.4302697709443,3152628
2022-03-03,1681.653564453125,1740.4341830416124,1675.1757003637815,1737.0272595128529,2259979
2022-03-04,1642.73828125,1683.3329413982137,1634.3410503687746,1669.8493409522418,3906819
2022-03-07,1568.5546875,1599.6005431919482,1540.8199274009958,1591.3952022097458,6318251
2022-03-08,1591.635009765625,1598.8326356765338,1530.6951103865974,1562.268719478889,4421730
2022-03-09,1622.776611328125,1631.269903205025,1583.5256536737932,1608.9092329469368,3306502
2022-03-10,1658.5250244140625,1687.123640376696,1638.1797805022866,1669.8493368916104,2776325
2022-03-11,1658.956787109375,1665.482564153542,1637.0280441317886,1650.6555019980437,1577597
2022-03-14,1676.3271484375,1683.284853790969,1646.3370391553062,1665.050867347395,1558334
2022-03-15,1673.16015625,1693.8413825967757,1656.9895126561155,1677.526763047685,2062332
2022-03-16,1685.3961181640625,1699.2636150475,1675.7992831508316,1690.0026458299594,2101909
2022-03-17,1715.818115234375,1731.8447824713328,1697.1522012817659,1709.3402517522557,3383036
2022-03-21,1685.4921875,1732.2287273563852,1674.6477170287492,1732.2287273563852,2301462
2022-03-22,1702.526611328125,1705.3576308788718,1651.7593292188396,1685.4922286899146,3986030
2022-03-23,1696.0006103515625,1719.320965504525,1688.2271976835286,1708.2365745795905,1574226
2022-03-24,1700.1273193359375,1707.9486459948682,1680.4057769219967,1684.2445108498596,1580887
2022-03-25,1680.501708984375,1706.2212729638438,1668.8895623711965,1704.013954112664,1483897
2022-03-28,1671.3846435546875,1684.24442498721,1655.5498669095084,1681.3653746880866,1799629
2022-03-29,1676.231201171875,1683.3807963551992,1663.1314980259715,1678.1984820487153,2071779
2022-03-30,1702.0946044921875,1705.405582802666,1683.380776546496,1695.66477200629,1712835
2022-03-31,1696.384521484375,1709.5321382592306,1687.1235525019044,1708.1885579617094,1401916
2022-04-01,1717.9293212890625,1721.672110175738,1688.0831894086527,1688.0831894086527,2050573
2022-04-04,1752.7178955078125,1756.0767876786897,1704.9736425074868,1712.0753236699709,1955281
2022-04-05,1762.0269775390625,1770.6160982019587,1753.3417948048664,1765.8176805916553,1718581
2022-04-06,1778.1016845703125,1783.0919920480364,1754.013534338621,1759.099903888079,2245496
2022-04-07,1752.6700439453125,1781.028621421357,1737.1711318045197,1775.3185513873698,2003954
2022-04-08,1756.9405517578125,1764.761995641949,1744.7526182774295,1761.4031034222835,1903321
2022-04-11,1709.6761474609375,1755.9808761249792,1707.276938721868,1746.863882916515,2262446
2022-04-12,1677.23876953125,1709.6761179837508,1663.707255905973,1708.2365927651285,4215141
2022-04-13,1689.810546875,1701.3746613455637,1676.662814244588,1683.4765428310093,1673417
2022-04-18,1668.2657470703125,1679.39805196211,1645.8571613355455,1675.895300993809,1808707
2022-04-19,1636.9801025390625,1689.7626941495848,1618.9860372172934,1677.8146816354754,2737766
2022-04-20,1623.4005126953125,1643.361975463701,1603.9669226879034,1641.010680704353,3832617
2022-04-21,1645.3773193359375,1656.2217894725286,1631.4619089361877,1634.2929283303852,1797489
2022-04-22,1626.0396728515625,1647.200740340259,1622.2489699838895,1632.421591391714,1474689
2022-04-25,1590.531494140625,1607.4699320785703,1585.397210623163,1607.4699320785703,1964344
2022-04-26,1631.413818359375,1634.4368446277238,1596.9132455215033,1612.2681805745947,2440990
2022-04-27,1609.4371337890625,1623.400457325112,1599.5043166271944,1607.469735909452,1346726
2022-04-28,1649.935791015625,1661.2120716871002,1612.2682151555912,1621.8650497696124,3117433
2022-04-29,1626.0396728515625,1668.8895634510234,1619.1299986893434,1661.2120956490635,2404830
2022-05-02,1611.7403564453125,1617.978298998816,1588.3241735020188,1601.3278142280826,1399802
2022-05-04,1568.07470703125,1614.0915981835428,1559.5336181501166,1611.7883345020268,1777673
2022-05-05,1571.6256103515625,1603.822919503048,1567.1630589217993,1584.1494089654504,1707752
2022-05-06,1557.0384521484375,1567.163159961809,1547.1057513249314,1550.8485404153603,1439520
2022-05-09,1550.9925537109375,1564.1401711553547,1527.0964104878274,1542.7392988185145,1400010
2022-05-10,1543.123046875,1563.9002182131985,1536.4532933667144,1546.0501284283428,1176030
2022-05-11,1507.470703125,1544.1305614534792,1494.5628913493324,1535.9732527074539,2988788
2022-05-12,1464.620849609375,1492.259661339506,1452.0969343347738,1487.5092753519555,3407191
2022-05-13,1472.63427734375,1511.4055127674533,1441.4445647248697,1468.3157017503665,4328846
2022-05-16,1480.6956787109375,1504.303869112208,1477.384700384339,1487.5094080535391,1775914
2022-05-17,1539.42822265625,1543.0750666825088,1482.7109533089608,1482.7109533089608,1608711
2022-05-18,1509.1021728515625,1557.5661853978288,1501.9045472258792,1557.5661853978288,2984009
2022-05-19,1485.5421142578125,1499.7454777519663,1478.2485426590058,1487.5095124079653,1798843
2022-05-20,1545.1864013671875,1548.4013177070372,1498.1139953281483,1506.1273292345993,2175224
2022-05-23,1577.8636474609375,1593.0746074821234,1540.867801734864,1563.324419029144,4177811
2022-05-24,1560.7333984375,1587.028633890903,1545.186454695824,1578.4875440466692,1970395
2022-05-25,1511.261474609375,1573.592866248565,1507.758606675826,1567.1630341559671,1417130
2022-05-26,1501.472900390625,1524.8411707088824,1474.6977067115677,1511.501546330541,3578710
2022-05-27,1535.781494140625,1541.2516430253177,1510.5417721804795,1511.6933454776167,1279218
2022-05-30,1593.89013671875,1596.6252109536833,1548.5450964881345,1554.6870936210994,2119326
2022-05-31,1587.79638671875,1606.8941122311485,1578.6793932622204,1593.5544878491896,3534742
2022-06-01,1581.558349609375,1594.0342346487694,1572.3933256631988,1586.884639697276,1425466
2022-06-02,1571.1458740234375,1582.9499108484952,1558.2380605887224,1566.20348054171,1852251
2022-06-03,1585.4451904296875,1606.2222447135566,1578.6313437858357,1591.1072294227183,2928263
2022-06-06,1574.07275390625,1595.2818519522025,1568.2187082684256,1585.541041467332,1538005
2022-06-07,1525.368896484375,1572.3454742301633,1522.1539801801507,1564.2841093778297,2157491
2022-06-08,1520.66650390625,1542.9791447988289,1506.79900734176,1530.6951494048749,2122442
2022-06-09,1530.791015625,1535.4934878613467,1493.4593067715998,1493.4593067715998,1361104
2022-06-10,1521.1942138671875,1530.215261731122,1505.7913647768949,1506.7030171952722,1337799
2022-06-13,1470.2830810546875,1502.8162563928865,1457.0874335756996,1497.2501626547016,2460367
2022-06-14,1482.3751220703125,1491.6360911524214,1463.7092079532288,1470.283133560247,1983405
2022-06-15,1497.4420166015625,1503.8239348409652,1477.0008298314553,1485.541918639546,1461683
2022-06-16,1465.8206787109375,1511.5015922926752,1455.6000254666128,1505.1677042880801,2329325
2022-06-17,1429.88037109375,1468.2677107481893,1421.6751475319318,1460.6382738514149,4548572
2022-06-20,1412.4622802734375,1437.4619661876975,1397.6350992990738,1429.928473832515,1837431
2022-06-21,1439.813232421875,1454.11242315581,1417.3566146162045,1420.3316100994773,1458922
2022-06-22,1419.1319580078125,1430.8400497029215,1408.8153605108832,1429.928397248785,1906619
2022-06-23,1434.0550537109375,1450.8014833752216,1421.771058455691,1421.771058455691,1828491
2022-06-24,1434.582763671875,1451.0413580611362,1428.9686389901003,1441.2046028229572,1731440
2022-06-27,1473.8818359375,1482.4229246137763,1448.8820361117641,1462.5575247784923,2389778
2022-06-28,1488.948974609375,1494.7070757035783,1462.6536228494072,1468.3157790218136,2072405
2022-06-29,1485.4940185546875,1491.3480641024094,1463.9011411786873,1469.515265866676,1480197
2022-06-30,1495.4266357421875,1503.7279204581248,1479.9277256336197,1486.5975954534345,3308971
2022-07-01,1508.7664794921875,1512.461237639134,1472.7303162155404,1498.0179537069541,1294305
2022-07-04,1517.9312744140625,1523.4494542821305,1487.7012455716026,1508.718336672799,1269969
2022-07-05,1501.8087158203125,1532.8544532690842,1498.641713446109,1520.1386470359864,1445200
2022-07-06,1493.41162109375,1526.3767285188142,1489.2370209654885,1502.4326701431896,2422594
2022-07-07,1546.14599609375,1549.073077500837,1502.52842977761,1502.7683506421629,1697912
2022-07-08,1619.4178466796875,1633.3812882181835,1552.7678756386726,1555.646926087941,6516138
2022-07-11,1595.95361328125,1620.7614075925003,1586.740675383602,1617.0186186234635,1316037
2022-07-12,1587.076416015625,1605.454376477413,1582.5659509143052,1588.2760202605348,781516
2022-07-13,1580.838623046875,1615.3872285589027,1578.1035485402788,1596.9133214448323,1914814
2022-07-14,1579.7830810546875,1600.1283252206526,1568.698689320391,1585.2532303670937,1170472
2022-07-15,1616.922607421875,1619.80165771867,1582.7098696318574,1587.2204520528167,1345141
2022-07-18,1657.9971923828125,1664.6669457282994,1621.8650858279382,1627.6712177580507,3200640
2022-07-19,1660.0604248046875,1665.002700692736,1644.8973799271475,1650.6074494098264,1351783
2022-07-20,1669.80126953125,1676.4231091529232,1658.2850674583804,1670.1851663634523,1509911
2022-07-21,1715.6785888671875,1719.372015990928,1667.0312807299226,1678.5006124252395,2827327
2022-07-22,1718.20556640625,1729.6748972394278,1703.4316217236767,1716.0186267799374,1495629
2022-07-25,1732.4935302734375,1735.4580959030477,1710.7214261738022,1715.5326459080813,1916615
2022-07-26,1702.1680908203125,1730.8413006299909,1693.0801650002802,1730.8413006299909,1585897
2022-07-27,1746.295654296875,1768.5052179427084,1700.9530812859246,1704.8409740431496,5369460
2022-07-28,1750.7667236328125,1765.1033283093338,1736.867459435946,1754.4116231268433,1831059
2022-07-29,1757.3760986328125,1781.1407946543866,1743.7198284365454,1764.0826184383156,1747781
2022-08-01,1763.839599609375,1766.9013387126752,1740.1235500482805,1757.32742706825,1341943
2022-08-02,1742.79638671875,1760.8750623616384,1725.9325587824956,1758.2993099577593,1749346
2022-08-03,1739.6376953125,1753.4396674078548,1723.308497956833,1742.7966082388168,1264299
2022-08-04,1730.20947265625,1763.9370139454613,1725.2524330572803,1743.5255767092906,1856927
2022-08-05,1737.3533935546875,1756.3555164691975,1725.5440144700126,1732.9795142939727,1430542
2022-08-08,1778.37060546875,1780.7033646376751,1740.0748416134963,1746.052499906036,2625195
2022-08-10,1803.156005859375,1814.673863911755,1771.1780656203512,1778.7108575032198,3422074
2022-08-11,1814.8197021484375,1826.1432131468564,1803.2045517435606,1817.638448030951,1918049
2022-08-12,1794.6998291015625,1816.617871750042,1786.4867031977406,1812.729979033616,1041383
2022-08-16,1797.0811767578125,1811.757947560274,1790.3745383079531,1807.870054968943,1426893
2022-08-17,1803.6904296875,1815.0139400039175,1798.1988766055183,1809.2792749984856,1748371
2022-08-18,1841.4517822265625,1845.3396748338137,1798.1503308536758,1804.9541429163655,2519639
2022-08-19,1881.7886962890625,1887.571889169579,1839.702210723852,1841.0143507686928,4134598
2022-08-22,1827.9412841796875,1889.5157580169391,1822.4496122848566,1882.8091197139183,3175874
2022-08-23,1824.4423828125,1858.3641533224056,1813.4103918296003,1817.5899241415343,1811509
2022-08-24,1840.285400390625,1844.8050994166917,1799.7055200425498,1823.4216894129156,1534933
2022-08-25,1825.2684326171875,1864.2445328537106,1820.505740372784,1846.74901586134,1121363
2022-08-26,1851.9976806640625,1858.412679782872,1834.3076979829652,1837.223617459612,1119310
2022-08-29,1828.767578125,1837.0293503355035,1808.8421274996679,1817.5898863107893,1183546
2022-08-30,1868.618408203125,1873.9642606063069,1836.203126906372,1840.8199994363927,1394462
2022-09-01,1859.3360595703125,1876.3942364522336,1839.0704423625305,1851.60892019762,2014905
2022-09-02,1886.1138916015625,1903.901047649856,1846.991972437964,1847.2349657246943,3201140
2022-09-05,1913.183349609375,1917.4600552518018,1887.6690541079888,1893.355073375627,2474746
2022-09-06,1907.302978515625,1929.46389536475,1896.6112737601768,1918.4806698508662,1172733
2022-09-07,1903.2205810546875,1906.3794937586094,1879.7960521184943,1886.6970376803263,1238549
2022-09-08,1919.0638427734375,1921.5909492753467,1892.9663869948834,1912.7460171941304,1632797
2022-09-09,1895.1046142578125,1931.6994264101445,1889.5157687483972,1921.931048973193,980869
2022-09-12,1906.9141845703125,1911.8712240039051,1893.306560200178,1895.1046868335607,791708
2022-09-13,1935.5386962890625,1939.0864219939524,1908.080454975113,1913.7179466691077,1761021
2022-09-14,1899.138427734375,1917.654445698056,1894.7645484068657,1909.587139461203,2322752
2022-09-15,1902.637451171875,1929.0750735318522,1900.013171112644,1904.1925844902735,1566565
2022-09-16,1866.1884765625,1902.054310076249,1861.3286107381184,1892.43175201416,3881617
2022-09-19,1857.1490478515625,1877.8034772624394,1851.60884836333,1867.2575923283462,1755456
2022-09-20,1878.532470703125,1900.9851455207381,1871.0483248632986,1876.8801637979375,1666658
2022-09-21,1842.5208740234375,1891.7513364246145,1838.5843354163487,1867.2575425398484,1618385
2022-09-22,1835.2796630859375,1852.1920197060658,1820.5057185954038,1829.253476986946,1875115
2022-09-23,1804.808349609375,1842.3264900882443,1800.6289361848953,1837.0292837930185,1948766
2022-09-26,1799.5596923828125,1824.199307356623,1767.04723704856,1797.1784055570888,1529101
2022-09-27,1789.5970458984375,1811.758082782662,1781.1409263407877,1803.9822970196465,1443698
2022-09-28,1784.008056640625,1803.982152175252,1774.4341449184303,1778.419211072194,1853503
2022-09-29,1764.6171875,1805.342884684095,1747.0244978760531,1792.950227487386,2377718
2022-09-30,1795.914794921875,1830.1768494729101,1765.1519387336052,1772.8304319264964,2339518
2022-10-03,1768.310791015625,1800.0942654129112,1763.1592858850006,1800.0942654129112,1850414
2022-10-04,1819.096435546875,1828.2328884345288,1783.8624081000194,1783.8624081000194,1637532
2022-10-06,1859.3360595703125,1865.2165448079961,1825.4628177521543,1829.2535369091447,2771898
2022-10-07,1870.6109619140625,1874.8875488287972,1849.713539316172,1851.6088394875173,1469264
2022-10-10,1856.1285400390625,1863.2725189248454,1830.711418568047,1851.6088411850967,1656954
2022-10-11,1826.2889404296875,1869.8820320262546,1818.8047944798323,1869.8820320262546,1047963
2022-10-12,1857.6837158203125,1862.3005883645358,1805.9747907846406,1827.3095543451602,1907748
2022-10-13,1823.5675048828125,1858.412719646368,1815.8888930331207,1847.721014669323,1303645
2022-10-14,1858.02392578125,1882.469075233079,1845.2424546063266,1846.7490605100554,1819114
2022-10-17,1830.4197998046875,1860.3566204672352,1825.7543998456204,1849.5677421661258,2588147
2022-10-18,1864.3416748046875,1877.0744993365927,1840.0423460609502,1840.0423460609502,1401849
2022-10-19,1851.5115966796875,1892.4316407860817,1848.3526840795053,1866.1883668768758,1636141
2022-10-20,1850.7825927734375,1864.0500492514286,1833.4328967556305,1845.4367407503617,1374019
2022-10-21,1824.150634765625,1871.0483399087937,1814.7710700071777,1860.064995700611,2225676
2022-10-24,1856.2257080078125,1866.0912591293152,1846.7489698729382,1852.5808087251687,269400
2022-10-25,1894.472900390625,1899.8673989963554,1838.5359151011116,1861.3286387002413,2136147
2022-10-27,1909.00390625,1916.585225604877,1895.2504624942792,1897.3887559574089,2245395
2022-10-28,1919.6956787109375,1930.3387375839095,1908.7609804240194,1916.7311130490784,2013794
2022-10-31,1966.39892578125,1977.6252635215628,1922.7573060685154,1930.3387443670474,3176507
2022-11-01,1967.7110595703125,1998.3768609022488,1934.275277050348,1975.0495045493044,4464211
2022-11-02,1956.8736572265625,1984.7692401252073,1943.9463664301736,1979.4233876175244,1889651
2022-11-03,1952.40234375,1965.8156201630238,1937.1424133423518,1949.7780638056988,1052241
2022-11-04,1958.623046875,1972.473664093063,1948.5631486253778,1953.6660076004537,2312753
2022-11-07,1961.1016845703125,1975.0494757900992,1937.1425222685373,1964.7465839473857,1395070
2022-11-09,1947.3482666015625,1979.8607220208078,1940.301461044856,1968.2943360952627,1301233
2022-11-10,1922.22265625,1945.7443581934488,1914.981385347633,1939.086366079829,1261210
2022-11-11,1954.7352294921875,1962.2194941328792,1936.1219194517967,1947.4454306760347,1203125
2022-11-14,1943.751953125,1965.232536013451,1939.3294278322016,1956.6305973644571,1175155
2022-11-15,1940.5931396484375,1960.469944126031,1922.6601629215002,1946.8623193279325,1450841
2022-11-16,1947.4454345703125,1953.5202669292544,1929.415403318415,1930.3387303773463,1195832
2022-11-17,1972.6680908203125,2001.2926517108008,1945.015384399611,1945.890183936388,3786182
2022-11-18,1967.7110595703125,1993.4683488766889,1950.6043553079674,1981.8533168189133,1248459
2022-11-21,1955.0753173828125,1976.0213859279013,1950.7500843862754,1962.413762020872,714687
2022-11-22,1972.9111328125,1976.1672191112277,1962.9969355660112,1964.892354384004,1337869
2022-11-23,1968.24560546875,1986.7130951003087,1961.4417934992284,1981.8045832912421,1046988
2022-11-24,1994.683349609375,2002.264788013911,1971.550458684871,1973.5915786709932,1611889
2022-11-25,2004.9376220703125,2037.0613822481182,2000.7580900512858,2003.236669051952,2652761
2022-11-28,2006.5899658203125,2013.9284107224858,1994.4889472985235,2006.4929108820752,1105372
2022-11-29,1993.07958984375,2013.9283664479794,1981.4644395138405,2011.984420148319,1413764
2022-11-30,2016.698486328125,2027.5358915000681,1987.6849943037582,1995.4607791225503,2104550
2022-12-01,2045.2744140625,2050.863259437745,2021.1694335061666,2026.8069249964728,2614357
2022-12-02,2027.0498046875,2040.0741486955221,2011.1579503308838,2037.3528139820432,1957264
2022-12-05,2027.1473388671875,2038.0333909147603,2010.8667882649013,2037.2071188007624,1767537
2022-12-06,2034.8258056640625,2041.1436311891716,2009.0685169847704,2022.6761411926982,1530731
2022-12-07,2064.470947265625,2083.910410045904,2037.5473387745647,2037.5473387745647,3438327
2022-12-08,2106.9462890625,2114.041740986129,2060.5832142025715,2060.5832142025715,3743754
2022-12-09,2093.6787109375,2132.8492744659984,2077.5925086158445,2107.2376882709477,2573609
2022-12-12,2103.05810546875,2108.2096102517175,2074.7251851096016,2088.6728564269574,1536090
2022-12-13,2112.000244140625,2114.7218162674526,2092.1720879131003,2109.1816170831257,1233124
2022-12-14,2133.91845703125,2148.0607141701425,2114.0902992043193,2115.9369533153463,1516631
2022-12-15,2116.520263671875,2147.088772984709,2112.681017037665,2135.1334553088236,1323412
2022-12-16,2114.04150390625,2149.615814477438,2100.4338804328304,2100.4338804328304,2822390
2022-12-19,2122.78955078125,2126.1428109911226,2094.650973014179,2110.1538986932665,1592779
2022-12-20,2102.620849609375,2118.8041071209564,2078.0785283554114,2118.8041071209564,1747181
2022-12-21,2086.14599609375,2113.9929316121666,2082.7927362231853,2092.7554608998385,1979681
2022-12-22,2050.81494140625,2088.1388571316475,2038.130642848393,2083.9106785129748,1993744
2022-12-23,2004.9376220703125,2045.177215699701,1992.642256599703,2035.797769689138,2026125
2022-12-26,2032.444580078125,2048.9194781376777,1993.5170064802548,1995.2179595574564,1154610
2022-12-27,2064.568359375,2068.3589599179986,2026.5641125136403,2042.6503163579696,1059351
2022-12-28,2061.65234375,2076.1346487683163,2054.4109539427095,2069.3308367171094,1153883
2022-12-29,2051.738037109375,2061.1177204300698,2035.457486769956,2050.5230706661346,1517150
2022-12-30,2027.341796875,2073.2188855609284,2022.7735701845427,2055.723367539317,1189427
2023-01-02,2030.88916015625,2038.810883354032,2016.8928423402485,2034.2424199144461,807344
2023-01-03,2030.4034423828125,2038.0335271990377,2009.9920044418893,2029.4801152689251,1260225
2023-01-04,2012.51904296875,2042.5529182319283,2000.3207325385895,2032.3472002087722,1015547
2023-01-05,2028.8482666015625,2040.366006146861,2010.5264776510194,2021.704168969843,1881403
2023-01-06,2028.0706787109375,2062.235440942713,2013.7827204772466,2031.6182858856014,1877917
2023-01-09,2062.2353515625,2067.6784960337727,2041.8725618587598,2048.919367082359,1844365
2023-01-10,2047.607177734375,2072.1495002058364,2038.422078764089,2072.1495002058364,1425414
2023-01-11,2065.783203125,2080.022514673019,2038.3249619850405,2047.0727202243197,1455621
2023-01-12,2099.218994140625,2103.981567618775,2058.73640768196,2058.73640768196,2726901
2023-01-13,2093.047119140625,2104.1764027847553,2057.8617346559045,2101.3088918347407,2180210
2023-01-16,2077.301025390625,2100.434034451336,2072.5384517449515,2086.826409980111,1009649
2023-01-17,2151.073974609375,2155.6422011701447,2076.523440650743,2079.9253468361458,4645453
2023-01-18,2202.97705078125,2211.0444750427646,2138.3408390552613,2158.7522743371524,4090049
2023-01-19,2209.392333984375,2219.7923995677265,2178.19189993618,2196.513689328349,2176835
2023-01-20,2186.89111328125,2233.254188720947,2175.713421177639,2218.480243139282,1962410
2023-01-23,2170.902099609375,2209.5866796700566,2164.5842739333234,2191.7995229993912,1466706
2023-01-24,2145.630859375,2189.1753066081287,2138.3410603057755,2181.7882152987227,1036962
2023-01-25,2113.75,2143.200834436234,2094.602176058995,2139.312941766055,2134447
2023-01-27,2099.316162109375,2133.480921120602,2067.484043582405,2113.7498200396813,1647900
2023-01-30,2053.681884765625,2112.3405567467235,2025.3976097045672,2069.719441045998,3441304
2023-01-31,2064.859619140625,2072.9756896823574,2014.5600097438078,2060.5343861786882,4516463
2023-02-01,2085.4169921875,2153.8438054777257,2021.9957455870974,2073.2186819717817,6868872
2023-02-02,2084.78515625,2106.217212096164,2048.7737401601116,2075.7459956125554,3488506
2023-02-03,2105.82861328125,2120.699850908229,2071.323564200145,2115.9370397829343,2045634
2023-02-06,2095.67138671875,2120.456701843692,2082.2581098973906,2103.5928729080574,1332484
2023-02-07,2104.61328125,2111.1254531901827,2089.7906923176106,2101.648716003901,1089248
2023-02-08,2071.129150390625,2114.2846647648103,2065.9776450648883,2099.996706444853,1452145
2023-02-09,2087.215087890625,2091.637613268565,2075.8430492745906,2089.7423130489155,1563181
2023-02-10,2103.204345703125,2109.133239962534,2077.6414025734553,2080.2170366855876,1454665
2023-02-13,2141.54833984375,2148.449206349702,2099.6562050743896,2112.097507988339,2978938
2023-02-14,2130.224853515625,2153.892494573353,2120.991108615604,2152.9205214259823,1874906
2023-02-15,2114.09033203125,2126.53163630912,2096.789161808754,2124.733390990352,1946344
2023-02-16,2117.2490234375,2140.5763775317337,2110.833906142339,2125.5107946792077,2464602
2023-02-17,2163.95263671875,2185.967734860672,2099.462119741686,2108.9875045964395,3753179
2023-02-20,2163.126220703125,2188.8835088849414,2152.920502744292,2171.096352982778,1779752
2023-02-21,2166.965576171875,2198.603350895719,2160.40475715395,2176.247967575382,1882604
2023-02-22,2133.238037109375,2178.1917945834875,2120.894025759893,2166.5281169685827,2103097
2023-02-23,2098.635986328125,2146.3113225750967,2093.144432284118,2142.229082309819,2000556
2023-02-24,2074.2392578125,2111.4172291796176,2059.3680218060285,2099.4619124960573,1479060
2023-02-27,2054.45947265625,2079.925120151935,2023.7452653943667,2074.2392199549067,1398112
2023-02-28,2050.037353515625,2078.3705170745616,2026.564293666523,2055.7234921365452,2108587
2023-03-01,2056.014892578125,2070.3028507078902,2041.1436556274973,2041.1436556274973,1389077
2023-03-02,2062.138427734375,2088.770398387862,2048.482156869744,2070.2542615428033,1727640
2023-03-03,2091.73486328125,2099.3647101239035,2072.4897474666745,2080.0225393732835,1821066
2023-03-06,2081.14013671875,2123.615551610412,2079.8281153946086,2097.7609718761937,1821012
2023-03-08,2109.95947265625,2128.2326162987133,2080.6059294391985,2091.6863290137867,2965342
2023-03-09,2131.7314453125,2137.3689369897434,2110.6396756131094,2113.992935489825,1873933
2023-03-10,2097.372314453125,2120.8453706341556,2073.2186872422794,2110.639652764468,1900535
2023-03-13,2074.044921875,2117.880766887791,2047.94734887446,2103.3984624248715,2334468
2023-03-14,2084.10498046875,2110.153910844378,2074.579595226404,2084.2509188341132,2871343
2023-03-15,2115.645263671875,2150.4419499285345,2099.462005631055,2103.5442454046,3044201
2023-03-16,2112.68115234375,2125.7054989820363,2072.246970201052,2123.6642602365905,2946792
2023-03-17,2134.2099609375,2166.430774685029,2125.4135568131896,2125.4135568131896,3286473
2023-03-20,2116.520263671875,2143.2008802314544,2091.6863012508347,2129.6905478331523,1996773
2023-03-21,2146.55419921875,2164.5843498167274,2120.8455551414904,2121.5258889323645,3178680
2023-03-22,2151.89990234375,2183.2946824661053,2146.0194173420336,2157.29440077174,1956033
2023-03-23,2144.804443359375,2179.163788920165,2138.875549559657,2151.948540887264,2455799
2023-03-24,2105.439697265625,2157.1488624494514,2092.7069904523432,2144.172925032826,1449544
2023-03-27,2093.630126953125,2128.621159715573,2089.742234423964,2114.0902088474595,1540581
2023-03-28,2073.802001953125,2108.9873824249885,2062.9643589820885,2106.9947900134407,1627243
2023-03-29,2087.263671875,2098.781648502378,2061.5550297835766,2077.738287644097,2372385
2023-03-31,2103.54443359375,2115.937092374561,2090.277093818261,2096.060287123009,1489542
2023-04-03,2109.32763671875,2122.3035744218596,2094.6023370181397,2118.9016680740347,1231654
2023-04-05,2194.472412109375,2199.089284640665,2104.321901103664,2109.181766926074,2763363
2023-04-06,2210.510009765625,2227.4222482177756,2191.2648932971547,2194.4724522582565,2389899
2023-04-10,2244.96630859375,2254.8803871382565,2214.2034537060617,2220.8613273201554,1955914
2023-04-11,2236.996337890625,2264.6975743146454,2223.194365798637,2254.977842236042,1342440
2023-04-12,2224.360595703125,2247.882298916871,2217.9941239909936,2239.4261798121042,1165839
2023-04-13,2195.4443359375,2230.6783623581905,2179.6011262528464,2230.4840151892886,1956668
2023-04-17,2151.948486328125,2210.072526327236,2139.4585368247213,2195.4442834208003,4125850
2023-04-18,2154.475830078125,2167.5001756763872,2126.677302412527,2157.7804439468964,2848601
2023-04-19,2157.3916015625,2172.359892479576,2146.213910840569,2146.213910840569,1970015
2023-04-20,2170.1728515625,2188.348700340351,2159.967134423812,2162.640060341087,1898996
2023-04-21,2153.114990234375,2180.13589271743,2140.284991423888,2177.3656741716695,1009316
2023-04-24,2166.430908203125,2170.1244537164403,2125.267986746828,2157.7804418913743,1239073
2023-04-25,2184.947265625,2190.8277513702533,2155.9340058839316,2168.5210122753397,1350118
2023-04-26,2212.3564453125,2223.1940876028802,2181.1562516232552,2184.8497968105685,1894812
2023-04-27,2240.9814453125,2245.258032359644,2203.560478106506,2211.967951143922,1252989
2023-04-28,2298.13330078125,2302.604472345838,2247.493640285834,2247.493640285834,2884961
2023-05-02,2317.621337890625,2348.627423859294,2306.6866399161695,2306.6866399161695,1840153
2023-05-03,2290.260498046875,2323.0159474190546,2282.679059629142,2317.2814004597462,998235
2023-05-04,2290.84326171875,2314.8995954948077,2277.1872297570967,2295.606072198738,1230912
2023-05-05,2310.8662109375,2339.490773325237,2290.940760958859,2290.940760958859,2425866
2023-05-08,2299.105224609375,2318.1559935215105,2288.0734715893173,2310.8175486819723,1583576
2023-05-09,2307.804443359375,2334.5821126400156,2301.2920336988004,2301.2920336988004,1417301
2023-05-10,2298.181884765625,2321.9952271241095,2284.136920099533,2320.099926926632,1675409
2023-05-11,2179.3095703125,2249.1945843235953,2174.6442888876654,2235.5383136868804,9470848
2023-05-12,2158.849609375,2172.3599409340413,2135.765247586551,2160.355977884797,5367292
2023-05-15,2183.8779296875,2196.6592814723913,2152.920490469622,2158.6550370374007,2662740
2023-05-16,2164.778564453125,2191.7994656354413,2160.793616894486,2191.410771292498,2528855
2023-05-17,2157.3916015625,2181.1076504358693,2148.2549119848313,2162.0084738172104,1961004
2023-05-18,2126.87158203125,2170.9506589436523,2119.873422867928,2167.500106829656,2290757
2023-05-19,2128.669921875,2137.417680542491,2107.7238522726575,2130.5652221266614,1729803
2023-05-22,2154.475830078125,2159.724390292795,2117.3462650329607,2128.621248758425,1112099
2023-05-23,2136.056884765625,2166.1396462243997,2132.5092773774895,2163.22372651969,2265389
2023-05-24,2123.9072265625,2146.602896594042,2115.01376635211,2138.341124069229,2648479
2023-05-25,2142.9091796875,2145.4364048242815,2116.957543759442,2128.6212216864915,1689521
2023-05-26,2156.273681640625,2158.509267235853,2139.312798462732,2147.088583282224,1249128
2023-05-29,2162.202880859375,2178.969417406607,2157.974702810822,2162.640221309677,1369656
2023-05-30,2148.83837890625,2174.3040290601107,2145.339180498117,2167.500216720629,1716729
2023-05-31,2143.83251953125,2161.668322053781,2138.3409660603947,2139.4102314626793,2809284
2023-06-01,2145.92236328125,2159.7243345210836,2140.430572617023,2154.864468781837,1049488
2023-06-02,2171.922607421875,2174.595533532231,2150.1502669077345,2158.752324036677,1399950
2023-06-05,2204.726806640625,2209.10068594068,2177.219918249541,2182.0797841384906,2344944
2023-06-06,2214.106201171875,2216.7791273483654,2200.2555837118784,2205.407088893469,1677680
2023-06-07,2250.60400390625,2253.0339369702815,2214.155007945773,2214.155007945773,2128603
2023-06-08,2274.708984375,2279.3258571906,2247.9310745848916,2252.013314667476,2556995
2023-06-09,2296.7724609375,2302.458598555219,2272.7161264439733,2279.276944942208,2501720
2023-06-12,2274.36865234375,2303.576494597751,2267.710778272007,2298.7166285753933,1172382
2023-06-13,2288.413330078125,2291.81523586622,2261.8786547694767,2280.103150062843,1688768
2023-06-14,2289.045654296875,2293.8568744340437,2274.417409396467,2286.9557694264413,1013564
2023-06-15,2295.120361328125,2303.090494097066,2283.1650435256415,2288.996882717278,2561534
2023-06-16,2300.466064453125,2313.2960623814974,2286.3238078726376,2297.501498930363,1794542
2023-06-19,2300.02880859375,2352.077782073122,2294.828657208563,2312.3241742902037,3111256
2023-06-20,2315.240234375,2322.6757346668933,2288.4623244229133,2298.6680433401834,1771306
2023-06-21,2327.341064453125,2344.399240716472,2315.2400461801976,2315.2400461801976,1607299
2023-06-22,2348.530029296875,2356.0628209066217,2313.2960040254784,2327.4869063643796,1741775
2023-06-23,2322.57861328125,2358.9789622519193,2316.4551346464305,2351.1545305128802,1212955
2023-06-26,2310.9150390625,2336.477982898298,2301.5840009793137,2330.889136732406,793572
2023-06-27,2321.12060546875,2329.7710718720296,2305.0830479606784,2320.5373266401093,1012317
2023-06-28,2353.58447265625,2364.7135184074355,2323.06460890131,2332.735694843218,1734938
2023-06-30,2406.168212890625,2413.8953520825203,2347.363836485957,2352.175056186712,2690699
2023-07-03,2385.27099609375,2422.546027765963,2379.390510485248,2408.7440551075833,1078456
2023-07-04,2392.852294921875,2414.770100538023,2389.304450396226,2389.304450396226,1441581
2023-07-05,2401.55126953125,2415.304594472899,2385.562358919369,2392.0258853481737,1191896
2023-07-06,2418.8525390625,2429.88429222369,2398.392456262032,2398.9270889680947,1796824
2023-07-07,2380.70263671875,2433.8208768309673,2376.0857640490426,2413.1664464664873,1837661
2023-07-10,2370.399658203125,2394.31029401087,2352.1751605747054,2381.3343567801767,1178479
2023-07-11,2405.1962890625,2409.5215222701177,2378.612727570397,2378.612727570397,1219658
2023-07-12,2386.1455078125,2416.2766763550103,2379.1959945034023,2410.785122814099,1822435
2023-07-13,2381.47998046875,2415.2560483093857,2377.6893800044522,2396.8858502160365,1141663
2023-07-14,2402.960693359375,2407.626212081264,2380.0220314006688,2381.577283407345,845623
2023-07-17,2399.607421875,2424.101098425121,2395.91387635041,2405.6336081003105,878697
2023-07-18,2405.341796875,2420.1643867348225,2398.926916757163,2399.80159763292,720865
2023-07-19,2424.246826171875,2432.8002376655836,2397.274570268951,2405.2449402301295,1431080
2023-07-20,2419.921630859375,2425.753470064867,2399.8504791797304,2424.10116308294,1045704
2023-07-21,2513.765625,2522.2703902851617,2450.4416675388784,2451.3163484775255,4610417
2023-07-24,2532.233154296875,2564.065276282566,2511.4814317625182,2563.7249907466685,2155297
2023-07-25,2489.1259765625,2544.3827457617876,2481.4474834991283,2542.6817927276616,2068876
2023-07-26,2572.083984375,2598.910538611685,2512.5506280999057,2518.382467081956,5820099
2023-07-27,2585.642822265625,2601.3403303861955,2572.2781919901863,2594.147586986359,2117794
2023-07-28,2575.29150390625,2593.370062095357,2551.42951564318,2585.594276904825,1325724
2023-07-31,2606.200439453125,2614.607912729074,2557.3587860647845,2580.5888506675433,1284981
2023-08-01,2591.912109375,2613.635804228994,2580.9290026022054,2606.2003045397114,1298745
2023-08-02,2577.658203125,2600.071388900892,2558.538271749699,2593.2393620081925,1479486
2023-08-03,2554.016357421875,2597.908654353044,2542.4165280878956,2570.629507570981,1612618
2023-08-04,2582.32763671875,2590.290294914897,2554.4096134103834,2560.7993238152967,1101278
2023-08-07,2591.1748046875,2608.9677857364222,2578.592182949216,2583.4089453335787,1163125
2023-08-08,2587.53759765625,2604.5441046141023,2583.703867647575,2594.2714649771096,767310
2023-08-09,2606.608642578125,2609.950856526968,2570.875321104389,2590.290209773469,906865
2023-08-10,2598.64599609375,2616.4389774833166,2577.1666434216595,2595.3037821301805,1040041
2023-08-11,2593.73095703125,2611.818656980212,2586.6039722146966,2597.2207700100184,1320121
2023-08-14,2614.767578125,2618.3557901003232,2571.612555174645,2592.256233943249,1364413
2023-08-16,2645.38916015625,2649.2720898021607,2607.0508998585565,2623.7132496036984,1703875
2023-08-17,2607.493408203125,2645.389354746101,2597.1715681329524,2645.389354746101,1629067
2023-08-18,2597.1220703125,2629.316377311013,2588.0782213842963,2605.035528123971,1898966
2023-08-21,2617.077880859375,2621.354167592683,2578.936177576682,2597.0241168644384,1376318
2023-08-22,2633.34716796875,2640.080795722812,2616.8321761078855,2622.7303703440416,1497180
2023-08-23,2671.48876953125,2679.7461451458007,2636.9350389579504,2643.914664535535,1990672
2023-08-24,2642.538330078125,2719.8539688265487,2635.1166277936177,2700.8813963683565,2619182
2023-08-25,2593.632568359375,2637.180951346529,2586.3582246541696,2632.0200312859306,1408427
2023-08-28,2649.6162109375,2654.1872151421076,2605.0847996616026,2608.5254127182684,1551734
2023-08-29,2672.815673828125,2675.9123696296283,2650.550087817997,2664.017582579011,1101830
2023-08-30,2663.03466796875,2691.1984491335065,2661.0686032452586,2676.7479214154737,1920079
2023-08-31,2656.841552734375,2678.3701057524145,2632.9048583946064,2673.848060826761,2439625
2023-09-01,2656.251953125,2669.8668079126833,2642.686057958969,2664.0178131123052,1263430
2023-09-04,2665.09912109375,2695.4747249489537,2659.102527712225,2686.627433729209,1548282
2023-09-05,2686.578125,2692.525518522466,2673.8479044837923,2674.3394206427047,1066447
2023-09-06,2684.12060546875,2696.2611508702375,2665.983706790542,2693.508612317878,1747425
2023-09-07,2798.10302734375,2807.491033756782,2683.6781642518213,2686.6272611356144,4100519
2023-09-08,2852.36669921875,2879.0067313114264,2823.711162855713,2838.997363557318,3638510
2023-09-11,2845.092041015625,2876.352516225077,2841.0125529607603,2855.7088378789645,1545803
2023-09-12,2894.145751953125,2957.9444579889237,2882.6932806243726,2901.5184948693486,7788759
2023-09-13,2857.42919921875,2893.752195482007,2839.439659743868,2893.5556370174218,2458417
2023-09-14,2869.078369140625,2881.9067495619383,2856.6920652877484,2875.2712810689263,1910041
2023-09-15,2859.19873046875,2885.1506879728545,2850.7937560504242,2883.233822929619,1655275
2023-09-18,2870.30712890625,2880.284811349042,2857.675067096131,2860.624164172598,736631
2023-09-20,2840.96337890625,2894.980956398286,2837.080449277266,2877.2863747995616,1399240
2023-09-21,2850.15478515625,2855.8072208617195,2797.7591157476663,2836.097375315198,2444711
2023-09-22,2868.97998046875,2886.625363563662,2853.0057044082337,2859.3462152141647,1965569
2023-09-25,2853.25146484375,2874.190102404505,2822.285945070252,2868.439267018743,1049532
2023-09-26,2863.130859375,2894.047178139123,2860.6240789350704,2865.539240582725,953456
2023-09-27,2914.740234375,2944.0836072015663,2862.246160778825,2872.4206420090172,2903693
2023-09-28,2958.927490234375,2998.7403019800536,2927.7162118905408,2938.283810069949,4081102
2023-09-29,2972.24755859375,3006.4571329344913,2954.258018294054,2988.418393016862,2698016
2023-10-03,3021.104248046875,3025.232936024404,2944.2803638997502,2988.909937748808,3254492
2023-10-04,2976.376220703125,3012.1095429008956,2939.315948821484,3012.1095429008956,3100946
2023-10-05,3043.517333984375,3062.047349653723,2981.0947801948587,2981.0947801948587,3413447
2023-10-06,3041.207275390625,3062.0967138048354,3021.00591165396,3062.0967138048354,1898118
2023-10-09,3022.529541015625,3032.6548222955257,3003.7045673724283,3022.8244987224443,1181760
2023-10-10,3023.8076171875,3046.417362049435,3020.0228465048326,3021.694193558358,1551789
2023-10-11,3036.2919921875,3057.2306293851666,3032.064905053997,3037.5699822508573,2066921
2023-10-12,3029.4599609375,3052.364662815554,3015.009433314256,3041.502107289892,1870280
2023-10-13,3037.177001953125,3046.4174105227326,3011.5197602892517,3015.69764799326,1437808
2023-10-16,3049.267822265625,3060.4253349682836,3022.5293914694134,3046.3679249546717,818794
2023-10-17,3014.272216796875,3061.3593715184847,3011.0281619626157,3057.1322843100943,1847182
2023-10-18,2993.92333984375,3026.9038822919865,2985.6165247133586,3016.5820428973298,1350839
2023-10-19,3002.573974609375,3017.810976342754,2956.1256951318155,2974.262834354896,1599104
2023-10-20,2961.23779296875,3004.3928200119526,2926.782458804239,2988.369343638926,1667471
2023-10-23,2908.1044921875,2955.879717822381,2898.9622438258616,2952.0459878633646,1614030
2023-10-25,2866.62060546875,2915.182305418815,2860.9189700904612,2908.7925954254843,2108353
2023-10-26,2815.99462890625,2866.669755685704,2808.572686497823,2856.6920731088903,3286109
2023-10-27,2852.66162109375,2861.164995339321,2809.1624374618655,2816.0436642510904,2399538
2023-10-30,2876.697021484375,2882.2510586643284,2807.687953524656,2850.0075472526282,1693052
2023-10-31,2879.350830078125,2901.469057010668,2858.608752377691,2880.235463156178,1556467
2023-11-01,2846.173583984375,2932.532831114658,2822.335049722768,2897.438624551836,3875595
2023-11-02,2868.5869140625,2888.001803770443,2853.939587448508,2885.200065458901,1451606
2023-11-03,2861.85302734375,2898.028667067294,2855.709074944987,2884.217014075247,1136175
2023-11-06,2924.963623046875,2928.453435966839,2877.581510719681,2883.233946858254,1235499
2023-11-07,2911.0537109375,2932.975380077677,2905.941990778791,2919.6060442797034,1112206
2023-11-08,2945.607177734375,2951.8003294140635,2910.75872962952,2924.226224553206,1013438
2023-11-09,2973.525634765625,2977.310165485899,2946.148086577121,2952.0462809446426,1719911
2023-11-10,2981.782958984375,2992.350557042261,2954.258052414998,2969.790011978774,947753
2023-11-13,2996.77392578125,3002.5247606572625,2980.209735752345,2998.24847421119,531769
2023-11-15,3012.945068359375,3018.9416619229605,3003.163944102434,3010.389328150513,1160184
2023-11-16,2999.379150390625,3029.8041945516875,2993.3335972525724,3006.0638185745934,1597607
2023-11-17,3056.24755859375,3062.5880692152014,2993.480847407553,2998.248650276918,1325050
2023-11-20,3036.390380859375,3059.147483838917,3024.004077208596,3042.5835326847646,1231164
2023-11-21,3022.677001953125,3046.4171362996767,3010.4872572798026,3036.0952970188937,1884782
2023-11-22,3030.000732421875,3036.2428439938585,3010.5366434296247,3022.677189239935,1104208
2023-11-23,2993.972412109375,3035.6039285667907,2979.620283648063,3027.739669684493,1514688
2023-11-24,3002.426513671875,3014.9601759619027,2988.025185941801,2998.248626241866,915121
2023-11-28,2998.248779296875,3007.243429635509,2983.5032934970545,3002.180908843494,1210508
2023-11-29,3031.426025390625,3037.4715783759366,2997.2656510469446,2998.2486834021583,1801107
2023-11-30,3056.444091796875,3071.5337341572085,3006.8009588174195,3024.1024239342632,3131624
2023-12-01,3136.511962890625,3143.6881467966937,3068.093057699292,3076.8419493120086,2112908
2023-12-04,3257.326904296875,3290.7500043298023,3194.8551502062915,3229.2612825931287,3095974
2023-12-05,3259.194580078125,3268.582587087281,3223.4122982818967,3262.733592562646,1659309
2023-12-06,3334.74072265625,3343.2930561881835,3264.650467392225,3273.4977586317705,2057233
2023-12-07,3298.663330078125,3352.041792749576,3280.4280326470534,3334.7405680156485,2128823
2023-12-08,3321.125732421875,3371.8011001630207,3308.887027157063,3319.7003834549623,2428891
2023-12-11,3328.350830078125,3347.2250023561032,3302.988548580472,3320.633930475794,1534238
2023-12-12,3285.687255859375,3317.734206714598,3275.46381534016,3317.734206714598,1888423
2023-12-13,3342.113525390625,3352.1404076425965,3289.422893951591,3296.0583625004438,1509107
2023-12-14,3374.848388671875,3381.6312157507286,3342.4083217765915,3367.819563512354,2425646
2023-12-15,3428.816650390625,3439.531606423848,3374.602515234757,3376.8632975183427,2632935
2023-12-18,3432.355712890625,3446.5112821689663,3407.1899897312146,3436.6809590595285,1767429
2023-12-19,3439.5810546875,3465.189095863652,3417.0697094682364,3429.750731011291,1311700
2023-12-20,3360.49609375,3454.9655987325427,3354.6470992579452,3445.528392158476,1876048
2023-12-21,3366.050048828125,3381.582007605103,3276.446748159293,3332.528790453094,2292802
2023-12-22,3418.9375,3436.6812828840852,3350.764346811241,3365.9029498269756,1681707
2023-12-26,3430.832275390625,3448.821816309053,3418.937487352161,3418.937487352161,1072263
2023-12-27,3483.86669921875,3488.781861040447,3444.692763500572,3450.4435988312116,1389266
2023-12-28,3458.35693359375,3499.5458921862173,3441.1046682174024,3484.849606864931,3371121
2023-12-29,3466.172119140625,3479.934572251223,3435.6981158243007,3471.0872809658385,968577
2024-01-01,3465.63134765625,3477.968451638937,3436.730292587616,3477.968451638937,777080
2024-01-02,3379.763671875,3465.6314050038186,3373.7670784461066,3465.2382880568675,1511464
2024-01-03,3381.9755859375,3407.042911934397,3353.7134046664887,3374.7502018567843,1283859
2024-01-04,3400.013916015625,3421.0509521502554,3364.919709377571,3382.6634911645956,1651616
2024-01-05,3462.141357421875,3494.67982251401,3401.291754120527,3406.157716000353,2069018
2024-01-08,3441.69482421875,3499.546136835132,3430.783068603019,3479.9346884970446,1993855
2024-01-09,3495.614013671875,3532.7726863797207,3460.3724461419374,3467.5975902807595,1807271
2024-01-10,3485.341064453125,3498.562801058463,3460.2737404808913,3489.715510244733,1534821
2024-01-11,3445.381103515625,3499.152926241177,3441.154016318223,3485.3412734209137,1105348
2024-01-12,3508.245849609375,3517.928574122562,3434.7641824746715,3445.5775381734243,1782631
2024-01-15,3482.932861328125,3544.5197428637716,3478.0176995136876,3515.4221289211832,1783518
2024-01-16,3512.865966796875,3528.1029676322887,3477.968319722217,3487.798642841839,1791818
2024-01-17,3510.359375,3553.12128286779,3487.5038725189397,3494.6800567814375,2699076
2024-01-18,3534.984375,3555.5788549915437,3465.189077273359,3510.2120074684813,2148898
2024-01-19,3584.1357421875,3593.818706277956,3541.86535356598,3541.86535356598,1913923
2024-01-23,3490.747802734375,3599.2255163150785,3476.198876255316,3575.8784984849062,1742142
2024-01-24,3528.299560546875,3556.5617397917517,3461.944878841512,3509.42538797253,3711521
2024-01-25,3532.4775390625,3556.856789265897,3504.3137583223156,3538.818049700548,2206540
2024-01-29,3645.083984375,3670.4954668349046,3539.0148889195443,3542.848619117449,2072982
2024-01-30,3571.6513671875,3674.4764035995604,3563.3937517215904,3652.898892229969,1454989
2024-01-31,3420.70703125,3477.968669175228,3329.5799747746314,3460.274085782025,9637606
2024-02-01,3340.343994140625,3434.4693435929394,3313.8021201436277,3420.952648501876,6149780
2024-02-02,3318.766357421875,3378.0432551299355,3303.9716728034773,3344.9640731096847,7579802
2024-02-05,3285.048583984375,3350.1252820787877,3262.1438806374467,3318.2259281033166,2954238
2024-02-06,3366.1484375,3369.5890506360884,3280.9195829570976,3289.226158100314,2545192
2024-02-07,3337.10009765625,3388.512741059834,3331.4968608795407,3386.5466762260303,2099940
2024-02-08,3278.904296875,3359.807904650614,3237.9610968272273,3355.089301524322,3471727
2024-02-09,3268.140380859375,3332.479802798737,3252.8049795729025,3279.641811825158,3121873
2024-02-12,3243.564453125,3282.4923903623385,3231.2273490770262,3273.497740318375,1922273
2024-02-13,3265.141845703125,3281.9025947321757,3228.3765329926664,3255.8030386779315,2151493
2024-02-14,3252.85400390625,3260.669062987632,3207.683716009988,3234.2255891152977,2502138
2024-02-15,3244.301513671875,3265.5840667444713,3234.3727915467334,3252.8538465925767,1999189
2024-02-16,3329.28466796875,3340.343781429929,3247.987944124862,3248.8725772025077,2768329
2024-02-19,3283.180908203125,3350.1744713058297,3278.9046211973573,3342.850927811554,1216447
2024-02-20,3299.7939453125,3310.6073015047805,3271.9740809272776,3283.1807940708886,1578162
2024-02-21,3240.4677734375,3299.941231179559,3234.2256619543627,3299.941231179559,2430672
2024-02-22,3306.675048828125,3311.8359686367753,3221.3477933254794,3253.83706031099,2521388
2024-02-23,3330.46435546875,3342.2115438868536,3284.0652771991845,3306.675020932053,2107176
2024-02-26,3411.26953125,3432.404726266313,3335.428683272108,3342.3099095564894,4122419
2024-02-27,3446.95361328125,3452.4094906296773,3393.329152492944,3416.0372949709936,2122286
2024-02-28,3411.31884765625,3453.392680663678,3387.676871398735,3445.528421783715,1666903
2024-02-29,3418.544189453125,3436.681088272327,3378.1414639550185,3425.8677324453834,2119512
2024-03-01,3571.84814453125,3596.2765951174333,3440.613322102484,3442.235229526505,4407803
2024-03-04,3582.6123046875,3617.3625952750995,3560.5924754030525,3607.7288299638517,1307501
2024-03-05,3551.302978515625,3582.61241675893,3529.3813077844134,3569.587237333214,1981370
2024-03-06,3580.400390625,3590.476472250364,3525.20321996433,3556.6110556652293,1500196
2024-03-07,3614.560791015625,3642.2822555903413,3581.4326484565518,3598.635714770417,2344401
2024-03-11,3578.82763671875,3637.21966177612,3569.8327467995337,3637.21966177612,1748541
2024-03-12,3560.198974609375,3609.6947488782403,3551.8431997277125,3577.3038813071857,1470377
2024-03-13,3478.509033203125,3575.0919577898185,3452.311078107708,3573.2240523994465,2503293
2024-03-14,3546.977294921875,3574.3056423875005,3462.2399539298067,3467.204315321638,4528490
2024-03-15,3477.1328125,3541.8655893368423,3464.2552325964903,3536.950427542037,4054210
2024-03-18,3500.77490234375,3511.5882586432494,3466.8602848589567,3477.1329253438525,1354787
2024-03-19,3442.284423828125,3489.273419411317,3421.9357016398912,3480.9176442134026,1447405
2024-03-20,3450.148681640625,3465.139925372857,3428.571168989598,3443.3166546278585,1442811
2024-03-21,3499.59521484375,3534.9843799376754,3465.3364409688484,3465.3364409688484,2504962
2024-03-22,3556.41455078125,3585.4140056521824,3486.0293371969537,3486.0293371969537,3020545
2024-03-26,3607.8271484375,3614.511576464763,3538.9164842314067,3543.831646015062,2320963
2024-03-27,3643.510986328125,3663.958107097126,3607.827104214693,3620.5081254618312,2387693
2024-03-28,3700.035400390625,3748.646542546278,3634.8113473636895,3643.658638595526,4278668
2024-04-01,3772.878173828125,3786.493267927305,3716.697970808546,3716.697970808546,1905190
2024-04-02,3742.79736328125,3794.5049621323606,3707.2608389745246,3784.478079921172,3608162
2024-04-03,3718.270751953125,3735.2280603905624,3706.1794057633247,3735.2280603905624,1684618
2024-04-04,3733.409423828125,3754.93773581746,3667.7428163016702,3740.339609743757,2339529
2024-04-05,3679.58837890625,3725.692498789113,3653.19386507257,3706.1302515889165,1645597
2024-04-08,3743.239990234375,3754.9871793202697,3679.5886428462886,3681.45630839201,1083395
2024-04-09,3721.023193359375,3762.9986265978296,3710.947111797541,3755.1835674348627,1997057
2024-04-10,3689.516845703125,3735.522806157532,3686.469589518029,3735.522806157532,1951581
2024-04-12,3616.82177734375,3737.5873976609155,3601.3390178158124,3686.3221165584205,3437544
2024-04-15,3539.702880859375,3617.411634962523,3525.3505127651024,3564.5244473250796,1719910
2024-04-16,3483.325927734375,3537.0977492045167,3469.56347485363,3519.3050076932896,2291042
2024-04-18,3490.69873046875,3556.266941251657,3479.6396163562536,3501.5120864898577,3273257
2024-04-19,3458.652099609375,3482.785352745265,3413.48156936541,3465.189168992757,2759031
2024-04-22,3551.40087890625,3558.5770629720905,3480.8683086664028,3508.1966556579137,2605754
2024-04-23,3548.89404296875,3571.1106694558407,3527.1199730252715,3571.1106694558407,1434580
2024-04-24,3573.175048828125,3592.933854043625,3539.997708729366,3555.1855097527296,1501234
2024-04-25,3590.3291015625,3603.7965967640926,3550.3197328986516,3554.7433784756945,2420380
2024-04-26,3544.0283203125,3598.783176372282,3524.1711140571897,3590.0342841106994,1973113
2024-04-29,3572.634521484375,3587.9696821621487,3544.0281840690564,3544.913057183897,1396979
2024-04-30,3533.313232421875,3587.035854484185,3523.2371508092306,3577.254730576903,1571996
2024-05-02,3538.4248046875,3572.4867782763663,3515.3727449860767,3529.1351973449114,3748847
2024-05-03,3440.416748046875,3560.5432560635268,3429.2592346107563,3548.7468675840228,4079696
2024-05-06,3404.535888671875,3467.1549995816204,3382.7126191238076,3463.026311828979,2614667
2024-05-07,3369.589111328125,3436.6810686902854,3366.8857723867927,3420.362635808808,3376013
2024-05-08,3427.6865234375,3438.057322967009,3310.6564715126897,3370.818004699296,4116670
2024-05-09,3219.873291015625,3319.700275032287,3211.2225582602136,3256.5404459914744,12120574
2024-05-10,3215.941162109375,3250.0523369591824,3179.716563687459,3225.919084549805,4132191
2024-05-13,3237.961181640625,3258.7522197128437,3170.4758672395483,3211.615866827031,3557067
2024-05-14,3322.108642578125,3327.466120910786,3237.51866046963,3244.006770008901,2870328
2024-05-15,3353.418212890625,3359.4145660646263,3296.254739284734,3332.4795764021014,2718682
2024-05-16,3401.8818359375,3409.647695479342,3321.3713427214498,3370.768718156894,3398714
2024-05-17,3392.19873046875,3416.9710965842637,3354.2535874518694,3416.9710965842637,2676919
2024-05-21,3382.565185546875,3411.417281605587,3375.7331585750126,3399.3259354549778,2100848
2024-05-22,3402.127685546875,3413.7764751730087,3376.7654023130335,3391.510887914321,1409992
2024-05-23,3524.564208984375,3540.5384852034813,3396.3768822776947,3402.1766773364525,4525637
2024-05-24,3564.376953125,3596.915420377188,3521.516886047509,3525.1540577951887,2740360
2024-05-27,3590.0341796875,3632.304571178892,3538.916496953724,3583.0545539303653,2570708
2024-05-28,3596.12890625,3622.7199794020107,3584.1851591586255,3590.0341536601704,1440187
2024-05-29,3573.1259765625,3599.7170492038185,3549.0908839895046,3549.7297590075214,1506146
2024-05-30,3573.027587890625,3582.120637009393,3546.534914403679,3564.5244541734073,2701849
2024-05-31,3607.040771484375,3681.259716412045,3574.6988620799234,3574.6988620799234,6432341
2024-06-03,3831.0244140625,3853.3883999506247,3736.6043491575165,3789.9828135864914,5767666
2024-06-04,3345.455810546875,3831.8602893201314,3263.6675629920055,3786.640798989519,9920882
2024-06-05,3351.1572265625,3383.1057774170854,3121.176860025811,3383.1057774170854,10372458
2024-06-06,3423.45947265625,3478.165128758799,3327.8595734307237,3379.6653320036944,8374602
2024-06-07,3472.561767578125,3487.798768964526,3387.5294695185335,3406.25628373822,5879660
2024-06-10,3483.620849609375,3524.170933573082,3461.3060635247307,3461.3060635247307,3151257
2024-06-11,3537.638671875,3577.254925840936,3490.9446325846884,3509.4256898192198,2548176
2024-06-12,3568.702392578125,3587.03584992884,3517.2897526104916,3553.661949605066,2242274
2024-06-13,3640.807861328125,3652.8500082581154,3573.3227828993117,3603.305271173983,2965500
2024-06-14,3625.2265625,3656.880154547806,3612.6437010653726,3654.9140899485865,1746508
2024-06-18,3626.602783203125,3647.0499034376567,3612.6437722731503,3645.083838799685,1936792
2024-06-19,3529.037109375,3636.2368403818305,3514.340823023802,3627.3895487993927,2936151
2024-06-20,3561.236572265625,3579.9124915512257,3531.6625368886803,3551.8243540135686,2618715
2024-06-21,3502.336181640625,3576.643172764542,3483.5117438892325,3570.7481998456587,4508508
2024-06-24,3498.967529296875,3534.0403306945373,3472.6132209375814,3487.8214811554917,2330559
2024-06-25,3554.648193359375,3558.7597499311096,3495.400706699931,3523.6373620686804,2158039
2024-06-26,3569.658203125,3591.4053337598266,3559.057120958622,3567.7262697674155,2480187
2024-06-27,3531.46435546875,3568.0235395085265,3517.1975102093993,3564.209017285815,5519875
2024-06-28,3515.66162109375,3542.9075160367374,3505.407402127858,3507.289749024576,3141514
2024-07-01,3493.964111328125,3508.676749607373,3481.530027139966,3502.5340870656305,2961120
2024-07-02,3592.990478515625,3600.4211771476025,3502.385541573321,3502.385541573321,5087748
2024-07-03,3580.952880859375,3616.7687518854223,3571.689179714271,3616.6202346651207,1923801
2024-07-04,3540.2822265625,3610.3288997028403,3532.851527674528,3582.686796593475,1851947
2024-07-05,3593.634521484375,3604.3843626954545,3535.0311726490877,3540.2822482724014,1635209
2024-07-08,3598.439697265625,3612.0130585397096,3560.7908237810175,3606.464948630707,1706210
2024-07-09,3632.224853515625,3650.950118291094,3612.4096561300557,3616.2735228663482,2425176
2024-07-10,3616.322998046875,3659.866844585888,3567.7261795760105,3650.999592405431,2231438
2024-07-11,3587.640625,3650.553876095973,3569.707774784106,3626.1810867915146,2942924
2024-07-12,3615.629638671875,3633.809937207494,3579.3181442017562,3596.45833837869,2001185
2024-07-15,3617.858642578125,3640.051565713179,3603.3934525037653,3636.0885264472968,943302
2024-07-16,3602.94775390625,3617.8587379140035,3587.541389977207,3612.4095587798215,2220953
2024-07-18,3622.416015625,3645.2530779167314,3565.397739447795,3606.3657548731135,3240772
2024-07-19,3585.064453125,3625.1406399640023,3576.6429945505733,3617.264147674278,2432533
2024-07-22,3617.7099609375,3628.0140083802585,3534.634893678459,3584.4699200062273,3639057
2024-07-23,3505.35791015625,3679.682056118013,3428.02905604963,3635.6924158520765,6957691
2024-07-24,3486.9296875,3525.0739415258454,3468.6502167398844,3516.2066892915877,3184060
2024-07-25,3585.70849609375,3597.349924596564,3499.413456322879,3506.2991890603626,4691483
2024-07-26,3645.89697265625,3666.8021016568177,3562.8714930705823,3595.4673944643587,2617659
2024-07-29,3740.06884765625,3754.979831776795,3652.535360033135,3666.802205120295,4159919
2024-07-30,3749.67919921875,3759.9336605012822,3704.054901273021,3739.969946119707,1979989
2024-07-31,3779.748779296875,3786.6840981579703,3728.3284404949313,3742.1494918483113,2703636
2024-08-01,3744.378662109375,3803.477389028954,3731.0529908147664,3774.7949404176857,1998663
2024-08-02,3631.828369140625,3714.259541086526,3623.307979478477,3695.881139197811,2512525
2024-08-05,3495.400634765625,3574.5622473988606,3479.0530977833027,3563.7630621462454,2900685
2024-08-06,3543.1552734375,3601.3128273732077,3513.2343747983955,3515.215894468333,2125532
2024-08-07,3604.632080078125,3621.970377721598,3576.9899765889945,3596.458311189059,1613097
2024-08-08,3520.714599609375,3595.2196895455763,3514.6708679657236,3587.5413009561235,2038088
2024-08-09,3558.85888671875,3572.234144389889,3542.6598667853705,3566.7353789703648,848232
2024-08-12,3538.944580078125,3577.6338004034938,3530.0773278420515,3545.9294853625324,1965035
2024-08-13,3518.98095703125,3573.6708535154207,3512.4418451309184,3546.9203370072655,1316218
2024-08-14,3512.441650390625,3545.6321042179725,3503.822088370616,3526.0645978570737,1584372
2024-08-16,3535.3779296875,3547.811772023547,3500.3544730069766,3544.9386652756757,2808865
2024-08-19,3522.200927734375,3566.636362817366,3514.2252623959716,3566.5870183316038,1898535
2024-08-20,3539.687744140625,3546.920339578724,3515.2160236942213,3529.086661893691,1285569
2024-08-21,3562.822021484375,3581.894148674575,3548.8026244189223,3556.827875990509,1714248
2024-08-22,3573.17529296875,3578.7729892012117,3550.8336106374327,3573.7202592470203,1734927
2024-08-23,3565.298828125,3588.532097719208,3553.905090100767,3573.1753203821986,1825180
2024-08-26,3608.248291015625,3614.292023005356,3561.4844733054415,3577.6339076404442,1606911
2024-08-27,3668.486328125,3702.469438244461,3602.4026966702863,3608.9911527032123,3315435
2024-08-28,3654.962646484375,3689.985861796769,3650.950020744061,3670.7652176002025,1278175
2024-08-29,3649.414306640625,3675.7190289308087,3617.809164304788,3656.3992119323852,2165489
2024-08-30,3670.41845703125,3710.3957145547793,3632.5218919894023,3683.992060763176,2592912
2024-09-02,3649.067626953125,3687.5585012212314,3632.4723997991414,3671.7559303082635,1277813
2024-09-03,3656.05224609375,3679.6323781420283,3633.0170803223837,3659.8171817795624,1211993
2024-09-04,3617.066162109375,3646.9870616437684,3597.5482411534276,3616.2735058407375,1930121
2024-09-05,3590.662109375,3634.107024290044,3575.0576421905484,3634.107024290044,2958770
2024-09-06,3541.71875,3590.315568693052,3503.5249096620782,3581.6960064328896,3096557
2024-09-09,3545.236083984375,3560.7909655347785,3521.012053589111,3550.883366854938,1454589
2024-09-10,3562.9208984375,3591.5044165479167,3538.003385239341,3551.8740229860086,1203483
2024-09-11,3504.26806640625,3570.6489775558207,3483.907902743875,3561.7817251150263,1865165
2024-09-12,3588.5322265625,3604.4339707528998,3501.3453585510424,3525.12359528144,3751523
2024-09-13,3579.615234375,3601.164260488384,3566.7849430660444,3588.5320727667454,1752455
2024-09-16,3628.41015625,3636.088544866544,3579.615235041641,3585.708311189913,1045964
2024-09-17,3661.0556640625,3670.7651587432733,3625.883690206795,3634.1070451471865,1289060
2024-09-18,3695.97998046875,3723.2258759487204,3650.1573380706172,3654.9130336586118,2249929
2024-09-19,3649.662109375,3715.7457447730767,3640.051786948083,3715.349537576296,1711564
2024-09-20,3758.84375,3774.6959078186196,3646.243988248508,3665.8114955558667,5401701
2024-09-23,3752.700927734375,3803.328851369825,3714.358571017065,3764.8873219164702,1937874
2024-09-24,3756.565185546875,3796.3936835802774,3740.118475101147,3752.7010769583158,2676546
2024-09-25,3758.79443359375,3777.9654919680165,3743.0907928834763,3752.5525980290936,2113862
2024-09-26,3727.386962890625,3767.810011954277,3701.874897506245,3765.8780786807533,2750597
2024-09-27,3671.4091796875,3703.460357923151,3617.2642500742177,3703.460357923151,4095425
2024-09-30,3641.58740234375,3681.3167270593494,3631.134837585759,3664.820672368274,1837697
2024-10-01,3619.7412109375,3689.5897822721363,3605.7220554306127,3633.116469278175,1674100
2024-10-03,3465.3310546875,3583.578338245253,3453.194246657778,3549.397123794199,5315877
2024-10-04,3461.665283203125,3520.7146662267596,3436.4504937350202,3482.5208261434614,3445879
2024-10-07,3436.302001953125,3480.4897458680553,3397.3155053348632,3472.6132534846006,2304227
2024-10-08,3499.760009765625,3505.803741625895,3436.9459318073277,3460.6745819218163,2249452
2024-10-09,3454.878662109375,3524.826160210482,3448.834930458676,3509.3208657946843,1645791
2024-10-10,3428.3759765625,3522.052127770106,3423.5706944900494,3482.5209061300893,2686116
2024-10-11,3450.370849609375,3464.7864541615186,3415.1492876909674,3437.3422121277545,1280465
2024-10-14,3522.200927734375,3540.8272616859044,3468.947584668747,3477.5671471693995,1974378
2024-10-15,3519.079833984375,3537.012684122755,3487.623208572359,3537.012684122755,1231552
2024-10-16,3499.958251953125,3548.802517781621,3481.0842289239285,3517.19737614145,1961835
2024-10-17,3537.31005859375,3549.892660730696,3489.258204269039,3517.09841185004,2968537
2024-10-18,3544.74072265625,3559.255258044508,3507.5376410412273,3536.9631608978584,2102609
2024-10-21,3552.468505859375,3588.482480170472,3538.300592062359,3546.920154115808,1750549
2024-10-22,3479.449462890625,3558.462561891636,3467.6595172857465,3551.874105562686,1363574
2024-10-23,3423.471435546875,3481.4804722366666,3411.186110352357,3468.699767124874,2125268
2024-10-24,3410.83935546875,3442.4943266909463,3385.1787716967206,3412.1769780415616,1924421
2024-10-25,3295.66357421875,3403.260194141124,3284.4185946906396,3393.3525953226635,3236774
2024-10-28,3309.9306640625,3341.833083904265,3232.403703251498,3285.3597705978486,2991674
2024-10-29,3349.659912109375,3353.1275716175005,3285.3596939840263,3285.3596939840263,2253467
2024-10-30,3376.8564453125,3406.6285854189828,3322.017790636822,3348.7187203265817,1785128
2024-10-31,3588.829345703125,3621.177557084316,3475.93231254891,3497.3821659060313,7637083
2024-11-01,3592.842041015625,3608.248163013316,3586.5506192804,3591.4548321093766,212796
2024-11-04,3541.42138671875,3591.454757579255,3498.273748223489,3591.454757579255,1724189
2024-11-05,3541.768310546875,3551.874012498377,3509.1721668076166,3523.141977250831,1251506
2024-11-06,3611.765380859375,3626.0818120535296,3524.5289292827542,3560.7908358845502,1819732
2024-11-07,3612.85546875,3629.1534203086458,3586.550745704968,3613.64812502655,1581009
2024-11-08,3626.478271484375,3633.116314000204,3587.1944989060057,3606.762005642167,1622142
2024-11-11,3595.319091796875,3627.171925224892,3572.6801317566133,3612.3105270062706,926127
2024-11-12,3558.16552734375,3617.264256361415,3546.920306155537,3616.2734964993606,1116206
2024-11-13,3515.166259765625,3571.540638731014,3502.979865586132,3551.8739595234183,1568694
2024-11-14,3493.6669921875,3532.802007059221,3467.8080628221655,3525.1236180654023,1291765
2024-11-18,3509.419921875,3535.3284372010994,3478.4093319368303,3488.5646204454893,1233217
2024-11-19,3473.5048828125,3573.670801019988,3462.7056971346988,3527.0059150429074,1826460
2024-11-21,3451.31201171875,3497.9273120409725,3420.5488693375355,3497.3823457348035,1510581
2024-11-22,3570.203125,3580.110723515332,3441.008137113958,3467.65948036631,2534018
2024-11-25,3718.32177734375,3726.247856272274,3620.2365506032675,3626.18110979966,4753829
2024-11-26,3668.387451171875,3720.203996884119,3655.9037805332373,3720.203996884119,1141534
2024-11-27,3664.5234375,3685.6266708471194,3650.950075825708,3669.774513123046,971816
2024-11-28,3632.17529296875,3686.1221198575586,3614.2920288241835,3665.811542392949,2124283
2024-11-29,3690.38232421875,3715.349423970889,3601.511214374312,3601.511214374312,2094305
2024-12-02,3669.823974609375,3683.4965085580607,3638.96166095972,3672.5981504936294,1158369
2024-12-03,3752.05712890625,3763.7481434838655,3667.29757557445,3686.61739260098,3252670
2024-12-04,3754.880615234375,3799.5639807052953,3723.3250595085055,3740.118390394391,2510166
2024-12-05,3796.14599609375,3848.1113024577694,3725.2570796192617,3774.795072699305,2765170
2024-12-06,3830.970947265625,3848.0615541590573,3764.8873156546315,3796.591629891723,1856562
2024-12-09,3910.826416015625,3922.418257918458,3831.7637313714667,3831.7637313714667,3332753
2024-12-10,3886.8994140625,3926.8766708182884,3865.251456441381,3918.4552120818294,2349493
2024-12-11,3880.55859375,3911.1729759766104,3865.9448861460396,3886.8993599564724,1237958
2024-12-12,3824.23388671875,3922.4182855950135,3811.403594909171,3893.6862496560757,1899867
2024-12-13,3851.08349609375,3861.981854328129,3759.1409346122255,3823.342220588058,2300361
2024-12-16,3842.01806640625,3878.230144335169,3821.6083173515144,3846.1296229071436,918660
2024-12-17,3772.020751953125,3839.59052354427,3761.9150501295635,3827.354784853903,1690180
2024-12-18,3723.424072265625,3783.7119065193083,3710.395676856457,3772.020891790718,1318341
2024-12-19,3682.010498046875,3727.4366924425294,3665.8114776014195,3667.941514543971,1856838
2024-12-20,3596.309814453125,3690.5805194235677,3573.770027388189,3682.0105432934306,2796593
2024-12-23,3606.861328125,3665.8115407395962,3583.628057412665,3636.0887444633295,1217612
2024-12-24,3606.1181640625,3645.0054881752694,3598.835982411058,3614.2423464556105,627922
2024-12-26,3595.962890625,3631.283382671433,3576.989936171985,3624.1995464681772,1124705
2024-12-27,3574.7607421875,3609.9820616491907,3570.2031500845333,3598.836013241129,1309122
2024-12-30,3545.8798828125,3589.522902163864,3533.0495912548545,3574.562331818288,1591690
2024-12-31,3574.314697265625,3587.1452309068904,3517.19748832877,3529.6315728968502,1267628
2025-01-01,3633.61181640625,3654.9131535712763,3566.6859389363945,3566.7355253067485,1202029
2025-01-02,3679.186767578125,3689.6889189264243,3616.3231023687426,3642.627825225075,1882900
2025-01-03,3626.081787109375,3685.5273766150435,3617.7099149642713,3673.7374314503086,1290107
2025-01-06,3569.90576171875,3658.132972725863,3552.3693611506756,3650.702274020346,1212012
2025-01-07,3609.635498046875,3616.1250235998264,3562.4752312810992,3573.770038977811,1453540
2025-01-08,3563.119384765625,3629.99567654501,3556.8279627850775,3628.1626740164215,1813201
2025-01-09,3495.301513671875,3572.977229611797,3453.7887734755,3566.6362215577715,2921681
2025-01-10,3503.475341796875,3519.377085743505,3460.030667567546,3467.60988365528,1794238
2025-01-13,3432.289306640625,3501.8405979080853,3416.734425780858,3473.158149380393,2137212
2025-01-14,3430.605224609375,3459.683881679932,3416.734586421315,3433.825194188746,2924491
2025-01-15,3469.04638671875,3493.5676926152337,3439.224660840124,3439.224660840124,1155446
2025-01-16,3475.486328125,3510.7078886329764,3451.559574865827,3502.336016404937,2305460
2025-01-17,3535.675048828125,3546.7717526774995,3479.499013600767,3491.437718193442,1600246
2025-01-20,3559.800048828125,3583.7268018318755,3523.6373152399738,3541.86719925381,1593334
2025-01-21,3508.3798828125,3609.635493449755,3495.500004464314,3579.3677309545706,2576596
2025-01-22,3485.691162109375,3549.24854990768,3457.8509562042627,3530.0772505720984,1626055
2025-01-23,3470.87939453125,3495.2025968754374,3428.6235842911324,3459.7333463792547,1993204
2025-01-24,3426.24560546875,3488.5645440837366,3414.2079702539204,3482.0254324332586,1206454
2025-01-27,3425.70068359375,3461.6157279989393,3369.722752313938,3415.3472915835446,1552938
2025-01-28,3382.35498046875,3449.9743407371952,3372.5961410040695,3432.933319566636,1657689
2025-01-29,3417.82421875,3423.0752943512766,3380.4726206444443,3399.2970578637423,1238704
2025-01-30,3389.33984375,3485.295031502735,3363.629674146357,3423.07526485292,2717740
2025-01-31,3534.4365234375,3556.827792366174,3448.884557183705,3468.6997537985585,3995513
2025-02-01,3415.64453125,3595.6655448971665,3370.5649587563453,3544.938689720812,4752505
2025-02-03,3258.80712890625,3388.3985608380526,3239.7845888714714,3388.3985608380526,6077580
2025-02-04,3407.37158203125,3417.1306631376783,3276.6904568460677,3285.359605382587,4742516
2025-02-05,3351.938720703125,3419.0627014329593,3348.2233712162338,3412.8208659180355,2670316
2025-02-06,3321.77001953125,3372.546460811088,3311.8128348643077,3372.546460811088,2874856
2025-02-07,3306.06640625,3338.811067268702,3280.504995940615,3335.8883741239174,1722789
2025-02-10,3297.892578125,3318.054637216108,3263.61243348346,3316.8657738090396,1236663
2025-02-11,3209.715087890625,3329.9438938126723,3201.1451118443156,3329.894307442661,2593537
2025-02-12,3259.2529296875,3269.507390529868,3192.475814889354,3228.8862381020726,1632415
2025-02-13,3233.493408203125,3284.269852407941,3222.892325789994,3259.253165263129,2127644
2025-02-14,3207.733642578125,3255.4388761369437,3191.782553572095,3244.7882073809574,1378340
2025-02-17,3192.079833984375,3209.4674764678302,3165.0320407321565,3183.8564785574367,1966689
2025-02-18,3190.395263671875,3211.0527034889406,3153.5886316585306,3197.1820654609105,2428215
2025-02-19,3245.630126953125,3272.331298674196,3181.9244614956297,3190.395264786494,1677978
2025-02-20,3245.53125,3255.091986048982,3217.740387102775,3229.9267819538545,1236693
2025-02-21,3284.468017578125,3294.177270429151,3240.676239472465,3245.531107782703,1706850
2025-02-24,3227.598388671875,3294.771956412763,3219.9695860296133,3259.302704595859,1512844
2025-02-25,3196.092041015625,3218.929103489593,3176.7722243174926,3203.1265325672966,2529084
2025-02-27,3179.84375,3228.3909828244273,3154.5793737342265,3208.0804058264525,2572065
2025-02-28,3134.61572265625,3170.233491733098,3111.976762791947,3170.233491733098,2494680
2025-03-03,3167.756591796875,3197.1821116617484,3130.801200139797,3136.696173009949,1352460
2025-03-04,3183.311279296875,3191.2373578011934,3138.52898412442,3141.7489535167992,1442098
2025-03-05,3209.715087890625,3215.0157499024463,3158.3939205833267,3183.3114343410048,1945855
2025-03-06,3229.77783203125,3236.2673572122503,3185.292812983288,3220.068579328378,1854837
2025-03-07,3214.718505859375,3258.60921653258,3210.1611555824775,3229.778007525388,930240
2025-03-10,3148.337646484375,3216.3038715283815,3139.7676702104354,3216.0065951851507,1777752
2025-03-11,3165.923583984375,3174.7908364600885,3131.891127518692,3141.006069962357,1274649
2025-03-12,3164.14013671875,3192.1786891920365,3123.9154314498933,3175.3853579070405,1360149
2025-03-13,3157.848876953125,3203.2750703502657,3148.6843484605674,3172.6606881398275,1414376
2025-03-17,3144.126708984375,3210.1114098884045,3129.8102779323476,3160.523832416647,2805790
2025-03-18,3144.126708984375,3144.126708984375,3144.126708984375,3144.126708984375,0
2025-03-19,3288.876953125,3295.8618585393383,3238.29861371843,3244.7385528309187,1616312
2025-03-20,3320.0859375,3327.863257411344,3246.6209474165394,3304.4318830508832,2434722
2025-03-21,3384.385986328125,3423.07520599131,3301.954817009418,3325.980742840182,3042073
2025-03-24,3449.67724609375,3484.502357720259,3414.1584090713714,3417.130688591747,1955564
2025-03-25,3437.54052734375,3492.4285271585327,3403.607001938025,3472.613329841321,4235900
2025-03-26,3412.969482421875,3464.4889931540906,3386.912450732291,3440.9088610189397,2315715
2025-03-27,3469.244873046875,3495.4008369778494,3419.1123266469835,3428.029165516825,3467864
2025-03-28,3460.03076171875,3481.5302026409804,3440.463254176872,3477.46799039738,1348143
2025-04-01,3405.04345703125,3469.244742861873,3398.3062417610176,3447.8442336234234,1935147
2025-04-02,3388.299560546875,3425.7999181355394,3376.5096149247106,3401.2786115130666,1338839
2025-04-03,3388.547119140625,3431.001274401036,3361.648086642424,3368.583405418285,1200631
2025-04-04,3230.025634765625,3372.3484326372195,3207.3869172781106,3368.583496822648,2366979
2025-04-07,3040.146484375,3062.0423729831123,2937.900120111403,3020.8762544006017,4953864
2025-04-08,3131.89111328125,3164.3878434209587,3064.122993226975,3096.0749989474543,2877816
2025-04-09,3025.92919921875,3129.6123660818375,3019.8361226935876,3129.6123660818375,4451381
2025-04-11,3087.158203125,3127.8289446209496,3071.5041486267314,3085.2262697338097,3979116
2025-04-15,3227.499267578125,3241.7661121490983,3146.752342718665,3150.6162092402606,2161492
2025-04-16,3197.87548828125,3246.5218931957247,3194.3088979868703,3239.7846779044826,1578260
2025-04-17,3217.29443359375,3219.870264012315,3133.178779176769,3184.401255724522,3209331
2025-04-21,3250.187744140625,3259.59996287842,3195.2997442551673,3219.4741882594,1643003
2025-04-22,3227.697509765625,3254.646129492851,3217.9880147923227,3249.692330208996,2060322
2025-04-23,3270.498291015625,3284.368929026597,3236.515179511797,3245.134741898812,2381699
2025-04-24,3270.10205078125,3276.442817054013,3249.6923011603153,3276.442817054013,1993448
2025-04-25,3241.865478515625,3304.8776613332107,3200.2535638327017,3279.415180963702,2004819
2025-04-28,3296.55517578125,3319.8380313981165,3224.7250893036817,3229.876991956853,1689485
2025-04-29,3291.6015625,3345.201526303951,3284.3689670763993,3304.1841644644924,1843861
2025-04-30,3310.128662109375,3323.999300023033,3272.777064104542,3293.2857446427906,1930714
2025-05-02,3304.0849609375,3343.7153553444255,3294.2765350756786,3294.2765350756786,1411889
2025-05-05,3299.428466796875,3319.045560576633,3270.2010506664237,3319.045560576633,1947332
2025-05-06,3303.193359375,3322.017796635985,3272.2817002496968,3315.082477645096,1695516
2025-05-07,3290.709716796875,3308.939843432301,3253.7545673632976,3301.211868113193,2422707
2025-05-08,3293.1865234375,3334.897609303595,3269.30935651123,3279.5142312030375,3204333
2025-05-09,3412.07763671875,3444.871883412516,3300.220950142965,3300.220950142965,5637694
2025-05-12,3554.0537109375,3569.5096614618274,3457.7519012063494,3480.539377919171,3147384
2025-05-13,3534.040283203125,3572.67991624067,3512.243567130664,3554.0535832199857,2374439
2025-05-14,3540.084228515625,3583.578490549433,3534.0404964859904,3553.8556941113675,2440116
2025-05-15,3584.767333984375,3614.9855101940984,3510.2622397065293,3560.7909933686897,3720879
2025-05-16,3571.39208984375,3608.3474817321217,3566.7355667862817,3608.3474817321217,1278520
2025-05-19,3566.93359375,3586.45151458307,3553.855611996377,3571.3920131126943,1519244
2025-05-20,3534.8330078125,3600.4212608859257,3523.1419933160023,3596.458221523366,1532347
2025-05-21,3555.837158203125,3577.138495316908,3522.1513227673754,3532.7524049540325,1563885
2025-05-22,3518.58447265625,3558.8094197559362,3504.2184546756093,3551.8741007307995,1597159
2025-05-23,3566.63623046875,3598.043510721428,3518.3862749189907,3537.012608179345,1119217
2025-05-26,3614.9853515625,3638.565483947053,3575.0576819457824,3582.389449835285,1678934
2025-05-27,3606.365966796875,3631.134963821579,3569.7078512003136,3614.985529384525,2013954
2025-05-28,3612.607666015625,3629.153307026433,3586.5506337525767,3626.181027495699,1293244
2025-05-29,3621.5244140625,3634.9986024674436,3584.569024444051,3630.044803373408,1972248
2025-05-30,3641.1416015625,3661.1549020460297,3620.7318520103017,3621.52450826291,2571304
2025-06-02,3645.60009765625,3663.1364988977325,3572.2838676131,3641.1416782617343,1954517
2025-06-03,3644.800048828125,3669.199951171875,3615.300048828125,3655.0,2472483
2025-06-04,3626.5,3661.699951171875,3615.300048828125,3645.0,1086783
2025-06-05,3642.60009765625,3677.39990234375,3612.0,3629.89990234375,1466416
2025-06-06,3656.300048828125,3667.0,3623.0,3645.0,1172711
2025-06-09,3678.89990234375,3708.89990234375,3662.199951171875,3664.0,898170
2025-06-10,3679.800048828125,3704.0,3667.199951171875,3704.0,1454535
2025-06-11,3684.800048828125,3692.0,3656.10009765625,3689.89990234375,1265737
2025-06-12,3603.89990234375,3708.0,3585.0,3684.800048828125,2335718
2025-06-13,3587.39990234375,3596.0,3485.89990234375,3501.199951171875,1981445
2025-06-16,3628.699951171875,3653.699951171875,3561.800048828125,3575.5,1322630
2025-06-17,3622.300048828125,3627.60009765625,3602.0,3622.0,930603
2025-06-18,3601.5,3639.10009765625,3587.199951171875,3622.0,743311
2025-06-19,3621.10009765625,3643.0,3591.10009765625,3607.0,1580819
2025-06-20,3662.0,3669.89990234375,3614.0,3614.0,2575277
2025-06-23,3583.699951171875,3660.0,3574.60009765625,3645.0,1867977
2025-06-24,3604.800048828125,3684.0,3597.0,3637.10009765625,2751637
2025-06-25,3619.800048828125,3642.0,3608.89990234375,3640.0,1405262
2025-06-26,3659.60009765625,3669.0,3620.10009765625,3620.10009765625,2578926
2025-06-27,3679.199951171875,3731.39990234375,3665.0,3665.0,2720600
2025-06-30,3669.800048828125,3717.5,3652.699951171875,3682.0,1508882
2025-07-01,3666.699951171875,3678.89990234375,3645.0,3669.800048828125,1054380
2025-07-02,3596.800048828125,3674.199951171875,3583.89990234375,3666.60009765625,1330176
2025-07-03,3582.89990234375,3625.0,3576.0,3605.0,1229034
2025-07-04,3594.60009765625,3600.0,3570.10009765625,3590.0,696402
2025-07-07,3581.39990234375,3609.800048828125,3575.10009765625,3599.89990234375,719539
2025-07-08,3606.39990234375,3614.0,3560.0,3580.0,1513912
2025-07-09,3579.699951171875,3605.10009765625,3568.199951171875,3605.0,1008876
2025-07-10,3574.699951171875,3589.89990234375,3569.0,3575.0,1063910
2025-07-11,3540.60009765625,3586.60009765625,3535.5,3575.0,1439747
2025-07-14,3495.89990234375,3548.699951171875,3488.0,3540.60009765625,1358844
2025-07-15,3494.0,3521.0,3481.699951171875,3519.0,1585193
2025-07-16,3503.800048828125,3516.0,3477.0,3504.0,1266964
2025-07-17,3474.0,3515.0,3467.5,3515.0,2217275
2025-07-18,3464.800048828125,3499.0,3450.0,3489.0,1818696
2025-07-21,3502.800048828125,3508.10009765625,3444.89990234375,3467.60009765625,1521623
2025-07-22,3464.60009765625,3507.60009765625,3454.10009765625,3502.0,2586522
2025-07-23,3484.89990234375,3490.0,3458.60009765625,3476.199951171875,1192261
2025-07-24,3477.5,3493.39990234375,3461.0,3484.89990234375,1083671
2025-07-25,3442.89990234375,3477.0,3437.39990234375,3470.0,1338744
2025-07-28,3422.199951171875,3446.10009765625,3405.10009765625,3430.10009765625,2256080
2025-07-29,3495.60009765625,3504.300048828125,3406.5,3418.0,1241060
2025-07-30,3665.10009765625,3685.300048828125,3590.0,3622.0,8760659
2025-07-31,3636.5,3662.89990234375,3621.0,3625.0,1927627
2025-08-01,3587.300048828125,3636.0,3578.10009765625,3636.0,1205945
2025-08-04,3631.10009765625,3636.800048828125,3577.0,3595.199951171875,1033049
2025-08-05,3652.60009765625,3657.699951171875,3608.300048828125,3630.0,1158433
2025-08-06,3628.39990234375,3671.0,3622.199951171875,3650.0,931383
2025-08-07,3641.60009765625,3649.0,3599.199951171875,3610.300048828125,1211790
2025-08-08,3607.60009765625,3662.300048828125,3600.0,3641.60009765625,1337067
2025-08-11,3668.39990234375,3676.89990234375,3600.0,3610.0,1822410
2025-08-12,3686.10009765625,3727.89990234375,3673.10009765625,3680.0,2280103
2025-08-13,3693.699951171875,3716.0,3681.300048828125,3696.0,1227196
2025-08-14,3677.0,3708.5,3641.699951171875,3700.0,1769702
2025-08-18,3635.10009765625,3701.5,3621.699951171875,3699.0,1950151
2025-08-19,3613.0,3654.0,3608.199951171875,3648.89990234375,1352944
2025-08-20,3592.300048828125,3619.89990234375,3580.0,3613.5,1325096
2025-08-21,3612.60009765625,3648.0,3588.0,3599.0,1624009
2025-08-22,3595.800048828125,3634.5,3582.0,3610.0,1060447
2025-08-25,3603.10009765625,3617.89990234375,3584.300048828125,3616.0,980393
2025-08-26,3541.300048828125,3600.0,3531.0,3599.0,1787363
2025-08-28,3560.10009765625,3576.89990234375,3537.199951171875,3540.0,1695226
2025-08-29,3601.0,3615.0,3540.199951171875,3575.60009765625,1678055
2025-09-01,3598.39990234375,3628.60009765625,3581.89990234375,3601.0,1094155
2025-09-02,3574.89990234375,3619.89990234375,3560.0,3598.39990234375,1230950
2025-09-03,3600.800048828125,3606.300048828125,3560.0,3594.0,1314831
2025-09-04,3592.60009765625,3624.89990234375,3572.5,3622.89990234375,1434998
2025-09-05,3553.60009765625,3609.10009765625,3549.10009765625,3592.800048828125,830812
2025-09-08,3529.60009765625,3579.89990234375,3525.0,3570.0,1039999
2025-09-09,3525.0,3550.0,3516.39990234375,3547.199951171875,1522116
2025-09-10,3550.0,3577.39990234375,3541.10009765625,3559.0,1136732
2025-09-11,3539.699951171875,3564.699951171875,3533.0,3548.0,1177793
2025-09-12,3579.800048828125,3595.39990234375,3548.10009765625,3556.39990234375,1146873
2025-09-15,3586.199951171875,3607.0,3575.5,3581.0,1177076
2025-09-16,3667.800048828125,3674.0,3593.10009765625,3603.89990234375,2928060
2025-09-17,3685.5,3704.0,3662.699951171875,3672.0,1610471
2025-09-18,3686.0,3700.0,3672.5,3691.0,1270148
2025-09-19,3675.39990234375,3705.0,3671.0,3679.0,2227521
2025-09-22,3644.5,3693.60009765625,3633.89990234375,3693.60009765625,839430
2025-09-23,3657.60009765625,3673.5,3613.199951171875,3646.89990234375,1262120
2025-09-24,3673.800048828125,3709.199951171875,3637.10009765625,3657.60009765625,1745130
2025-09-25,3644.39990234375,3704.0,3635.699951171875,3684.0,1999071
2025-09-26,3729.5,3794.89990234375,3661.0,3664.0,5870301
2025-09-29,3688.39990234375,3740.0,3679.60009765625,3738.0,2599630
2025-09-30,3659.0,3696.60009765625,3648.0,3695.0,1676302
2025-10-01,3670.300048828125,3688.0,3615.0,3658.89990234375,2005028
2025-10-03,3733.10009765625,3746.0,3666.300048828125,3690.0,1959124
2025-10-06,3737.0,3767.0,3703.0,3720.0,1581506
2025-10-07,3729.699951171875,3766.0,3725.0,3748.0,1673945
2025-10-08,3729.800048828125,3760.0,3715.0,3730.0,1424633
2025-10-09,3769.199951171875,3796.39990234375,3730.10009765625,3735.5,1827249
2025-10-10,3784.0,3799.0,3760.0,3765.0,1129678
2025-10-13,3769.5,3784.0,3745.0,3780.0,1191248
2025-10-14,3744.300048828125,3786.800048828125,3730.199951171875,3775.0,1364583
2025-10-15,3828.699951171875,3843.89990234375,3744.300048828125,3747.0,2575918
2025-10-16,3861.800048828125,3885.89990234375,3830.0,3830.300048828125,2330283
2025-10-17,3839.39990234375,3869.5,3830.10009765625,3860.0,1337364
2025-10-20,3872.699951171875,3887.60009765625,3845.39990234375,3862.0,1223232
2025-10-21,3888.199951171875,3895.0,3877.199951171875,3892.0,260327
2025-10-23,3918.699951171875,3966.199951171875,3890.0,3890.0,2815778
2025-10-24,3904.89990234375,3939.89990234375,3897.5,3929.300048828125,1146636
2025-10-27,3923.800048828125,3948.0,3907.0,3912.0,1057688
2025-10-28,3972.800048828125,3986.0,3917.300048828125,3922.10009765625,3391806
2025-10-29,3958.10009765625,4016.699951171875,3920.0,3988.0,2563641
2025-10-30,3987.5,4062.60009765625,3975.60009765625,3980.0,4959400
2025-10-31,4030.89990234375,4045.89990234375,3980.199951171875,4001.10009765625,2328183
2025-11-03,3980.5,4041.0,3974.89990234375,4030.0,1154072
2025-11-04,3924.39990234375,3990.0,3916.800048828125,3985.0,2042881
2025-11-06,3881.60009765625,3978.0,3872.10009765625,3945.0,1749063
2025-11-07,3882.5,3892.89990234375,3831.10009765625,3877.10009765625,1577294
2025-11-10,3918.5,3943.800048828125,3894.0,3895.0,1397176
2025-11-11,3955.0,3966.800048828125,3897.0,3929.0,1775462
2025-11-12,3954.60009765625,3973.800048828125,3936.89990234375,3970.0,981350
2025-11-13,4002.5,4022.89990234375,3925.60009765625,3954.60009765625,1834962
2025-11-14,4004.39990234375,4011.5,3971.60009765625,4002.0,1916910
2025-11-17,4027.699951171875,4030.0,4000.10009765625,4004.39990234375,1206133
2025-11-18,3999.60009765625,4026.800048828125,3978.89990234375,4020.0,1748928
2025-11-19,4019.60009765625,4026.5,3980.300048828125,4007.0,923032
2025-11-20,4037.39990234375,4048.0,4007.699951171875,4035.0,1463574
2025-11-21,4024.89990234375,4057.0,4015.199951171875,4026.0,1241149
2025-11-24,4013.300048828125,4038.0,4003.699951171875,4025.0,1584741
2025-11-25,3996.699951171875,4055.5,3981.60009765625,4013.0,1749083
2025-11-26,4062.0,4074.60009765625,3998.0,3999.0,2058237
2025-11-27,4081.300048828125,4140.0,4059.60009765625,4071.0,2225064
2025-11-28,4069.60009765625,4104.2001953125,4054.699951171875,4085.0,1318133
2025-12-01,4073.199951171875,4103.39990234375,4050.0,4087.0,1251770
2025-12-02,4030.5,4088.60009765625,4023.800048828125,4066.5,1490917
2025-12-03,3988.0,4046.89990234375,3970.10009765625,4032.0,1123990
2025-12-04,3983.60009765625,4009.199951171875,3961.699951171875,3990.0,1026968
2025-12-05,4038.199951171875,4048.0,3975.10009765625,3999.0,1073758
2025-12-08,3996.699951171875,4047.89990234375,3976.89990234375,4047.0,1127841
2025-12-09,3997.5,4019.89990234375,3949.10009765625,3990.0,1788464
2025-12-10,3991.300048828125,4030.0,3970.0,4000.0,957277
2025-12-11,4003.89990234375,4015.0,3984.60009765625,3993.199951171875,841371
2025-12-12,4074.10009765625,4114.0,4048.60009765625,4061.0,2207898
2025-12-15,4092.300048828125,4096.0,4063.800048828125,4072.800048828125,1064975
2025-12-16,4063.800048828125,4103.7998046875,4051.199951171875,4083.699951171875,2199214
2025-12-17,4062.39990234375,4079.0,4040.0,4079.0,1087334
2025-12-18,4031.10009765625,4071.800048828125,4023.39990234375,4067.0,1004303
2025-12-19,4073.5,4091.5,4040.10009765625,4040.10009765625,1327935
2025-12-22,4072.39990234375,4098.5,4068.5,4081.0,764774
2025-12-23,4058.800048828125,4095.0,4053.300048828125,4089.0,1867147
2025-12-24,4053.60009765625,4080.699951171875,4048.10009765625,4065.0,1021436
2025-12-26,4047.300048828125,4061.5,4030.199951171875,4052.0,594330
2025-12-29,4038.699951171875,4061.10009765625,4033.39990234375,4053.0,952143
2025-12-30,4052.0,4063.89990234375,4006.199951171875,4039.0,1362208
2025-12-31,4083.5,4094.5,4048.0,4058.0,1160164
2026-01-01,4140.39990234375,4146.7998046875,4088.300048828125,4090.0,1360716
2026-01-02,4163.39990234375,4172.7001953125,4127.10009765625,4138.10009765625,984027
2026-01-05,4150.39990234375,4195.0,4132.7998046875,4162.89990234375,1167460
2026-01-06,4140.60009765625,4185.0,4129.89990234375,4153.0,1205337
2026-01-07,4157.0,4180.0,4094.0,4106.0,1213160
2026-01-08,4028.39990234375,4169.89990234375,3991.300048828125,4160.0,2328813
2026-01-09,4025.199951171875,4094.0,4006.199951171875,4029.0,1718127
2026-01-12,4019.0,4026.89990234375,3944.300048828125,4026.0,1386513
2026-01-13,3887.39990234375,4028.0,3837.0,4028.0,4978634
2026-01-14,3865.800048828125,3904.89990234375,3856.60009765625,3900.0,1914244
2026-01-15,3865.800048828125,3865.800048828125,3865.800048828125,3865.800048828125,0
2026-01-16,3856.39990234375,3914.0,3848.699951171875,3890.0,1807300
2026-01-19,3869.800048828125,3878.39990234375,3808.5,3820.0,1709380
2026-01-20,3810.5,3874.300048828125,3800.0,3858.0,1658119
2026-01-21,3766.5,3830.0,3722.0,3800.0,2537185
2026-01-22,3793.800048828125,3801.300048828125,3755.10009765625,3798.89990234375,1856812
2026-01-23,3743.800048828125,3799.39990234375,3720.10009765625,3798.0,1898703
2026-01-27,3787.800048828125,3815.0,3739.0,3743.800048828125,2162193
2026-01-28,3794.0,3828.199951171875,3769.10009765625,3804.300048828125,2111741
2026-01-29,3932.89990234375,3960.89990234375,3843.60009765625,3860.0,4227139
2026-01-30,3932.300048828125,3942.39990234375,3891.800048828125,3902.5,2208465
2026-02-02,3921.300048828125,3934.800048828125,3825.0,3830.699951171875,3034613
2026-02-03,4038.800048828125,4122.0,4030.60009765625,4117.0,3742190
2026-02-04,4087.10009765625,4107.0,4016.89990234375,4029.0,1403373
2026-02-05,4063.300048828125,4088.5,4035.89990234375,4088.0,1433240
2026-02-06,4068.10009765625,4078.0,4042.300048828125,4055.0,1630836
2026-02-09,4113.60009765625,4124.7001953125,4062.39990234375,4073.89990234375,1830267
2026-02-10,4169.0,4174.60009765625,4122.39990234375,4140.0,1890409
2026-02-11,4170.39990234375,4187.7001953125,4140.2998046875,4172.89990234375,1689489
2026-02-12,4185.89990234375,4199.0,4160.89990234375,4187.89990234375,2006458
2026-02-13,4173.89990234375,4199.0,4134.10009765625,4174.10009765625,2234376
2026-02-16,4201.5,4206.0,4135.2998046875,4170.0,852552
2026-02-17,4279.7998046875,4287.0,4190.10009765625,4210.10009765625,1763048
2026-02-18,4325.89990234375,4335.0,4261.10009765625,4290.5,2042626
2026-02-19,4280.5,4334.0,4261.89990234375,4326.10009765625,2007080
2026-02-20,4380.60009765625,4390.0,4267.10009765625,4267.10009765625,2542442
2026-02-23,4418.10009765625,4431.60009765625,4371.7001953125,4395.60009765625,2122782
2026-02-24,4259.2001953125,4440.0,4228.10009765625,4415.5,3673070
2026-02-25,4298.5,4344.89990234375,4254.2001953125,4270.0,2481469
2026-02-26,4286.5,4340.0,4278.2998046875,4304.89990234375,2370148
2026-02-27,4278.2998046875,4304.7001953125,4254.39990234375,4288.89990234375,2357853
2026-03-02,4066.699951171875,4141.39990234375,3975.39990234375,4061.0,6542141
2026-03-04,3882.60009765625,3959.0,3760.0,3950.0,7635350
2026-03-05,4038.699951171875,4072.89990234375,3908.89990234375,3924.199951171875,4996312
2026-03-06,3949.800048828125,4015.0,3941.0,4015.0,2379314
2026-03-09,3842.10009765625,3852.0,3743.0,3850.0,4248784
