Price,Close,High,Low,Open,Volume
Ticker,TCS.NS,TCS.NS,TCS.NS,TCS.NS,TCS.NS
Date,,,,,
2016-03-10,928.8143310546875,933.3826786477889,915.6234917236334,931.8796595544532,1661666
2016-03-11,935.5181884765625,945.6436961329194,923.5535229226397,925.5311535927096,1530528
2016-03-14,931.464111328125,948.4717362908041,925.5312188992834,934.2327944615844,1636742
2016-03-15,921.5364379882812,934.8261566920982,917.6603585500122,929.1108225188838,1623356
2016-03-16,920.4090576171875,922.3668925574591,912.4391485274059,915.6429486580265,1918246
2016-03-17,930.2976684570312,934.1540499451612,922.3673466994021,923.1583993123518,2221088
2016-03-18,959.4872436523438,961.1286387101333,933.441805496261,933.441805496261,3204070
2016-03-21,967.5556030273438,970.9966603609818,957.1730441803462,959.5462004882314,2336982
2016-03-22,978.1762084960938,982.8829332126204,963.6999061458953,965.875300967895,1951984
2016-03-23,978.4526977539062,984.0295590353319,971.9265156881459,984.0295590353319,2278434
2016-03-28,978.2944946289062,995.5987664126391,973.6075669527509,985.255794589226,3320882
2016-03-29,976.7120971679688,983.6535994252779,971.0165600442209,980.1136601994214,1838796
2016-03-30,984.662109375,990.7927631991865,972.9940908063868,977.3052861603849,2136504
2016-03-31,996.8446655273438,1008.5917739344845,977.8000217399394,980.232565721364,4363964
2016-04-01,970.5814208984375,997.0619695278947,962.7500816703171,990.7928424580053,3041400
2016-04-04,977.443603515625,984.0686638530602,967.85209825098,971.4118321636319,1752352
2016-04-05,974.0821533203125,982.8430200631141,965.8947802572224,977.2661585570737,1491794
2016-04-06,981.6563110351562,984.4645853199661,972.7372736222492,976.9495884854625,1763150
2016-04-07,977.265869140625,982.7636430909604,971.8075898603583,980.904689806141,2390942
2016-04-08,961.9393920898438,978.4130176060839,959.9419657202296,975.3674855649305,1399500
2016-04-11,991.4457397460938,995.5394746620269,954.4047486529483,962.3152728854634,2400648
2016-04-12,995.9942016601562,998.7035945918799,984.108717320279,988.0243878378282,1303628
2016-04-13,999.1780395507812,1006.6139497299541,993.7593511577642,1000.6810580812511,1601468
2016-04-18,996.6275024414062,1009.9765165131981,965.0842765976907,970.2261190549735,7121504
2016-04-20,969.1773681640625,1002.6190209565332,965.0836346129589,1002.6190209565332,6405024
2016-04-21,958.9133911132812,975.9210125778794,954.0879922430992,969.4344234820916,2525724
2016-04-22,956.0064086914062,963.2642549110124,950.9238595246475,956.7776652973055,1964126
2016-04-25,969.5333862304688,971.8274570027825,950.172402277186,950.172402277186,2267654
2016-04-26,984.781005859375,986.2444332692927,965.8748369936285,968.6435199825538,2554368
2016-04-27,993.205810546875,994.5901521508432,979.2832120214754,980.9049079545837,1848670
2016-04-28,999.791259765625,1004.6364552683957,988.0639476437041,989.3296120540758,4992744
2016-04-29,1002.8564453125,1005.4273650105995,992.770529573802,995.5392123256014,2372178
2016-05-02,999.3760375976562,1000.6812933800853,988.8155072925745,1000.2857671771683,1116692
2016-05-03,980.1539916992188,1000.6817728405609,977.7412420797892,998.7041408784255,2153118
2016-05-04,980.1138916015625,986.4621062171108,971.8078416727357,978.4921956089016,1364892
2016-05-05,977.0684204101562,984.8404718471181,974.3986184802664,980.1139529284867,1246566
2016-05-06,978.2944946289062,982.6057882802919,961.5242218572495,974.9721130720361,885598
2016-05-09,993.7794799804688,995.93507868945,971.5706235240191,978.2945696470217,1821276
2016-05-10,997.8731689453125,1002.2437534583477,987.2335511106372,994.7485500974569,1158534
2016-05-11,996.0536499023438,998.9410104784208,984.8602391168475,988.8155011213329,1598716
2016-05-12,1014.9989624023438,1016.4623895209818,996.9432362725402,996.9432362725402,1513082
2016-05-13,998.07080078125,1014.9202559713061,992.8300784930116,1014.524729760873,1621730
2016-05-16,1009.0468139648438,1014.4458055362752,997.7150248552324,1003.8456820941843,1111526
2016-05-17,1016.5809326171875,1024.9067744489003,1009.3823785407018,1014.2077765547878,1756698
2016-05-18,1009.0269165039062,1014.8609278906433,999.1189659885436,1014.8609278906433,1500740
2016-05-19,1011.3408203125,1012.5471946814686,999.1388935025077,1010.5695634418563,1038792
2016-05-20,1000.40478515625,1014.8414964808401,997.83386396146,1005.54662754583,1230918
2016-05-23,985.433837890625,1006.9702224890874,980.9841676610243,1006.2187612536978,1533016
2016-05-24,976.039794921875,984.1678760665509,972.8360912623059,982.4868900429267,1339158
2016-05-25,999.2769165039062,1001.8478362065755,981.3002742034254,981.3002742034254,1548678
2016-05-26,1008.0773315429688,1014.4848349216859,990.8324518671611,1000.6810129340795,1943248
2016-05-27,1017.5502319335938,1020.398097243027,1008.8289582564348,1009.8374726091989,1104676
2016-05-30,1042.7650146484375,1044.96020390725,1021.2484325419351,1021.6439586583341,1349464
2016-05-31,1016.264892578125,1046.957761693884,1013.3380375745111,1044.189078531112,3722608
2016-06-01,1041.6383056640625,1046.1670624818473,1016.8981163103326,1016.977202257448,1911942
2016-06-02,1048.20361328125,1049.8451047820595,1028.3680150020994,1028.3680150020994,1408756
2016-06-03,1040.0560302734375,1051.3087323433144,1036.476498534859,1048.6982205674174,1554922
2016-06-06,1044.0323486328125,1054.6225332218153,1040.3157737733188,1047.2293854898699,1322026
2016-06-07,1051.4853515625,1054.6224828549928,1044.2321135657812,1044.6317431538278,1202194
2016-06-08,1044.2720947265625,1050.446352225595,1041.2348708916481,1045.9305184575574,938266
2016-06-09,1029.945068359375,1047.9883001979056,1021.1332188889663,1047.9883001979056,1562138
2016-06-10,1021.353271484375,1040.3356760214024,1020.3341965697509,1025.449474568681,1396832
2016-06-13,1017.856201171875,1020.3938871857977,1006.2669472127135,1015.0587950438015,1029978
2016-06-14,1013.0009155273438,1022.6319283031982,1006.367026549383,1022.6319283031982,977570
2016-06-15,1021.7928466796875,1025.0097864816712,1007.8657179348751,1011.0627543121467,1270844
2016-06-16,1022.3723754882812,1024.9299657776103,1005.6478385150532,1017.2770983359993,1145070
2016-06-17,1040.0760498046875,1043.0332698576487,1022.6521599868671,1022.6521599868671,1878988
2016-06-20,1062.73486328125,1066.2116207924118,1035.7598691270193,1040.0758877048575,1872838
2016-06-21,1059.4976806640625,1065.0125871199057,1055.5812921626205,1064.4131428870053,1027690
2016-06-22,1066.0714111328125,1070.087706422063,1051.724753605711,1059.0179907115548,1761712
2016-06-23,1057.159912109375,1062.8146303757128,1049.1473213087438,1061.0162976678012,1397014
2016-06-24,1028.6265869140625,1036.3194566954196,1004.7287173788126,1025.109826929421,3766586
2016-06-27,997.4151611328125,1017.8561676403859,992.1399745553152,1017.8561676403859,4272566
2016-06-28,984.6671142578125,1000.2326642003558,982.4491509582818,997.4153542000369,4499524
2016-06-29,1000.2325439453125,1004.0690258165382,985.2065346755501,989.0829209536048,2531264
2016-06-30,1020.2943115234375,1024.210603323307,999.2138513478774,1007.8657926590089,5121812
2016-07-01,999.4131469726562,1024.8895192587108,996.8155560729016,1023.8504438725034,2197296
2016-07-04,996.7562866210938,1009.4046240031697,991.8808242423364,1005.4682327936014,1883484
2016-07-05,993.1993408203125,997.8949880360848,989.9423014460577,996.7560047914678,1559748
2016-07-07,971.0197143554688,995.8167427026729,969.1014733692501,994.1582218479487,3316800
2016-07-08,969.7410278320312,975.9152843746892,960.5095469358471,973.0978767583889,2456356
2016-07-11,984.7469482421875,987.8041723164731,969.900752024292,971.0996404693159,1543632
2016-07-12,985.0665893554688,989.0828848251883,973.437430946085,987.7640881322648,1465536
2016-07-13,996.3162841796875,998.7739664271645,979.5917516073171,990.2818400746279,2102300
2016-07-14,1007.8257446289062,1010.6631535207889,987.4846391260852,993.4790825040258,2699988
2016-07-15,977.2340698242188,1010.183503697808,969.7210154575612,1005.8674854390217,8336366
2016-07-18,972.4785766601562,986.6854276652182,971.3396909028263,977.8935769529319,2598850
2016-07-19,985.566162109375,988.2037555914146,970.1005214048728,970.1005214048728,2362896
2016-07-20,997.0562744140625,1000.0734986885129,978.3535816786634,979.0929357789637,2815252
2016-07-21,1001.4911499023438,1006.8661451350009,984.8665299521997,994.8772646610776,2527148
2016-07-22,1005.108154296875,1008.6648176783781,995.8766741895872,998.634078603041,1517216
2016-07-25,1025.2818603515625,1026.984686897466,1003.9865510284753,1006.4706548964223,1688796
2016-07-26,1022.7373046875,1028.90750527237,1014.8842331989537,1025.2814682153842,2311290
2016-07-27,1032.7342529296875,1033.876089668321,1019.6925855624053,1023.6992361932988,1750510
2016-07-28,1049.44189453125,1053.5687639617938,1032.5338495920732,1033.9161244012182,4632080
2016-07-29,1049.4617919921875,1055.712106931344,1041.3282734095324,1047.338248054066,2488084
2016-08-01,1085.100830078125,1091.8119678622322,1054.5501282250991,1054.5501282250991,3961704
2016-08-02,1081.474853515625,1088.0858254353823,1077.7086419736254,1082.9572943217909,2578162
2016-08-03,1064.286376953125,1081.3947515694788,1061.3815559272346,1076.18610697133,2294702
2016-08-04,1062.5634765625,1074.9640375416204,1056.2530034268063,1069.7754458604354,1415416
2016-08-05,1061.4017333984375,1075.505122403037,1054.5503224949068,1071.3381475439594,1868484
2016-08-08,1061.5621337890625,1068.97443779929,1053.3685524333737,1057.7558155135403,2058244
2016-08-09,1061.8424072265625,1065.6888305126301,1033.2550169887834,1064.9676139191665,2261914
2016-08-10,1071.9390869140625,1074.583515004602,1060.9609051947002,1062.1629001779268,2062078
2016-08-11,1085.7620849609375,1087.8055156647672,1067.9926502378357,1067.9926502378357,2233138
2016-08-12,1097.200927734375,1099.7451893290263,1082.6167624828201,1083.7987045377286,2327358
2016-08-16,1078.4700927734375,1097.8222342028532,1071.318280340329,1097.020904104895,3183754
2016-08-17,1051.5654296875,1081.394921767189,1048.941054163209,1081.394921767189,1848566
2016-08-18,1057.174560546875,1064.787194864466,1053.7889611640862,1055.7521803606587,1292064
2016-08-19,1043.1314697265625,1060.340014259154,1041.729142035361,1057.7557442205205,2416244
2016-08-22,1021.17529296875,1039.505724384123,1016.2070840185985,1036.9214536171598,2265274
2016-08-23,1042.1497802734375,1043.7123347396455,1017.7692744347862,1019.6724332988492,1503374
2016-08-24,1030.5303955078125,1042.5302922596873,1029.3284005513256,1037.6421990003603,1116878
2016-08-25,1022.1161499023438,1037.6018082083588,1012.0794752103553,1033.7153784808854,1939690
2016-08-26,1011.6593627929688,1030.7310613988977,1008.5542081509899,1025.6225811814486,1250314
2016-08-29,1001.8825073242188,1015.6653389968008,988.3400158697995,1015.6653389968008,1488728
2016-08-30,1019.3518676757812,1021.615683721441,1002.1633775098029,1005.6691964216313,1444026
2016-08-31,1006.1900634765625,1021.6957798661033,1002.0031336678913,1021.6957798661033,3231668
2016-09-01,1004.6676635742188,1015.6659001880071,996.4740824519637,1011.6391966685817,1345736
2016-09-02,1007.5924682617188,1009.4354687657193,1000.0799987161932,1006.4705865791975,1742330
2016-09-06,995.2719116210938,1009.7358594125996,993.6491988093176,1009.6356931627196,2239066
2016-09-07,977.8429565429688,1001.5422514682307,970.8112664361391,1001.5422514682307,3854040
2016-09-08,930.3841552734375,945.5693183345071,915.4192796884597,945.5693183345071,7021516
2016-09-09,942.5446166992188,948.2340416868897,929.5631062868637,933.429485463706,2742438
2016-09-12,945.188720703125,947.1519399362905,931.1453938865131,936.3540385166873,2024454
2016-09-14,932.9282836914062,952.6210246840875,925.5360349242361,946.3706123337861,2069858
2016-09-15,932.3273315429688,938.3974645241912,928.2405684163473,937.5359761483048,2818964
2016-09-16,946.25048828125,951.980017207795,929.542777744985,936.2338635210671,4358004
2016-09-19,966.1835327148438,972.4138926289464,941.5626896077562,947.5726642222737,2802546
2016-09-20,964.2003784179688,968.3672555321818,955.7463073002408,966.0033710225317,1184552
2016-09-21,966.9649047851562,971.211993057156,961.8764786756822,964.6811337711442,1678020
2016-09-22,952.7811889648438,972.8144351583854,950.016640117569,971.7126066177406,2857574
2016-09-23,960.8345947265625,963.1384180428108,950.0365967546699,954.3838503136333,1800726
2016-09-26,962.0366821289062,969.2486514654713,959.5925867262991,962.0366821289062,1753476
2016-09-27,976.0598754882812,980.8277490297412,962.0366029327089,962.0366029327089,2038792
2016-09-28,970.8313598632812,976.6209496214185,967.6861004468021,974.0166270890948,1731328
2016-09-29,976.7410888671875,984.2335042841781,969.4490059363121,975.6192073812229,3603958
2016-09-30,973.9371337890625,981.5497737307612,970.8520308501074,976.4412916646213,2175364
2016-10-03,966.28369140625,984.6942272677785,962.036701403009,981.6291793657689,1818880
2016-10-04,963.6593017578125,971.6325932550799,960.7945863845625,969.6092156174485,1780718
2016-10-05,956.1273803710938,967.7666254606684,952.0205623235537,964.8017422903906,1176354
2016-10-06,957.0883178710938,962.5573548457811,950.6776792165934,959.592473595508,2267572
2016-10-07,948.6945190429688,956.7879317325992,944.8480962703748,956.7879317325992,1816512
2016-10-10,953.7030639648438,956.3473946754488,943.5862711777463,949.5360886405712,1202142
2016-10-13,933.1087646484375,949.5360311497091,929.9034443555065,946.8917005992084,5173334
2016-10-14,948.0537109375,956.3875643252574,917.9237159066462,927.539678011299,7741214
2016-10-17,946.5507202148438,951.8996354564953,939.3186996127989,949.1349891108093,2728346
2016-10-18,961.67578125,967.886086604809,943.4856356607614,951.9797111629798,2128632
2016-10-19,959.6328125,965.6026820708377,949.6963006062551,961.996696951071,1985058
2016-10-20,962.0568237304688,965.342355320401,955.9867874889045,960.3539973068191,1265854
2016-10-21,973.0752563476562,974.3774179231381,960.8950764305998,961.5962403558593,1259660
2016-10-24,975.3046875,978.1971973937005,965.2009604582022,975.5055576048557,1253190
2016-10-25,963.553466796875,970.041627880534,956.5431220786619,966.1848839139781,1772466
2016-10-26,962.669921875,965.2812330871805,953.128592445879,963.6140505456899,1437130
2016-10-27,971.4478149414062,976.0276130370745,950.316245581066,956.0209356191513,2941602
2016-10-28,963.6539306640625,970.2425269640763,959.3553313333485,968.1936132803057,1752102
2016-11-01,944.0895385742188,964.0560083482684,937.7219167092633,964.0560083482684,2934776
2016-11-02,925.629638671875,941.679141974544,921.993869808694,940.4739212296961,2325076
2016-11-03,931.8159790039062,938.0630566634251,917.7751832752011,921.5917139125897,1463310
2016-11-04,936.2759399414062,938.5256269268938,921.5923113539557,932.0375598697372,1183752
2016-11-07,914.7824096679688,942.0404194453932,907.9528272561289,939.2282384522828,2048052
2016-11-08,917.2532348632812,926.8146715505486,907.9328815362982,916.1484492773411,1933634
2016-11-09,871.7162475585938,913.9592017613994,860.8692592299969,875.7938724570772,4500226
2016-11-10,865.9309692382812,890.8589704167862,860.0455140325722,885.7568890524931,2172426
2016-11-11,844.1163330078125,862.5562659662813,838.1103369826016,862.5562659662813,2398424
2016-11-15,852.2113647460938,866.7744445843807,824.3305406346245,850.4436493101736,6290324
2016-11-16,879.6502685546875,887.4037749573337,858.9204376557238,861.7728319430506,4019958
2016-11-17,858.5991821289062,887.2834928045424,855.7668939499374,877.8023843407752,2504688
2016-11-18,853.7382202148438,863.7415129227597,845.3417903800896,860.52759101421,2140534
2016-11-21,856.87158203125,859.7239765128672,845.6630703549465,854.1799424686676,1793366
2016-11-22,857.7155151367188,874.769370751198,852.5129980217866,856.510294272358,1318860
2016-11-23,866.2925415039062,868.9439680425832,854.5817555278221,863.339711726471,1275808
2016-11-24,879.1884155273438,886.8818000325267,858.518899632983,865.7100107531019,3026234
2016-11-25,924.14306640625,926.9150344281409,880.6948068973225,888.6492821129257,4276148
2016-11-28,917.0123291015625,931.8163983882114,904.6788250259712,921.5921286952391,1924296
2016-11-29,907.87255859375,920.788465772563,904.9398357488486,913.9588829112481,1442296
2016-11-30,914.3807373046875,921.89325889836,900.8220065114335,909.9414887917139,3445832
2016-12-01,909.3189086914062,919.9851314694247,905.5425897422732,914.7625084523494,1123052
2016-12-02,892.6064453125,912.271607224115,885.9174125631583,907.1293133779409,1998032
2016-12-05,878.2041015625,899.0343707427995,871.7762581841833,895.4789306417257,2249526
2016-12-06,876.7378540039062,885.4153843591072,871.7361095395631,879.8111276144978,1593444
2016-12-07,865.5693969726562,877.5813901288595,861.993850222355,876.6774746481086,2065706
2016-12-08,882.1209106445312,883.4265660969255,867.7587006681943,867.9595707377933,3239546
2016-12-09,881.9201049804688,891.8229609024631,873.1019278973046,885.8370716237027,1588718
2016-12-12,887.1226196289062,890.8990360579024,868.9639836460493,881.739340608521,1311758
2016-12-13,883.948974609375,891.0597564763062,876.998849588718,891.0597564763062,2147534
2016-12-14,886.8815307617188,893.7512279853416,879.4091252752332,889.4526283048727,1870366
2016-12-15,907.651611328125,912.793905265556,884.6318793208583,884.6318793208583,4295410
2016-12-16,917.0322875976562,919.9851174910431,904.7189889038555,914.762494553321,1987230
2016-12-19,919.5430908203125,923.0784241437566,908.4551203144996,915.9676423261294,1334210
2016-12-20,939.7908935546875,942.0807931371365,918.7999675668772,920.7885619916063,2922760
2016-12-21,929.4660034179688,941.5985357201483,926.2520823799828,941.5985357201483,2034902
2016-12-22,927.0958862304688,934.0460116538351,918.4584714990461,926.4129474725779,1868300
2016-12-23,919.2218017578125,931.1333595966862,915.4855982372666,924.0024709620875,1118954
2016-12-26,921.2307739257812,924.645566671363,910.3435719397676,910.3435719397676,897408
2016-12-27,933.4031372070312,936.0546617474265,916.5702621359458,916.5702621359458,1294692
2016-12-28,929.3857421875,944.0492595307298,925.2679051253601,934.728906479473,1350418
2016-12-29,944.7725219726562,948.0667723913139,925.2077915036735,925.2077915036735,1963516
2016-12-30,950.336669921875,955.57939981118,942.3419800820692,946.0580774020697,1405748
2017-01-02,948.6491088867188,954.1730357538694,945.053456206503,950.7582445996308,823132
2017-01-03,951.4212036132812,952.8071876505883,941.3978055032684,948.609022287284,1475324
2017-01-04,955.9405517578125,959.6968608616179,947.4236813982911,952.0034792282847,1420066
2017-01-05,937.8224487304688,960.1391403850496,932.1980849404238,957.7488053905047,2216404
2017-01-06,916.5296630859375,935.7931759446528,906.7674588444066,932.4386074695007,3009896
2017-01-09,925.4887084960938,928.5419726856203,906.7274642312304,913.9587864980281,1854578
2017-01-10,930.169189453125,935.9743155905442,920.5876466757503,925.6093990577913,1533914
2017-01-11,933.8048095703125,935.8939369139426,916.0479137171282,930.0284912142351,1931296
2017-01-12,941.8197021484375,948.1068972131927,925.6094454149136,933.8049064804158,2570374
2017-01-13,903.6343383789062,947.2833760742011,899.0344322627532,943.2860803160012,10235580
2017-01-16,907.3504638671875,913.5171178737801,895.0772795781137,903.9155651035708,3364808
2017-01-17,915.4655151367188,919.1012836995062,905.0403761713504,905.8839717743755,3009956
2017-01-18,922.0337524414062,923.1987595112295,910.1220995024588,915.1639574267105,3136574
2017-01-19,920.38671875,922.0539012036434,917.1526908029483,921.9936794112832,2251676
2017-01-20,918.1171264648438,924.0025819390962,909.9416730835012,918.7799586498752,2037246
2017-01-23,929.3368530273438,932.0764967227241,910.4415443291807,912.5365312630084,2318546
2017-01-24,934.0308837890625,935.9042645179077,922.6090252888544,928.249429810271,2282638
2017-01-25,947.9907836914062,950.8109857678362,933.9099372819705,935.7430883038186,4111648
2017-01-27,949.9249267578125,958.3653714182552,944.7881286556232,944.7881286556232,2871658
2017-01-30,939.8928833007812,947.5678826876382,933.9503137054211,943.1562998466442,2577956
2017-01-31,898.3555297851562,939.5506373773404,886.3696671849852,934.6958397444242,4666804
2017-02-01,873.416748046875,902.4447115963198,868.4411636645837,894.4071534704142,4864152
2017-02-02,889.431396484375,894.0041927406631,867.4137120192194,874.2829392110971,6009482
2017-02-03,899.4632568359375,903.6733963218428,882.7233220424242,890.2572713899682,2153372
2017-02-06,902.7670288085938,909.9182570854441,892.3725477537313,909.7168140353921,2408910
2017-02-07,904.3180541992188,907.541142552974,896.8243344323974,904.0762832283468,1814638
2017-02-08,914.9342041015625,919.6278863625247,904.0966069415774,904.439001123149,2212584
2017-02-09,933.6080932617188,937.9189553862069,914.6321162890648,916.5659894775002,4033202
2017-02-10,966.1006469726562,976.7771279943989,931.069722311223,931.069722311223,5782160
2017-02-13,972.6677856445312,978.6103557338994,959.8157581515326,965.315114178025,3819812
2017-02-14,969.4448852539062,974.843520803018,966.12107421875,974.843520803018,2033328
2017-02-15,972.4462280273438,978.2075193331523,956.8948824943361,965.7180493581409,1924972
2017-02-16,986.16455078125,998.3518565359769,981.2695235166764,991.0999060042386,4175680
2017-02-17,970.1095581054688,997.3850301856563,967.7325690744921,995.9346006461884,2723324
2017-02-20,1008.1014404296875,1029.3738432420455,970.1899226755221,976.9986574802193,3973948
2017-02-21,993.25537109375,1017.6500478504962,989.1458538329043,1012.8557421940064,5501112
2017-02-22,971.5597534179688,995.1285884065448,966.9869571997742,993.476716182661,4505496
2017-02-23,999.8828735351562,1004.4959003118207,972.9700588601413,972.9700588601413,4853352
2017-02-27,1003.1257934570312,1008.0208192421067,995.148630611004,998.7947687540526,2139892
2017-02-28,993.6178588867188,1003.1864039038742,987.0709596644544,1002.9849608508814,2354828
2017-03-01,998.976318359375,1007.9807643036955,995.1287361647823,999.117269487653,1130374
2017-03-02,1007.7997436523438,1011.2444406022718,995.1491553333909,1001.8571717404379,1544942
2017-03-03,1004.8181762695312,1007.0944435689045,997.3042908980669,1003.9922400275108,1013970
2017-03-06,996.1358032226562,1000.7689930050873,988.9040179735549,999.1574487329374,1400694
2017-03-07,1007.1346435546875,1009.2296315008007,997.1632130638113,1000.3258097787452,1511672
2017-03-08,1012.1302490234375,1015.2727796803315,1004.0725285497841,1008.0208312540434,1791510
2017-03-09,1015.1723022460938,1016.8845682584147,1008.8470098256934,1012.9161006266877,858468
2017-03-10,1024.2371826171875,1027.1782708046933,1012.8354863718743,1015.1118518420407,1171420
2017-03-14,1034.409912109375,1042.3265834847816,1027.782456395294,1030.099051135169,3402294
2017-03-15,1006.5303955078125,1036.283475928294,1004.737571977621,1036.2230823557072,3022496
2017-03-16,1015.6353759765625,1018.0930201578484,1009.6324133421322,1009.6324133421322,1571818
2017-03-17,1017.589599609375,1025.7480433952169,1011.1434218032779,1025.7480433952169,2593152
2017-03-20,999.1574096679688,1017.6700040983156,993.5170049359721,1017.6700040983156,3487540
2017-03-21,1001.85693359375,1003.9922497843262,993.1143241245442,999.9633884288514,3373700
2017-03-22,998.734130859375,1005.603356149469,995.1081572194129,999.2175743392039,1888716
2017-03-23,991.2407836914062,1001.1920499685398,985.9427728435819,999.9632277803611,2620638
2017-03-24,977.8849487304688,995.0479328893891,976.3137325636135,995.0479328893891,5099814
2017-03-27,971.7815551757812,983.0422033659329,969.3440743026372,977.7845194503457,2181270
2017-03-28,978.9932861328125,984.41208576271,970.9557262454065,970.9557262454065,1153158
2017-03-29,984.8954467773438,987.3933210453175,977.2406105091499,981.43058680634,1717764
2017-03-30,983.4449462890625,993.1142124549525,981.02762974759,985.0161626966749,2986086
2017-03-31,979.7386474609375,983.3847871189228,972.9701398593044,982.3976372738355,1867044
2017-04-03,971.6402587890625,981.0275233458149,970.2301576261425,981.0275233458149,1196888
2017-04-05,967.4300537109375,974.9438386255102,964.9120160906592,974.9438386255102,2905568
2017-04-06,966.9464721679688,970.9551678152056,963.9248274548509,966.9263081977152,1720704
2017-04-07,978.6305541992188,980.3226562392424,963.7639972826752,964.8719341180426,2277012
2017-04-10,975.89111328125,986.66831930056,968.9413262220689,979.8192537929611,2543264
2017-04-11,974.7024536132812,984.2911633725879,969.3440483041799,973.8966813370516,1557784
2017-04-12,964.2071533203125,978.2074452153844,960.0775708188884,975.9915716780348,1050538
2017-04-13,938.1803588867188,970.5522853750465,935.1184845828145,966.9263117061485,2500472
2017-04-17,932.6209716796875,939.8929874371349,924.6840364486652,938.8857721398853,2270882
2017-04-18,930.1834106445312,940.4166778363523,927.4639295768496,938.7245759553001,1730620
2017-04-19,926.2952270507812,946.258246287951,907.6215215902282,911.9323817434008,5626812
2017-04-20,936.9117431640625,939.5305031428053,922.9920069894927,928.7734625946063,1268842
2017-04-21,930.9893188476562,941.0009804839402,927.0410149743735,938.3621549361854,1161154
2017-04-24,937.9590454101562,942.612300564549,919.587402321732,926.6379081445712,2000020
2017-04-25,931.2711791992188,944.5462559383011,927.7257620029485,937.9187995569031,3148710
2017-04-26,930.80810546875,944.3450218117032,927.8670167452576,942.7536411067975,2187438
2017-04-27,927.7058715820312,937.8385185558307,917.6337165549279,929.0757436822507,5773186
2017-04-28,915.8206787109375,926.1346042406352,913.7458542328486,924.220894889839,2540510
2017-05-02,922.5687866210938,927.4437474878537,918.5802538107325,924.2206588779915,2382696
2017-05-03,941.6656494140625,944.7678525412799,913.9470675863085,924.6235486491418,3514406
2017-05-04,938.7650756835938,946.7824708798848,930.183580849826,946.7623068998181,2708208
2017-05-05,934.8975830078125,939.7322182140584,927.6456301984435,929.8615046679729,1682474
2017-05-08,943.7407836914062,945.735050760311,933.7693499859915,935.0988941522251,1071782
2017-05-09,947.8098754882812,951.2142439403303,939.7521521173339,944.3450150944215,1790270
2017-05-10,939.71142578125,949.2598042557717,933.0839707904203,948.7965247026941,1206388
2017-05-11,946.5604858398438,950.8109527797345,935.8034493936984,945.6943202907572,2071302
2017-05-12,951.0731811523438,954.7998781593521,934.7160619543264,944.0831652422124,2314446
2017-05-15,952.8657836914062,958.0428101321135,943.3979620381332,956.8946439693947,1817604
2017-05-16,978.6709594726562,981.0278830535052,956.2302181238562,958.8691423685184,3601026
2017-05-17,989.2266235351562,991.4021695674822,976.1932162397682,980.4235211388675,2876198
2017-05-18,1021.7999877929688,1036.2233338066233,983.948847974038,987.0712161066202,5138594
2017-05-19,1010.0960083007812,1023.5524652158583,1001.5750052632675,1021.7998710553779,1786044
2017-05-22,1019.8460083007812,1028.8706197177291,1011.2443486995595,1011.2443486995595,1663940
2017-05-23,1015.9579467773438,1033.0604435328894,1012.8557432105679,1020.591137329023,2748596
2017-05-24,1031.046142578125,1035.4174970364265,1019.1610001024151,1021.2359229748752,2534548
2017-05-25,1057.4150390625,1062.632395084278,1034.611643403264,1038.2376187890231,4094094
2017-05-26,1038.7412109375,1058.3215170719454,1033.2619199811065,1057.576138353898,1362550
2017-05-29,1036.5655517578125,1046.0937687706496,1032.999970393971,1039.043261952438,1749290
2017-05-30,1027.802734375,1037.8143946056755,1017.2873681754559,1031.38838119967,927634
2017-05-31,1025.9898681640625,1036.4245796900625,1018.4961467274939,1020.5105773974453,2502730
2017-06-01,1028.81005859375,1033.0000349919585,1019.3019066028297,1019.3019066028297,1080064
2017-06-02,1033.3624267578125,1044.2202848770607,1028.3666789059027,1029.8775016467048,1355648
2017-06-05,1049.0948486328125,1055.5208598558118,1031.44842437079,1033.4024605703905,1500188
2017-06-06,1086.180908203125,1091.3982634423883,1059.5904260290129,1059.9933121225602,5946720
2017-06-07,1053.6483154296875,1087.792926741289,1038.0566364852434,1086.5842679337986,4927776
2017-06-08,1015.9176025390625,1049.4980990794456,1013.4599580489818,1046.698060429837,3330714
2017-06-09,1010.0354614257812,1026.3120206620501,1001.5748532526893,1015.2729807710286,3148034
2017-06-12,1002.0582275390625,1012.4123800095929,995.2897217969532,1006.006530752031,1626506
2017-06-13,998.7378540039062,1010.7762589985012,996.8842079792669,1004.217234437635,1175414
2017-06-14,1006.3363037109375,1008.6991892321153,1000.1439860924245,1000.1439860924245,1489142
2017-06-15,982.2999267578125,1006.1322703539557,979.7741256192238,1005.8471169038934,2997198
2017-06-16,977.6148071289062,991.9957093787461,972.2372732781838,983.827511263619,2450426
2017-06-19,990.6513061523438,996.6196357330863,979.8350701536075,984.6219077902495,1644742
2017-06-20,996.0696411132812,997.6992028983336,969.7114991321703,990.3661748655978,1670958
2017-06-21,980.3036499023438,994.9085377121356,976.5963570602752,994.0326880376372,1657818
2017-06-22,975.63916015625,990.3662866669671,971.6263240233304,981.4036958374018,5775882
2017-06-23,962.13427734375,983.4204343622426,958.9973898857737,977.492881750143,1424756
2017-06-27,954.4547119140625,971.5039417904685,949.8715695611758,957.6119877571623,1974330
2017-06-28,957.3881225585938,960.6268573381655,951.2568752691333,957.3269543035362,1789726
2017-06-29,950.5435791015625,966.3503453213852,946.4086066376776,961.0338811102907,2471826
2017-06-30,962.3990478515625,968.3672792668516,946.4089697231552,946.9384978379271,1753848
2017-07-03,966.9820556640625,970.8318756986706,954.5566463767626,960.3822505069475,1475956
2017-07-04,964.2321166992188,969.7725670873341,957.3879373157275,966.8597651832619,1215134
2017-07-05,959.81201171875,963.4785261947554,955.3307162480767,961.767505998067,815856
2017-07-06,956.3696899414062,962.2156845621785,953.3346502855397,961.0342917706864,1026788
2017-07-07,950.0139770507812,959.9950413639531,947.3863289910547,957.3673933042264,1232090
2017-07-10,991.9754638671875,996.0289793919835,969.161596194126,980.181528953317,783608
2017-07-11,1008.617431640625,1024.5056613272684,988.3293646101812,988.3293646101812,3537504
2017-07-12,993.8087768554688,1011.6728908110824,989.9997351976649,1011.3469585053504,2646450
2017-07-13,996.6395263671875,1007.0687571640966,988.5732785117133,996.0692197678868,3131960
2017-07-14,976.6981811523438,987.9218075591996,967.5522857538552,970.8114092427103,4508432
2017-07-17,975.8837280273438,986.7407464722182,970.4858029360528,976.8003568164308,2211822
2017-07-18,981.1387329101562,995.2547708209615,976.1684903437571,976.1684903437571,1908002
2017-07-19,997.9437866210938,1002.1806079436196,983.8888146804211,984.051731092607,3915576
2017-07-20,995.9474487304688,1000.9175925055529,990.1625240263361,997.8010952361669,1182504
2017-07-21,1014.8912353515625,1018.476291790781,991.8126023638135,991.955129368319,2148416
2017-07-24,1033.8883056640625,1037.6877334551962,1013.9925017463768,1013.9925017463768,2271402
2017-07-25,1050.55615234375,1054.028727609129,1028.8627304954796,1031.8655266506812,2678832
2017-07-26,1044.2237548828125,1051.9859815427394,1040.5469106754786,1045.8579078638497,1459826
2017-07-27,1013.8695678710938,1055.989910182762,1007.6598051159253,1038.586137183688,4255304
2017-07-28,1014.9319458007812,1018.506656725875,997.6507518947359,1013.583749160868,1382752
2017-07-31,1017.9956665039062,1029.107887340048,1006.229744548844,1009.4980506618731,2019662
2017-08-01,1022.02001953125,1029.8231426466791,1017.6691255907479,1021.3459710866599,1747460
2017-08-02,1010.64208984375,1024.6140800784788,1005.8213178441844,1021.3457736029492,1251024
2017-08-03,1017.036376953125,1022.1635562260936,1007.6399893459308,1013.1757072105164,1882548
2017-08-04,1030.6611328125,1032.908094965962,1016.4439705115137,1017.587898465085,1387890
2017-08-07,1022.7554321289062,1029.5167625613522,1013.665452776926,1028.0868781689057,1885520
2017-08-08,1022.59228515625,1033.0304635016005,1019.8346503546462,1026.2486846857637,1073958
2017-08-09,1026.2486572265625,1030.681339611317,1018.6090076324784,1021.346195488219,992946
2017-08-10,1026.0238037109375,1029.7619901303126,1015.7695491259826,1025.0229045215667,1526172
2017-08-11,1019.7323608398438,1035.6449126261111,1014.400914418396,1021.3051739395727,1394736
2017-08-14,1008.8448486328125,1025.3906565154684,1006.2302423452212,1022.5717809947579,786504
2017-08-16,1018.2208251953125,1039.2401080752534,1007.1289466572649,1014.8094893103564,1373340
2017-08-17,1015.4835205078125,1023.3887791170844,1005.8625201614706,1021.6320438993763,1752374
2017-08-18,1026.98388671875,1041.732063643457,1009.6617980927007,1010.7240378671445,2837356
2017-08-21,1033.11181640625,1041.3642712637088,1019.0172430996208,1023.5928527466544,2304834
2017-08-22,1020.3452758789062,1037.4834447502997,1018.0778674218337,1030.7425599940957,1131326
2017-08-23,1017.036376953125,1028.2099473302007,1010.3771779615922,1023.389172000945,1562272
2017-08-24,1019.957275390625,1028.679512661315,1015.6879682043265,1020.4066079033405,1623908
2017-08-28,1016.1575927734375,1023.5520780453912,1005.4130127941935,1023.2253271146695,2036796
2017-08-29,1009.43701171875,1019.7117112203405,1006.6180372879596,1013.9921743785598,1312602
2017-08-30,1015.0343017578125,1017.2608165285524,1005.045555856935,1013.5839702037504,970782
2017-08-31,1019.854736328125,1023.1433902091536,1007.7210677021732,1015.2177862210943,1784664
2017-09-01,1003.5542602539062,1020.5494997498267,995.4243849571676,1013.1753607446276,1702330
2017-09-04,1003.4522705078125,1005.4132753082695,996.016889557725,1002.1858609685519,1062544
2017-09-05,1014.9525146484375,1017.2607169411485,995.628626462795,1005.0045637249901,1165994
2017-09-06,1002.2264404296875,1011.0713571416136,1000.9191374228515,1008.3340699119188,1228764
2017-09-07,1005.0454711914062,1008.4362605015209,1001.3481783058713,1004.1875005582256,870636
2017-09-08,1009.3350219726562,1010.7240126515157,1001.9608838238614,1002.4511099610577,1021134
2017-09-11,1002.7369384765625,1014.3802815127232,1000.9189627576745,1009.5799558750077,732764
2017-09-12,1016.6273803710938,1020.1204037039876,1003.7788674011604,1010.6831265927759,1396460
2017-09-13,1016.9337158203125,1034.2761501077962,1011.21417849878,1021.3459502736579,1278980
2017-09-14,1016.0147094726562,1020.3657039432385,1009.86618566322,1013.9924640312365,1081510
2017-09-15,1023.81787109375,1028.2913474724887,1015.2181161975107,1020.9376548803135,2944072
2017-09-18,1020.9578857421875,1029.0877598248928,1016.9541895631436,1023.3682223522067,726600
2017-09-19,1020.6309814453125,1023.3886154390104,1017.8733474516146,1023.3886154390104,782754
2017-09-20,1018.7107543945312,1027.0653431445837,1010.8463916834997,1027.0653431445837,1334642
2017-09-21,1031.5185546875,1038.0960627500124,1013.1752206296853,1017.6895898471871,2438740
2017-09-22,1022.8168334960938,1032.3356989386443,1018.0777479032636,1029.47592998386,2435396
2017-09-25,1025.7376708984375,1035.2361876159077,1018.383980536525,1019.9364462277572,1599558
2017-09-26,1010.9893798828125,1032.1312393270048,1007.455563079768,1025.4312503366657,1449230
2017-09-27,1019.3036499023438,1026.3304927911752,1010.6222059903499,1017.2609572171688,2010356
2017-09-28,1011.7250366210938,1027.0656755497268,1001.7362913476254,1019.1808634225189,4332866
2017-09-29,995.1791381835938,1014.8094290930802,989.2757779987495,1012.7667370055337,1985014
2017-10-03,1000.2861328125,1002.6761230830159,991.5434482631388,996.8340022201945,1923006
2017-10-04,997.7734375,1002.5533172305619,990.7057026422627,1000.7557880169445,1300778
2017-10-05,992.585205078125,998.2434036044463,990.4607250306952,997.2425042018192,1684686
2017-10-06,999.55029296875,1002.9616280153487,991.9515396641153,992.7481694815875,1389188
2017-10-09,1002.5941162109375,1008.2523131436585,997.2626702019344,997.2626702019344,1773616
2017-10-10,1004.6980590820312,1009.069400009003,1001.429751885668,1002.9617708839633,1222010
2017-10-11,1021.4892578125,1027.2495907020589,1003.6769396746589,1005.0046897729361,1527746
2017-10-12,1041.0372314453125,1043.815311714276,1024.2054741556517,1026.6567038504797,5006356
2017-10-13,1045.28662109375,1065.8564742341932,1030.742610943904,1041.0377609504667,4066320
2017-10-16,1055.8265380859375,1058.1143928858003,1043.8359966056391,1043.8359966056391,1218590
2017-10-17,1059.9735107421875,1068.3076556610217,1053.0283567295462,1056.0719483928008,1443016
2017-10-18,1056.7255859375,1067.7764711260509,1054.02919229344,1060.1572689928205,1514144
2017-10-19,1055.62255859375,1060.4842264424472,1050.3524519981472,1058.9317602408394,86822
2017-10-23,1057.256591796875,1074.047561621949,1040.731231803007,1055.6633317729616,1886088
2017-10-24,1053.37548828125,1070.7383722199513,1049.5557136592347,1070.370727515229,1339020
2017-10-25,1048.6644287109375,1070.8265640155073,1046.657180971546,1056.2839691331237,1105106
2017-10-26,1040.0411376953125,1052.4534669494992,1031.4588803230217,1038.5049484299605,3007552
2017-10-27,1058.65966796875,1062.2850144097224,1036.5385438770504,1039.692832309885,1409270
2017-10-30,1071.727783203125,1073.2844753454078,1057.5948387758667,1059.3563561997041,1137252
2017-10-31,1074.923095703125,1081.477504823266,1065.6240477663941,1065.6240477663941,1592634
2017-11-01,1066.2587890625,1076.090400556586,1056.427177568414,1074.9228566867337,741882
2017-11-02,1075.8038330078125,1095.4056533084931,1067.8566517434235,1068.5735402599867,1468422
2017-11-03,1073.3258056640625,1080.1259470649584,1066.238828772193,1078.364429107316,666886
2017-11-06,1091.944091796875,1094.5044078474893,1069.9048712307176,1073.2844884175286,1377000
2017-11-07,1110.1737060546875,1133.9129399799015,1092.1490783960473,1093.7671783765668,2696892
2017-11-08,1120.3944091796875,1130.2260237392168,1113.5327615183494,1115.478601899923,1402252
2017-11-09,1120.9677734375,1126.5390611630994,1113.9628087373112,1126.5390611630994,1152432
2017-11-10,1109.6412353515625,1116.7077093007326,1103.332655135222,1115.1510167761228,1356566
2017-11-13,1130.2052001953125,1137.763231738779,1106.8961273024909,1106.8961273024909,1496996
2017-11-14,1112.0374755859375,1129.2222969680638,1109.1289165385526,1129.2222969680638,1657252
2017-11-15,1108.2275390625,1128.5871493033649,1106.6094395587056,1108.5142744155737,6670834
2017-11-16,1125.16650390625,1131.8643295747893,1100.7103891003137,1110.1528531117187,1653482
2017-11-17,1109.046875,1125.7606362516447,1107.531188075458,1125.7606362516447,1325464
2017-11-20,1107.4698486328125,1117.0761348019003,1104.13123638623,1112.2013328690346,1014498
2017-11-21,1094.9757080078125,1106.4664289851223,1092.128655932742,1106.4664289851223,1527740
2017-11-22,1098.130126953125,1110.030499985699,1094.7505086227186,1094.9963390516998,1822624
2017-11-23,1098.3753662109375,1103.1887594241696,1093.3571477545893,1098.2729535893793,793470
2017-11-24,1101.1612548828125,1107.2445059514525,1095.036998751482,1098.682848886397,2287512
2017-11-27,1100.2598876953125,1104.3767954060138,1090.5715929026944,1101.140596307217,1856786
2017-11-28,1100.034912109375,1107.0398782275386,1093.767237152433,1100.321647562335,911716
2017-11-29,1088.912353515625,1103.1887123566582,1085.573742200202,1096.8391300909589,1447532
2017-11-30,1080.2484130859375,1092.5174260648603,1074.513305849228,1087.0690541875194,4299962
2017-12-01,1077.360595703125,1092.947821328364,1073.8990680705795,1079.4293512744523,1031144
2017-12-04,1078.3436279296875,1089.0559494360377,1066.299842169635,1074.1037048791766,1259104
2017-12-05,1079.6544189453125,1086.2702346604108,1076.62294517146,1077.7904891269861,1167914
2017-12-06,1078.7330322265625,1083.525924631724,1070.355696781504,1079.839068933544,1407518
2017-12-07,1072.15771484375,1083.9146635741215,1071.2360012671338,1078.32297454758,1326300
2017-12-08,1065.7064208984375,1083.5262284360435,1063.8629925324783,1072.465658240288,1385548
2017-12-11,1090.1209716796875,1094.8523548846024,1068.5119080797313,1068.5119080797313,1008002
2017-12-12,1070.0684814453125,1090.4895982621774,1068.122641628729,1090.0799477744756,1882246
2017-12-13,1076.7257080078125,1086.1681753134712,1065.5013204159122,1069.7616470900614,2961458
2017-12-14,1047.8040771484375,1078.2001244851813,1036.8664287148265,1078.2001244851813,5504150
2017-12-15,1042.806396484375,1058.7212590685942,1039.2219544592353,1050.2415133658737,2718138
2017-12-18,1057.1033935546875,1060.5649211885416,1021.8120336934269,1039.2835921132503,2180664
2017-12-19,1054.97314453125,1064.1902824576655,1050.6308084365332,1055.2598799309358,1801952
2017-12-20,1060.5645751953125,1062.121266999763,1044.8749420307263,1057.7175244020395,1577570
2017-12-21,1063.3297119140625,1068.368432730401,1056.9187220216636,1059.7657728042745,1293648
2017-12-22,1084.242431640625,1091.2678975212661,1061.0766764877762,1066.7298732378151,3665664
2017-12-26,1085.3486328125,1101.8575700273873,1078.0364304814018,1100.3213804604748,2175786
2017-12-27,1073.243408203125,1089.0559590294015,1069.3927331375785,1085.3486016452464,739284
2017-12-28,1076.13134765625,1087.0075882991307,1067.4057721117563,1068.6962311781854,2605088
2017-12-29,1106.548095703125,1109.702385078315,1072.6905162192927,1074.5544463085605,2609542
2018-01-01,1083.7716064453125,1103.9263948299258,1079.429270324457,1098.8057626177604,1351760
2018-01-02,1077.8724365234375,1093.6030766199972,1073.3662807687306,1089.6703915927735,1920290
2018-01-03,1080.924560546875,1093.357496777823,1077.872683452683,1078.200423948756,1257120
2018-01-04,1088.482177734375,1090.489424799894,1081.477115504027,1085.5736197294211,913082
2018-01-05,1101.632080078125,1105.8515001366777,1085.5738008380056,1085.5738008380056,1153706
2018-01-08,1111.95556640625,1117.0557964676443,1098.6215191730291,1106.0566376769152,1242220
2018-01-09,1109.7430419921875,1114.65884727233,1096.4499052162648,1112.2009446322588,2149396
2018-01-10,1149.72509765625,1153.5757722319233,1103.864645593348,1110.5624710656052,3365850
2018-01-11,1143.1300048828125,1155.9929937806912,1139.7298848837363,1151.1181916218252,2520744
2018-01-12,1137.3333740234375,1149.0698225806877,1122.667863950242,1149.0698225806877,3360314
2018-01-15,1124.9415283203125,1150.2988599066184,1120.4148692858023,1137.661099165168,1457214
2018-01-16,1167.8521728515625,1172.2763182603437,1126.7642075259414,1128.9967827578841,4267752
2018-01-17,1183.4603271484375,1198.228254354149,1172.481668781282,1175.6974666654385,4280806
2018-01-18,1195.4422607421875,1201.5051091166054,1174.898324878664,1186.7576887524056,2209478
2018-01-19,1212.279052734375,1221.5781014451181,1189.4819366084441,1200.5015978663175,1820000
2018-01-22,1279.66162109375,1287.176019400553,1199.836790529938,1215.8510392741775,4367110
2018-01-23,1273.7489013671875,1290.3175321085503,1268.8419906074946,1279.0664339519503,3239610
2018-01-24,1303.56005859375,1338.2370509428408,1265.8033023718367,1268.821412822512,5621538
2018-01-25,1281.5714111328125,1305.695446065326,1265.125985141688,1303.7244410337098,3833844
2018-01-29,1313.5177001953125,1324.2554211069803,1281.9613719987574,1285.821177157389,3141060
2018-01-30,1294.6292724609375,1315.5504378111707,1290.8720219989561,1305.7776167303982,1574758
2018-01-31,1277.9991455078125,1293.459020365721,1272.3530942284383,1288.1209355197673,3043214
2018-02-01,1288.7777099609375,1309.8836318285437,1268.3287228687045,1282.782591170022,2400630
2018-02-02,1294.957763671875,1309.8839103995788,1274.344563564388,1281.1403763155754,2456490
2018-02-05,1274.2418212890625,1309.0625774002972,1263.4219947027123,1277.0340701740665,2757742
2018-02-06,1230.7364501953125,1263.5450988504126,1225.7063320820778,1235.9718792519445,2657306
2018-02-07,1213.4083251953125,1244.5950399809647,1210.2875585023596,1242.9525523003563,2180324
2018-02-08,1221.2713623046875,1243.1986270195384,1215.0299308678648,1223.5503333908484,2755004
2018-02-09,1220.2451171875,1229.402005885106,1189.4279226079836,1211.334641737162,2102458
2018-02-12,1218.4384765625,1241.453855857346,1213.6136688706513,1222.955317805933,1974562
2018-02-14,1195.64892578125,1221.3743489495585,1187.7239026814802,1219.54710145687,2847532
2018-02-15,1201.418212890625,1208.4603388838814,1192.897807850924,1203.9229465116357,2465236
2018-02-16,1204.3746337890625,1231.7015424171784,1200.247863473032,1200.247863473032,2515756
2018-02-19,1200.4937744140625,1212.689220197096,1188.8320567002509,1209.2810396619109,1568224
2018-02-20,1209.1785888671875,1225.7266680498926,1202.2595711895378,1202.3006734707953,1889068
2018-02-21,1249.23486328125,1257.5705068125887,1215.4612164167795,1221.1893711238374,3089228
2018-02-22,1252.4788818359375,1264.3048124406546,1241.1046754147058,1253.2180212955109,3463010
2018-02-23,1262.99072265625,1268.410911096635,1228.621693415505,1252.396658738989,3362500
2018-02-26,1244.8822021484375,1268.8009241338098,1240.5706728635207,1262.6621477256558,1363882
2018-02-27,1249.2552490234375,1264.1197378443314,1245.0052733763428,1248.7008695044387,1717800
2018-02-28,1246.2576904296875,1258.1246201241324,1240.673193956148,1246.237139290186,2706864
2018-03-01,1247.3458251953125,1256.995437521501,1240.0778393654803,1251.9858715977978,1718124
2018-03-05,1275.330078125,1278.532848770298,1245.3956812326965,1251.9861828288067,2858168
2018-03-06,1249.4400634765625,1284.0143998275257,1244.2456374305552,1281.9612907775938,1906764
2018-03-07,1243.13671875,1268.4105059217682,1239.4616743686815,1260.6086931627801,1917772
2018-03-08,1233.4874267578125,1254.4085889562423,1226.7327177010347,1254.4085889562423,1951826
2018-03-09,1245.86767578125,1257.8167103213734,1222.5032346058051,1233.918540991661,1872436
2018-03-12,1253.2791748046875,1266.3164157899657,1246.44236254526,1249.522025770129,2091340
2018-03-13,1185.3831787109375,1207.1050345142821,1179.3059552703733,1201.0278110737179,88067154
2018-03-14,1185.424072265625,1200.2681109604603,1180.5582639295483,1187.9083542850394,3668668
2018-03-15,1178.361328125,1191.8502939966577,1172.5716210483927,1188.7500794390746,2348906
2018-03-16,1160.2940673828125,1179.3058778733525,1151.7942156806246,1177.9919080871757,7197482
2018-03-19,1162.4705810546875,1169.4511532475274,1157.9537402240264,1161.6493372672946,3489940
2018-03-20,1176.3699951171875,1179.7986272635746,1157.5429440264056,1157.9535658582704,4024984
2018-03-21,1173.0440673828125,1184.3567203394728,1170.2723696651844,1179.511362057278,3907678
2018-03-22,1162.614013671875,1180.9276848593065,1159.0005219680254,1174.3577363975644,2326094
2018-03-23,1157.1937255859375,1163.743223156008,1148.9402879834404,1150.5622239594732,3654122
2018-03-26,1156.7216796875,1160.9921065627746,1142.1651560579753,1157.5429233365505,2964210
2018-03-27,1169.3277587890625,1175.6102928032913,1159.2059708352,1160.006663349388,2494574
2018-03-28,1169.9234619140625,1180.5380791779485,1160.0069821487666,1164.4827212013295,6865654
2018-04-02,1194.7657470703125,1196.5519920999677,1166.1659772010667,1166.1659772010667,1662988
2018-04-03,1195.4228515625,1203.080908905953,1187.5594832956356,1187.5594832956356,1937290
2018-04-04,1195.2789306640625,1204.7643341307246,1187.5182189182194,1202.8959849328112,2841820
2018-04-05,1214.5986328125,1216.9802591054315,1199.1593145590132,1201.7051494585794,1809424
2018-04-06,1211.4580078125,1215.4410208376416,1201.705736108144,1212.9772890386464,1129018
2018-04-09,1200.6168212890625,1216.8774816942537,1196.9623280373712,1207.1046645921215,1235866
2018-04-10,1206.2427978515625,1214.3114771791354,1201.35633764154,1201.35633764154,1184532
2018-04-11,1237.675537109375,1242.130823302655,1209.52749567674,1211.5806044755875,3124416
2018-04-12,1289.0445556640625,1293.4587402538177,1235.1298903458114,1235.9716851314258,6114360
2018-04-13,1294.8143310546875,1330.7437549004742,1286.1091649842388,1293.4592584483162,8179118
2018-04-16,1308.9185791015625,1313.9692474397486,1277.3418018542175,1279.4975663675132,6270274
2018-04-17,1300.2752685546875,1311.9163385530112,1292.3091440356357,1308.9187788177362,3301724
2018-04-18,1297.1953125,1311.300110571637,1291.754573884792,1300.0285626979473,2433066
2018-04-19,1310.3558349609375,1321.0525538640138,1299.9260804015776,1305.736339294976,4820952
2018-04-20,1397.120361328125,1405.291796689623,1330.414858606236,1334.521077305638,18465662
2018-04-23,1399.6661376953125,1460.9514491928026,1391.8233204607295,1405.9692232321981,15185910
2018-04-24,1390.2216796875,1413.8324335716193,1372.503388829029,1400.220360779952,8314336
2018-04-25,1424.96044921875,1430.1958777116652,1381.7630514290618,1389.9549371386697,8196574
2018-04-26,1453.293212890625,1461.8136152830755,1423.6257876928155,1423.6257876928155,12135034
2018-04-27,1417.446044921875,1455.2438054606675,1404.326697143195,1447.4419904765386,4501330
2018-04-30,1450.3572998046875,1457.2967681245432,1411.5535397066967,1417.445902386714,3458558
2018-05-02,1437.073486328125,1450.398142221187,1425.3913174542251,1449.7001052879336,3158046
2018-05-03,1429.7237548828125,1447.8526697947743,1425.022054414045,1441.200615752022,3761550
2018-05-04,1429.27197265625,1435.9445775706115,1424.8577878667493,1433.8914683661926,2347244
2018-05-07,1404.7166748046875,1433.0701311163527,1400.589905523356,1433.0701311163527,3484426
2018-05-08,1413.03173828125,1431.6329261366761,1394.7590679204063,1410.3626965431492,2992820
2018-05-09,1432.7830810546875,1435.0209504618367,1412.6215047455262,1412.6215047455262,2615050
2018-05-10,1417.1585693359375,1441.754776480836,1412.621178133226,1438.3876975756975,3858678
2018-05-11,1419.49951171875,1431.0174773177928,1413.5660446675759,1418.3703013707948,2627876
2018-05-14,1409.890380859375,1425.268145904303,1400.5487357083168,1419.5194411959596,2433894
2018-05-15,1429.949462890625,1435.4518557246852,1409.9521992293915,1416.6453553058034,1952890
2018-05-16,1434.67138671875,1440.871815651917,1427.0133306766384,1428.9432329788597,1648450
2018-05-17,1433.8094482421875,1450.788602210076,1427.3216027253584,1442.494060587057,2968048
2018-05-18,1438.018310546875,1444.4445025814846,1419.9303974924844,1429.2925959873853,1874996
2018-05-21,1460.47900390625,1474.9534215312435,1444.5879612018934,1448.9610430228533,3446178
2018-05-22,1440.8309326171875,1467.9525251678533,1434.5895007062686,1460.9925050377617,1857416
2018-05-23,1435.1646728515625,1455.6546659909627,1429.3748638404911,1447.4422278189402,1507298
2018-05-24,1479.758056640625,1484.3981039587745,1438.14158903479,1441.282806333416,2962316
2018-05-25,1472.4075927734375,1508.9529310445055,1466.96685421061,1488.503946433949,3769772
2018-05-28,1438.018310546875,1485.0139625597367,1431.4278096179296,1485.0139625597367,3716798
2018-05-29,1446.8258056640625,1455.2435519436463,1432.248732838442,1449.4537448905894,3525312
2018-05-30,1442.966796875,1450.7275125029926,1429.991101695916,1440.89313574439,3779106
2018-05-31,1441.723876953125,1456.6292668370193,1429.3440619271485,1435.8858921484752,5049371
2018-06-01,1434.6025390625,1455.3459167445849,1421.2291709647473,1452.4476460711248,1603856
2018-06-04,1444.3739013671875,1448.3072687351073,1418.1652333200004,1444.9949593726485,1681483
2018-06-05,1425.6177978515625,1450.7085793906624,1416.964430874002,1444.1667487866534,2449568
2018-06-06,1429.0543212890625,1436.6312483809452,1420.318065824689,1426.7771088402462,2236512
2018-06-07,1437.1700439453125,1448.307646649307,1427.440132654215,1428.4337852887675,2414762
2018-06-08,1446.7337646484375,1455.1802133735086,1436.7140499920242,1436.7140499920242,2582138
2018-06-11,1448.88671875,1459.900186569377,1443.3386416281473,1446.73373812437,2179378
2018-06-12,1474.8057861328125,1478.118095590719,1451.619619927468,1454.9319293853741,4608875
2018-06-13,1510.4959716796875,1516.7479965102916,1488.883171662609,1503.7885649273069,5370983
2018-06-14,1480.2298583984375,1517.2863235904222,1477.290143072644,1515.3817050577009,3819998
2018-06-15,1523.703857421875,1529.5417424306343,1481.0992146222477,1490.5393171811281,9183574
2018-06-18,1514.5535888671875,1546.807163680509,1508.8812788030352,1546.807163680509,4674987
2018-06-19,1510.8271484375,1522.8342701981708,1507.928877667683,1508.8811868516411,3245034
2018-06-20,1509.12939453125,1520.5983456959912,1505.9413172283698,1517.0375729679004,3107695
2018-06-21,1506.5625,1517.0376986489973,1505.1133646437577,1517.0376986489973,2910659
2018-06-22,1498.6541748046875,1512.8970623805044,1490.1663834038116,1512.8970623805044,2949458
2018-06-25,1506.4798583984375,1509.0468782042597,1495.5078324955768,1500.3935095294337,2083217
2018-06-26,1533.599365234375,1541.0520619336783,1507.928965492331,1509.5851203143984,4679712
2018-06-27,1538.5679931640625,1561.0503174789708,1532.9784700457324,1540.2241481620863,4081208
2018-06-28,1525.8980712890625,1549.3327004031294,1512.3176838039797,1544.3642363719061,4888125
2018-06-29,1530.079833984375,1546.351573177046,1525.5668531242559,1527.7198338916187,3506276
2018-07-02,1533.0609130859375,1538.4020724045636,1524.5731206283513,1533.5991835560767,2650290
2018-07-03,1551.858154296875,1556.7023858162795,1537.780841559393,1540.1821846300475,3242233
2018-07-04,1545.3162841796875,1556.7023456589313,1537.8635893932735,1556.7023456589313,2700614
2018-07-05,1557.0340576171875,1562.996174777572,1541.962987493632,1550.9890518455059,2472571
2018-07-06,1584.0703125,1590.7363747014688,1558.151555592585,1559.1452078450407,3713781
2018-07-09,1559.26953125,1593.551951144771,1553.8870288850903,1593.2207000132767,6151747
2018-07-10,1552.7275390625,1572.4358168757478,1549.1254234556113,1571.690527178271,5303302
2018-07-11,1639.51025390625,1654.49843270451,1568.502625976114,1573.3468579272117,22903802
2018-07-12,1632.43017578125,1648.6191275352592,1623.4455572344036,1642.9053739112762,6921701
2018-07-13,1640.5037841796875,1654.415522111435,1634.6244560489258,1635.4525332809667,4148185
2018-07-16,1647.21142578125,1652.842392200166,1637.4815169093301,1647.8739280953557,2582159
2018-07-17,1661.275634765625,1666.9593734469897,1643.7264901933731,1650.3644568372636,3315492
2018-07-18,1659.69921875,1669.199768688601,1653.725088848738,1663.6405117329084,2013869
2018-07-19,1644.058349609375,1668.162404345039,1634.5992272248213,1661.2340471673133,1746318
2018-07-20,1656.67041015625,1659.4915660760448,1646.2156335474365,1646.962425009636,1934995
2018-07-23,1664.179443359375,1667.7472890110075,1647.874920489815,1660.321105689889,2086201
2018-07-24,1658.661865234375,1671.9377981226942,1646.3401602798697,1671.9377981226942,2038423
2018-07-25,1644.14111328125,1661.150900221581,1633.27146481099,1661.0679459086039,1535492
2018-07-26,1630.201904296875,1647.0457883908255,1622.2363630588534,1638.7068006852912,3503036
2018-07-27,1612.818359375,1630.1600664290893,1609.955776949818,1627.0069919511361,2033977
2018-07-30,1613.52392578125,1621.904339471632,1602.6958020962857,1612.19635254203,1579251
2018-07-31,1609.8726806640625,1615.5149923386753,1599.7498229219136,1611.3662635447906,2204803
2018-08-01,1639.992919921875,1644.1831776114198,1617.8387428997983,1617.9631237661933,2425180
2018-08-02,1616.67724609375,1647.0459316798458,1613.856089227859,1642.8972013733476,1509287
2018-08-03,1642.440185546875,1644.5976055283415,1623.3975610851096,1623.3975610851096,1505131
2018-08-06,1639.2047119140625,1658.6206868234083,1636.466509664103,1657.0027226767465,1532249
2018-08-07,1632.40087890625,1642.1919228573554,1626.7171386944249,1641.403603333723,1353521
2018-08-08,1637.918212890625,1641.4861603535962,1627.9612632681897,1636.2587212868857,1315062
2018-08-09,1638.2088623046875,1643.560784344107,1631.2805040226908,1642.8969470828727,2060297
2018-08-10,1653.7664794921875,1656.5876357183215,1636.3003896350533,1643.6850468761036,2784105
2018-08-13,1659.6163330078125,1663.0182710446097,1651.1943916072214,1657.666450340519,3559575
2018-08-14,1662.437255859375,1679.9033443635112,1644.8881117444885,1652.8536512520927,3311765
2018-08-16,1666.5445556640625,1676.1281608381555,1655.3429865819292,1659.7406801439236,2152065
2018-08-17,1670.07080078125,1677.662994844279,1662.8105252841262,1670.9835008719947,1213731
2018-08-20,1667.74755859375,1679.4055277971954,1662.5616472554434,1679.4055277971954,1587032
2018-08-21,1674.1365966796875,1679.4054621359392,1662.8105465021847,1667.9135033170296,1376866
2018-08-23,1688.6156005859375,1691.0218835825533,1676.3354239309424,1678.4097883612449,3046791
2018-08-24,1695.1702880859375,1697.659524926005,1685.2133407256676,1688.6152774829652,1570533
2018-08-27,1701.7255859375,1708.4466079700626,1688.532708702806,1695.1706751252248,1532702
2018-08-28,1716.909912109375,1719.2332407875317,1702.6383253359145,1705.1275626536572,1987983
2018-08-29,1719.2335205078125,1723.0504327125586,1697.3282082902058,1719.6483934616028,1525867
2018-08-30,1727.86279296875,1730.0202133534049,1713.8401681925457,1715.9145329567582,2408020
2018-08-31,1724.5440673828125,1735.828694418478,1720.8932658814167,1727.7801984440046,2504554
2018-09-03,1703.3848876953125,1734.1685345782062,1699.6510319988522,1729.853897399446,1439711
2018-09-04,1741.55322265625,1746.407316181491,1706.7454299777758,1709.1102863258964,4420803
2018-09-05,1725.2491455078125,1748.4820304779792,1721.7642532772238,1742.4663727624895,1681106
2018-09-06,1721.9715576171875,1727.1159412366128,1709.5253701953525,1721.7225933538177,2238097
2018-09-07,1725.746826171875,1729.1901900983044,1713.7568376980846,1725.2904254820148,1312182
2018-09-10,1726.493896484375,1736.9901017890045,1721.100547774944,1729.522388191331,1530539
2018-09-11,1697.867431640625,1733.339066437271,1694.506920460746,1733.339066437271,3679745
2018-09-12,1695.958984375,1716.6611027538765,1692.6815287925172,1702.9289710383594,2307661
2018-09-14,1713.75732421875,1718.8603837137446,1674.5519266206597,1696.000840674062,3642038
2018-09-17,1721.017578125,1724.0462725579541,1704.754678133563,1717.5742132683783,1033857
2018-09-18,1718.1964111328125,1724.8759064876008,1707.2853330143635,1720.063339504199,1456507
2018-09-19,1724.1285400390625,1733.3387985047252,1714.9600119487116,1719.1500657494366,1301268
2018-09-21,1745.0802001953125,1759.8912471666963,1701.1036626659231,1723.3824235573918,4508530
2018-09-24,1824.1549072265625,1834.1533862414826,1740.9313495706967,1754.9126495818755,3032226
2018-09-25,1811.5008544921875,1835.3145166553022,1787.1064108274638,1829.506296489926,2868778
2018-09-26,1777.440185546875,1824.6113232977511,1771.5906387256607,1814.6543720109967,1970951
2018-09-27,1816.1888427734375,1833.4889179905963,1772.1707956292344,1777.2321225375927,3311802
2018-09-28,1811.9158935546875,1817.143332697929,1791.296831621154,1807.186382929721,2904371
2018-10-01,1871.53369140625,1888.460429324374,1817.4342909697116,1817.8904892247156,3772208
2018-10-03,1794.6158447265625,1871.076841730148,1788.6001874748802,1867.1770768543352,3902322
2018-10-04,1713.2591552734375,1789.4711848767297,1706.2478438319035,1789.429859646772,4762419
2018-10-05,1744.6650390625,1759.0612106607477,1676.8334167783657,1700.9790008747796,3417624
2018-10-08,1723.8385009765625,1760.8865715000215,1699.4438518692143,1744.664999901829,2010154
2018-10-09,1735.662353515625,1748.8137032687812,1703.6340837096686,1726.1618043547485,1867130
2018-10-10,1695.668701171875,1747.4033377851836,1683.5544312879906,1742.4663901945687,2749573
2018-10-11,1642.855224609375,1670.2783649563032,1610.5366648684474,1647.0454815888038,4700256
2018-10-12,1591.7012939453125,1641.2370741204709,1579.006143605286,1641.2370741204709,9373289
2018-10-15,1617.5894775390625,1622.6094802694922,1593.1119758271352,1609.7068922420012,2638151
2018-10-16,1628.210205078125,1636.1757444087991,1605.5581044844214,1624.6422576643397,2815425
2018-10-17,1600.911865234375,1650.3647038763684,1593.112233002829,1634.5995307372777,2779207
2018-10-19,1587.4698486328125,1600.5798746424887,1551.6663933273717,1600.5798746424887,3428776
2018-10-22,1579.00634765625,1589.7930436728193,1565.68888629009,1588.1335519779625,1778496
2018-10-23,1532.983154296875,1578.1748099291135,1527.453701706945,1569.8598741549874,2752811
2018-10-24,1537.01611328125,1558.2192027530768,1505.9182284224314,1539.9679565334886,2735913
2018-10-25,1540.758056640625,1560.6307793442809,1517.5178448485158,1533.2746122208919,2507233
2018-10-26,1495.93994140625,1541.5058259849022,1489.2879933802087,1541.5058259849022,2285970
2018-10-29,1555.724609375,1561.5034496059143,1483.6756647550633,1503.9225147052093,2609483
2018-10-30,1575.5140380859375,1587.6538237617838,1534.1056181977274,1552.3984765177001,2404883
2018-10-31,1611.5594482421875,1616.3405367599323,1559.4247351569752,1579.837944993883,2769190
2018-11-01,1609.563720703125,1616.7145452941402,1580.9188070591915,1616.1325403800172,2769759
2018-11-02,1591.021484375,1625.2374683808698,1583.9954036310855,1608.2749776166509,1818635
2018-11-05,1572.2296142578125,1602.579129904937,1567.1575237237719,1588.1527366029468,1713366
2018-11-06,1607.02783203125,1611.0190423881543,1572.3545853708385,1574.84906646873,1398710
2018-11-07,1614.8857421875,1620.5814545521512,1610.6035287160169,1613.0980101750504,144530
2018-11-09,1587.4874267578125,1631.348711014642,1583.995194488345,1630.5588327515195,2570479
2018-11-12,1592.1854248046875,1618.1695985830647,1586.905460993057,1586.905460993057,2552008
2018-11-13,1608.8985595703125,1612.2661493737662,1582.3323786788433,1592.3103022438177,1418432
2018-11-14,1563.7484130859375,1604.6994716798813,1554.8929862066034,1600.6251328597386,2422318
2018-11-15,1557.262451171875,1579.0060246818177,1544.5821763554466,1549.9037546113261,1829123
2018-11-16,1568.69580078125,1579.671577168925,1555.1009007619334,1570.691405715435,1829729
2018-11-19,1581.8753662109375,1585.9497062006244,1550.1539584000475,1579.006753152256,1740628
2018-11-20,1561.7529296875,1581.5009036420206,1558.3853398444537,1581.5009036420206,1190182
2018-11-21,1506.666748046875,1555.7664969651312,1495.4831971674498,1555.7248816753327,3840461
2018-11-22,1507.1239013671875,1536.2676937783385,1504.9619366114243,1513.318488646259,3194219
2018-11-26,1535.020263671875,1546.5780446281028,1483.8002799133599,1512.486808160494,4333177
2018-11-27,1571.730712890625,1578.091658969686,1526.081695824085,1541.5890711277443,3344839
2018-11-28,1649.5999755859375,1653.8405721374377,1565.2865143533065,1570.6912221053897,5313249
2018-11-29,1630.1849365234375,1660.4928398452234,1615.2180506359994,1660.4928398452234,4035441
2018-11-30,1636.5869140625,1655.50338925362,1629.602349076416,1634.716053878763,5268901
2018-12-03,1648.352783203125,1654.6721136889378,1636.6287448082778,1649.683152542137,1610576
2018-12-04,1672.009033203125,1679.118344712447,1638.8740306113993,1648.8519546942694,3270615
2018-12-05,1668.599609375,1677.9539114083718,1650.5146254438148,1667.975989239442,2501539
2018-12-06,1656.9176025390625,1677.1229418437586,1646.0250544018443,1661.3245601407186,2321216
2018-12-07,1658.99609375,1666.2301494222902,1640.5369752772126,1650.556514383363,1680420
2018-12-10,1642.8653564453125,1672.133895214273,1629.7277148781577,1642.200120859368,2010786
2018-12-11,1662.9873046875,1671.3022412109374,1630.5590522460936,1638.0424951171874,2942014
2018-12-12,1676.9564208984375,1681.2801472445872,1650.4732671510317,1663.9019097943942,2219993
2018-12-13,1648.5191650390625,1687.682492680758,1641.784087285508,1682.943019835841,3748429
2018-12-14,1654.4642333984375,1662.1139331913157,1642.40757734402,1648.8516521317258,2473761
2018-12-17,1658.2476806640625,1667.0614922772172,1650.5147498002423,1662.1556598744003,1227921
2018-12-18,1652.884765625,1664.6504220248657,1643.3642031622499,1656.2523557803245,1768742
2018-12-19,1636.753662109375,1650.3486647147404,1629.7691965331437,1650.3486647147404,2498833
2018-12-20,1624.7802734375,1642.116896444675,1618.0867086826001,1624.572400016549,1940277
2018-12-21,1576.345703125,1621.4126183791602,1568.6543868583296,1619.7496310782585,3729956
2018-12-24,1595.220947265625,1612.1834420636665,1583.9957803184861,1584.6610159971206,1864116
2018-12-26,1570.8577880859375,1597.964562709723,1555.101023766881,1597.964562709723,2446614
2018-12-27,1587.27978515625,1614.511202581288,1556.639264017834,1587.3214004396182,4968201
2018-12-28,1576.5535888671875,1596.4678213509505,1574.0174926132029,1592.3103530661824,2239130
2018-12-31,1574.0592041015625,1587.3214881402766,1568.3218772177836,1586.489994432503,1879740
2019-01-01,1582.165771484375,1588.1524837022537,1567.3651475281404,1576.5115754447504,1094883
2019-01-02,1599.2119140625,1608.4829878502965,1579.8380697645812,1583.995538369225,2100463
2019-01-03,1579.796142578125,1617.213352632615,1574.1004320144107,1595.636135434797,2611668
2019-01-04,1560.5889892578125,1580.8358413144065,1530.7799592914673,1579.8380894371471,4280862
2019-01-07,1578.091552734375,1587.154852292391,1564.0392921169748,1573.0194626241355,1856423
2019-01-08,1574.4747314453125,1585.1594038004312,1565.9519221288635,1584.3279102085826,1691756
2019-01-09,1568.98681640625,1595.636227030668,1552.149070915176,1585.990921518634,2414376
2019-01-10,1570.3173828125,1583.9954128375136,1556.639251286796,1571.5230080120214,3053461
2019-01-11,1532.0689697265625,1559.0509034282773,1525.7911508218074,1554.8934343524686,9209862
2019-01-14,1507.7060546875,1539.0949440102372,1505.0036999775955,1538.2634502533435,3615370
2019-01-15,1553.0638427734375,1554.3525969995742,1503.3404830972684,1505.0034703573317,7711653
2019-01-16,1555.017578125,1559.0503012708198,1535.7684834385088,1554.8928338007643,2359280
2019-01-17,1578.4744873046875,1581.5575672701295,1559.3091427065774,1564.8920502282947,2625816
2019-01-18,1583.7659912109375,1586.7240598706564,1563.2257182264113,1567.3920980724304,1683728
2019-01-21,1590.4737548828125,1609.889125080663,1579.4328486160844,1584.890846740901,2409803
2019-01-22,1584.807373046875,1598.4314129675397,1574.891370003206,1589.140366816729,2457093
2019-01-23,1562.8919677734375,1588.3068780088668,1558.2256439427097,1584.0571920508507,2578169
2019-01-24,1584.5157470703125,1587.5988270548967,1562.3922323726185,1570.5583764611172,1962927
2019-01-25,1600.556396484375,1612.388873629394,1584.0574929041231,1584.8907688078075,2327080
2019-01-28,1629.05419921875,1634.8871298553388,1604.472562964554,1610.7221315037564,2769033
2019-01-29,1652.1776123046875,1657.4272905950693,1613.763617806703,1634.887139246903,2557626
2019-01-30,1651.05322265625,1657.8027384682093,1628.7630878213545,1649.5532850454724,2429575
2019-01-31,1678.30078125,1683.008809899593,1654.0524756285142,1655.7190272412383,4094319
2019-02-01,1691.5081787109375,1695.507943259959,1664.9683646804212,1674.467729195669,3064163
2019-02-04,1708.4239501953125,1712.7569442798765,1685.7171814389062,1691.508408379386,1590764
2019-02-05,1703.6744384765625,1712.382131743869,1689.883680377891,1708.2157518612805,1111404
2019-02-06,1728.880859375,1738.9218745490869,1700.7577980530846,1708.132167626711,1789812
2019-02-07,1735.63037109375,1748.171214656681,1722.3813650449308,1728.839253568926,1339945
2019-02-08,1717.714599609375,1741.1297302396379,1709.0486129320398,1729.0472315133995,1684474
2019-02-11,1721.46484375,1746.546533259686,1707.2991514477983,1716.5485966197293,1778730
2019-02-12,1709.5489501953125,1724.8811456711214,1681.5507980503976,1724.8811456711214,2422903
2019-02-14,1703.7156982421875,1729.047303172067,1694.0914236819801,1716.5898705184359,1724085
2019-02-15,1691.3001708984375,1709.8822654451094,1675.6762466893265,1707.3824375716517,1930065
2019-02-18,1641.8035888671875,1701.5077272698222,1635.429007723874,1697.8829973548407,2942184
2019-02-19,1587.2239990234375,1642.386823750801,1576.5580266547518,1641.553547838193,4408554
2019-02-20,1595.5150146484375,1611.3889610827289,1567.641976740625,1595.7233336214952,4645778
2019-02-21,1595.056640625,1616.555198905997,1580.766040730918,1595.5149830439473,4683919
2019-02-22,1604.5977783203125,1608.222508189421,1587.4739176623943,1597.5565358415897,2271955
2019-02-25,1654.1776123046875,1658.2189799271925,1608.6390657032387,1610.305617441859,2934880
2019-02-26,1698.799560546875,1704.1742512084531,1643.4284169000355,1653.2194088628066,6453309
2019-02-27,1714.9652099609375,1729.0057868041836,1684.8838686174506,1699.8828348069235,4732082
2019-02-28,1652.7607421875,1726.0058025209214,1647.8860994038591,1716.5480414036513,8454295
2019-03-01,1662.7186279296875,1670.71805563296,1650.1777858771657,1662.4270017299584,4148548
2019-03-05,1656.6356201171875,1672.3845532945509,1647.052948287149,1670.7180016719353,2449622
2019-03-06,1666.21875,1679.0512213655038,1654.0946446434325,1657.636067815047,2635047
2019-03-07,1677.6341552734375,1686.5918698374871,1666.7181612673107,1670.7179256669242,2539884
2019-03-08,1685.4674072265625,1694.050191135065,1674.926546683882,1687.3839828079226,2031071
2019-03-11,1678.88427734375,1694.0498576149323,1669.5932309733391,1690.6334468635393,3111689
2019-03-12,1676.926025390625,1687.217064014379,1669.0516089115667,1678.2593481902156,2658550
2019-03-13,1666.968505859375,1679.8009755857972,1648.7197425623024,1677.3844550337024,1833163
2019-03-14,1656.052490234375,1673.0513383861007,1650.7195043038785,1670.6764207736107,1905495
2019-03-15,1699.8414306640625,1724.0064360167376,1659.052608868147,1665.635509980288,5184318
2019-03-18,1685.5501708984375,1720.3811367601531,1675.7174766930075,1702.3822997930454,2349915
2019-03-19,1685.5501708984375,1691.549715408655,1662.4683723715304,1691.549715408655,2373993
2019-03-20,1679.0926513671875,1703.8826095159814,1666.5518083222626,1689.8835336387742,3091165
2019-03-22,1671.2593994140625,1679.8837824176514,1652.6357081817973,1679.0505067319284,3148149
2019-03-25,1653.427978515625,1673.0516698991862,1647.5533417600132,1673.0516698991862,2429205
2019-03-26,1652.093994140625,1662.3432236439292,1631.595433415797,1653.2188959287876,2316539
2019-03-27,1639.8037109375,1664.8852959024905,1634.0540867191112,1661.55219220699,2266166
2019-03-28,1666.802001953125,1678.7177875682225,1643.8869122491756,1649.8864586843602,4054489
2019-04-01,1692.9249267578125,1699.8410553871108,1673.4262512274474,1674.8844839871379,2095740
2019-04-02,1732.6304931640625,1738.2134005994965,1697.3828844780319,1697.4661917183048,3719663
2019-04-03,1732.6304931640625,1741.213274995259,1714.9650860600318,1737.380124760283,2939886
2019-04-04,1678.6339111328125,1732.963446521898,1672.7176739589383,1731.6718284892338,4397518
2019-04-05,1706.799072265625,1711.8819332104272,1682.2174331348529,1690.4251804331725,3152103
2019-04-08,1725.505859375,1729.047281517868,1693.7996745615583,1715.7148687447182,2194294
2019-04-09,1742.79638671875,1748.212679577307,1714.589918688442,1724.8809564942924,2690970
2019-04-10,1700.0914306640625,1737.797171253475,1696.5500075147806,1735.713981165662,3313062
2019-04-11,1682.8006591796875,1712.3819532628163,1677.9260155687932,1704.0491943661602,3422442
2019-04-12,1678.6339111328125,1699.0491659467882,1672.384343332616,1698.2158902400952,3198471
2019-04-15,1760.9617919921875,1766.378084701922,1700.7159108566154,1724.8809091000462,9189201
2019-04-16,1776.3775634765625,1796.5010946244156,1762.8368304128016,1766.5448673952712,5771952
2019-04-18,1791.5850830078125,1795.7097584710566,1761.7120573913537,1791.4599695473983,3413728
2019-04-22,1801.08447265625,1813.2086798378773,1787.877169361815,1789.876950501728,2007135
2019-04-23,1795.7513427734375,1804.4590355989546,1778.2525481543757,1802.3758457633521,2163524
2019-04-24,1819.4161376953125,1829.0405145754792,1796.6261649628375,1798.209307723865,3003071
2019-04-25,1829.04052734375,1837.3732860104642,1806.5837834242536,1812.3750100103218,4211526
2019-04-26,1865.330078125,1869.8296872653038,1827.4992246969434,1835.7070748811689,2716958
2019-04-30,1883.4951171875,1888.994615642948,1858.2885231497005,1865.3296632762683,3488395
2019-05-02,1846.039306640625,1882.7034454294078,1842.4563830990985,1879.0371129251273,2457699
2019-05-03,1776.5440673828125,1821.5826666264134,1770.711136579961,1820.7076863186892,3780886
2019-05-06,1798.084716796875,1804.0425588846322,1756.9624643917998,1758.212378404884,2891422
2019-05-07,1793.16796875,1820.1662290148126,1782.2104724280423,1799.917584675326,2201698
2019-05-08,1793.9180908203125,1806.5421392471872,1775.2108842398877,1792.376449040913,1824895
2019-05-09,1810.333740234375,1819.9581183269247,1779.960871967458,1787.3769466886697,2264162
2019-05-10,1779.7105712890625,1826.5406325868857,1771.4195174078193,1812.374943374305,2039633
2019-05-13,1773.836181640625,1805.7089867834336,1767.9198410107538,1777.3776044342703,1701744
2019-05-14,1743.5047607421875,1799.709174674503,1726.8392441759574,1779.043893445081,2456110
2019-05-15,1746.0457763671875,1769.8775421606902,1736.9631528408468,1747.379098828139,2346876
2019-05-16,1757.17041015625,1769.877866590101,1730.7556069777715,1746.546143301719,1946529
2019-05-17,1746.0877685546875,1779.043867776198,1741.5464560432104,1760.3785708659245,1947908
2019-05-20,1786.501953125,1792.7098183375092,1708.2157173978967,1770.7114143758686,2625116
2019-05-21,1758.00390625,1790.4599632749569,1752.0043601971663,1789.9184152910757,1863157
2019-05-22,1734.67236328125,1768.1700187649092,1729.047750118215,1758.2124109635822,2595795
2019-05-23,1711.59033203125,1762.6701832681376,1708.2155240890443,1748.2127656286902,2541294
2019-05-24,1706.549072265625,1724.8811423778534,1693.4249766170979,1724.8811423778534,2274208
2019-05-27,1712.5067138671875,1724.0059608286417,1699.9659738527628,1712.215189393136,2329820
2019-05-28,1728.0057373046875,1747.7960380935897,1704.049057402332,1716.5481947426913,5872979
2019-05-29,1756.1705322265625,1769.6278556292502,1730.7973236588614,1733.2137422133153,3281320
2019-05-30,1788.459716796875,1797.0007929186304,1761.8780992926615,1769.044351852326,4971725
2019-05-31,1830.33251953125,1837.3319568665636,1793.41835040945,1799.8762396953941,4265370
2019-06-03,1868.4547119140625,1872.9126162050354,1821.2495070688542,1834.040374334433,3682419
2019-06-04,1833.8458251953125,1868.2025252131016,1827.0415882816978,1868.2025252131016,2408658
2019-06-06,1819.565673828125,1847.2022235156294,1807.7213210575874,1847.2022235156294,3735467
2019-06-07,1832.7120361328125,1839.4742322500404,1799.4053542229324,1826.2018868122996,2659446
2019-06-10,1874.50244140625,1878.156606172997,1835.8615665217833,1845.269738520578,2080593
2019-06-11,1892.3951416015625,1901.7612728903205,1874.0826835072544,1879.1227982992953,3048937
2019-06-12,1899.1998291015625,1904.2399456333899,1864.0030973541157,1885.843602325367,2404448
2019-06-13,1893.4871826171875,1919.4436914221199,1884.2049303138829,1901.8032898816978,3320916
2019-06-14,1893.8231201171875,1901.0473666360042,1876.6027280291848,1896.1331727143588,2131408
2019-06-17,1889.370849609375,1900.1231347127227,1882.8607018224502,1895.0830202970392,1489497
2019-06-18,1890.75732421875,1898.443417970771,1874.250823663253,1885.0031105869073,1877447
2019-06-19,1898.359130859375,1911.8835207501716,1884.2888105726593,1894.243119196677,1652817
2019-06-20,1913.521484375,1918.6036409905041,1858.122265267511,1873.2426091982593,2199377
2019-06-21,1889.916748046875,1925.743474825688,1883.322517146867,1919.4433325961602,3871804
2019-06-24,1911.463623046875,1915.2437093152603,1890.715190545854,1893.529131718191,1382424
2019-06-25,1904.995361328125,1910.5814063256437,1890.4629898408953,1906.8433623367393,1386077
2019-06-26,1893.5704345703125,1904.1547540235047,1890.0423964468234,1902.6426790898022,1762224
2019-06-27,1892.1849365234375,1901.8031135502351,1882.7347222887024,1894.2429421624472,2813464
2019-06-28,1870.890625,1900.081290698669,1866.9425759796181,1898.4432943594768,2372928
2019-07-01,1881.26513671875,1894.243393006822,1853.5865436778536,1877.4430081464511,2769940
2019-07-02,1891.806884765625,1895.9228958604392,1861.8600841628313,1885.758583858387,1771746
2019-07-03,1879.668701171875,1897.435228603284,1874.9226751786662,1891.8910203801224,1656881
2019-07-04,1883.8687744140625,1891.7230351232008,1873.3266986531207,1876.602691147971,984140
2019-07-05,1817.0452880859375,1890.042861457566,1797.6407660085295,1887.522804308956,4088470
2019-07-08,1827.3775634765625,1838.6339430536987,1791.0048986145266,1805.2011401123043,2788062
2019-07-09,1792.0550537109375,1826.537678023234,1767.8624595810456,1826.20175237423,3977224
2019-07-10,1770.92822265625,1787.4347209934526,1739.93159995095,1747.2397250922302,6343581
2019-07-11,1766.18212890625,1788.40059219384,1752.3218143119811,1787.5605731275207,2400346
2019-07-12,1770.4244384765625,1780.6305890923265,1758.2441608297463,1765.804333162253,1560725
2019-07-15,1802.4290771484375,1809.0653515862462,1762.3602040873216,1785.04072148978,2900415
2019-07-16,1773.212158203125,1795.5246568699733,1768.1602717125177,1790.0517798384822,2735399
2019-07-17,1782.6849365234375,1789.2102917049497,1761.509188707526,1774.89660937131,1802969
2019-07-18,1739.490966796875,1781.8005208264688,1734.4812199196633,1781.8005208264688,3072096
2019-07-19,1748.7528076171875,1765.6345717450433,1736.5862204216269,1748.7949477894397,1953177
2019-07-22,1776.49609375,1782.8530930729946,1741.8907889471043,1748.7949938383388,1920167
2019-07-23,1778.643310546875,1793.420123096019,1770.1813575860972,1791.6518801865425,3538588
2019-07-24,1765.4659423828125,1785.6734879906392,1748.3736856105022,1776.5800513547604,2413196
2019-07-25,1791.65185546875,1797.6300046879958,1761.8879410233108,1775.6542113989271,2544464
2019-07-26,1775.7803955078125,1793.2515044685795,1763.950519171414,1793.2515044685795,1720592
2019-07-29,1793.419921875,1803.5236960827465,1770.9390653751266,1777.253924254968,1647090
2019-07-30,1834.8033447265625,1839.729017226247,1785.3790868406759,1793.4200488292477,2851672
2019-07-31,1857.158203125,1862.2100911720709,1807.8601544866299,1828.5729777043607,3000677
2019-08-01,1835.561279296875,1867.093436239604,1823.9418968451148,1852.3587642512418,2375236
2019-08-02,1856.8206787109375,1860.7779481670855,1823.3097949121372,1829.624652202297,2500816
2019-08-05,1893.2784423828125,1896.3515906190983,1848.6534521273736,1852.2738057552976,3039682
2019-08-06,1864.9039306640625,1896.0993727776097,1861.9991368653807,1879.975516293214,2885467
2019-08-07,1863.68310546875,1884.7747740503805,1858.4628635348236,1877.617934390149,2165362
2019-08-08,1901.2779541015625,1920.5592426159385,1868.27212445677,1876.6919370065987,2073298
2019-08-09,1891.300537109375,1909.5293504342942,1887.1749108725278,1902.8777802413745,1744550
2019-08-13,1851.8953857421875,1891.3001443870187,1847.559265076049,1890.2476679571985,1647281
2019-08-14,1856.063232421875,1867.3880437511996,1824.9099287374602,1836.4452353619495,1945002
2019-08-16,1822.9736328125,1887.2166358425334,1804.576260818087,1887.2166358425334,3755507
2019-08-19,1821.205078125,1840.5706429871707,1816.7425372835337,1835.5187565013869,974884
2019-08-20,1841.2022705078125,1856.5684264180754,1824.1521523060137,1828.7830486077369,1843611
2019-08-21,1840.7392578125,1854.0426018811404,1837.4134731857941,1839.6867813127947,1214408
2019-08-22,1865.829833984375,1882.3746778597576,1827.098709271703,1841.4123857959512,2131601
2019-08-23,1892.521240234375,1902.7933705116204,1864.0622324852156,1864.9463539220976,2826425
2019-08-26,1916.6019287109375,1921.4011806440024,1873.4082501897042,1891.931837382591,2345475
2019-08-27,1883.0908203125,1915.3808792682667,1876.7759617601441,1911.2971885130225,3432106
2019-08-28,1885.40673828125,1896.268215473201,1865.8306718907002,1886.0382242938485,1294621
2019-08-29,1880.5228271484375,1892.9420495652575,1871.0505388644222,1871.0505388644222,1670652
2019-08-30,1902.5406494140625,1907.9292464378873,1867.5141520738016,1886.8797181232594,2583625
2019-09-03,1895.80517578125,1933.3574183939681,1883.4700264090582,1911.2975494640639,2545060
2019-09-04,1890.5845947265625,1911.2974154624721,1880.144109571674,1907.0875092610129,2228092
2019-09-05,1865.2406005859375,1897.53044946745,1858.5047524047484,1887.8898078704774,2055943
2019-09-06,1850.25341796875,1880.5647367614122,1846.1277929133523,1865.830067903868,1890550
2019-09-09,1837.918701171875,1854.7583247735624,1835.3506174602555,1852.3585961855972,1703945
2019-09-11,1813.62744140625,1848.1486693995907,1807.3547227978706,1840.5708388644673,2627440
2019-09-12,1796.450927734375,1822.8890516162414,1785.2946783422663,1814.4692407542727,2118859
2019-09-13,1803.4815673828125,1816.9532664121657,1781.2533462091055,1797.6298392293002,2291174
2019-09-16,1810.2596435546875,1829.9619221016694,1790.3888043123345,1818.6373156764478,2597948
2019-09-17,1787.2313232421875,1815.774609439537,1772.8757081409806,1814.4273572863021,2796530
2019-09-18,1800.61865234375,1804.3232868146565,1779.232209900146,1790.3884590403654,1454663
2019-09-19,1769.80224609375,1798.303390390323,1760.5825935669156,1797.6297643545504,1652691
2019-09-20,1739.06982421875,1792.9144745237218,1731.9551250265513,1772.2859375460112,6941979
2019-09-23,1697.265380859375,1767.3181605957911,1662.9125141384886,1767.3181605957911,6323401
2019-09-24,1721.5986328125,1735.322965207184,1694.9078743144403,1696.5918364349714,4620978
2019-09-25,1758.435791015625,1761.4248657194385,1734.5236045087968,1738.6913707985852,4002232
2019-09-26,1757.719970703125,1774.0543231576892,1737.0071517201293,1766.3922122947429,4234281
2019-09-27,1731.2393798828125,1755.6989722799628,1727.239969603888,1755.5306171700513,2046795
2019-09-30,1767.5709228515625,1771.5281928163138,1734.4810252859345,1736.038772509086,2620039
2019-10-01,1734.43896484375,1764.7502851255142,1717.3888471852579,1764.7502851255142,3342877
2019-10-03,1734.691650390625,1752.2889740599287,1722.8197368269132,1742.900966537359,2317618
2019-10-04,1750.773193359375,1758.014106286421,1730.2287345753364,1734.9860503417133,2163251
2019-10-07,1724.1251220703125,1763.5298892836486,1718.483888292159,1751.3211600429645,2177916
2019-10-09,1700.8863525390625,1734.4814259572331,1697.013259231458,1734.4814259572331,2066920
2019-10-10,1687.7091064453125,1716.8417370027432,1681.5205654337074,1707.5378040095604,2881452
2019-10-11,1672.89013671875,1679.7523032757802,1620.8136259678581,1625.8655125942514,12593069
2019-10-14,1701.6439208984375,1711.5371995083121,1657.0189195092157,1679.7524107829702,3510704
2019-10-15,1715.368408203125,1723.5355850560968,1703.0753999687133,1710.905866552999,2261310
2019-10-16,1723.0302734375,1731.1132720504263,1697.4340255124803,1715.9576111083506,3034082
2019-10-17,1748.47021484375,1754.5396900575818,1721.2224180583937,1733.8777898802598,3818774
2019-10-18,1771.1983642578125,1776.8371728212767,1743.3477616221185,1754.1091675580574,3087901
2019-10-22,1766.075927734375,1817.8168562602664,1756.304696364833,1790.698110831804,5552505
2019-10-23,1782.1748046875,1794.0123499309389,1767.0226627024235,1773.479505562481,2348134
2019-10-24,1792.4200439453125,1807.0555582330503,1774.599195055227,1794.1418691556346,2798671
2019-10-25,1829.3961181640625,1833.7437686664266,1786.436665121849,1802.7509162382617,3954245
2019-10-27,1821.4324951171875,1832.882673158159,1815.4922830681774,1832.882673158159,224405
2019-10-29,1889.5736083984375,1895.4707320509099,1826.425601683673,1826.425601683673,5064173
2019-10-30,1939.4637451171875,1945.6622731542095,1874.0774820008062,1915.5303352956266,5195136
2019-10-31,1953.969482421875,1967.1414824113224,1925.8607804067042,1937.0526401050893,4879261
2019-11-01,1894.78271484375,1958.5764312493802,1889.7034138867646,1949.1063913620205,4172620
2019-11-04,1888.7987060546875,1919.1458679636748,1877.5637572686649,1900.0336548407101,2646411
2019-11-05,1895.600341796875,1903.4776073876083,1867.3192810600283,1891.4248319450817,2693475
2019-11-06,1884.1070556640625,1903.3054469543176,1875.9283866995622,1894.0075496737206,2540719
2019-11-07,1881.394775390625,1897.8811618315947,1872.6563894516244,1897.8811618315947,1915598
2019-11-08,1833.700439453125,1885.05399344704,1828.5780523883072,1885.05399344704,2788759
2019-11-11,1808.734130859375,1841.49189453571,1800.168093255806,1838.0482444290512,2983768
2019-11-13,1875.5843505859375,1880.0610542509526,1823.4129608341796,1823.4129608341796,3823365
2019-11-14,1891.2525634765625,1894.0074413545183,1848.1207644885965,1883.2460354377313,2995915
2019-11-15,1872.0111083984375,1903.907957960588,1867.1039492774248,1890.5638144614295,2724180
2019-11-18,1853.2003173828125,1883.4613074526062,1849.8857202097074,1875.411691565759,1611089
2019-11-19,1815.492431640625,1854.9651460384198,1812.2209219063761,1853.5447244011532,2975313
2019-11-20,1815.277099609375,1838.0481932691039,1803.1812369096665,1826.8132430720973,2894129
2019-11-21,1823.4993896484375,1830.8171480627648,1814.2874550269087,1818.247737771703,2052574
2019-11-22,1783.5526123046875,1813.9428694779194,1773.9104331083308,1805.3337433769327,3742049
2019-11-25,1791.9892578125,1794.9593637168853,1766.7644810873587,1786.0059583446541,2737010
2019-11-26,1761.986572265625,1806.1082323761339,1752.000008379656,1799.1780549644893,6561580
2019-11-27,1768.5726318359375,1783.5524256101373,1761.9005598060762,1766.5924910032345,2907521
2019-11-28,1788.4163818359375,1803.0947694821173,1773.4794682603685,1779.548942457899,2924429
2019-11-29,1767.6685791015625,1795.0025507983723,1761.254823055117,1795.0025507983723,2064271
2019-12-02,1739.947021484375,1780.1085002575549,1735.5993718940338,1773.4795169155304,3809860
2019-12-03,1765.731201171875,1775.2012368680676,1730.4337953951579,1745.6719017059324,4664774
2019-12-04,1789.40673828125,1792.4199322114807,1760.9966240819326,1767.453468218141,3334301
2019-12-05,1826.2537841796875,1830.988803074604,1780.6685079462823,1793.280792383798,3902721
2019-12-06,1828.233642578125,1832.0215730353614,1808.776938415082,1828.5779234619865,1829461
2019-12-09,1773.866943359375,1831.9785313689058,1767.8836441121698,1831.9785313689058,2244747
2019-12-10,1732.8876953125,1774.2116001827223,1724.6229563751986,1773.4797404881613,4520045
2019-12-11,1757.897216796875,1763.1487619150673,1727.636122057159,1743.6921608537116,4943024
2019-12-12,1739.8177490234375,1793.8398926486661,1708.050063022445,1765.8173644491437,7137306
2019-12-13,1783.164794921875,1788.4593220680827,1727.8511736430673,1741.625771938179,5711133
2019-12-16,1830.9453125,1838.908751616316,1790.9559764877756,1804.472258140355,5574177
2019-12-17,1863.8323974609375,1867.3191349779281,1824.2735117649745,1830.7303552469175,6059673
2019-12-18,1866.2431640625,1896.9776997939618,1853.5447040602294,1871.6238674532924,8251081
2019-12-19,1919.01708984375,1925.4308460646325,1866.0709699989145,1876.6171483419914,6251505
2019-12-20,1913.7215576171875,1934.2113090750472,1901.1092785385565,1911.2249964250402,5548338
2019-12-23,1921.2984619140625,1930.1228153959355,1902.6167019452812,1902.6167019452812,2247329
2019-12-24,1907.4375,1931.4999583131223,1903.6062718689097,1927.5827650566418,1805896
2019-12-26,1895.6861572265625,1918.9738814041664,1889.874998097142,1908.126300289099,1880367
2019-12-27,1892.7164306640625,1916.7358091402682,1873.3458963497837,1900.8951007078688,2720261
2019-12-30,1879.544189453125,1915.5303751671674,1874.2927491415521,1900.033949660197,2288830
2019-12-31,1861.0340576171875,1891.4243035294737,1857.3751803800458,1884.5370052007363,1909289
2020-01-01,1866.114013671875,1880.1467192342836,1854.40551963228,1866.4582945973923,1354908
2020-01-02,1857.547607421875,1876.745996512282,1850.2729394763949,1876.745996512282,2380752
2020-01-03,1894.567138671875,1913.808618436803,1863.0147774616473,1863.0147774616473,4655761
2020-01-06,1894.3946533203125,1916.3479195756715,1883.5901606363286,1898.3118467869285,3023209
2020-01-07,1899.0438232421875,1906.6196847004483,1880.0606615696283,1894.4378575337112,2429317
2020-01-08,1941.572509765625,1945.6618432858052,1895.7720163763395,1898.3116656837171,5197454
2020-01-09,1906.3619384765625,1938.732126781632,1902.6168845172504,1935.9772484426094,3734173
2020-01-10,1905.6727294921875,1923.2783464459674,1900.8946235240358,1918.1128719255216,1915807
2020-01-13,1885.6998291015625,1910.3218011527208,1880.8355472356702,1909.3749234875156,2843893
2020-01-14,1899.9476318359375,1919.662653362504,1889.702857592631,1889.702857592631,2948452
2020-01-15,1917.1658935546875,1920.6957187518296,1889.0140978490783,1905.1992943064988,2620681
2020-01-16,1927.410888671875,1936.192153869222,1906.9211297555921,1917.2089917823173,3117214
2020-01-17,1910.4510498046875,1940.1094439670512,1905.1993993795434,1929.0897217169959,3281059
2020-01-20,1868.4818115234375,1930.3382579094582,1856.2997716926293,1889.6170484534528,5817599
2020-01-21,1869.083984375,1882.4281271198668,1857.892122718015,1868.136896622852,1902980
2020-01-22,1899.9476318359375,1902.616544546567,1871.3653800813006,1877.6500831022909,1773686
2020-01-23,1890.49951171875,1913.6244029087607,1884.2437223281115,1906.7646483988144,2069866
2020-01-24,1883.9847412109375,1890.4994327121674,1872.422401429644,1890.4994327121674,1319430
2020-01-27,1871.77490234375,1892.6562490034064,1868.1077162955946,1889.4204966079753,1549101
2020-01-28,1884.28662109375,1887.7812760778884,1856.8905820692617,1875.8736642279623,1743024
2020-01-29,1859.13427734375,1887.0479127340807,1855.1650028407153,1885.3653633520757,2306761
2020-01-30,1844.6812744140625,1868.1080415716815,1833.593343344029,1863.793704293225,2098567
2020-01-31,1793.9447021484375,1850.2899915325381,1787.516381462467,1846.0186289164892,3287223
2020-02-03,1814.1787109375,1893.7350431921934,1806.154001974521,1856.890647294887,4728073
2020-02-04,1818.7088623046875,1843.6888327753682,1800.4593000561017,1837.0447955624147,3509339
2020-02-05,1852.18798828125,1860.9460077896163,1815.731842035042,1824.9644807273298,2439322
2020-02-06,1836.4837646484375,1876.0461053017345,1825.395835202132,1850.85042141743,2640065
2020-02-07,1843.5595703125,1856.0279633595387,1828.4162037930555,1845.6735535221073,2083442
2020-02-10,1865.4759521484375,1869.8334742274922,1828.4158430494028,1847.3125530100199,2383032
2020-02-11,1858.0989990234375,1876.5644919949443,1853.0945354899127,1866.3826122186413,1335820
2020-02-12,1873.0693359375,1885.3651959108315,1855.1648380815961,1856.114076449192,1620407
2020-02-13,1891.36181640625,1895.7193381276727,1873.2847897474635,1874.9673387437895,1645948
2020-02-14,1884.675048828125,1908.662806155223,1873.2852405800134,1887.9539872819296,1500115
2020-02-17,1901.112548828125,1912.9769752647012,1889.8520874233964,1895.676442219534,1774724
2020-02-18,1911.8985595703125,1916.42861369995,1886.2714383405635,1898.265211676537,2486223
2020-02-19,1895.1593017578125,1924.1947116854246,1890.1114421286647,1911.8988486174796,1760463
2020-02-20,1861.032470703125,1910.7335070873578,1856.2435144488165,1902.191203998799,2317278
2020-02-24,1825.2666015625,1880.1448406846946,1817.802672308403,1860.3420763914808,3092877
2020-02-25,1860.471435546875,1878.1602170120473,1821.5130572184623,1825.3959604669149,2674567
2020-02-26,1832.38525390625,1867.1586408194346,1823.1955899052696,1858.6163380149562,2686842
2020-02-27,1816.7672119140625,1829.2356030339017,1800.1138298673857,1829.2356030339017,2349001
2020-02-28,1725.8641357421875,1785.7039648637196,1717.1060111518734,1784.4096638502886,4298076
2020-03-02,1726.8565673828125,1772.2864516660845,1713.3957516968874,1755.935156590717,2667076
2020-03-03,1756.970458984375,1777.5067440821795,1736.0891112103618,1742.9920500223313,2757585
2020-03-04,1797.5255126953125,1807.232771955974,1747.3066669190266,1774.05555910396,3237002
2020-03-05,1833.6365966796875,1853.2236465162528,1798.2590296876417,1799.6826767777966,3937056
2020-03-06,1826.21533203125,1832.4279340408907,1787.5158626276673,1810.2954735499993,2595027
2020-03-09,1701.876953125,1794.67830376006,1669.6488681318158,1790.4503366271408,4940975
2020-03-11,1685.7841796875,1714.7766117295266,1656.7055872927408,1667.922864706702,6796449
2020-03-12,1527.1458740234375,1646.6961965549096,1517.2228987467024,1642.8995588611901,8728786
2020-03-13,1558.59765625,1570.4188992384375,1299.5216812520105,1456.4341199806945,8029720
2020-03-16,1463.768310546875,1589.6175025323976,1446.0363429555694,1514.3323202303477,7844271
2020-03-17,1430.63427734375,1493.6236031857848,1400.5633668263586,1492.7607357084967,5713248
2020-03-18,1427.5277099609375,1478.566332815072,1404.532274902428,1446.8559589230956,7258778
2020-03-19,1422.26953125,1464.945853737793,1344.3917439930342,1355.6474785594357,5135111
2020-03-20,1562.2930908203125,1624.482386749892,1414.1427732702377,1416.75028913982,8547498
2020-03-23,1451.25634765625,1521.0508969686175,1406.1029077548465,1408.0585446223774,7003490
2020-03-24,1480.3302001953125,1538.4343227468346,1419.227370812281,1436.7847075341913,6350865
2020-03-25,1521.3116455078125,1573.2011664015754,1460.2088174335065,1477.5922557362862,2765520
2020-03-26,1556.6435546875,1592.3666088531206,1497.192274625216,1591.9754177921252,4556067
2020-03-27,1585.803955078125,1607.9678360616779,1521.398345675345,1581.8926819633803,4331250
2020-03-30,1545.8218994140625,1655.7721216664543,1532.8278246788052,1534.957252946435,8513547
2020-03-31,1587.1949462890625,1612.3140379657996,1547.1261388566702,1597.0166321948764,3927593
2020-04-01,1485.197509765625,1594.7131710563165,1479.330599339338,1587.0210208285353,4941878
2020-04-03,1437.7841796875,1512.3591745266067,1434.1336999821272,1512.3591745266067,5735369
2020-04-07,1542.9534912109375,1552.2101906268606,1481.9376830074846,1486.2835413154246,5427577
2020-04-08,1482.3292236328125,1569.7245035196363,1478.4614509894247,1529.7425947921151,6285615
2020-04-09,1535.087890625,1546.082935794269,1504.710270678281,1521.4418288619268,5307397
2020-04-13,1529.090576171875,1553.2100949945377,1517.5740491664594,1530.6116269084393,2990438
2020-04-15,1508.1436767578125,1574.9395175255652,1501.7552843719732,1551.4718757081314,4761399
2020-04-16,1491.5426025390625,1534.001632081456,1455.9065517456359,1486.2405686385018,6245533
2020-04-17,1569.8980712890625,1609.6626813561127,1523.658173716697,1564.5092485396776,9895823
2020-04-20,1580.719482421875,1590.5845621749102,1566.6823351476917,1590.5845621749102,3244282
2020-04-21,1510.31640625,1559.8156980415233,1501.6680831412473,1534.088233866385,5122541
2020-04-22,1537.99951171875,1555.8175337533555,1494.2367324781605,1510.3164108996339,3829836
2020-04-23,1632.5223388671875,1651.4268302130474,1530.4815229803191,1547.1261883048548,5934366
2020-04-24,1580.632568359375,1609.6628243364232,1571.2889706284175,1599.884640664491,2987102
2020-04-27,1596.3211669921875,1629.6973907752833,1586.2387936879425,1592.5837913027303,3374741
2020-04-28,1615.8341064453125,1623.6131527187852,1592.844445414054,1621.005636948894,2678505
2020-04-29,1656.33740234375,1662.334709492323,1608.0114673858327,1628.828091321007,4241510
2020-04-30,1750.9031982421875,1766.157206714622,1688.1055318124968,1720.9602703223186,5915544
2020-05-04,1677.892822265625,1708.7919252046543,1663.2907982637025,1708.7919252046543,3729348
2020-05-05,1679.89208984375,1718.3529487109527,1674.8943511208931,1699.3180617464882,2905528
2020-05-06,1654.5555419921875,1698.1010312349426,1645.8638233369438,1686.0196271842187,3517431
2020-05-07,1644.1688232421875,1681.3693118653628,1636.9546550089183,1660.1181042277117,3166754
2020-05-08,1645.6900634765625,1685.7588660381168,1639.4754632969311,1685.411176065115,2686530
2020-05-11,1682.1083984375,1696.102044623859,1659.2491353274238,1659.2491353274238,2449841
2020-05-12,1694.4505615234375,1700.5347646168789,1660.335565606641,1680.4569156285386,3256595
2020-05-13,1694.580810546875,1733.1285584170287,1673.72068747666,1733.1285584170287,2656665
2020-05-14,1653.46923828125,1671.5045562483178,1643.6910538412735,1660.1184249204525,2263146
2020-05-15,1645.2557373046875,1666.5504517872669,1621.1796086990173,1665.3335897396707,3173682
2020-05-18,1691.0604248046875,1697.4488155286936,1627.1763053645068,1657.5104186724413,3727694
2020-05-19,1693.711669921875,1709.1828644902926,1654.0339555485282,1654.0339555485282,3198693
2020-05-20,1698.014404296875,1706.0977463669853,1678.9795162060425,1694.885406305254,2778505
2020-05-21,1730.6949462890625,1736.6053573125403,1687.192958831246,1691.408421086188,3400908
2020-05-22,1756.03125,1766.1571228346922,1704.6632171060728,1718.4395691128934,3663418
2020-05-26,1688.8011474609375,1759.2040774374357,1673.1560519106044,1751.3815296622693,4575317
2020-05-27,1742.950439453125,1747.0355049101447,1687.2799372670738,1702.7077383676485,3482160
2020-05-28,1742.081298828125,1750.512223901419,1713.398625844636,1728.3483402323593,3475681
2020-05-29,1714.3115234375,1740.6474797889293,1705.6633037185234,1722.699055193656,7237735
2020-06-01,1777.6734619140625,1790.4937447954865,1721.916074806365,1729.651724341271,3747773
2020-06-02,1779.3251953125,1808.7466415682577,1773.1540963234172,1790.6678244311472,2443886
2020-06-03,1783.68359375,1799.0259622608462,1760.8879194509555,1788.6524997461158,3699799
2020-06-04,1823.2603759765625,1830.6264254570656,1784.20696966869,1784.20696966869,4048593
2020-06-05,1785.5142822265625,1828.882687226329,1778.5840972587184,1823.3037212604454,3573289
2020-06-08,1805.9998779296875,1826.267524683333,1797.5877999980617,1811.6661017532872,2957841
2020-06-09,1806.26171875,1826.7036714587532,1795.9752990326397,1798.4598057626267,2909439
2020-06-10,1838.2537841796875,1858.5214311184795,1807.5254162402284,1810.6200887677085,5168397
2020-06-11,1802.42578125,1834.984861426736,1797.326307310458,1830.626227551613,2269513
2020-06-12,1777.88671875,1786.3424257178842,1753.042506205565,1753.216808991971,2842642
2020-06-15,1769.5179443359375,1794.885168514339,1744.281394025201,1777.5377869340214,2399022
2020-06-16,1783.3787841796875,1807.9178092155557,1770.4771845829816,1800.115896683337,2146528
2020-06-17,1785.122314453125,1794.7549388639754,1766.598118595313,1783.553163533322,2703527
2020-06-18,1776.6663818359375,1795.059796158175,1765.421084757349,1782.681318079086,1944389
2020-06-19,1782.3323974609375,1821.9088110992639,1771.3486622744997,1780.0659293132521,5681758
2020-06-22,1767.8182373046875,1789.001240100654,1760.1471056771952,1787.039854894063,3196138
2020-06-23,1774.2254638671875,1781.8094438864625,1752.1707349372748,1766.9900894118687,4205944
2020-06-24,1780.2406005859375,1799.462220949901,1771.0003168945793,1773.0924826993332,2560937
2020-06-25,1757.488037109375,1795.7568574411155,1751.516730977457,1773.9636916954707,3043931
2020-06-26,1847.05859375,1858.521717147858,1760.8446772067002,1765.2469405367788,6300722
2020-06-29,1832.0643310546875,1854.6858091433617,1823.0420874181657,1837.599880720574,3076341
2020-06-30,1815.065673828125,1840.999543303903,1808.8765419164827,1830.626080643153,3071725
2020-07-01,1823.6959228515625,1842.7866528451,1812.755709976512,1812.9300127553208,2503466
2020-07-02,1880.4456787109375,1887.2888203021248,1828.883115470604,1832.3700232217395,3758699
2020-07-03,1917.494140625,1922.1579650348299,1883.148183204758,1886.1119697672884,4185208
2020-07-06,1972.891845703125,1978.7323720900033,1922.1573937922994,1922.1573937922994,5190366
2020-07-07,1978.732421875,2007.3251012210274,1945.8247377746334,1983.1783133333547,5630055
2020-07-08,1934.2745361328125,1982.6553741516789,1924.424193425952,1978.819861312187,2793358
2020-07-09,1921.5914306640625,1956.5911833656771,1909.9974194030056,1943.0794153361971,3443998
2020-07-10,1937.281982421875,1961.2544674829765,1896.877363380237,1922.375370217954,9610320
2020-07-13,1935.2335205078125,1956.9830618784638,1926.516252397417,1935.2335205078125,2963503
2020-07-14,1893.3468017578125,1951.796120738639,1887.2883436351735,1926.5160459278216,2976738
2020-07-15,1947.3504638671875,1970.1026190665104,1901.323457893274,1904.7231073718253,5569321
2020-07-16,1952.461669921875,2038.300962491435,1939.6623085641077,1960.543231817737,8582118
2020-07-17,1922.75537109375,1960.4546583792737,1913.4070177659466,1954.426338810278,4509135
2020-07-20,1929.003173828125,1945.6031384659368,1914.0633336349072,1922.9748509380931,2952646
2020-07-21,1943.9862060546875,1955.868153452978,1923.1050779592626,1948.3108893596034,2665286
2020-07-22,1914.19384765625,1949.184860127404,1908.29649319374,1949.184860127404,2861534
2020-07-23,1896.938720703125,1914.1939438868146,1889.7745694339574,1914.1939438868146,2265766
2020-07-24,1884.882080078125,1889.774786204368,1856.6623128577075,1882.3484867671339,3665100
2020-07-27,1928.0419921875,1935.2061438294475,1890.2115088826229,1891.5220322305886,4248480
2020-07-28,2017.9871826171875,2026.9424239298082,1935.2058056053988,1935.2058056053988,8092319
2020-07-29,1988.544677734375,2046.1639838068388,1962.3342082577717,2002.4798680124998,6090431
2020-07-30,1991.5584716796875,2060.1425208250507,1985.2242760579818,1997.1499521493597,7098496
2020-07-31,1993.218994140625,2039.873763500964,1972.2943427739444,2012.2215868373378,4723290
2020-08-03,1969.4105224609375,2012.8326957223655,1948.9227188143975,2001.125226994839,4012337
2020-08-04,1965.5234375,1982.953360359213,1943.9872496348187,1974.478682942345,2927928
2020-08-05,1974.0849609375,2009.4690905759016,1968.4060265510898,1974.5218020441469,3800641
2020-08-06,2016.54638671875,2026.5062805307987,1979.1964649715235,1987.6274146184812,4748047
2020-08-07,2005.406494140625,2033.9321322383037,1998.1111625554126,2016.458488490552,3165491
2020-08-10,1994.442138671875,2031.311491688706,1988.5447827282626,2025.1957151545894,2929353
2020-08-11,1991.908203125,2019.9534904540037,1988.1515398521685,1994.6167035927726,2774423
2020-08-12,1972.206787109375,2006.3239096239308,1962.770975791469,1999.2909378859288,3415751
2020-08-13,1969.6729736328125,2009.4692441500517,1966.2219712868223,1985.8798225882902,2695682
2020-08-14,1958.9267578125,1993.131549133702,1951.0201033391352,1989.374672441154,2270405
2020-08-17,1968.755615234375,1983.2588267771594,1955.5194136713556,1977.1430506593442,2625630
2020-08-18,1983.040771484375,1999.8591589063706,1964.3003253029995,1976.9687210234638,3493374
2020-08-19,1971.55126953125,1996.0143702836651,1967.969087314836,1988.8064923834,2843005
2020-08-20,1968.2752685546875,1988.9814965483233,1957.0920923766978,1971.9009648043482,2895164
2020-08-21,1964.5621337890625,1984.132532274312,1957.9657896674673,1974.5220268339697,1975294
2020-08-24,1964.125,1974.4780058828972,1948.3112671746042,1966.3092054564736,2167966
2020-08-25,1959.3638916015625,1965.7855430293448,1951.413509163918,1961.4171307115018,1663419
2020-08-26,1968.84326171875,1974.434743682429,1936.4732865771462,1958.7959142549091,2618149
2020-08-27,1964.387451171875,1998.417551783786,1958.5775484486255,1979.7643469542033,3579393
2020-08-28,1955.78173828125,1991.9521035643138,1952.7675767245553,1981.8610293950635,2941136
2020-08-31,1972.1192626953125,1988.6754987051431,1946.564056832498,1957.0482438531399,6018154
2020-09-01,1962.5963134765625,1990.2482728601628,1958.184175215792,1982.3851321860006,3610908
2020-09-02,1979.0213623046875,1982.1667038826245,1958.4898284022117,1963.164113994163,2084137
2020-09-03,2009.0325927734375,2030.4378106568684,1981.5115983518835,1981.5115983518835,4654146
2020-09-04,1999.684326171875,2030.6563246905976,1977.0995507391403,1987.6274663530642,5231303
2020-09-07,2033.1019287109375,2047.4739562793097,1994.922064441643,1999.8582828774654,4620401
2020-09-08,2051.5810546875,2088.494137628878,2033.1027564764495,2040.8784448405918,7453998
2020-09-09,2033.62744140625,2061.017479238108,2026.9438541044553,2031.3122675831287,3866535
2020-09-10,2036.684326171875,2051.842798785973,2030.6997306390779,2040.04808821173,2308813
2020-09-11,2074.209228515625,2081.9849156454634,2035.8107208864612,2036.5097093849656,4145424
2020-09-14,2176.69189453125,2189.2293202671613,2080.980173708576,2082.9459587911265,7512131
2020-09-15,2176.69189453125,2217.405573117053,2153.2773806334912,2176.69189453125,7318770
2020-09-16,2186.826904296875,2190.84592839479,2164.373310744429,2174.5516247187575,3074003
2020-09-17,2150.088623046875,2180.492812709975,2141.0461383415072,2166.7323151440405,4828176
2020-09-18,2140.43408203125,2184.555036131934,2128.639371529087,2171.100414657407,4183256
2020-09-21,2153.888916015625,2188.486605495123,2142.399866327681,2153.6267686776287,4598809
2020-09-22,2204.256591796875,2232.258150592757,2147.510972272797,2171.1003930422703,7499613
2020-09-23,2155.76708984375,2201.5481648521236,2104.700408195574,2192.9423099090454,7502280
2020-09-24,2037.6456298828125,2140.521725035005,2011.7410339187459,2140.521725035005,8424708
2020-09-25,2116.320556640625,2131.7846898039365,2054.988105356532,2068.879567809722,8228267
2020-09-28,2119.81494140625,2135.279072058361,2067.1318676309666,2131.784343626187,4347166
2020-09-29,2174.071044921875,2193.8600778616924,2119.815499703822,2127.2855263552406,6995811
2020-09-30,2177.478271484375,2188.5739931807548,2149.2582927044537,2174.5950774558473,3917166
2020-10-01,2204.69384765625,2219.153334285986,2177.4787257472676,2192.9428618337893,2610337
2020-10-05,2364.009521484375,2383.492678705133,2274.2386685206757,2289.047540290917,17412105
2020-10-06,2371.435546875,2390.3944072252602,2315.3451944534413,2390.3944072252602,9846367
2020-10-07,2390.350830078125,2420.099752365847,2361.56304355411,2395.6366501758675,9656101
2020-10-08,2468.763916015625,2520.5733166224113,2446.3103246248706,2446.3103246248706,19839329
2020-10-09,2457.625,2472.390361355384,2428.8372059921317,2455.0476794380897,7739245
2020-10-12,2472.52099609375,2493.4893720323544,2446.965787918576,2459.8526022975097,4623203
2020-10-13,2469.50634765625,2494.275108867815,2456.9689233618215,2485.625740819581,4209878
2020-10-14,2465.16357421875,2493.591484344709,2445.816700894613,2493.591484344709,4395936
2020-10-15,2404.6220703125,2481.088016139685,2392.6892476396147,2466.3914466868196,6629355
2020-10-16,2424.539306640625,2431.8655280771677,2396.462276842358,2412.9575746909873,5273773
2020-10-19,2379.133544921875,2433.9275819251575,2374.7904221077406,2433.9275819251575,3331194
2020-10-20,2403.21923828125,2421.5569700777814,2384.749766827979,2390.9355327916783,3406273
2020-10-21,2347.415283203125,2411.9925428240776,2336.579432135589,2403.2184702783375,4570143
2020-10-22,2343.6865234375,2357.2863371661892,2314.6883823072058,2334.7809246478623,5262294
2020-10-23,2357.418212890625,2370.754762345898,2342.7655523533685,2358.295620278614,3499091
2020-10-26,2358.646484375,2377.730094957164,2343.1164165365,2360.181947295404,2672752
2020-10-27,2307.712890625,2384.9247385862263,2302.4047474462914,2368.7805287877372,3537502
2020-10-28,2300.73779296875,2330.350294669085,2286.5238349947504,2325.129763137409,3569445
2020-10-29,2309.906005859375,2329.5161426883374,2281.4780979379843,2288.2780038158885,3105968
2020-10-30,2338.1591796875,2346.4945499308647,2300.21130989534,2312.9337171088964,3427003
2020-11-02,2285.295166015625,2338.1589564594406,2281.302919911739,2333.9034453203194,2571196
2020-11-03,2310.739990234375,2338.290494238278,2282.1803392918623,2284.768648028696,2879269
2020-11-04,2327.892578125,2388.1706176893795,2290.032547176843,2290.032547176843,4893928
2020-11-05,2356.452880859375,2377.773922340972,2340.045406230027,2355.838738555539,2816502
2020-11-06,2375.536376953125,2380.6253821897135,2352.5922614970063,2368.1223280309728,3884421
2020-11-09,2392.338623046875,2407.605423062755,2364.7002954862055,2396.286955555542,3646592
2020-11-10,2324.7783203125,2380.5373793223025,2314.907488813569,2366.54277661708,4760020
2020-11-11,2358.29541015625,2362.6824467053125,2319.3383970741124,2340.8787893721637,3242441
2020-11-12,2343.59912109375,2380.4063193487827,2335.4391892836798,2356.7163191193627,2437505
2020-11-13,2331.1396484375,2338.2026057664675,2312.8456207228182,2330.174414732407,2548093
2020-11-14,2342.984130859375,2359.347687559987,2333.946794903856,2349.6522962806785,298819
2020-11-17,2339.211669921875,2364.6125672736275,2325.1731537525325,2364.6125672736275,2827273
2020-11-18,2304.64208984375,2337.5887809607375,2287.4450331189173,2334.7811200883966,2893762
2020-11-19,2313.63525390625,2348.07349088108,2308.3271110405285,2313.723080321704,4167501
2020-11-20,2334.122802734375,2347.941967904215,2305.4316264620043,2329.5164143444285,2711471
2020-11-23,2390.27685546875,2395.3219474826788,2338.2904725426147,2360.22565521187,3706418
2020-11-24,2388.346435546875,2406.728074498653,2373.3865991683765,2399.182286502763,3120516
2020-11-25,2370.140625,2397.910483203922,2358.646502508863,2394.4447668562366,3302249
2020-11-26,2387.07470703125,2396.1557452808297,2351.451880177085,2356.716324684944,2341099
2020-11-27,2351.14453125,2384.5299239230485,2341.84414182095,2373.3868933656686,6086808
2020-12-01,2392.514892578125,2400.4991725643927,2302.7121463134545,2350.5747698557425,3605017
2020-12-02,2412.47509765625,2416.9936592168783,2371.1491313435768,2385.6702638757392,2509032
2020-12-03,2377.290771484375,2433.8396197394422,2369.7012852836265,2433.8396197394422,2852548
2020-12-04,2393.172607421875,2403.0873539284025,2368.122583197615,2378.476033406106,2686527
2020-12-07,2402.07763671875,2407.605344893562,2374.3953968534997,2382.1605362193955,1996400
2020-12-08,2454.371826171875,2461.6104374085926,2397.4718691298426,2404.096338012877,4277818
2020-12-09,2466.216796875,2491.8370504672225,2450.7304275243173,2469.901865163814,3659996
2020-12-10,2442.96484375,2480.693352329908,2439.411301843931,2472.5334227483854,2127801
2020-12-11,2442.350341796875,2463.4957231038743,2425.6356947088134,2450.334617398425,1795408
2020-12-14,2454.72216796875,2460.2498763676463,2418.3536810764354,2458.495061905187,2483658
2020-12-15,2423.004638671875,2452.0906105826543,2417.2575769082077,2444.4572084451056,2365509
2020-12-16,2469.19970703125,2474.113273846714,2422.039062245629,2438.3150113347288,2565149
2020-12-17,2490.2568359375,2503.856646247233,2461.126962503313,2466.3914052038544,2863460
2020-12-18,2510.26220703125,2542.7262761190364,2497.2765365539835,2516.40405793975,6076692
2020-12-21,2474.42041015625,2532.636477224189,2443.5796255220394,2510.26258837291,2705195
2020-12-22,2520.3525390625,2530.1355450441774,2473.104068964434,2486.572357076806,2881737
2020-12-23,2552.158447265625,2561.151871961619,2514.1666688784435,2523.467271809338,2790988
2020-12-24,2552.6845703125,2563.2134560827026,2529.740244878496,2552.3773921265774,1807144
2020-12-28,2570.276611328125,2588.0880206444162,2546.235739308409,2553.254997032209,2108994
2020-12-29,2571.241943359375,2590.106199214085,2562.0291672442845,2562.0291672442845,1994151
2020-12-30,2552.640869140625,2586.333220719538,2546.235753589584,2574.66366184612,2637968
2020-12-31,2511.797607421875,2548.868063771041,2496.223628718971,2544.4810275167015,4040956
2021-01-01,2569.267578125,2579.5771125032015,2526.055274454666,2526.9326816357893,2681440
2021-01-04,2666.8359375,2676.750684179323,2580.411306707027,2588.351886693109,5113293
2021-01-05,2713.820556640625,2732.465460238625,2666.9670963421863,2666.9670963421863,5801309
2021-01-06,2677.40869140625,2731.807950415651,2664.861722695794,2719.9629504700556,3726716
2021-01-07,2661.0009765625,2703.160441346511,2632.4413253081198,2698.0275228139217,3717827
2021-01-08,2738.300537109375,2744.5302150336934,2684.866514706874,2711.1887354392943,5879039
2021-01-11,2787.0400390625,2834.025237152171,2760.80564964127,2834.025237152171,9508039
2021-01-12,2785.63623046875,2816.4770067115314,2763.83257667954,2787.0399534098296,3611458
2021-01-13,2771.685791015625,2787.523035871465,2742.994614697251,2785.7682212439095,3572801
2021-01-14,2857.615478515625,2871.504937638506,2743.071705797272,2773.4878549669324,6931542
2021-01-15,2842.363525390625,2878.0979173503197,2821.836992881651,2843.813916502225,4131692
2021-01-18,2832.166259765625,2862.9339540596566,2801.969879661121,2857.000184445808,4160906
2021-01-19,2866.406005859375,2882.4931560584005,2841.176541744663,2842.0556186449553,2975735
2021-01-20,2908.690185546875,2925.5244252045945,2872.032715490812,2874.5819530880785,3453446
2021-01-21,2877.966552734375,2908.9978016243012,2867.6373971573257,2905.349717629565,2778546
2021-01-22,2903.67919921875,2922.9308988404446,2849.879517446125,2849.879517446125,3052459
2021-01-25,2893.305908203125,2935.9411388007775,2882.185456399921,2908.821529985637,2272887
2021-01-27,2866.7138671875,2906.6238739856344,2836.781254779704,2900.9538707074753,2786662
2021-01-28,2810.013671875,2878.977220695927,2798.8054399471,2839.418755068044,3083938
2021-01-29,2735.116455078125,2827.859083504321,2725.1388447507825,2821.8813166631194,5445659
2021-02-01,2759.730224609375,2782.2784618413975,2675.9981476771814,2725.138461835176,3985846
2021-02-02,2816.078857421875,2834.1439306728867,2769.0922399564497,2790.190085594213,2881837
2021-02-03,2813.08984375,2844.692612763549,2780.2122416423435,2824.473845738344,2505866
2021-02-04,2802.892822265625,2846.3193518083062,2791.9483573025227,2827.155431621027,2057261
2021-02-05,2776.081787109375,2818.189713552541,2750.632545218722,2812.1239521314164,2366135
2021-02-08,2825.44140625,2835.9023364608793,2773.6196466029005,2803.81602670241,2526592
2021-02-09,2792.739501953125,2853.308033128852,2781.399495042567,2808.650880739887,2658751
2021-02-10,2824.738037109375,2830.1002777917115,2775.509727373465,2799.860116229869,2127983
2021-02-11,2818.32080078125,2830.0125675509667,2799.904180954972,2826.2324936093946,1165882
2021-02-12,2804.95849609375,2853.043957554055,2797.2225767792333,2799.156502953269,2777404
2021-02-15,2760.169921875,2820.958008762423,2752.873540069198,2820.958008762423,2630853
2021-02-16,2732.87451171875,2784.6080623380185,2725.1385915030614,2769.0924397531107,3435770
2021-02-17,2701.4921875,2754.017049389865,2677.2735680898527,2729.6226574661205,3678426
2021-02-18,2687.646240234375,2723.2926420625936,2664.482474674808,2694.3710936582934,4189909
2021-02-19,2700.392333984375,2713.842038226488,2651.4275812648107,2688.2170336452054,3725028
2021-02-22,2600.705078125,2721.622151723607,2587.2551582887345,2721.622151723607,5366696
2021-02-23,2619.8251953125,2661.845118240103,2609.100498988318,2610.8586529633776,3832829
2021-02-24,2591.606201171875,2640.1751906470217,2567.9149115341197,2612.6160492332438,3774549
2021-02-25,2633.099365234375,2663.5153004809417,2609.496062078548,2614.3749823229737,4224073
2021-02-26,2544.3125,2612.9244999684947,2531.7416564902746,2602.0678136150045,5553153
2021-03-01,2570.596923828125,2606.4633083985727,2550.905684849813,2572.17930535387,3265871
2021-03-02,2642.8134765625,2659.2081783269623,2591.5192428786395,2602.068167883573,3306469
2021-03-03,2689.184326171875,2693.4917172875435,2634.5055693546797,2667.9984862818847,3509857
2021-03-04,2680.92138671875,2708.8320846205593,2651.3405281757014,2657.4500710919388,3916760
2021-03-05,2644.307373046875,2692.7883793543356,2634.2419852330613,2651.383985179007,3203686
2021-03-08,2643.3408203125,2666.2408214953202,2633.7149690735178,2651.2965109231404,2003125
2021-03-09,2682.02001953125,2696.0412552244425,2630.28646512969,2643.3406302433177,1942397
2021-03-10,2699.6015625,2719.161026418552,2689.9757119446654,2703.161867395375,3053778
2021-03-12,2688.17333984375,2740.0828771190104,2673.5807911171387,2703.16164489604,2938317
2021-03-15,2695.381591796875,2724.2593542453787,2673.272893275314,2673.272893275314,3097083
2021-03-16,2733.9736328125,2761.181024691169,2689.975783366755,2689.975783366755,4894756
2021-03-17,2736.52197265625,2773.4871935478077,2712.2155859515788,2729.533355298239,3838390
2021-03-18,2669.317138671875,2765.971605676394,2625.846826743809,2747.950528336439,3656306
2021-03-19,2681.360595703125,2724.259595798463,2641.6263586235505,2663.603283404112,5776626
2021-03-22,2751.203125,2759.818122141022,2653.6255823341885,2680.041887934514,2821646
2021-03-23,2762.587158203125,2785.794702569668,2745.225389387804,2760.3014724104632,3305973
2021-03-24,2743.686767578125,2771.1139216266733,2734.9397814644067,2734.9837782293816,2207104
2021-03-25,2694.239501953125,2752.258589824629,2681.1851213346645,2735.8636733444264,3179786
2021-03-26,2695.95361328125,2740.962316543266,2675.0755327751876,2716.919472723651,3697370
2021-03-30,2776.608642578125,2802.89295847513,2690.76664657172,2710.1943337083953,4694008
2021-03-31,2793.574951171875,2817.441806052853,2753.269184573334,2773.487955724415,3530069
2021-04-01,2782.278564453125,2826.232412232795,2764.697025341257,2805.2225588414717,4285076
2021-04-05,2847.241943359375,2868.4277814386187,2769.9711735559567,2787.5527106778604,5317862
2021-04-06,2869.922119140625,2878.976653524238,2839.4181956895536,2878.976653524238,2291562
2021-04-07,2875.812255859375,2881.218707886969,2843.6381681767643,2864.911787498394,2491268
2021-04-08,2916.2060546875,2931.721677267056,2871.1093634748245,2874.5816745617008,2578118
2021-04-09,2920.51318359375,2948.7316374728152,2907.986337972195,2948.42387471546,2911129
2021-04-12,2853.9677734375,2934.4473240627585,2824.650466597802,2920.5138663194834,3791828
2021-04-13,2728.698974609375,2825.35344676723,2701.4475879106244,2825.35344676723,8654596
2021-04-15,2829.704345703125,2845.791494767581,2714.1057414674506,2778.146574984524,6062760
2021-04-16,2808.781982421875,2854.3621976026593,2797.7497409413404,2838.53881615614,3224657
2021-04-19,2779.465087890625,2803.375934088055,2755.993780096156,2785.7943979695974,2679106
2021-04-20,2764.30126953125,2835.330724965426,2748.302113102314,2835.0229622074467,3141893
2021-04-22,2741.665283203125,2767.3342876746483,2729.753747395712,2767.3342876746483,1988980
2021-04-23,2733.48974609375,2741.8409770273056,2717.270819467524,2729.533899862066,1615309
2021-04-26,2725.842041015625,2771.7298181062615,2714.633809115576,2726.9408872803356,2490260
2021-04-27,2753.269287109375,2756.873588817901,2727.7760529694733,2730.4132840873945,1471417
2021-04-28,2746.323974609375,2769.9710551804214,2735.6870592578457,2769.047981597295,1639037
2021-04-29,2738.54443359375,2775.5536585645473,2729.9734334404593,2765.2245045336585,1621395
2021-04-30,2668.569580078125,2753.312718021885,2654.8121130877844,2724.259184920213,3072305
2021-05-03,2669.757080078125,2685.5804674477026,2640.7475365672335,2659.1201616100943,1545831
2021-05-04,2680.964599609375,2716.347442509376,2667.9982161863936,2692.4365953242295,1990777
2021-05-05,2721.358642578125,2724.6111845742857,2683.2945653222314,2698.766406463981,1939289
2021-05-06,2735.203857421875,2755.0270850191914,2702.2824694795772,2729.9733926378744,1791671
2021-05-07,2754.059814453125,2777.7511075730526,2735.51142144039,2754.147807986654,1912540
2021-05-10,2765.136474609375,2781.575170224942,2747.115397601112,2765.5320163029514,2137153
2021-05-11,2745.00634765625,2749.841271898852,2717.3592000651643,2747.116046932918,2415625
2021-05-12,2714.23828125,2742.720290729441,2699.2939719735896,2742.720290729441,1978558
2021-05-14,2682.503173828125,2723.8197883357184,2672.393789427331,2723.8197883357184,2043935
2021-05-17,2698.54638671875,2703.337313029576,2668.8775405417787,2685.580002093259,2890462
2021-05-18,2715.292724609375,2746.2361880296953,2705.7986513301544,2725.1383427951523,2098538
2021-05-19,2709.3154296875,2740.962203038814,2696.217267675573,2711.073583762573,1986041
2021-05-20,2689.975830078125,2715.293292579016,2683.0312070831365,2696.2173631129313,2329027
2021-05-21,2707.996826171875,2714.7656764673193,2685.668355166535,2690.854823863694,1685566
2021-05-24,2708.875732421875,2729.5340415933547,2700.5245010546814,2708.875732421875,1652260
2021-05-25,2750.83544921875,2763.42356904899,2722.655814602885,2731.4011589545203,1841613
2021-05-26,2790.146484375,2795.8884353480685,2741.825801627591,2756.1364670729777,1923753
2021-05-27,2809.138916015625,2842.4863984305903,2793.061497428676,2793.193917714031,5959785
2021-05-28,2776.984619140625,2825.0402519814484,2769.961597949591,2817.5315458708037,1763701
2021-05-31,2790.720703125,2800.6146992644194,2763.7337050232063,2782.637888857994,1652799
2021-06-01,2785.2880859375,2800.2612851307276,2766.7371662404853,2799.0688554082944,1377441
2021-06-02,2764.484130859375,2790.9854410639764,2751.719376244468,2783.388528206253,2240078
2021-06-03,2774.908447265625,2786.657406387697,2758.4775461573736,2786.657406387697,1281706
2021-06-04,2777.1162109375,2788.688534934649,2760.552893576044,2763.203024353877,1836060
2021-06-07,2811.96533203125,2818.369814617938,2768.149966770133,2778.220377259856,2559821
2021-06-08,2826.938232421875,2854.1904934720615,2815.4985457843964,2825.0390585340924,2574057
2021-06-09,2827.027587890625,2844.4742857613664,2814.616096398298,2828.5734978285386,1710925
2021-06-10,2841.6474609375,2848.007732839972,2820.6230431011263,2835.640453603074,1874324
2021-06-11,2891.99951171875,2923.0943373291366,2836.523395939516,2837.0092963972816,3452954
2021-06-14,2894.252197265625,2922.8293126007034,2888.951935490787,2896.593059948897,1847360
2021-06-15,2882.23828125,2913.377320224504,2872.3445020711756,2913.377320224504,1304985
2021-06-16,2892.48583984375,2910.4624340933915,2873.6256528423087,2881.6644705700587,1635552
2021-06-17,2930.82421875,2946.9900619599393,2879.8091939190717,2884.6677677124935,2273413
2021-06-18,2912.759033203125,2966.3799741161924,2893.059682915584,2960.1079111317467,3380431
2021-06-21,2891.38134765625,2902.7768246995624,2872.4769504377414,2884.22590768231,1130569
2021-06-22,2916.204345703125,2939.0397292718317,2901.8936802765033,2918.677844637311,1708688
2021-06-23,2881.04541015625,2940.7617764131733,2876.6285255416315,2940.7617764131733,1467104
2021-06-24,2980.16064453125,2988.4643018161614,2896.151408071027,2901.0099814260343,4155204
2021-06-25,2986.520751953125,3003.1722775928047,2959.3126995223847,2981.6179668844566,2722861
2021-06-28,2947.6083984375,2995.9732923655597,2944.2957344698248,2995.9732923655597,1355238
2021-06-29,2951.230224609375,2973.7121267952775,2938.553678014563,2952.2460219223417,1497322
2021-06-30,2955.558837890625,2987.5812567424623,2949.1543541202577,2955.779682158569,1693146
2021-07-01,2951.80419921875,2969.913427434816,2943.7213860627653,2966.3799194902176,990310
2021-07-02,2937.62548828125,2950.2136083319683,2910.9033386999,2942.528272908323,1682274
2021-07-05,2933.6953125,2980.514298215899,2916.911147809395,2952.2462313685637,1972858
2021-07-06,2881.8408203125,2939.878645879054,2876.3639260649975,2926.6279909246714,2159420
2021-07-07,2893.015380859375,2899.8615524149545,2863.554888146933,2893.059592841762,2640710
2021-07-08,2878.483642578125,2913.3770302969638,2854.9857306571503,2913.3770302969638,2485811
2021-07-09,2834.005615234375,2899.2430878632313,2827.6895564443034,2870.9750260680994,6365067
2021-07-12,2820.711181640625,2858.6079686286457,2816.515140895574,2857.7245916296874,1892226
2021-07-13,2815.80859375,2839.1738738783592,2804.72216850149,2839.1738738783592,1809339
2021-07-14,2839.65966796875,2846.240783692496,2813.555833662507,2815.322587718182,2044279
2021-07-15,2835.58740234375,2861.172844684802,2827.6639663920655,2857.4102987057263,2232968
2021-07-16,2828.37255859375,2850.5494928663315,2825.8936612771254,2844.485066943422,1256526
2021-07-19,2819.341552734375,2832.79814151296,2811.7278455383967,2815.2690644874374,1597058
2021-07-20,2838.10986328125,2846.254623330196,2794.154355044804,2819.3414467844154,1811945
2021-07-22,2847.450439453125,2855.063931743701,2824.1225693914685,2824.1225693914685,2859334
2021-07-23,2844.351318359375,2869.759520258406,2838.8622562571436,2859.53420765034,1776193
2021-07-26,2830.806640625,2854.444237512469,2824.8751412021347,2832.9755943366367,1259611
2021-07-27,2817.88134765625,2841.8288897839234,2798.581656516541,2832.975840283039,1121367
2021-07-28,2831.028076171875,2836.9152673506533,2773.129005543344,2822.3520448513914,1660654
2021-07-29,2829.257080078125,2855.50628054373,2824.3879037521106,2833.196643150491,1731997
2021-07-30,2804.158935546875,2853.7803179466428,2799.644010283248,2849.7964459346185,2999943
2021-08-02,2850.150634765625,2855.0198119311576,2803.760742407745,2815.2697066171863,2608669
2021-08-03,2908.137939453125,2912.653080836421,2849.7521253310056,2858.649482681095,3804735
2021-08-04,2898.443603515625,2926.109378484922,2887.1559673281517,2921.505836757805,2929598
2021-08-05,2907.297119140625,2934.7858807994226,2888.3073713749973,2899.3736831427177,2534521
2021-08-06,2930.182373046875,2942.753660136162,2890.520667973697,2897.2047635883696,2292362
2021-08-09,2941.60205078125,2954.261951939117,2930.3587236794956,2942.6643732539064,1510489
2021-08-10,2951.51708984375,2965.6819642613355,2935.316187639701,2935.316187639701,2040777
2021-08-11,2960.636474609375,2974.624334648893,2945.4978911610087,2965.7712860338665,1929707
2021-08-12,2967.3203125,2981.706515253226,2944.523714291042,2944.523714291042,1310205
2021-08-13,3066.1650390625,3080.861187504432,2972.4113324845202,2975.2885735360687,4363584
2021-08-16,3074.61962890625,3093.565283570846,3042.350308322489,3063.154973605649,2083489
2021-08-17,3145.53271484375,3152.393828029611,3065.8109629209002,3082.7203734861305,4336019
2021-08-18,3152.17236328125,3182.671073455571,3130.969354434129,3163.946961523481,2631309
2021-08-20,3151.24267578125,3164.9649012271298,3098.567036166421,3103.8788653712777,2836148
2021-08-23,3220.20751953125,3251.72445614711,3153.367008657548,3169.391111627186,3744176
2021-08-24,3198.783447265625,3246.7228346734682,3182.139672824167,3237.559843001873,2511141
2021-08-25,3239.330322265625,3273.635883891149,3193.338780294793,3195.9503862746396,2123263
2021-08-26,3250.706787109375,3264.6503388708297,3229.503562472118,3240.2158378999643,1902533
2021-08-27,3293.46630859375,3301.7439942841897,3232.336189828916,3245.5271438653544,3944728
2021-08-30,3276.778564453125,3311.3497586964454,3264.64993242064,3288.90719648561,2033114
2021-08-31,3352.16259765625,3367.788358369069,3278.6822930983203,3283.949813871985,3207480
2021-09-01,3288.863525390625,3378.943302536192,3281.825394384427,3360.617533607576,2643336
2021-09-02,3396.693603515625,3416.524346986112,3295.1048653900193,3305.7285242789717,3403717
2021-09-03,3401.3857421875,3414.532390299756,3368.186808360249,3386.2912503795983,1746812
2021-09-06,3410.19384765625,3432.8577353838573,3376.5522676430264,3408.1576035329426,1723693
2021-09-07,3378.23486328125,3426.0856360966154,3371.4623672882394,3420.8181151977305,1585039
2021-09-08,3341.273193359375,3377.4379827229823,3325.2049968827055,3373.0114584992302,4147175
2021-09-09,3356.544677734375,3371.8604946659234,3333.172716457,3355.039702736924,1441148
2021-09-13,3404.306884765625,3410.5481106681864,3334.9431675228693,3334.9431675228693,1691473
2021-09-14,3440.206298828125,3449.590617426561,3386.291315708096,3408.379630212844,1991188
2021-09-15,3500.982666015625,3523.513633332648,3422.588870970859,3436.842366847689,2461369
2021-09-16,3455.61083984375,3525.062969647641,3445.695467673765,3479.248438680286,2946666
2021-09-17,3388.814208984375,3492.527584251267,3368.584906990132,3470.3949633117786,6477148
2021-09-20,3384.963134765625,3427.015115647374,3371.1082001517175,3372.126214285933,2002008
2021-09-21,3419.888427734375,3427.5021361240147,3383.325293125468,3415.506211825673,1568129
2021-09-22,3419.18017578125,3449.9004282075575,3410.592761622935,3419.4901189466127,1744067
2021-09-23,3425.4658203125,3434.09754267421,3395.1441289393133,3426.1297989557083,2003869
2021-09-24,3427.2802734375,3491.995920064041,3412.849762988791,3443.835428800622,2320754
2021-09-27,3396.870361328125,3456.230094055496,3366.7256883097275,3452.6888746968325,1673362
2021-09-28,3345.699462890625,3408.4233928218655,3320.999546057928,3408.4233928218655,2253075
2021-09-29,3356.98681640625,3369.469699172437,3295.2368133801656,3328.5686651270144,2489161
2021-09-30,3342.5126953125,3368.5848793374157,3319.981730608833,3368.5848793374157,2252412
2021-10-01,3302.3642578125,3373.011631270028,3297.760715611773,3348.0017681247846,1578374
2021-10-04,3340.5205078125,3349.6832824327,3282.223102672276,3297.5832267767064,1356860
2021-10-05,3393.638427734375,3399.5699257833658,3312.456032890701,3323.433724320509,1877966
2021-10-06,3373.807861328125,3415.01884159684,3359.7316019415425,3396.0290975092903,1678154
2021-10-07,3446.4033203125,3451.8037665978186,3381.9089887502187,3390.717729179186,1647233
2021-10-08,3484.25,3532.277788850689,3452.688968067958,3474.821589658137,2934339
2021-10-11,3262.879638671875,3326.532970873897,3240.21574807677,3324.319708750894,11845402
2021-10-12,3233.8857421875,3281.8249109047315,3214.1877102836343,3280.9396061000634,5752877
2021-10-13,3235.966064453125,3253.893486668199,3226.9359987133057,3231.3625227170273,3545655
2021-10-14,3203.368408203125,3255.3025009499747,3200.4856471328017,3215.3873476685717,6442299
2021-10-18,3235.035400390625,3239.958314148939,3194.4993753311305,3196.2733826996305,3590107
2021-10-19,3223.50390625,3273.1319287564406,3215.5652676856744,3254.4160669882417,3135441
2021-10-20,3201.0625,3219.822536421355,3173.964501183039,3203.856474257282,2933693
2021-10-21,3133.339599609375,3199.820463019318,3114.490776823331,3196.849131476955,4871211
2021-10-22,3103.492431640625,3159.1519039386526,3091.2073459542025,3157.7326116490563,2691670
2021-10-25,3098.2587890625,3117.4181510183253,3060.1620325763606,3107.1732174246354,2595594
2021-10-26,3089.07861328125,3130.235490892572,3082.337299759617,3099.6338687798507,3878763
2021-10-27,3095.42041015625,3114.490985073754,3089.433136635638,3089.433136635638,2510813
2021-10-28,3035.015625,3120.4785040796774,3029.1171379852467,3120.4785040796774,2424942
2021-10-29,3013.81640625,3069.9193825417556,3003.349720722002,3015.8565577895124,3960501
2021-11-01,3083.578857421875,3092.981181072092,3027.29852908389,3049.473616415924,2020718
2021-11-02,3090.497802734375,3116.575837687412,3077.6806444276945,3099.190481052054,3087414
2021-11-03,3097.63818359375,3122.163745415681,3074.39873362359,3108.23783282908,1537639
2021-11-04,3112.1845703125,3116.2648728066724,3108.947094339255,3115.9987284607782,328991
2021-11-08,3106.951904296875,3147.0888177704123,3087.8369331330086,3147.0888177704123,2526082
2021-11-09,3109.568115234375,3135.5573609997723,3100.964224626649,3111.60826658761,1782692
2021-11-10,3090.586181640625,3121.9860173269394,3086.949380853607,3102.738085663698,1516489
2021-11-11,3094.045654296875,3113.426767950228,3047.744113577115,3086.7722686985917,1284514
2021-11-12,3127.6181640625,3134.802761170001,3091.827492743661,3109.8337038203586,1747259
2021-11-15,3151.78955078125,3166.2477510085714,3129.3483191275823,3129.3483191275823,1809157
2021-11-16,3154.539794921875,3171.5260452936996,3141.767028575657,3165.71612789004,2013204
2021-11-17,3123.93798828125,3160.260960061091,3110.189432058475,3149.395165626962,1632914
2021-11-18,3082.95849609375,3123.006840214177,3061.5818383861247,3117.950746243194,2136598
2021-11-22,3067.61279296875,3118.659887291616,3051.558159680748,3085.3528628252743,3167936
2021-11-23,3072.802001953125,3087.614917705007,3022.730695618105,3055.7271838719826,2153461
2021-11-24,3054.219482421875,3098.3479107016587,3037.1002699493474,3079.8537993639643,2161746
2021-11-25,3056.525146484375,3071.6929923228795,3046.014285380131,3054.751139558402,1849619
2021-11-26,3057.368896484375,3095.6430208513802,3026.3679428463997,3037.987778342687,1941251
2021-11-29,3106.2861328125,3130.54576418905,3021.5329084651667,3057.633906161152,2981745
2021-11-30,3130.36865234375,3161.059063368577,3096.529551797882,3096.529551797882,5588446
2021-12-01,3173.521240234375,3184.3426398781166,3135.5574462309587,3135.5574462309587,2102118
2021-12-02,3231.26513671875,3235.7889414326537,3170.2394658907515,3183.633089526473,3152938
2021-12-03,3229.092041015625,3251.7106316157765,3220.5769368394936,3234.414062333308,2486263
2021-12-06,3136.79931640625,3244.6590363859564,3124.02655170895,3229.092080530519,1849642
2021-12-07,3179.46435546875,3191.4389038852173,3126.0667828778905,3159.95027656784,1484458
2021-12-08,3217.073486328125,3234.414451183741,3194.100178166319,3194.100178166319,1428660
2021-12-09,3194.764892578125,3224.036008412116,3163.054517091301,3202.082671536623,1567957
2021-12-10,3225.854736328125,3230.467111738171,3171.12665750973,3179.907906529748,1510718
2021-12-13,3201.7724609375,3248.207186059828,3194.720825622014,3237.5631428504566,1883864
2021-12-14,3214.323486328125,3224.25788271104,3172.545532780773,3197.6477763888033,1747007
2021-12-15,3166.9130859375,3213.613734373968,3156.0914698132124,3210.952723829358,1603233
2021-12-16,3176.89208984375,3200.7080058928564,3166.6027617555383,3177.246804652196,2072320
2021-12-17,3179.330810546875,3238.760039975643,3169.8840941458316,3195.4298360766725,4333992
2021-12-20,3154.982666015625,3198.5346245351966,3113.5152523447928,3183.4555650185303,2312310
2021-12-21,3200.57470703125,3229.757034964151,3163.4091312077126,3177.822937788501,2340989
2021-12-22,3220.488037109375,3225.8544517275404,3198.756450823021,3214.500763336604,1224328
2021-12-23,3248.827880859375,3255.746551906063,3219.8229078923873,3235.788971898465,1792861
2021-12-24,3256.10107421875,3286.3479803080686,3232.950412710677,3268.607910238929,2209923
2021-12-27,3278.453369140625,3281.9125957958486,3240.3122227570516,3256.189497072043,1534135
2021-12-28,3287.723388671875,3304.0885625366677,3276.4584857425416,3290.783507922426,1456218
2021-12-29,3277.212158203125,3299.6089991071835,3268.6082665922886,3275.039042693454,1456923
2021-12-30,3311.84912109375,3317.3928926389353,3264.1726858051557,3265.370227080346,1966475
2021-12-31,3315.929443359375,3335.1329814850587,3309.676025708375,3319.8765654123854,1207141
2022-01-03,3386.357177734375,3397.2229692155474,3321.827681387004,3326.2626983180944,2346158
2022-01-04,3445.787353515625,3449.6900828682983,3380.991694998178,3398.199695361705,2488606
2022-01-05,3424.67626953125,3432.703694867435,3381.6122044154104,3428.2686771738076,1733031
2022-01-06,3377.2216796875,3401.6586712099115,3345.7774466241945,3381.2575892183004,1810293
2022-01-07,3418.068115234375,3428.1798688915587,3367.4201268665024,3388.353496871756,2460591
2022-01-10,3441.441162109375,3528.5004828256165,3424.721056860157,3528.5004828256165,3937092
2022-01-11,3473.4169921875,3481.4888108289488,3420.285568039854,3420.285568039854,1906106
2022-01-12,3423.7451171875,3485.037152715186,3403.033713010251,3481.4891383067206,3203744
2022-01-13,3457.450927734375,3479.7148026675522,3421.1725704534156,3475.2797850755724,6684507
2022-01-14,3519.762939453125,3527.613007244821,3423.877988650264,3439.6666946537052,3348123
2022-01-17,3565.00048828125,3586.1556110947845,3514.5744627618396,3541.539286003683,3442604
2022-01-18,3539.67626953125,3585.002018651542,3530.2739457678194,3578.1277414958386,2389041
2022-01-19,3478.409912109375,3564.91152862164,3474.722465771417,3564.91152862164,3102539
2022-01-20,3400.128173828125,3483.164278875193,3386.3109864268777,3474.278655714797,6176776
2022-01-21,3406.30322265625,3422.3418138894167,3350.8570276785663,3382.756324156083,3112358
2022-01-24,3351.078857421875,3420.653098273078,3323.3112910112377,3412.078560539118,3258414
2022-01-25,3349.79052734375,3384.8887339958196,3307.406154089975,3349.4351892399127,3330501
2022-01-27,3242.586181640625,3317.358617216771,3221.127487490371,3315.226154333403,5718297
2022-01-28,3278.8388671875,3314.159213319958,3239.6976603507437,3239.6976603507437,3143862
2022-01-31,3319.889892578125,3339.216116777141,3306.6946596272296,3331.219058487893,2739393
2022-02-01,3377.11376953125,3383.644788341221,3320.02364934981,3349.879425432354,2105169
2022-02-02,3426.473388671875,3433.4042169687295,3377.1137168552855,3401.3270359319927,1984212
2022-02-03,3398.395263671875,3449.842931105823,3390.7980130574983,3421.8532202674887,1960538
2022-02-04,3389.775634765625,3398.483587159522,3348.990719148999,3390.1311897835267,2307366
2022-02-07,3357.876220703125,3404.7923435959337,3337.572489673576,3368.538966045395,1919149
2022-02-08,3326.287841796875,3376.2694613033686,3306.339665487328,3369.02776676185,2946443
2022-02-09,3341.482177734375,3356.9430711731097,3328.6424990482747,3332.1078043912007,1638721
2022-02-10,3350.1904296875,3367.4729203279344,3339.216600228163,3367.4729203279344,2112459
2022-02-11,3283.19287109375,3334.3296693022535,3278.794531572369,3334.3296693022535,3851488
2022-02-14,3317.669189453125,3370.538641551541,3296.5658367247656,3309.0057078067457,5951745
2022-02-15,3392.3525390625,3407.6357642925827,3330.3308590791657,3364.09621997698,3931683
2022-02-16,3388.17626953125,3424.607316053256,3381.8673917745273,3415.6327519656547,3256906
2022-02-17,3362.4970703125,3407.6360739487654,3357.876590209227,3398.7504518524192,3134372
2022-02-18,3371.1162109375,3390.709051805688,3338.861575025704,3348.991097834247,3688883
2022-02-21,3304.91796875,3401.238235819317,3292.6115131522834,3385.421786187314,7465922
2022-02-22,3186.7392578125,3259.157074169786,3172.1669250983023,3243.2518982097486,5408531
2022-02-23,3166.657958984375,3219.171853968917,3159.4160470145603,3208.5980507387485,2426203
2022-02-24,3022.5771484375,3095.617125825377,3013.2029919298166,3086.8647024601314,5039136
2022-02-25,3128.40576171875,3136.624963109334,3076.202725859636,3081.5340997346093,2549723
2022-02-28,3158.12744140625,3166.6132530334003,3070.7817416818107,3101.081796727202,3288942
2022-03-02,3150.974609375,3173.8995564350007,3115.2989255099646,3156.617065851155,2761341
2022-03-03,3149.419921875,3179.808924080417,3136.713655369363,3165.8140687773425,1928039
2022-03-04,3131.60400390625,3164.347387967224,3098.460593342772,3111.3002726289433,2370257
2022-03-07,3096.55029296875,3152.6186540004137,3049.145630234379,3065.539559273232,3054130
2022-03-08,3198.779052734375,3206.820583036263,3074.424831616922,3074.424831616922,3300992
2022-03-09,3227.790771484375,3246.8059136522093,3196.2023454400996,3203.2663707488273,2719654
2022-03-10,3217.439208984375,3273.4630982851195,3212.152307356326,3273.4630982851195,2005441
2022-03-11,3198.06884765625,3234.2335060489636,3192.471078831925,3201.7120397828858,1623423
2022-03-14,3237.0322265625,3241.786121299952,3181.052805680414,3181.052805680414,1765688
2022-03-15,3193.4033203125,3251.2488011709297,3185.8505422829967,3251.2488011709297,3651133
2022-03-16,3248.494140625,3259.2458289609194,3213.262739634658,3234.810370864838,3090475
2022-03-17,3263.466796875,3296.565738589953,3252.4042409503854,3284.6590919681585,3600452
2022-03-21,3222.548583984375,3300.0756382590976,3212.152449319463,3284.1259896776583,2413831
2022-03-22,3288.5244140625,3297.4545080572443,3221.038154596473,3234.3665883396307,2907611
2022-03-23,3298.69775390625,3314.15886414101,3278.794050239412,3294.788167557653,1596195
2022-03-24,3331.975341796875,3339.394706650704,3283.2376141207724,3287.680425506592,1879046
2022-03-25,3294.299560546875,3358.320504138264,3262.800077046092,3340.904599959908,1690133
2022-03-28,3294.521728515625,3299.2311511378443,3253.2035899409116,3283.237032979891,1760990
2022-03-29,3292.43408203125,3307.228556100982,3279.6831275036875,3283.0152358017476,2689063
2022-03-30,3315.714599609375,3321.4457828944737,3293.1894591716236,3321.4457828944737,1583455
2022-03-31,3323.17822265625,3336.24004386944,3305.6291188569076,3323.2226941539616,2168110
2022-04-01,3339.88330078125,3343.6596902799715,3312.6044835537823,3330.3312567550715,1387014
2022-04-04,3350.1904296875,3358.7649677654217,3320.645737841415,3342.7708488713006,1472994
2022-04-05,3389.687255859375,3408.1693937254495,3351.6567488325595,3351.6567488325595,2314947
2022-04-06,3336.86181640625,3384.7996989953504,3315.3584397335258,3384.7996989953504,2051729
2022-04-07,3273.59619140625,3328.1095666362144,3269.0201830609085,3328.1095666362144,2494829
2022-04-08,3274.928955078125,3292.1227192112146,3236.587585621282,3278.7942871496307,2296773
2022-04-11,3284.480712890625,3298.6534512995636,3248.671835408125,3278.7940024783934,2291660
2022-04-12,3279.771728515625,3322.333767297896,3241.78569787856,3272.574288568642,4483476
2022-04-13,3253.870849609375,3296.4331162748845,3248.1841373510574,3293.9006268072867,1621672
2022-04-18,3134.891845703125,3207.7094730408703,3129.960282212317,3207.7094730408703,3820792
2022-04-19,3084.9990234375,3166.4358794399823,3055.898611311743,3154.3958182118126,3170014
2022-04-20,3160.437744140625,3171.4113559966663,3092.1961309669464,3109.9673730989402,2640370
2022-04-21,3224.281005859375,3237.9205218344946,3169.856573377936,3181.0525434049096,2280996
2022-04-22,3209.97509765625,3213.9291556635953,3173.499579610874,3182.0298626505864,1581465
2022-04-25,3152.796630859375,3184.607203793021,3139.37947062442,3161.5045845690765,1960694
2022-04-26,3151.10791015625,3188.071964429589,3126.094756154156,3176.7427973254776,1943469
2022-04-27,3164.34814453125,3170.790221461051,3115.5661591054595,3150.84204042388,1727648
2022-04-28,3184.873779296875,3202.7337507159955,3143.777774418422,3188.161416300322,1703660
2022-04-29,3151.462890625,3219.482357024366,3142.710684839358,3196.157603868528,2051115
2022-05-02,3147.642578125,3152.574141608423,3103.525552683142,3127.6499290847396,1324161
2022-05-04,3091.973876953125,3150.3523618271915,3079.1341983708458,3144.176898799808,2305825
2022-05-05,3121.87451171875,3139.290418532952,3096.950514238651,3120.719554345007,1612262
2022-05-06,3050.07861328125,3087.3092816962812,3042.881172879239,3073.536567962998,2010812
2022-05-09,3061.185791015625,3070.87103244035,2973.8845528972033,3019.3344236783305,2481830
2022-05-10,3055.543212890625,3078.6903011908057,3040.6597962956653,3051.32254251295,1622685
2022-05-11,3031.774169921875,3064.1622181217003,3005.2505019723253,3052.211100141161,1841769
2022-05-12,3028.79736328125,3065.2728838583857,2976.772221615572,3001.5630194609157,2807195
2022-05-13,3034.35107421875,3056.5651299816745,3005.2506611693193,3052.2112618257966,2187823
2022-05-16,3000.4970703125,3047.7685389584967,2991.4337786855167,3034.440105114655,1195813
2022-05-17,3066.961669921875,3080.645442338295,2977.038993125452,2994.454900686488,1754076
2022-05-18,3064.47314453125,3105.5246719148026,3059.3639122384,3078.867807778195,1866781
2022-05-19,2898.44482421875,3025.5536639730703,2870.055311199124,3018.445167846261,4642963
2022-05-20,2926.03515625,2944.6060183878694,2905.6426983201104,2941.140712780899,3065125
2022-05-23,2951.581298828125,2966.8200528085695,2902.9325214936357,2936.5202138894765,2293690
2022-05-24,2921.59228515625,2954.3358864396305,2910.5742015114233,2945.716660226276,1711510
2022-05-25,2833.613525390625,2945.6110559752246,2821.4478094645397,2945.6110559752246,3548046
2022-05-26,2886.66015625,2899.6758667069867,2845.153237526035,2854.501215690882,2813186
2022-05-27,2917.3876953125,2933.131599681016,2888.6726342881934,2910.1417734778424,3103153
2022-05-30,3019.32177734375,3029.474979929779,2939.7965833136136,2949.323427865297,2094624
2022-05-31,3009.571044921875,3026.612000510551,2974.3705125505267,3000.446485475332,4840965
2022-06-01,3001.3857421875,3030.7269440021355,2987.833434858042,3030.7269440021355,1493835
2022-06-02,3062.036376953125,3070.0873052010297,2993.424621008395,3001.2071413022886,2657939
2022-06-03,3077.377197265625,3110.6097647151437,3069.371041593686,3094.5972349759013,1913622
2022-06-06,3069.147705078125,3088.8725211555457,3021.021005842092,3057.5633586184927,1084210
2022-06-07,3008.09521484375,3058.3241943557528,3002.1017895151595,3042.4012031637467,2308256
2022-06-08,3045.17431640625,3053.940927115839,2993.6037313859933,3023.7051726580758,2185707
2022-06-09,3065.7041015625,3074.5600352543865,2999.507580582336,3028.043561052109,1279197
2022-06-10,3005.59033203125,3035.1999443400923,2998.5234934948394,3025.359920942585,1527582
2022-06-13,2880.08544921875,2945.7451536237168,2855.7983516097243,2943.0615109086025,3030921
2022-06-14,2871.989501953125,2897.3497923832656,2839.9198869193006,2853.606507263308,2611493
2022-06-15,2868.18798828125,2892.966912903787,2863.4468423639523,2879.101425225986,1404536
2022-06-16,2810.668212890625,2902.6725095727124,2802.6620565361654,2898.3338668891233,2032028
2022-06-17,2763.167724609375,2789.8700552215146,2704.977583624793,2765.940909256889,5240434
2022-06-20,2784.189453125,2807.760866274094,2745.366180356892,2767.729867065567,1502769
2022-06-21,2873.241943359375,2896.321313698456,2795.8188096638946,2799.9338157288753,2964461
2022-06-22,2883.08203125,2907.7716314048353,2847.344899703459,2862.462666195436,3336315
2022-06-23,2959.879150390625,2968.1089446533183,2883.082151369264,2883.082151369264,3692578
2022-06-24,2945.8349609375,2992.2618967303943,2931.879930204445,2986.8946108169766,2132118
2022-06-27,2965.156494140625,3008.2736390828145,2957.821248469196,2996.734063926147,2037686
2022-06-28,2968.242431640625,2978.842905916221,2927.4959714126285,2958.2683152747577,1400046
2022-06-29,2943.5087890625,2981.5270609163695,2926.065111388372,2926.065111388372,2133994
2022-06-30,2922.576171875,2961.7571769517335,2911.7520599621494,2926.959367187758,2719603
2022-07-01,2965.514404296875,2981.5267166470894,2909.1131426506226,2916.2247513559887,1502879
2022-07-04,2893.906005859375,2968.0639081040827,2884.960530635869,2962.741394025175,2622535
2022-07-05,2877.133056640625,2926.959306784252,2868.7689504809973,2911.7519998724756,2170627
2022-07-06,2916.895751953125,2923.8284950575144,2864.564723358704,2879.101120190488,2182144
2022-07-07,2941.13818359375,2969.3609834462977,2920.7424562325778,2926.064970356502,1989921
2022-07-08,2921.100830078125,2956.4802363434105,2907.2801113815685,2952.007497710516,2136916
2022-07-11,2785.442626953125,2884.9162859075004,2778.4651113267278,2868.0539746766594,6974600
2022-07-12,2759.410888671875,2805.480089247644,2755.4301956021764,2786.4261820294582,3734815
2022-07-13,2718.306640625,2782.043159965035,2714.9520869755243,2776.675874125874,3863530
2022-07-14,2689.60546875,2741.85041032722,2661.1286121821595,2740.9535014589414,4764908
2022-07-15,2685.88330078125,2716.6470988263773,2648.5718054355975,2707.364223712299,4574806
2022-07-18,2747.680419921875,2759.7438008534455,2703.5525457596186,2711.3556094087903,3202795
2022-07-19,2757.322509765625,2761.5379382964898,2717.6791755225568,2717.6791755225568,1865074
2022-07-20,2838.536865234375,2844.9496752294567,2778.6682059727723,2787.413066314355,3402251
2022-07-21,2849.748291015625,2855.757536006189,2819.926074284405,2840.5100868503773,2420640
2022-07-22,2844.097900390625,2867.417529974402,2819.4329075616306,2856.6546240126586,2075886
2022-07-25,2840.28662109375,2857.955684881443,2824.456264579796,2838.717030318692,1797504
2022-07-26,2794.677978515625,2842.214143830151,2777.2780357816973,2838.447170750544,2639367
2022-07-27,2860.108154296875,2864.816926220991,2789.3867969525772,2793.871341642212,1389808
2022-07-28,2924.371337890625,2927.5105189004753,2871.5881638933847,2884.4588936225273,2106333
2022-07-29,2961.5029296875,2975.3154558936158,2937.376171773738,2950.829803094839,2430257
2022-08-01,2958.723388671875,2984.016178127626,2933.7892752195567,2984.016178127626,1306913
2022-08-02,2952.44482421875,2971.369471032021,2934.3719781124923,2950.830344369699,1269114
2022-08-03,2995.22705078125,3003.747684703221,2939.2151378990916,2941.8609751646954,2895824
2022-08-04,3009.084228515625,3038.6373306019964,2966.39149968863,3004.64457361168,2150567
2022-08-05,3018.143798828125,3028.8618180261615,3009.1298192116587,3014.690611446814,1106933
2022-08-08,3026.57421875,3030.565419593508,2992.08811505521,3018.0984733695386,1068836
2022-08-10,3008.456298828125,3036.036244028681,2991.190804678183,3036.036244028681,1878359
2022-08-11,3069.670654296875,3075.2314455811347,3027.1123715619956,3049.490204414719,1449248
2022-08-12,3050.88037109375,3066.5313868784974,3032.6730774737994,3066.5313868784974,1472354
2022-08-16,3042.9423828125,3062.809043729428,3038.2785009375384,3059.355857327806,839942
2022-08-17,3050.476806640625,3065.589589525235,3023.56954088203,3036.126264902708,1622326
2022-08-18,3032.6728515625,3042.314621072089,3015.407357324399,3040.520803488909,1430659
2022-08-19,3036.708984375,3068.7734741310087,3023.7038067117237,3037.830120380455,1398410
2022-08-22,3008.725341796875,3035.229039600273,3002.3123127432127,3018.0979945979097,1536532
2022-08-23,2945.987060546875,2997.3797653396714,2932.8921030180345,2977.6926587789303,1849256
2022-08-24,2919.75244140625,2966.9746068558716,2915.13322924158,2952.624064621986,1691923
2022-08-25,2886.43212890625,2940.2017727488737,2883.337837048458,2938.2735062355546,1946930
2022-08-26,2890.02001953125,2921.2324952677013,2885.1767987152125,2900.8727055826316,1457962
2022-08-29,2809.611572265625,2818.7151085660375,2763.375882019418,2802.8398673517304,2539173
2022-08-30,2880.10888671875,2893.876525731647,2818.1775032098362,2829.7475402706787,3431525
2022-09-01,2808.849365234375,2861.139194303962,2799.252484458516,2861.139194303962,3546935
2022-09-02,2807.683349609375,2836.9226654285976,2798.6247016941093,2836.9226654285976,2052900
2022-09-05,2810.373779296875,2823.4238453556204,2791.404246893078,2801.6289190166253,2147912
2022-09-06,2804.678955078125,2817.0563414080293,2786.112985069215,2812.257791314557,1936453
2022-09-07,2824.904296875,2835.936100924758,2782.211346585574,2782.211346585574,1291534
2022-09-08,2842.88671875,2855.308992469009,2834.3214154044554,2843.200724399798,1346113
2022-09-09,2885.9384765625,2900.1545684530834,2841.855497183731,2865.6235800858517,1561185
2022-09-12,2908.63037109375,2932.7124601440546,2892.530901806751,2905.894755438751,1785928
2022-09-13,2896.432373046875,2927.016830182846,2892.5307323772486,2927.016830182846,1972678
2022-09-14,2798.7138671875,2817.548950205799,2792.7944010505757,2811.8088220175355,5090269
2022-09-15,2784.319091796875,2814.2757599671518,2780.4174506886047,2807.32471634043,2138023
2022-09-16,2698.529541015625,2775.349913346331,2690.7264780237324,2758.8915488003336,5322221
2022-09-19,2716.557861328125,2728.3970156291753,2679.784594516555,2723.015561949433,2072220
2022-09-20,2726.8720703125,2762.4344192765325,2717.633865194194,2735.572042522209,1544295
2022-09-21,2691.802490234375,2727.858178103322,2689.066874759079,2715.8396884709605,2253818
2022-09-22,2697.36376953125,2717.5891092550232,2672.1607605323097,2681.757642079149,2017983
2022-09-23,2674.627197265625,2710.9071180452506,2671.8915813587437,2694.3143035923686,2652374
2022-09-26,2685.70361328125,2713.9115701152955,2624.4449176434205,2654.715589532401,2925489
2022-09-27,2706.377685546875,2713.1493914587795,2669.200855861596,2699.1575251901013,2227447
2022-09-28,2722.701171875,2735.527011795521,2672.7882836301883,2672.7882836301883,2739767
2022-09-29,2688.304931640625,2740.818988441174,2681.757453261362,2739.1596194850167,2493902
2022-09-30,2694.807861328125,2708.395944492263,2645.9712122185083,2682.5202523624566,2817353
2022-10-03,2677.228271484375,2709.2927657878695,2667.4071624781054,2686.2422500409975,1763331
2022-10-04,2772.4794921875,2778.6234049291743,2711.355246320495,2717.588718557192,2145875
2022-10-06,2782.166015625,2801.942897089288,2773.645382615285,2790.2830834970473,1790816
2022-10-07,2748.936279296875,2784.902417429581,2742.837473334792,2778.085821508296,1939879
2022-10-10,2797.05517578125,2804.634011871847,2695.2111306923252,2699.6956750029613,3064063
2022-10-11,2753.1064453125,2820.7781703423966,2738.5765665760173,2780.417274423348,4730645
2022-10-12,2781.090087890625,2789.296716194542,2746.3797595487877,2766.8739951763155,1665247
2022-10-13,2783.376953125,2789.3861979242265,2737.679496345662,2781.089792030079,2054781
2022-10-14,2779.655029296875,2825.262932800845,2754.407132263935,2820.778388463066,2245977
2022-10-17,2798.179443359375,2813.1515376703646,2761.940424094576,2763.019456376146,1517005
2022-10-18,2827.808837890625,2837.3857701324823,2813.2863596612765,2832.5748013053026,1793722
2022-10-19,2807.26171875,2840.668030854225,2798.404213997578,2840.668030854225,1194289
2022-10-20,2839.1396484375,2841.567526150219,2792.109863511528,2792.109863511528,1587601
2022-10-21,2821.244384765625,2841.926676749231,2811.8924796841284,2839.5888102481545,1021913
2022-10-24,2843.09521484375,2857.7527065541144,2837.070418243622,2850.6488779498463,260949
2022-10-25,2843.45556640625,2863.373425161377,2833.6088212517743,2860.0013123108297,2069643
2022-10-27,2839.229248046875,2854.156556669097,2818.5021682804067,2842.1967515125716,2438421
2022-10-28,2844.48974609375,2858.2030057564166,2828.078796005641,2832.574946714712,1355739
2022-10-31,2871.376220703125,2876.6368040808793,2857.5731717627386,2876.6368040808793,1919414
2022-11-01,2931.22021484375,2933.8281137695244,2880.638523413628,2890.5750595933964,2991060
2022-11-02,2915.03466796875,2940.4829280427184,2897.3648813083514,2940.4829280427184,1405955
2022-11-03,2883.60595703125,2902.7596009654008,2873.040003965025,2902.7596009654008,1422652
2022-11-04,2893.182373046875,2895.565464153766,2847.096837795059,2892.8227688798474,1464013
2022-11-07,2907.840087890625,2916.023168933433,2873.1299406493004,2903.6137506809055,1474498
2022-11-09,2891.96923828125,2922.318256583237,2879.0201920825657,2922.318256583237,1162267
2022-11-10,2882.61669921875,2900.01688836437,2850.5592360046676,2850.5592360046676,1573092
2022-11-11,2981.802001953125,3004.8673857085314,2927.038976756328,2940.1228186004687,3265394
2022-11-14,2999.3818359375,3011.5214416293475,2975.5522395794296,2989.040690348149,1342074
2022-11-15,2996.774658203125,3003.3838684628918,2960.2658241961917,2986.3435000472514,1400708
2022-11-16,3017.23193359375,3028.517096203142,2986.747900169754,3002.4394221817815,1748235
2022-11-17,3011.52197265625,3021.413504964168,2983.4210285996637,3003.428900767953,1417986
2022-11-18,3006.53076171875,3023.8859461395887,2986.3430903663884,3012.4207626399884,1164540
2022-11-21,2952.622314453125,2997.763625863064,2943.180397504211,2987.692291691947,1304194
2022-11-22,2980.902587890625,2984.4995080635367,2927.218598217636,2949.4745417875265,1149739
2022-11-23,2974.923095703125,2994.436345699814,2959.366370479906,2994.436345699814,1150011
2022-11-24,3039.53271484375,3051.042904713645,2974.9231600526905,2982.0719958636614,1296591
2022-11-25,3048.0751953125,3060.394823210972,3010.6223497742653,3042.0954030126463,1588981
2022-11-28,3053.11083984375,3072.669093511846,3026.403751156413,3026.808360772863,2195437
2022-11-29,3054.999267578125,3083.4598105600744,3042.0952286744628,3042.0952286744628,1576028
2022-11-30,3049.109375,3070.7806880330454,3034.9014959409137,3042.095336523885,3410702
2022-12-01,3125.4091796875,3129.3209186512586,3075.3671097089955,3079.863260454184,2180856
2022-12-02,3092.586669921875,3119.3387615848396,3069.071893973049,3109.6272535195585,2411749
2022-12-05,3080.672119140625,3092.586917220595,3063.6767591287817,3087.0567402668353,1475065
2022-12-06,3044.209228515625,3064.531700534988,3028.607495791624,3057.427869343093,1166999
2022-12-07,3039.936767578125,3051.7165478543084,3016.0171637946237,3028.876195609986,1167505
2022-12-08,3012.91552734375,3039.9374364011487,3002.9339851801747,3021.413208083765,1285619
2022-12-09,2960.939697265625,3034.092148416434,2946.192412509452,3034.092148416434,1797896
2022-12-12,2955.275146484375,2963.862839091532,2909.999036111601,2927.4440147641026,1527610
2022-12-13,2996.32421875,3000.2357373283435,2938.503688776715,2946.9563625323067,1378016
2022-12-14,3026.223876953125,3036.699819013769,3004.237527032983,3011.3415760111543,1213311
2022-12-15,2972.045166015625,3025.684147794048,2966.5147697828043,3020.333773192401,1415694
2022-12-16,2913.73046875,2960.2656286166193,2900.197011199909,2944.978716196667,2703680
2022-12-19,2879.3798828125,2918.4513880687246,2872.590651420595,2901.815630657148,2120965
2022-12-20,2917.05712890625,2921.598284336248,2844.84891564421,2876.5467732997513,1529971
2022-12-21,2939.17822265625,2952.2170574887764,2913.5051625782858,2921.5982324743363,1432566
2022-12-22,2931.22021484375,2962.06385014797,2918.0915875468195,2962.06385014797,1384101
2022-12-23,2903.030029296875,2937.6503934912885,2892.823678270861,2892.823678270861,1360281
2022-12-26,2925.105712890625,2942.281096839824,2900.0622845444204,2903.029787993577,870157
2022-12-27,2931.040283203125,2943.8993165416755,2905.861842359533,2939.762770587653,835883
2022-12-28,2928.88232421875,2936.975394780793,2900.916181461144,2922.317900855153,910795
2022-12-29,2939.35791015625,2941.8307925280833,2902.7142895554493,2905.5019902263957,1037927
2022-12-30,2928.5224609375,2966.5599359733387,2919.080545409243,2954.914950729539,1163131
2023-01-02,2932.794189453125,2937.650164086702,2909.189397527533,2932.3895797849805,709547
2023-01-03,2977.665771484375,2985.4440242743467,2918.271577635895,2924.2963755843903,1245178
2023-01-04,2980.632568359375,2992.052964747602,2955.049519310616,2973.4837339189708,1231668
2023-01-05,2977.44091796875,3001.00070304536,2951.228228425236,2994.6160814211885,1826057
2023-01-06,2887.922119140625,2968.852818264401,2877.5359688453595,2967.458967871777,2488376
2023-01-09,2985.399169921875,2991.7387865513256,2896.5551848926393,2903.614229568449,2885060
2023-01-10,2955.22900390625,2965.660158379401,2904.602537051714,2953.970169883666,3864655
2023-01-11,2993.26708984375,3011.9711192058594,2941.5163554119845,2958.556940867891,2720512
2023-01-12,2998.347900390625,3012.4207633052556,2981.442331005253,2993.5369316546853,2250391
2023-01-13,3034.4970703125,3038.498600471692,2971.9555710443747,3006.036305057248,1742837
2023-01-16,3066.2255859375,3083.6532862672816,3033.1174683396407,3050.5451686694223,1843607
2023-01-17,3107.0126953125,3110.139707684702,3054.2237329495765,3062.5007620361607,1688475
2023-01-18,3117.680908203125,3135.108607607236,3101.356767754569,3108.484209358868,2421189
2023-01-19,3102.138671875,3114.9219938480996,3091.0105761214827,3108.4843044601644,1585044
2023-01-20,3092.942138671875,3121.9575463467286,3086.0446139576375,3094.689421787962,1529349
2023-01-23,3140.580322265625,3144.3510582716053,3086.0440825392607,3115.8412943621524,1067916
2023-01-24,3160.26171875,3174.654462857429,3142.787990669495,3149.8694039858374,1387863
2023-01-25,3154.238037109375,3159.066304386822,3131.4762056585528,3150.145550703775,874110
2023-01-27,3137.04052734375,3169.1829502590995,3110.6000137569977,3150.789549503098,1785879
2023-01-30,3157.824951171875,3180.632813128412,3113.5889568511743,3145.2715449050534,1953798
2023-01-31,3088.895751953125,3171.9420023718426,3081.8143374740634,3171.9420023718426,2820375
2023-02-01,3134.557373046875,3144.3517688563857,3085.492888129036,3092.8502482199547,2205161
2023-02-02,3182.425537109375,3190.334787824689,3145.3630208692275,3151.7086531782097,1813847
2023-02-03,3202.56689453125,3222.523688679238,3175.528461741142,3222.523688679238,1804469
2023-02-06,3182.01171875,3194.151316116606,3160.767479490634,3194.151316116606,1138714
2023-02-07,3193.599365234375,3212.4065674815,3183.3449123873133,3190.2424357930136,1455647
2023-02-08,3237.329833984375,3255.5391168580595,3198.6576730187176,3198.6576730187176,1986946
2023-02-09,3256.4130859375,3262.620857439781,3223.718777786401,3232.639530446887,1655427
2023-02-10,3253.378173828125,3257.792634083155,3226.339745096551,3237.2379228015834,1187821
2023-02-13,3202.658203125,3263.9083050860527,3194.3811744561426,3263.9083050860527,1087939
2023-02-14,3218.93701171875,3241.6988438998887,3214.2466049729323,3223.4433048440997,1579818
2023-02-15,3237.835693359375,3242.7560170595057,3182.1956652731296,3206.888891516306,1429449
2023-02-16,3272.2314453125,3287.8198047959163,3243.6756507734817,3243.8595398428197,1618931
2023-02-17,3219.90234375,3254.6198842343974,3209.648113656855,3242.894092415164,1061369
2023-02-20,3207.164794921875,3239.0772946281572,3195.89883897094,3220.6838971572424,1296082
2023-02-21,3173.78076171875,3227.029558057199,3168.0328249581758,3213.326566631502,1139541
2023-02-22,3128.30322265625,3170.1021750983955,3122.2793398488698,3140.6267096205747,1218430
2023-02-23,3139.5693359375,3175.068461467988,3134.2352052950296,3146.190914704899,1441570
2023-02-24,3127.29150390625,3158.1004459242777,3110.5995848333705,3147.5702703492466,977592
2023-02-27,3064.202392578125,3117.681110007593,3049.6255341549195,3117.681110007593,1128022
2023-02-28,3046.728759765625,3119.52054831469,3034.8188539926205,3061.121505031087,4116217
2023-03-01,3113.726318359375,3116.761273918401,3048.7057016935673,3056.063060853009,1669307
2023-03-02,3054.63720703125,3099.195163858581,3051.464391132479,3091.010192464214,1556538
2023-03-03,3073.675048828125,3088.25190836795,3063.5128747920126,3084.573228310335,1043190
2023-03-06,3100.989013671875,3131.429952365279,3089.1711657538017,3091.838118627816,1334132
2023-03-08,3118.048828125,3123.199069523481,3063.2826636402224,3093.769631883684,1844590
2023-03-09,3068.80078125,3113.0827998019863,3063.28276151623,3113.0827998019863,1648500
2023-03-10,3063.421142578125,3069.1690807771984,3025.714667992204,3046.7750237420746,1024404
2023-03-13,3018.31103515625,3099.1041377752385,3009.1603631874063,3065.2602354839933,1901233
2023-03-14,2956.6923828125,3038.956801633835,2951.5881705094835,3016.5169482934,2670334
2023-03-15,2941.931884765625,2998.4457784271503,2935.5862524149616,2988.927105372376,1780522
2023-03-16,2929.14892578125,2961.1534864223922,2917.1932158801023,2950.301335606358,1901060
2023-03-17,2923.906982421875,2962.6249561150617,2891.4425853334556,2897.420440551225,6739966
2023-03-20,2890.798828125,2915.031998513119,2846.424749516427,2915.031998513119,2289468
2023-03-21,2856.5869140625,2903.168107097095,2848.631634298453,2890.798591207588,1815297
2023-03-22,2879.302490234375,2890.9822527438723,2856.5866892222766,2878.6127378279625,1123939
2023-03-23,2873.646728515625,2893.603746811064,2851.896623184191,2864.6799461628207,1372218
2023-03-24,2869.830078125,2915.3537406365167,2856.4948638539495,2895.9486148857454,1329577
2023-03-27,2871.485595703125,2899.48950141767,2856.4949302682685,2883.165359430464,1524217
2023-03-28,2865.599609375,2896.546639011127,2860.3115069743058,2875.808035994818,1303530
2023-03-29,2886.751708984375,2896.9601345079627,2854.7473766452163,2877.6470669445766,1740616
2023-03-31,2948.369873046875,2954.8996196587623,2898.799751373924,2933.701181901108,2382581
2023-04-03,2942.944091796875,2965.8898141068407,2918.8027535438537,2965.8898141068407,1521830
2023-04-05,2979.54638671875,3002.1243261524096,2929.608269598524,2929.608269598524,2655065
2023-04-06,2961.980712890625,2995.686748428594,2956.738639524129,2965.935338247377,1703464
2023-04-10,3001.250244140625,3009.1594939913457,2956.738316987218,2961.3366658472287,2203187
2023-04-11,2955.635498046875,3010.033888866784,2935.7245077814828,3001.8028872526584,2348779
2023-04-12,2981.24853515625,2998.9982132617392,2942.0246946067414,2968.6490995005565,2417727
2023-04-13,2932.689453125,2970.5337797333086,2924.550284690997,2952.140381716384,4174070
2023-04-17,2887.303466796875,2909.283486192707,2823.6163302860664,2882.3373394653017,5505048
2023-04-18,2879.256591796875,2903.260066434997,2860.725332786317,2901.51255887594,2617302
2023-04-19,2841.412353515625,2887.7636289587313,2824.7662376900453,2879.256681962595,3298034
2023-04-20,2855.3916015625,2862.9328510282207,2830.7443994426158,2841.7804399862516,2419999
2023-04-21,2906.938720703125,2910.2493976571473,2851.7124977803655,2860.173416034582,1929184
2023-04-24,2919.768310546875,2925.4241911378012,2875.0262311012816,2897.9721768285667,1640676
2023-04-25,2920.871826171875,2934.8507648170635,2894.6612320138465,2927.309515965075,2024090
2023-04-26,2941.241943359375,2950.668559009048,2925.469695766794,2925.469695766794,2000029
2023-04-27,2931.861572265625,2942.207858497585,2915.9512383098318,2929.1485910038896,2434446
2023-04-28,2960.6474609375,2968.004820473883,2939.4950522704,2943.311592718381,2931312
2023-05-02,2960.784912109375,2975.1318510325054,2952.1401056613113,2975.1318510325054,2321159
2023-05-03,2924.458251953125,2957.658425458373,2918.2504800713327,2957.658425458373,2468285
2023-05-04,2961.980712890625,2965.429474911843,2922.710854248113,2924.6880546621,1953253
2023-05-05,2971.177490234375,2983.4091447657124,2952.186396679855,2961.3370672458673,1710027
2023-05-08,2989.47900390625,2993.387600899083,2971.7293303036295,2984.3287627630057,928235
2023-05-09,3019.50634765625,3033.071479348302,2985.248642196661,2991.3185536466567,1107375
2023-05-10,3022.77099609375,3040.888447761684,3003.687846149381,3025.713894793873,1559987
2023-05-11,3018.494384765625,3043.8313346801706,3009.1598253633715,3043.1876106746317,1719623
2023-05-12,3011.275146484375,3025.7139187593248,2998.1238222356833,3015.7354107050955,1027479
2023-05-15,2993.571044921875,3027.552797054757,2987.4093025432176,3020.1954391032264,1150390
2023-05-16,2996.42236328125,3021.115589647415,2989.3409500316684,2994.6290519009144,986306
2023-05-17,2950.944580078125,3016.5170847842187,2941.334075125344,2994.39898015619,1588815
2023-05-18,2942.805908203125,2969.56816838411,2938.3454192418985,2966.809158600784,1369364
2023-05-19,2963.95751953125,2974.671581497295,2945.7480149520934,2952.1396743256505,1152449
2023-05-22,3033.714599609375,3042.6813797906652,2958.6236533385822,2970.53333185311,1333243
2023-05-23,3032.19775390625,3060.6154646158416,3025.8060928695586,3040.4287547824956,1687418
2023-05-24,3037.99169921875,3050.7289928061655,3012.838637267653,3012.838637267653,1016555
2023-05-25,3028.93310546875,3040.428980318715,3004.6539075971464,3029.392940462749,1374917
2023-05-26,3061.4892578125,3070.4560399745756,3026.6338559375918,3028.9330308509448,1791115
2023-05-29,3053.6259765625,3101.126836063768,3045.946643251246,3090.8265783111865,1210372
2023-05-30,3049.80908203125,3059.69553282269,3036.152119608709,3048.705523127727,1344224
2023-05-31,3025.254150390625,3060.3854958314014,3002.8600984079567,3043.1877135256354,5815424
2023-06-01,3056.983154296875,3071.6978746545014,3032.611898704556,3047.7864540733585,1177314
2023-06-02,3040.060791015625,3067.926608260491,3032.565346909803,3059.0518838880043,2030661
2023-06-05,3024.70263671875,3059.742154266237,3021.1620418616694,3048.706114034438,1861468
2023-06-06,2972.64892578125,3024.6563011369967,2961.8888333525238,3016.5171330853027,2022849
2023-06-07,3011.826904296875,3015.45978007146,2980.6501840988403,2991.6862230402735,1567196
2023-06-08,2976.465576171875,3007.320545945049,2973.2927599511754,2999.0435169195125,1759366
2023-06-09,2951.496337890625,2988.926853893633,2947.8636870816445,2984.328504887643,1775689
2023-06-12,2986.076416015625,2992.9739409759577,2953.060353017023,2956.739032995867,2324605
2023-06-13,2983.13330078125,3002.7223151549406,2978.81089702507,2998.123965514581,1371928
2023-06-14,2989.892578125,2994.3070381149414,2966.7169438387605,2983.132915215831,1658544
2023-06-15,2979.9326171875,3008.7932982828993,2974.0955619663478,3006.801393292492,2273810
2023-06-16,2941.575439453125,2964.2749262033685,2924.0644972966825,2962.0513934909673,4156189
2023-06-19,2974.466064453125,2978.6353572818057,2941.6677180136153,2955.565360775884,1468186
2023-06-20,2990.4951171875,2994.942408695361,2965.803725782431,2977.8019803702673,1528452
2023-06-21,3018.753662109375,3021.718447715978,2987.020706957234,3011.1563283053792,1645987
2023-06-22,3000.501220703125,3027.508883993475,2992.7186308509686,3020.4211763137832,1529603
2023-06-23,2979.979736328125,3010.600702724202,2973.3086851435883,2999.390070425381,1119505
2023-06-26,2955.240966796875,2977.7088224045283,2939.81467394158,2969.4629782485863,1978803
2023-06-27,2962.375732421875,2973.7716202061024,2948.431716890738,2966.6839118331172,863542
2023-06-28,2979.1455078125,2993.5064078645332,2958.715924111652,2972.243055930447,1575872
2023-06-30,3059.56640625,3066.746855836929,2977.8946733632847,2983.3609896661364,2672406
2023-07-03,3031.8173828125,3074.900078835827,3028.5282285215303,3070.7307856722796,1687264
2023-07-04,3065.68115234375,3071.379095480353,3036.4497313989273,3048.2163572037293,1656681
2023-07-05,3075.9658203125,3084.350778301896,3062.114545595604,3076.0121910370362,1453008
2023-07-06,3078.69873046875,3083.8409041072446,3059.334769860957,3063.550433878052,1848238
2023-07-07,3084.582275390625,3110.2001769257495,3059.3348872388206,3059.3348872388206,1789326
2023-07-10,3031.492919921875,3080.412670096129,3025.238980370586,3080.412670096129,1407431
2023-07-11,3031.909912109375,3052.849119462837,3021.162536512691,3052.849119462837,1110172
2023-07-12,3020.32861328125,3047.429019608131,3011.2489999836316,3039.8316859801516,1515240
2023-07-13,3095.051513671875,3119.974530016401,3032.234121121169,3042.657353528965,4585146
2023-07-14,3256.3564453125,3265.807022943904,3105.6597692443306,3117.7043924544073,6306101
2023-07-17,3235.09375,3289.0165672292546,3221.520473895772,3252.0489220985337,2743228
2023-07-18,3239.865234375,3265.0198799170403,3210.3558126880093,3220.5474184425743,2600090
2023-07-19,3215.034912109375,3258.3956097228456,3192.42794053721,3242.7838313695074,2405370
2023-07-20,3217.124755859375,3231.6157541053626,3191.8117167460496,3207.649828777992,1715404
2023-07-21,3128.87744140625,3190.743301408389,3120.2849419514946,3162.086290650304,3770223
2023-07-24,3153.447509765625,3170.8182482458337,3132.4075869016933,3140.6748745909354,1680132
2023-07-25,3157.534912109375,3164.6412784954264,3139.9319425060908,3156.0022864819,1272980
2023-07-26,3147.455810546875,3177.692164718962,3144.390332959445,3158.649328138262,1066803
2023-07-27,3155.4443359375,3169.1458889102455,3144.4367836891192,3153.632989545926,1701769
2023-07-28,3116.89453125,3152.4721721313763,3094.2289997510134,3144.3906226830322,2599831
2023-07-31,3178.249755859375,3183.0800891327967,3122.0036670222876,3125.254883408398,2743678
2023-08-01,3206.674560546875,3214.0594205054076,3172.258069660684,3172.258069660684,1956167
2023-08-02,3196.08447265625,3201.4257559135945,3170.957399805504,3190.789680697638,1914899
2023-08-03,3158.277587890625,3189.21063084712,3128.59867609207,3176.9024561267456,2026351
2023-08-04,3198.77880859375,3224.277587720079,3159.485492720518,3159.485492720518,2248493
2023-08-07,3236.400146484375,3240.069331017348,3196.642369656952,3208.439595086255,1853889
2023-08-08,3223.906005859375,3241.8804503952497,3210.901141336807,3236.399919632617,1634225
2023-08-09,3216.3818359375,3220.5619711755417,3181.593866924947,3218.6111506830484,1794589
2023-08-10,3197.431640625,3218.61080881872,3186.2381232080143,3204.770008770933,1096701
2023-08-11,3203.655517578125,3220.236583715237,3171.329094804473,3193.7161307988767,1679974
2023-08-14,3204.63134765625,3209.415189858368,3168.5427532870895,3196.131602615329,1190425
2023-08-16,3212.57275390625,3219.632627647557,3191.0218826561636,3204.7699265389706,1328445
2023-08-17,3191.532958984375,3214.802421680767,3170.5857934276064,3209.414646959475,1843241
2023-08-18,3127.76318359375,3167.613717061391,3117.916551705736,3167.613717061391,2526749
2023-08-21,3159.85693359375,3167.3812675130794,3132.314578504026,3135.1013352464674,1375579
2023-08-22,3141.742919921875,3168.54232050071,3125.858543041599,3158.3242127535664,1222012
2023-08-23,3156.69873046875,3160.1821764304236,3136.0302844294856,3147.1773115068418,1330046
2023-08-24,3146.94482421875,3170.446516407415,3137.9808480590923,3165.75543087226,1152881
2023-08-25,3140.95361328125,3145.133748452828,3112.1106352399906,3135.101378683671,1158046
2023-08-28,3135.61181640625,3152.7503224481716,3121.260066689415,3152.7503224481716,1037485
2023-08-29,3136.169189453125,3148.616837737131,3125.8118353049563,3140.721027751962,944517
2023-08-30,3149.91748046875,3165.8485755841652,3142.579111915721,3156.4664040334264,1188200
2023-08-31,3118.195068359375,3174.487418701091,3105.979648519252,3159.2532391652235,3417652
2023-09-01,3139.00244140625,3148.105891229252,3118.194750485235,3126.740758299694,1277950
2023-09-04,3175.509521484375,3188.839599513233,3130.5034424257988,3137.8883029323442,1828332
2023-09-05,3185.588134765625,3201.9834627096716,3163.1081158549873,3176.902652296802,1501842
2023-09-06,3186.098876953125,3199.103741686018,3156.5594370607423,3189.907535196781,1314818
2023-09-07,3209.647216796875,3214.059581829734,3179.0393826105205,3186.9351937219517,1885092
2023-09-08,3197.24609375,3218.704212548399,3190.88313491419,3209.6472526429598,1518917
2023-09-11,3233.2412109375,3237.932296351562,3200.1253456084146,3215.9169656012573,1783604
2023-09-12,3326.272705078125,3334.725730646849,3235.424395053453,3243.7846648081127,4476016
2023-09-13,3314.2431640625,3333.7504596439576,3293.0172779174695,3317.26215028344,1754929
2023-09-14,3306.99755859375,3341.9712621721756,3293.5747267257207,3316.286746985026,2604721
2023-09-15,3342.529052734375,3350.9358144624653,3309.227218164352,3314.2435164908143,2952897
2023-09-18,3349.82080078125,3362.036220389306,3321.11729748375,3325.5761535614656,1395753
2023-09-20,3349.727783203125,3367.330749626567,3325.529402389823,3325.529402389823,1649396
2023-09-21,3330.452880859375,3348.7525373008507,3277.225784076949,3333.4718671967476,2004073
2023-09-22,3347.498291015625,3375.4588388474685,3311.6421598212573,3329.2451265027385,1989083
2023-09-25,3322.88232421875,3362.686591856432,3305.697323680257,3346.430510265966,1238778
2023-09-26,3330.824462890625,3339.4169627375986,3284.6572387999286,3314.0111668297322,1726062
2023-09-27,3334.1689453125,3357.1131987958183,3302.9571768225646,3334.819143242111,1541134
2023-09-28,3285.35400390625,3346.709144183534,3276.6222567368527,3344.1081258394006,1755753
2023-09-29,3277.782958984375,3314.8002369860105,3256.3713353484836,3285.7715245693503,2243791
2023-10-03,3264.081787109375,3282.9851507659523,3232.7307740458355,3282.9851507659523,1948148
2023-10-04,3286.283447265625,3295.8048677544875,3230.1303347155163,3238.4906063642734,1788138
2023-10-05,3334.21533203125,3366.4022830125305,3298.776937930184,3301.3779563539,2990768
2023-10-06,3363.98681640625,3376.573712868575,3320.931561429297,3335.747772538649,2075691
2023-10-09,3379.73193359375,3417.492393516818,3372.9042894426652,3385.955644430069,4233074
2023-10-10,3370.953857421875,3388.696299926251,3345.3623220029544,3381.3114396957885,1848148
2023-10-11,3353.30419921875,3390.553937299432,3348.7525873875215,3390.553937299432,2426417
2023-10-12,3290.741943359375,3333.5649718150416,3286.608299299206,3320.8853185860926,4241281
2023-10-13,3317.030517578125,3322.7432787404414,3274.4394905116174,3279.0840855336196,2890357
2023-10-16,3273.556396484375,3320.559552467454,3268.9582937059067,3312.5244954296677,1671104
2023-10-17,3257.765380859375,3282.9389493515223,3254.3284259625857,3279.0840262676807,1672065
2023-10-18,3239.372314453125,3272.302442885238,3236.353328139562,3261.434137513778,1408245
2023-10-19,3218.32421875,3238.0684358855883,3214.8317596869083,3231.223125172474,1514545
2023-10-20,3254.552978515625,3259.1629792610242,3207.5211938456205,3213.434955097758,1481211
2023-10-23,3175.949462890625,3240.0244989975004,3167.707394851243,3234.4831753695994,1106272
2023-10-25,3157.276611328125,3189.7796767932823,3145.262414223449,3157.6490493920073,1518537
2023-10-26,3107.59033203125,3142.002652711776,3101.3039051963924,3136.740771569839,1984471
2023-10-27,3120.814697265625,3131.1058550837997,3107.8227954832364,3119.9299864755294,1108851
2023-10-30,3146.519287109375,3150.5240188367916,3104.7959988159155,3119.9299875615498,910972
2023-10-31,3137.392333984375,3165.5648365752554,3119.9766505847397,3165.5648365752554,999811
2023-11-01,3101.908935546875,3140.04677064712,3083.6085408942245,3124.586727484181,1563475
2023-11-02,3129.336669921875,3144.0979943996585,3113.5971840186144,3113.5971840186144,1245384
2023-11-03,3120.768798828125,3155.227734911497,3114.6222061131375,3149.7330225395667,1402598
2023-11-06,3148.102783203125,3159.3252644555632,3128.3121806905697,3143.213340229435,1099852
2023-11-07,3138.975830078125,3170.3613524077323,3134.8314904867043,3146.0073603280116,1191144
2023-11-08,3149.313720703125,3168.312609208247,3138.137850435721,3139.907272278595,992899
2023-11-09,3117.555419921875,3158.5802210317074,3112.526369431392,3157.276460496739,2112352
2023-11-10,3104.516845703125,3117.5553602980613,3094.179302698473,3108.754408421209,1338557
2023-11-13,3102.74755859375,3125.518348524688,3098.509995691787,3125.518348524688,1030990
2023-11-15,3170.5009765625,3178.603436184404,3125.564669561065,3150.7569866293434,2059802
2023-11-16,3257.626220703125,3286.962876959751,3179.7209637752344,3194.4825150950874,3951984
2023-11-17,3261.910400390625,3282.446106711715,3252.6903987151904,3257.6264533729463,2021292
2023-11-20,3277.8828125,3291.200542556456,3251.4797282683567,3251.4797282683567,1475621
2023-11-21,3269.1279296875,3295.9966725893887,3260.5598088550396,3277.8824969038105,1807236
2023-11-22,3287.707763671875,3290.0360697315477,3242.026580680009,3259.6284835416786,1798051
2023-11-23,3267.311767578125,3300.606542947873,3259.628357877414,3287.5680295163634,2729804
2023-11-24,3219.675048828125,3263.8662551978136,3215.8565356961108,3254.273588142524,1989733
2023-11-28,3231.828369140625,3242.166138837972,3197.229832568979,3219.6747935926865,1689195
2023-11-29,3272.434326171875,3276.3924466659996,3237.090683940245,3241.9335153053853,1441634
2023-11-30,3248.080078125,3275.134811820615,3241.9332593640556,3259.116112089636,3266235
2023-12-01,3270.47802734375,3275.4140812552355,3250.3616010822516,3259.628212955788,1172141
2023-12-04,3271.2236328125,3304.1459737662194,3257.766068313779,3301.212171500063,1625213
2023-12-05,3289.05859375,3295.0189667313125,3262.2364605867833,3295.0189667313125,1377656
2023-12-06,3356.579833984375,3364.7289066381736,3283.0517336834437,3289.9902688704783,1896572
2023-12-07,3366.63720703125,3381.2125388172353,3345.030573119782,3357.417206346076,1967653
2023-12-08,3377.62744140625,3394.670689519725,3354.6704315335883,3383.494818936944,1641155
2023-12-11,3392.714599609375,3402.12104768493,3366.7307931511145,3374.0881498547355,1102503
2023-12-12,3419.909423828125,3444.4030235404603,3381.6319783454765,3389.0359467038065,2236866
2023-12-13,3346.753662109375,3399.326766210702,3318.301717262666,3393.319782194453,3850968
2023-12-14,3415.392333984375,3425.404050554102,3378.465488934795,3380.7005719171807,3290396
2023-12-15,3595.8359375,3628.3856112730377,3414.879942101353,3414.879942101353,8531230
2023-12-18,3594.159423828125,3659.165773966342,3567.1044621574897,3593.1351055942864,2521612
2023-12-19,3554.11279296875,3590.341373765734,3529.7121895342984,3580.934925794031,2004435
2023-12-20,3520.4453125,3631.0398484080574,3507.872459996768,3564.403684666202,2586083
2023-12-21,3527.383544921875,3545.264889298634,3486.265752436792,3498.279720293807,1517562
2023-12-22,3561.37744140625,3581.8199259626003,3503.635443140772,3539.025700142194,2413058
2023-12-26,3534.881103515625,3570.6904075901484,3529.8518256722914,3557.51228537649,1285231
2023-12-27,3549.456298828125,3555.9755563874555,3509.2232119367036,3538.094209699452,1293976
2023-12-28,3538.93212890625,3574.4156056228353,3531.6679956087487,3561.377091167723,1682889
2023-12-29,3532.878662109375,3560.0734608663474,3506.8016322454937,3531.5749015656434,1574996
2024-01-01,3549.363037109375,3568.8275851289145,3513.8795612451445,3529.71204270318,825907
2024-01-02,3523.37890625,3549.3629379884974,3508.5243592421702,3549.3629379884974,1344068
2024-01-03,3438.20947265625,3512.8084878989966,3433.8323028478494,3508.2914833063164,1803075
2024-01-04,3414.97314453125,3463.58813008378,3400.258204607658,3447.5228181063812,3598144
2024-01-05,3481.190185546875,3490.3638028676905,3422.4704854443794,3422.6100928660567,1963127
2024-01-08,3425.68359375,3482.9133158422196,3420.1886545813795,3481.1902782695042,1067805
2024-01-09,3436.48681640625,3494.648088677372,3429.8279514524115,3455.1598780853456,1370944
2024-01-10,3458.047119140625,3473.1344984496654,3434.717444602096,3436.5800896371293,1292227
2024-01-11,3479.001708984375,3513.879690118427,3452.412406909358,3468.244888948058,1777909
2024-01-12,3616.138916015625,3637.0470599000287,3559.142026578151,3583.7288487280734,6813450
2024-01-15,3635.697021484375,3692.693916153037,3618.188112044023,3688.037303396224,2801505
2024-01-16,3596.115478515625,3631.2262899610105,3590.760374343459,3631.2262899610105,1432672
2024-01-17,3617.815185546875,3641.4240726123803,3550.7133593055964,3556.7203434761736,3458696
2024-01-18,3634.5791015625,3640.3532553051646,3596.7673189636566,3630.2949273227173,2239110
2024-01-19,3697.83447265625,3717.059591726697,3671.575773438078,3699.6631577031208,2941975
2024-01-23,3618.30810546875,3689.253392795468,3603.772039730458,3657.4617018928593,2618854
2024-01-24,3602.881103515625,3642.12834296067,3568.932402810829,3638.70542557381,2657709
2024-01-25,3573.34033203125,3620.887291071968,3543.7054208683003,3601.0993927441014,2205154
2024-01-29,3564.618896484375,3582.437301912737,3545.7221002052784,3564.431380113515,1646747
2024-01-30,3564.196533203125,3608.5080891700763,3551.4891523141855,3570.6673355072853,1411621
2024-01-31,3578.638916015625,3595.566445988201,3560.3516062355598,3574.184314915353,2459358
2024-02-01,3614.463134765625,3662.057029330496,3568.4167652804376,3582.436989907515,2363107
2024-02-02,3719.638427734375,3736.612663128637,3631.2028376276817,3634.063205902369,2826510
2024-02-05,3726.203369140625,3771.8747052852855,3715.6999348975555,3735.300087307631,1691523
2024-02-06,3878.784912109375,3891.8203887754125,3741.8645549604466,3748.429229618272,4474396
2024-02-07,3829.4560546875,3896.603391231385,3820.593789517031,3894.7277698637645,2124267
2024-02-08,3877.00341796875,3899.417002760364,3831.9415667460817,3835.6458733260915,2345173
2024-02-09,3876.628173828125,3924.503225662895,3845.0237708866407,3879.300567921934,2100596
2024-02-12,3864.436767578125,3900.917512535836,3850.2285690197773,3873.1582239962727,1013716
2024-02-13,3891.445556640625,3910.6706762721788,3827.67442810669,3868.891392141469,1257415
2024-02-14,3845.117431640625,3858.9968457118357,3797.6641224758114,3851.5882333641575,1391283
2024-02-15,3848.02490234375,3888.444175657724,3829.0809437517446,3871.282423660838,1091582
2024-02-16,3871.56396484375,3889.992312550588,3845.1179762463685,3857.450096117476,1307556
2024-02-19,3848.58740234375,3871.5637647018066,3802.8224229354896,3866.640258482223,772291
2024-02-20,3779.986572265625,3843.1482139238024,3760.6208730684352,3828.2371155114192,1193648
2024-02-21,3743.271240234375,3810.653027573639,3733.0491956484493,3763.434169375059,1885939
2024-02-22,3832.926025390625,3840.2877016688244,3724.0461165985157,3724.0461165985157,2982052
2024-02-23,3800.102783203125,3873.1581442686033,3794.7570791114713,3873.1581442686033,2538072
2024-02-26,3752.227783203125,3798.1335740660365,3735.0658005213595,3785.004223439635,1379284
2024-02-27,3849.150146484375,3867.5313277921664,3750.3049902620937,3750.3049902620937,2960475
2024-02-28,3862.79541015625,3896.5094287124366,3834.7077976577866,3840.897439611253,1939225
2024-02-29,3840.4287109375,3880.7545712662445,3811.778548098447,3844.08608110517,3772719
2024-03-01,3839.725341796875,3882.5363087877504,3832.6448252006635,3851.776300908435,2043265
2024-03-04,3826.923828125,3861.8103380983325,3822.4222912670302,3849.71267244036,1749271
2024-03-05,3762.590576171875,3811.2628621841086,3732.4867597177044,3809.387240696813,2070859
2024-03-06,3811.544189453125,3818.7652862706927,3712.276832263034,3745.662985779128,1744204
2024-03-07,3853.089599609375,3867.531794552989,3786.598675563113,3812.2009565610815,2688905
2024-03-11,3865.984130859375,3894.7279379757806,3834.70805162123,3834.70805162123,2304068
2024-03-12,3931.536865234375,3966.8925114142617,3864.764560938834,3865.983989585085,4039801
2024-03-13,3890.9765625,3977.255146194866,3874.9399080779876,3943.493961270788,2837260
2024-03-14,3945.93212890625,3962.2499424114544,3831.8942638327107,3895.1497744818453,2919608
2024-03-15,3956.85791015625,3975.3796720157243,3917.2354069378816,3931.8653458631275,3373143
2024-03-18,3894.258544921875,3990.1496794717273,3861.7634989777794,3953.1061605013683,1526904
2024-03-19,3729.954833984375,3805.636117588947,3719.920304502826,3799.305894869941,8931209
2024-03-20,3723.952392578125,3768.123367840969,3713.9178639455963,3738.113425638154,1817913
2024-03-21,3725.875,3759.120343748554,3702.476668668117,3741.9116546616547,3829582
2024-03-22,3667.683837890625,3693.098599879169,3615.260310445454,3654.6483605203457,5852485
2024-03-26,3636.36083984375,3701.257291825828,3630.68703955033,3634.016313190079,3440925
2024-03-27,3602.037353515625,3652.7730085811854,3591.2525294851544,3646.677238477006,1968575
2024-03-28,3635.2353515625,3671.5285767596242,3601.6616855799075,3610.6647591136507,4311783
2024-04-01,3673.169921875,3688.6907341711717,3646.254801582969,3655.304582916496,1569676
2024-04-02,3642.26904296875,3666.6990561572848,3632.140642171932,3648.083423198765,2142666
2024-04-03,3701.8203125,3733.424488071944,3611.509094088183,3611.509094088183,3973090
2024-04-04,3754.33740234375,3778.1107648289094,3690.519342135764,3728.6412532863997,3394637
2024-04-05,3731.783447265625,3753.118641944344,3714.19949560734,3730.6111838217394,1636819
2024-04-08,3725.5,3781.8622865716975,3713.7304297404708,3735.3000761758317,2302538
2024-04-09,3701.116943359375,3766.1072720566044,3680.954012876369,3736.2379090370728,1876992
2024-04-10,3736.84716796875,3742.0520629416483,3674.342178842318,3710.3540167302876,2101965
2024-04-12,3752.5556640625,3763.76268515537,3700.1321372268762,3724.0463102085732,4354821
2024-04-15,3696.099365234375,3811.450077595125,3675.326950485817,3752.555521752734,4200329
2024-04-16,3631.953369140625,3684.37689632826,3622.622198353119,3659.33739612377,3051420
2024-04-18,3621.824951171875,3691.2229435040135,3610.571222685582,3635.704595429841,3476284
2024-04-19,3588.25146484375,3612.962869820078,3564.5248069516724,3599.3176775438415,2957749
2024-04-22,3624.263427734375,3636.8299998951316,3574.934491903105,3598.379760081903,1728883
2024-04-23,3633.735107421875,3652.772710601142,3620.5121138030436,3635.9390541705266,1807586
2024-04-24,3592.7998046875,3655.586186600659,3586.6101623523527,3648.0837008405756,1317312
2024-04-25,3612.63427734375,3632.7502707587055,3573.9965228878514,3574.1840392334375,2856271
2024-04-26,3583.702880859375,3635.704436508526,3566.0719945433134,3615.4006982107267,2039178
2024-04-29,3629.514892578125,3636.6423454168485,3581.6865473099597,3599.3174341023114,1110693
2024-04-30,3583.046875,3640.347208599036,3573.0592811907845,3631.2035529581935,2203078
2024-05-02,3623.044189453125,3630.3591588386275,3543.095825813969,3543.095825813969,2491044
2024-05-03,3604.381591796875,3651.459872612422,3561.430044438285,3648.224242496259,2962234
2024-05-06,3677.202880859375,3694.9274124213143,3613.384813638277,3613.384813638277,2053831
2024-05-07,3731.501708984375,3739.988941315255,3670.12204659911,3686.3462169354693,2062112
2024-05-08,3729.6259765625,3736.518976345146,3693.6610759161904,3714.6679426556366,1247685
2024-05-09,3713.918212890625,3724.0466151272376,3666.887093758869,3715.606318089679,1726486
2024-05-10,3651.7412109375,3726.484911351382,3643.4417231221314,3716.1689930361385,1672489
2024-05-13,3702.289306640625,3709.0414982162547,3629.327584853832,3642.925840662716,931326
2024-05-14,3658.587158203125,3700.413608162642,3650.803283386374,3691.2230172569975,1058317
2024-05-15,3639.080322265625,3682.7354534258484,3634.485141704623,3661.6816503123987,1115021
2024-05-16,3684.942138671875,3693.0187445265583,3630.67337116967,3675.637702384871,2599399
2024-05-17,3621.794189453125,3702.9375501529057,3617.9211268075583,3701.992923226846,2765804
2024-05-21,3608.66357421875,3631.8542103330115,3599.0757035999536,3618.487832180219,1908117
2024-05-22,3619.810302734375,3628.548101612322,3606.160490071024,3622.644183451547,1311168
2024-05-23,3677.857666015625,3688.7681531563644,3613.6703123942825,3628.264752304816,2095742
2024-05-24,3636.341552734375,3668.742304212367,3631.429538571892,3663.4995783587715,1309452
2024-05-27,3634.02685546875,3691.9325288692844,3628.64252842061,3641.5365929797185,1841538
2024-05-28,3627.27294921875,3655.7063127891693,3617.921234620806,3644.3707893386604,1801993
2024-05-29,3593.030029296875,3635.774396680819,3589.582233347775,3635.774396680819,1568095
2024-05-30,3529.220703125,3584.2922676744465,3509.714018991741,3567.8558516313005,2919230
2024-05-31,3467.677734375,3542.161650427461,3451.4301994032935,3532.9042615855815,10956800
2024-06-03,3497.811767578125,3543.815050940118,3491.3409811408733,3526.1032967744277,2156773
2024-06-04,3509.2890625,3537.6278705417226,3392.627636061575,3495.1196584791387,3395997
2024-06-05,3538.997314453125,3574.2792205302862,3495.1194421750433,3510.2334721952598,2799670
2024-06-06,3618.298828125,3627.2727837806888,3534.321587974697,3571.63435096414,4328036
2024-06-07,3678.329833984375,3698.2142761529285,3624.8168128885063,3624.8168128885063,4552445
2024-06-10,3645.03173828125,3689.6180814133613,3629.161960387638,3679.3217405498876,1734661
2024-06-11,3638.79736328125,3665.1050839975637,3628.3119124726636,3632.0904200618043,1419898
2024-06-12,3619.479248046875,3677.9045088776033,3615.511861543188,3659.862044439457,2177001
2024-06-13,3663.40478515625,3674.5987063691045,3638.7028835305373,3643.23713885556,1932323
2024-06-14,3619.857177734375,3673.6536279097,3616.0313930671978,3673.6536279097,1860730
2024-06-18,3603.84619140625,3629.256562858962,3584.9063758687394,3614.1898098741085,1774045
2024-06-19,3591.18798828125,3621.557881055292,3582.9225030243783,3615.7010098615556,1509050
2024-06-20,3577.538330078125,3598.9813152014426,3570.737062326571,3585.8038156912176,2846526
2024-06-21,3599.737060546875,3663.0743420998706,3587.7403447033967,3615.08724810415,4642195
2024-06-24,3605.451904296875,3643.4258585651314,3581.363918973201,3597.8476118252383,1702154
2024-06-25,3625.90283203125,3634.593352796922,3582.875033532891,3605.6406325261373,1338808
2024-06-26,3642.339599609375,3652.8248194664434,3628.3117983770853,3631.6179924136177,1639845
2024-06-27,3716.3037109375,3723.7191241208575,3606.679947095457,3618.865541478185,4526556
2024-06-28,3687.964599609375,3740.7220982180547,3682.0136353141756,3700.858893699783,2731571
2024-07-01,3757.91455078125,3780.113282123888,3668.9307461619287,3668.9307461619287,2658723
2024-07-02,3794.94384765625,3800.61160880511,3762.0237400230303,3772.4619129298726,2307449
2024-07-03,3745.681640625,3803.162277059337,3735.9992153513335,3797.399960989219,1821198
2024-07-04,3798.297607421875,3823.2358967427767,3761.598989570618,3778.3661175753045,2518001
2024-07-05,3789.654296875,3803.7764231043757,3767.172130214255,3787.953922306711,1668616
2024-07-08,3772.083984375,3808.027083028784,3757.7729794930797,3799.2892844506714,1758882
2024-07-09,3764.810546875,3785.0727479543702,3754.9865192673674,3764.3382334203675,1305801
2024-07-10,3692.688232421875,3781.624995321451,3685.9342421919528,3763.1102154389605,2669716
2024-07-11,3706.4326171875,3759.615159156207,3679.8887389846327,3713.3284398600626,4872189
2024-07-12,3952.271484375,3967.385513175067,3751.39645698104,3759.6146640167212,13509164
2024-07-15,3938.3388671875,4005.218270796749,3926.861280742083,4001.156559406364,4848030
2024-07-16,3947.075927734375,3962.2840497986936,3915.3834227252332,3940.9829005455586,2029521
2024-07-18,4076.584228515625,4085.51113676854,3929.6477061172545,3929.6477061172545,5613364
2024-07-19,4073.601806640625,4126.955252351664,4057.363922028097,4087.804118951557,3903354
2024-07-22,4059.352783203125,4090.219237805453,4038.191243077126,4071.282819315056,1896386
2024-07-23,4073.555419921875,4129.749338708775,4039.422245498756,4055.234341117392,2365208
2024-07-24,4077.247314453125,4108.350472060897,4041.1261912304362,4059.494423388743,1809793
2024-07-25,4092.633544921875,4112.043374342557,4046.9022780908194,4066.595968869741,2810342
2024-07-26,4154.50830078125,4187.268397348249,4106.409520256929,4118.671036198701,3552210
2024-07-29,4148.11669921875,4195.362964674367,4138.553716676068,4180.21383187482,1746803
2024-07-30,4133.20458984375,4164.118198879963,4097.177778242139,4157.585227320139,1797906
2024-07-31,4152.14111328125,4179.267439518362,4113.936797622856,4118.670902108038,2330091
2024-08-01,4163.265625,4184.2847683252885,4132.919742480951,4165.443127805721,2202244
2024-08-02,4055.28076171875,4164.11800080395,4042.9249348414887,4132.872913485503,2811282
2024-08-05,3934.087890625,4013.5736879846177,3891.907205581687,4013.5736879846177,2787771
2024-08-06,3949.379150390625,4031.799717033467,3939.531844107783,3949.1424451879575,2203067
2024-08-07,3977.073974609375,4019.207504026678,3957.995163908957,4003.1587050867174,1237666
2024-08-08,3950.656982421875,4006.9456644536194,3938.7745661925937,3958.657803185393,2441283
2024-08-09,4003.86865234375,4027.4443989451242,3981.902223791584,3992.7435074037467,1302536
2024-08-12,3972.52880859375,4013.573584922349,3963.723559610809,4005.0521972685856,936912
2024-08-13,3973.760009765625,4008.839537848005,3960.5516737879557,3988.956299705632,1495593
2024-08-14,4066.83203125,4077.1999039105713,3965.42743135513,3985.168737449799,3226545
2024-08-16,4181.2080078125,4191.575880991633,4095.0949293450403,4118.670675923561,3457058
2024-08-19,4251.2255859375,4255.249574521071,4156.87498137627,4185.894947757169,2055210
2024-08-20,4282.7548828125,4322.23750010525,4260.694140300903,4265.428244901237,2212298
2024-08-21,4309.455078125,4317.503055311436,4253.639804359008,4277.736579801988,1896990
2024-08-22,4262.587890625,4318.403170209416,4258.04333501898,4317.503505386495,1829872
2024-08-23,4226.513671875,4266.374923745363,4218.087058430003,4260.6939984141445,1809253
2024-08-26,4263.013671875,4310.0703901887255,4246.491463306979,4250.278746663329,1844164
2024-08-27,4257.99560546875,4270.162346746741,4248.1959164894,4265.428242149461,930697
2024-08-28,4266.42138671875,4319.869602119113,4220.263875901587,4259.509780281284,1848058
2024-08-29,4271.8662109375,4313.715878264525,4222.821074859477,4222.821074859477,2133641
2024-08-30,4311.58544921875,4348.038051973605,4249.14242918416,4260.693828489569,3637222
2024-09-02,4280.6240234375,4344.013861375445,4272.055480062339,4332.652011694428,1216500
2024-09-03,4272.38720703125,4313.6210706253505,4256.811818932973,4280.62427113772,1717263
2024-09-04,4241.04736328125,4248.3852249914535,4200.760320366018,4238.869860215786,1265505
2024-09-05,4237.9228515625,4259.746886626945,4217.281880213047,4242.704111797141,1688793
2024-09-06,4219.74365234375,4278.636091754635,4203.884403748528,4236.029155230157,1649179
2024-09-09,4212.92626953125,4251.462060686222,4194.889518372097,4218.086627772867,1184938
2024-09-10,4268.12646484375,4298.5195066181295,4204.310831961278,4206.204473662924,1385591
2024-09-11,4241.142578125,4307.420045613886,4233.473235852587,4281.00383317773,1325919
2024-09-12,4277.45263671875,4291.5601745835365,4195.6469473824145,4270.398636628928,2742216
2024-09-13,4282.09228515625,4305.194622601226,4265.428144890812,4289.098667337487,1458786
2024-09-16,4273.2392578125,4304.2947971775275,4255.43921052289,4286.258044672285,1155120
2024-09-17,4266.04345703125,4294.590014445038,4228.502101148829,4273.239388269134,1699364
2024-09-18,4115.025390625,4257.900566019319,4091.2129384450927,4257.900566019319,2961779
2024-09-19,4067.684326171875,4187.031372404745,4054.097354431545,4156.590712046438,2927551
2024-09-20,4057.03271484375,4100.397388735434,4002.685288545634,4087.330983142617,5447908
2024-09-23,4041.5048828125,4080.229763925027,4026.8291593303416,4071.3297402117255,1702319
2024-09-24,4044.155517578125,4062.808072353835,4014.520211321431,4025.55058123155,3012026
2024-09-25,4047.4228515625,4061.4832351175246,4014.5208235861746,4026.2141547688016,2713073
2024-09-26,4064.22900390625,4087.2365684956953,4033.457322455591,4033.457322455591,3964251
2024-09-27,4079.5673828125,4145.181886032281,4071.37701220358,4104.468587471434,3012477
2024-09-30,4041.5048828125,4070.1462141244547,4033.504061536598,4058.926294354151,2503416
2024-10-01,4059.873046875,4067.305683040906,4017.3137268821633,4029.243299789114,1823365
2024-10-03,4007.656005859375,4051.4464707512293,3986.1158312368952,4035.9187010687683,3350119
2024-10-04,4026.119140625,4069.436196462167,3999.4186065272825,4000.318271301223,2965463
2024-10-07,4045.62353515625,4068.7258712834955,4004.483984564525,4046.6175121163583,1472619
2024-10-08,4027.065673828125,4051.8249459382696,3980.3875920827627,4045.386749254377,1541867
2024-10-09,4026.7822265625,4066.5958614206456,4020.8645957979184,4033.457129138987,1082504
2024-10-10,4002.590087890625,4065.5065138830532,3975.3218342504942,4027.065497608203,2378875
2024-10-11,3928.549072265625,4016.36670200166,3893.753407653234,3922.6785983438544,5759183
2024-10-14,3916.666015625,3943.8871125530773,3902.9847329926533,3919.837957643063,2137590
2024-10-15,3897.8720703125,3948.1959706652674,3877.231559755508,3911.364268047913,2759474
2024-10-16,3877.183837890625,3896.167641402821,3850.909560357471,3867.7630170426546,2359151
2024-10-17,3890.48681640625,3910.3228978529323,3875.2902957519555,3894.0845506582914,2522659
2024-10-18,3913.313232421875,3935.238244757566,3872.4533402747466,3881.944647481302,2361000
2024-10-21,3872.310791015625,3929.353636003749,3862.961761386138,3922.37743300902,1595450
2024-10-22,3811.234130859375,3881.754584605675,3802.5496780872345,3859.165228757121,1928049
2024-10-23,3859.40283203125,3904.2965301967497,3791.919544419266,3796.143361546141,1966476
2024-10-24,3841.986328125,3871.504387583309,3800.3195802607424,3800.3195802607424,2676744
2024-10-25,3851.1455078125,3883.8430156937015,3827.5595160672574,3850.670942439126,1759676
2024-10-28,3882.75146484375,3923.7063623671393,3844.928513292037,3861.9653632236445,1532534
2024-10-29,3867.944580078125,3894.757520238166,3853.5653437958795,3887.496763644427,1445885
2024-10-30,3876.86669921875,3898.079863479923,3853.518222560894,3867.7076804676617,1935002
2024-10-31,3766.57763671875,3870.839735602275,3758.5575287403312,3862.9619045386735,3740372
2024-11-01,3781.526611328125,3795.5262896074955,3773.791288560614,3786.889338989994,154895
2024-11-04,3762.496337890625,3788.834714578836,3714.1856783834955,3764.5371079100955,2269192
2024-11-05,3769.330322265625,3783.234994421101,3740.61911840681,3740.61911840681,967590
2024-11-06,3929.06884765625,3938.7024316660963,3773.031851752117,3799.9398000465167,3792017
2024-11-07,3939.74658203125,3991.8537654616457,3877.246463642715,3957.5905174928102,3724349
2024-11-08,3936.045166015625,3957.6378902806014,3908.1880861984155,3943.6382119110012,1648039
2024-11-11,3985.115234375,4018.903916361986,3908.1879134815194,3918.201520379155,1406487
2024-11-12,3983.880859375,4003.4330432658335,3952.512277070728,4001.534781984057,1587640
2024-11-13,3939.224609375,3983.2641802267012,3920.9061091902613,3965.5629857379695,1098813
2024-11-14,3935.000732421875,3948.383567490613,3907.049112395529,3924.655300859059,1825432
2024-11-18,3815.03076171875,3998.6875479838523,3787.221186498161,3998.6875479838523,3313944
2024-11-19,3834.060791015625,3921.9501508023773,3809.9054621443674,3815.4102345767187,1776233
2024-11-21,3865.667236328125,3884.2700598437223,3819.302106879864,3839.138846704682,2384347
2024-11-22,4028.680419921875,4038.504015740722,3847.776008717878,3863.9112312507355,3096553
2024-11-25,4095.59423828125,4107.932938170639,4035.89400612037,4062.2796558913474,4052167
2024-11-26,4131.28125,4144.47407361588,4090.7531850402665,4101.240893559863,2060669
2024-11-27,4112.15576171875,4154.724363536381,4104.088151292946,4137.2131813248125,1558993
2024-11-28,4028.96484375,4119.179995477792,4017.670281030027,4099.2955217974695,2558544
2024-11-29,4053.594482421875,4080.027862103414,3982.219676510733,4005.331099119542,2017425
2024-12-02,4059.10009765625,4070.0628363390956,4014.8705101832115,4052.7884705955157,1670944
2024-12-03,4083.872314453125,4104.990473536637,4048.469923029549,4094.8823237874603,2010905
2024-12-04,4132.89453125,4163.789012881952,4070.8687487593297,4094.1224503683907,3302642
2024-12-05,4236.966796875,4260.647793669346,4138.209931031042,4176.934278953506,3746747
2024-12-06,4219.36083984375,4237.868889866684,4188.276807112925,4226.479320621802,1842087
2024-12-09,4225.67236328125,4242.0448686697655,4190.934085246633,4205.07650413352,2066639
2024-12-10,4207.0693359375,4265.20359458783,4187.659890094591,4200.994991803812,2087828
2024-12-11,4202.228515625,4222.349806544079,4182.818609222603,4206.404597631399,1635256
2024-12-12,4228.33056640625,4256.851762402647,4200.853043566135,4204.696838041356,1914642
2024-12-13,4246.31591796875,4266.247663475759,4170.8600242636485,4209.347553772588,1967048
2024-12-16,4190.6025390625,4247.36037614199,4173.328172937727,4232.1742831770125,1646224
2024-12-17,4108.3125,4207.449393387959,4098.346627007046,4185.666657040545,3225027
2024-12-18,4126.67822265625,4140.108330075579,4071.3913564877716,4092.3672387441043,1575404
2024-12-19,4054.59130859375,4142.006337975124,4045.1950074358338,4064.177621267067,3015763
2024-12-20,3958.15966796875,4159.090827365295,3941.265326479778,4108.786899056221,4116989
2024-12-23,3946.769775390625,4002.4839296244636,3905.577598089669,3986.3959798160035,2195338
2024-12-24,3966.89208984375,4003.43362482616,3946.77033195685,3946.77033195685,1181886
2024-12-26,3957.02099609375,3986.3017716323247,3932.390868416551,3966.8918629397335,1208464
2024-12-27,3952.987060546875,3968.2681573970385,3936.2822676568094,3951.2310760757846,858100
2024-12-30,3947.24462890625,3985.684422832016,3902.825496858013,3939.8415947124545,1527169
2024-12-31,3886.500244140625,3929.353632155194,3826.9422956665308,3924.6552500458943,1555429
2025-01-01,3903.252685546875,3923.706266508262,3877.6259252343875,3886.1205985527304,763161
2025-01-02,3963.33251953125,3970.2137171045247,3888.541205767093,3910.4184830195177,1720835
2025-01-03,3891.3408203125,3967.3190100554248,3884.127566106747,3967.3190100554248,1791953
2025-01-06,3886.6904296875,3938.560332599053,3859.545197490021,3896.656302584134,2085593
2025-01-07,3823.383056640625,3929.7331926762554,3807.48511819948,3905.6253667734477,2669054
2025-01-08,3899.408447265625,3916.113240154538,3813.3698426153405,3829.6473413152235,2181277
2025-01-09,3833.396728515625,3927.2656647049257,3820.535960823577,3892.3851104960186,2392472
2025-01-10,4048.659423828125,4078.41476503514,3957.875161786487,3986.3490838137277,7894300
2025-01-13,4072.814697265625,4103.044601693763,4012.3548884093498,4029.0596808346854,4003771
2025-01-14,4017.7177734375,4094.4550879803073,4004.4299428133863,4083.1605246383615,3441709
2025-01-15,4033.426025390625,4039.9276635514543,3993.4202579833063,4003.4334017642514,1653474
2025-01-16,3992.328369140625,4075.567318807286,3978.613708278282,4043.2968742708517,2637705
2025-01-17,3986.528564453125,4021.616254890533,3963.0886298542596,4020.939449433567,1761466
2025-01-20,3941.582275390625,4007.3105183689017,3932.2063483825796,4007.3105183689017,1287799
2025-01-21,3901.033935546875,3973.6734816653625,3895.379258358407,3958.497981875744,1971591
2025-01-22,4017.750244140625,4024.0812547656583,3909.104787428617,3914.711087541146,2409223
2025-01-23,4006.97265625,4051.339285916404,4001.7526640783626,4028.7691913739204,1822998
2025-01-24,4013.64208984375,4038.4351649039104,3966.9071126772737,3966.9071126772737,1910099
2025-01-27,3929.354736328125,4017.5084152856,3906.0599315038703,3964.973867046099,1551782
2025-01-28,3905.334716796875,3964.9735947079557,3893.73557415024,3934.815871023738,2468272
2025-01-29,3962.84716796875,3970.6285432095738,3918.5772926221866,3918.5772926221866,1217089
2025-01-30,3963.0888671875,3991.941831258984,3922.927021299046,3962.943972286711,1531251
2025-01-31,3975.026611328125,3990.540749832513,3948.7836420464023,3972.706876888982,1492943
2025-02-01,3937.08740234375,3997.741255116248,3920.510387972108,3975.6063179805924,437172
2025-02-03,3932.73779296875,3940.8089579536745,3865.1245003058734,3896.2488211358454,1265713
2025-02-04,3969.855224609375,3981.2613328675334,3930.2250514324437,3947.285364884988,2547132
2025-02-05,3954.43798828125,4011.3703550712034,3939.8423053663196,4011.3703550712034,1693912
2025-02-06,3946.36669921875,4001.2209788539626,3916.2089750568643,3968.259986916976,2284536
2025-02-07,3894.798828125,3953.374595002479,3874.113784051329,3953.374595002479,1548940
2025-02-10,3902.096923828125,3916.644230568612,3880.2520112210996,3905.045086746592,1339511
2025-02-11,3831.148681640625,3905.044841909931,3822.8842449885587,3884.1662899452554,1810908
2025-02-12,3818.1962890625,3887.404606196338,3808.5303361658844,3838.446649169052,1678002
2025-02-13,3779.532470703125,3851.3505477933163,3771.896462322554,3835.4501025039126,2277310
2025-02-14,3803.407470703125,3816.1181040365336,3769.72153134308,3793.886412954254,1681975
2025-02-17,3774.071533203125,3802.5860959459837,3727.3849307355754,3727.674956536778,1799806
2025-02-18,3743.817138671875,3793.306774402773,3735.407806152644,3768.1752947909295,2149879
2025-02-19,3657.693359375,3745.508400554833,3642.2759755929487,3742.850263486918,4366672
2025-02-20,3653.150146484375,3661.4629603766616,3625.988960412709,3635.848185178673,2888572
2025-02-21,3659.52978515625,3689.4942392872176,3648.8972369162293,3649.960586134303,1833931
2025-02-24,3552.817626953125,3637.491230016548,3547.4045991108223,3618.1109478843173,2508516
2025-02-25,3508.30615234375,3535.8057424823114,3500.2833638502107,3503.90809636369,4101954
2025-02-27,3491.873779296875,3516.4735816470966,3480.419530987875,3491.0520789257853,3823856
2025-02-28,3366.892822265625,3479.7428149447355,3341.5196975733197,3465.1955095907815,7085018
2025-03-03,3376.36572265625,3405.5568531975428,3360.0301206751515,3368.584583379958,4990439
2025-03-04,3414.062744140625,3432.379676631615,3348.5759170238152,3357.951843598488,2797737
2025-03-05,3428.561767578125,3480.081342184221,3403.2370189380595,3403.2370189380595,2501894
2025-03-06,3481.28955078125,3488.877181911339,3417.9775618337376,3438.1793081878077,2786513
2025-03-07,3490.56884765625,3503.9079097926337,3454.998093954285,3479.743027656133,2051315
2025-03-10,3469.73876953125,3501.1049762137254,3462.9244613654673,3486.0259949428714,1004626
2025-03-11,3455.8681640625,3468.8688234276665,3419.4757100500633,3439.146018462038,1995450
2025-03-12,3389.076416015625,3450.020297279617,3370.3729384283747,3445.912267227522,3174167
2025-03-13,3393.76416015625,3406.5715466921038,3367.7144664369603,3385.3064520665353,1693004
2025-03-17,3380.860107421875,3412.516101378981,3361.1900359739784,3372.450776071524,2690906
2025-03-18,3380.860107421875,3380.860107421875,3380.860107421875,3380.860107421875,0
2025-03-19,3380.2802734375,3428.5132810234372,3347.0776328908673,3428.5132810234372,3051244
2025-03-20,3444.123779296875,3459.3960314822807,3394.68252652922,3394.68252652922,2845192
2025-03-21,3458.57470703125,3495.450223009194,3349.252685164703,3358.9186380800415,4161925
2025-03-24,3507.725830078125,3527.831058731868,3447.4587570622184,3479.7429444303652,1834751
2025-03-25,3535.56396484375,3586.0685693582973,3516.473707634902,3523.2398747468987,3135390
2025-03-26,3514.34716796875,3557.553929809202,3504.7295921250025,3525.897934373459,1734499
2025-03-27,3529.232666015625,3540.638537603521,3489.892285017066,3494.0970689111577,2528474
2025-03-28,3485.687255859375,3538.656721076703,3471.9132739836596,3529.0391458412178,2051919
2025-04-01,3432.186279296875,3464.2771927018816,3407.248075969345,3453.354619757771,2618493
2025-04-02,3425.565185546875,3445.0422214056125,3412.129605979645,3425.6135625063594,1764313
2025-04-03,3289.46875,3385.0167912281404,3282.702582798802,3374.3842427691143,4537821
2025-04-04,3189.184326171875,3286.085501586113,3185.414699028632,3250.2733357697866,5317367
2025-04-07,3164.681396484375,3181.4516833870694,2953.963620596823,2996.4454369330797,6623955
2025-04-08,3182.949951171875,3237.127665022999,3146.5577324611054,3191.7460628104113,5557558
2025-04-09,3138.148193359375,3160.76642752928,3104.752280697163,3151.6321497293247,2990265
2025-04-11,3123.552734375,3188.749540631033,3098.904554048043,3179.6636391398747,7108961
2025-04-15,3139.69482421875,3203.683386247662,3130.415650876791,3203.683386247662,3512160
2025-04-16,3164.43994140625,3168.596348657385,3121.136422017699,3139.695005759879,2384391
2025-04-17,3188.701171875,3193.2443586174536,3110.50370573642,3137.085076745666,2932346
2025-04-21,3210.64306640625,3241.9606599617177,3174.3957423905777,3180.1953142330854,2432946
2025-04-22,3203.683349609375,3222.531957851611,3184.931495290658,3211.6096198122023,2710498
2025-04-23,3298.98974609375,3306.625754540036,3225.818529364827,3252.593171873855,3543923
2025-04-24,3287.970458984375,3298.5062526941524,3274.534643572778,3287.487161364933,2252175
2025-04-25,3332.820556640625,3361.625143451318,3291.256959211522,3305.7558885472554,2742991
2025-04-28,3328.470703125,3342.2930622298845,3291.2567864500143,3320.2546435993536,1593296
2025-04-29,3356.502197265625,3378.250591632357,3315.808440523134,3339.586779424834,1578332
2025-04-30,3338.329833984375,3392.652437661013,3253.5594811525652,3356.018573547744,2809332
2025-05-02,3316.38818359375,3374.867194117627,3305.7556362257724,3356.0185874198487,1721761
2025-05-05,3338.909912109375,3387.4329449049897,3331.27366828836,3334.753505470742,1284443
2025-05-06,3344.419921875,3356.9856614658597,3322.1882287527096,3344.419921875,1324763
2025-05-07,3330.017333984375,3343.9362109554654,3306.335750758935,3306.335750758935,1477128
2025-05-08,3333.6904296875,3360.851851961966,3314.1652518601954,3332.820588313161,2543591
2025-05-09,3325.377685546875,3331.0805031274213,3284.5874131966707,3285.457254527544,2531757
2025-05-12,3499.46142578125,3509.22413241534,3385.209911911905,3387.916425868549,2228678
2025-05-13,3397.582275390625,3501.97456151927,3393.232596801932,3499.4613194961807,3062887
2025-05-14,3430.15673828125,3442.0459078220697,3391.396407841002,3403.3820953219624,2119499
2025-05-15,3460.314453125,3479.7431132346333,3396.712670565691,3444.945682102287,3548330
2025-05-16,3442.335693359375,3473.8465567565913,3427.6434928317944,3473.8465567565913,1666727
2025-05-19,3401.255615234375,3431.413341631395,3386.659931697025,3431.413341631395,2537377
2025-05-20,3381.440673828125,3439.1463709668697,3377.2842664862965,3413.821619142175,2038374
2025-05-21,3408.021484375,3418.847303675328,3381.4401157430884,3390.816042208948,1440153
2025-05-22,3360.8515625,3380.956790168703,3336.0101126719387,3378.2502763697153,2034383
2025-05-23,3397.196044921875,3416.9144952813326,3349.8328737001534,3360.851966080111,1274331
2025-05-26,3419.137451171875,3426.5801874567637,3392.8461073678304,3403.3819012793415,967470
2025-05-27,3381.826904296875,3421.747337093333,3366.7481593177404,3414.014574749619,2467680
2025-05-28,3380.860107421875,3411.114585484783,3376.31715701285,3402.4152283668,1222933
2025-05-29,3381.2470703125,3414.4978538154573,3370.034470581059,3387.626457620242,3188072
2025-05-30,3347.7060546875,3389.5596782127777,3337.7503119241223,3373.4175839622008,3404365
2025-06-02,3334.560302734375,3344.419526975246,3304.4025784742903,3334.7535745851437,1877585
2025-06-03,3291.449951171875,3357.4684509968274,3286.907000896707,3330.887082808426,2848125
2025-06-04,3297.008544921875,3310.563782597761,3286.3791053631217,3304.907652247958,2544807
2025-06-05,3287.451904296875,3324.4113841471617,3280.235380032571,3324.4113841471617,3584683
2025-06-06,3300.226806640625,3306.7605099618336,3275.359545608902,3287.4520036268846,2070390
2025-06-09,3336.991455078125,3348.791310023286,3306.760665733127,3315.634960419095,1718678
2025-06-10,3376.973876953125,3399.305794893864,3338.259013167141,3354.642197095073,2419874
2025-06-11,3385.750732421875,3402.4265208353168,3363.516665314218,3383.8979728571367,2847013
2025-06-12,3348.986083984375,3388.481144938844,3338.259030391803,3385.7505745896515,4060134
2025-06-13,3360.20068359375,3364.881627257479,3309.003383077588,3309.003383077588,2178493
2025-06-16,3409.54541015625,3421.9302340050463,3341.1847251814343,3354.642349665819,1934088
2025-06-17,3428.07373046875,3432.6570601768817,3401.5487008021014,3422.905193528652,2111940
2025-06-18,3365.75927734375,3450.2105407013996,3357.665418209048,3431.7796073253016,2696327
2025-06-19,3339.0390625,3365.3691018363024,3328.312009437062,3364.3939151942172,2672768
2025-06-20,3350.448974609375,3360.786049100129,3326.2642962767654,3340.0145242959966,2351248
2025-06-23,3309.3935546875,3340.0143206716803,3286.3790542083398,3330.262454041982,3123421
2025-06-24,3306.27294921875,3356.690292940616,3298.081476031171,3349.376392565029,3403048
2025-06-25,3359.3232421875,3364.3941654870573,3315.634829755361,3322.7537403887272,1757699
2025-06-26,3356.397705078125,3365.759354753242,3330.555256962972,3359.3232652421043,2879106
2025-06-27,3355.71533203125,3380.387367158931,3345.8658502962735,3369.2703330730474,1778433
2025-06-30,3376.09619140625,3378.924137465807,3344.890218522079,3354.544471150048,1468351
2025-07-01,3344.59765625,3398.525526423559,3328.7996798986564,3369.2699264830403,2375183
2025-07-02,3338.356689453125,3403.3039810516498,3335.1385257152824,3400.671024568939,3090585
2025-07-03,3316.4150390625,3350.058980842342,3313.294489180619,3344.8904436190446,2531870
2025-07-04,3334.943603515625,3341.964900305915,3305.980605453995,3323.4363525656718,1109320
2025-07-07,3327.044677734375,3341.0875101654565,3323.8265137554163,3333.481005692293,1639174
2025-07-08,3321.68115234375,3340.0147113686808,3309.1987139810713,3320.510975827842,2325242
2025-07-09,3299.836669921875,3329.28725945695,3283.4534864064294,3325.3865128143525,2034938
2025-07-10,3298.08154296875,3314.659717489882,3272.7266878187834,3296.1311694956757,3035012
2025-07-11,3184.959716796875,3252.247598137654,3180.1813972680684,3218.0184502225306,7635550
2025-07-14,3142.734130859375,3190.8108827918168,3120.5974403831947,3184.9597625910983,3924009
2025-07-15,3171.599853515625,3178.523536457564,3126.448660244279,3126.448660244279,2590889
2025-07-16,3163.576171875,3175.1222359666176,3151.344969328223,3157.607249475903,2540733
2025-07-17,3140.18994140625,3172.2846643823304,3135.199754145851,3154.7696780470374,2947640
2025-07-18,3121.304931640625,3159.3685771406017,3118.46738821797,3155.6502438038765,3432645
2025-07-21,3090.286865234375,3128.83976152069,3084.2202361520617,3121.4030943290218,3844346
2025-07-22,3091.65673828125,3111.7159107005,3086.764257203384,3091.65673828125,3198036
2025-07-23,3110.7373046875,3113.5748480562365,3089.6996367952283,3091.6566291573,1922875
2025-07-24,3080.30615234375,3105.4534578423713,3072.478182452152,3097.0385335433134,2934778
2025-07-25,3068.368408203125,3089.014534530361,3058.3877948178133,3072.4780444334683,2568917
2025-07-28,3013.08349609375,3050.9512525080645,3003.885488175128,3043.12328264916,3374473
2025-07-29,2990.284423828125,3007.8973556438664,2975.802632112602,2994.1984086760676,4785312
2025-07-30,2987.93603515625,3003.0047807939304,2981.673516260727,2994.1983151611034,2880121
2025-07-31,2971.497314453125,2994.0027271024683,2950.166049468222,2976.2918502873677,2968371
2025-08-01,2938.424072265625,2971.4972914199097,2935.488583681943,2964.7455243430377,2053847
2025-08-04,3008.28857421875,3013.181055141491,2927.2692812506943,2944.392964480288,2519252
2025-08-05,2998.014404296875,3011.322048140622,2976.5854331255146,3008.2886143717656,1927996
2025-08-06,2967.093994140625,3000.8521121202134,2960.9294204705666,2997.1337788834585,1487081
2025-08-07,2981.47802734375,2985.9792055799644,2946.154217712285,2951.1446440658847,2543076
2025-08-08,2971.105712890625,2994.002666894786,2959.9509519667536,2982.5543093380406,2762140
2025-08-11,2975.4111328125,2984.3153044195046,2956.3304579380692,2971.105606429514,1884215
2025-08-12,2970.127197265625,3029.8154640054736,2961.809979769089,2975.6068714078456,3358232
2025-08-13,2970.91015625,2978.9337774241835,2963.473728360306,2970.812449963036,2148166
2025-08-14,2957.30908203125,2990.1864106721328,2954.1779420022144,2968.757439673081,3342174
2025-08-18,2946.44775390625,2983.434958599791,2938.815435653507,2980.988718063058,2945609
2025-08-19,2951.340087890625,2959.950901928915,2946.349900778797,2946.4476070609903,2650784
2025-08-20,3031.96826171875,3036.664852119672,2946.1539583708727,2946.1539583708727,4952358
2025-08-21,3035.882568359375,3062.693270119804,3016.801891436903,3062.693270119804,3230726
2025-08-22,2988.327392578125,3029.1306363096523,2984.4134077810354,3019.639270954844,1593791
2025-08-25,3073.0654296875,3084.220191422538,3010.9309175823823,3020.9115315912086,3448370
2025-08-26,3089.30810546875,3094.0049349317896,3052.9080951888627,3061.7145608480614,5522097
2025-08-28,3027.173828125,3078.838478368692,3020.1287028396528,3077.370733980466,3116051
2025-08-29,3018.3671875,3048.0156702082504,3011.028465982645,3026.4887537573413,2271789
2025-09-01,3045.667236328125,3063.7694152474464,3023.5531276055535,3023.5531276055535,1246862
2025-09-02,3044.591064453125,3087.1556510845603,3036.371791556432,3053.9847239556466,2185229
2025-09-03,3030.89208984375,3074.33722714916,3021.5963756053266,3062.595272321678,1799774
2025-09-04,3029.130615234375,3050.951128104469,3024.3360794475675,3048.99413571954,1481391
2025-09-05,2982.75,3036.664997028233,2963.47367273015,3030.5006621101975,2802055
2025-09-08,2954.079833984375,2998.9927110613953,2951.144345576971,2984.413214194218,2626187
2025-09-09,2983.826171875,2994.19832699537,2965.62628616296,2966.898378981974,2489301
2025-09-10,3043.123291015625,3055.550145422665,2987.740308555338,2990.675797260498,2079428
2025-09-11,3057.017822265625,3071.4996140027415,3043.221168990462,3071.4996140027415,2263446
2025-09-12,3066.019775390625,3080.990814432397,3053.886518550216,3076.3919302537256,1447167
2025-09-15,3044.982421875,3066.607284819441,3029.4244268669395,3066.607284819441,1732539
2025-09-16,3078.055419921875,3082.26300132086,3042.242602669502,3060.736085121159,2573429
2025-09-17,3104.57275390625,3113.966173979194,3074.8263264485827,3084.2199854121977,2418271
2025-09-18,3108.388916015625,3134.1234145595795,3093.4178759668794,3116.51048247651,2633138
2025-09-19,3101.050048828125,3112.107103450778,3076.3919928468,3101.8328935510035,4901694
2025-09-22,3007.70166015625,3040.089740964508,2999.090845838676,3028.445731768582,3634901
2025-09-23,2996.546875,3014.4534044791503,2986.3706093710016,3003.983542191669,3177741
2025-09-24,2970.127197265625,2991.262810224855,2967.778901999341,2984.4133369924134,1625714
2025-09-25,2893.804443359375,2964.4520571099356,2887.5421635017433,2957.015390749667,4974361
2025-09-26,2836.758544921875,2891.260737711385,2829.126226471788,2877.7574418213358,3934636
2025-09-29,2833.82275390625,2866.3087778304835,2831.7678164651984,2853.2947314486933,3110035
2025-09-30,2826.288330078125,2852.610021207006,2823.0594837288886,2848.402439766557,2253458
2025-10-01,2851.53369140625,2861.9058470940704,2804.957413772581,2828.8326264436423,1952902
2025-10-03,2839.498046875,2861.1229086009284,2828.9304789544044,2861.1229086009284,2899519
2025-10-06,2924.137939453125,2929.22631078988,2833.3336834873367,2839.5959635916415,2112774
2025-10-07,2909.75390625,2939.891634958981,2891.9453243871753,2930.5959216848555,3062943
2025-10-08,2962.103759765625,2977.5640480826064,2904.176830334925,2911.0263039913752,4121889
2025-10-09,2995.86181640625,3000.069397912704,2955.0585719818546,2968.757519004287,3211304
2025-10-10,2963.179931640625,3003.983173218589,2942.239970746985,2984.413250266025,8817365
2025-10-13,2942.53369140625,2970.225181329542,2933.7272257063764,2961.9079637241057,2866865
2025-10-14,2896.642333984375,2962.1036338769445,2891.9455044700007,2956.0370052457697,3611416
2025-10-15,2916.7763671875,2926.499513769408,2898.31197994854,2917.954894078994,4282226
2025-10-16,2917.66015625,2921.883430677564,2890.553079047838,2916.87439174088,3251495
2025-10-17,2909.311767578125,2935.4369375213087,2902.6331292681275,2916.972551528368,4374683
2025-10-20,2961.365478515625,2969.0262624451843,2925.320781572273,2932.1958010354274,3133039
2025-10-21,2953.017333984375,2977.669286180243,2942.508423286113,2976.981832168517,310644
2025-10-23,3018.330078125,3042.687339125331,2981.892616996725,3000.4550745732363,5564758
2025-10-24,3008.508544921875,3034.8300966289034,3003.6961270890743,3025.0086400055093,2684318
2025-10-27,3029.821044921875,3038.9550474990237,3005.5620951218402,3011.7496607245316,1946312
2025-10-28,3003.30322265625,3035.0265765381446,2985.919291823652,3021.0801556355614,3470737
2025-10-29,3003.0087890625,3021.080174034828,2991.714113509379,3003.3032409472494,2895420
2025-10-30,2981.106689453125,3009.0978400091353,2978.6513253692647,2994.6603471523654,2241536
2025-10-31,3003.4013671875,3012.6334402910475,2971.088871543434,2980.8120174669925,1868085
2025-11-03,2962.93701171875,3003.4013640895914,2956.2583734171585,2992.499451583931,2194877
2025-11-04,2936.81201171875,2975.214004338424,2922.8655907942766,2965.6872390451917,2670720
2025-11-06,2957.142333984375,2970.0085383136757,2936.61558517126,2936.7138956519902,2542721
2025-11-07,2938.383544921875,2950.3656744717186,2907.6423366423182,2947.419237380036,1830520
2025-11-10,2971.18701171875,2993.4816703122747,2938.579823663838,2939.5619693268272,1556656
2025-11-11,2992.597900390625,3001.142519888641,2964.1156755427983,2990.633609021809,2806868
2025-11-12,3075.8837890625,3080.4015151753365,3002.51755709654,3005.3656835637266,4460315
2025-11-13,3050.249755859375,3075.9819244274895,3046.61586484088,3075.8838537295965,1740435
2025-11-14,3050.54443359375,3057.517763723578,3022.356900982103,3034.830102963518,2210794
2025-11-17,3046.812255859375,3067.7320066302495,3031.4909272444793,3050.544457369475,2232853
2025-11-18,3031.98193359375,3049.5622448251693,3023.0443122614724,3046.6158078736476,2548350
2025-11-19,3091.499755859375,3098.6694669245953,3028.4460542827223,3041.705020306013,3151053
2025-11-20,3088.65185546875,3108.0000778660146,3082.0715272134535,3091.794673762747,2700767
2025-11-21,3094.34814453125,3113.4016740052466,3079.2229578295533,3088.6516518716926,4177037
2025-11-24,3085.115966796875,3122.1428110333977,3075.0981288018247,3101.616062202543,6703764
2025-11-25,3063.5087890625,3093.562543096727,3059.3838251197944,3089.142887490615,2737920
2025-11-26,3106.428466796875,3121.2589624366606,3061.348076121797,3063.115986297256,2508527
2025-11-27,3080.59814453125,3123.223169867727,3069.205159068128,3123.223169867727,2836233
2025-11-28,3081.48193359375,3091.1070087848907,3069.205113141185,3083.937297684263,1616690
2025-12-01,3077.455078125,3097.687374390369,3066.4550948216056,3081.8747335418534,1747647
2025-12-02,3079.714111328125,3087.8659682974553,3064.6872347092776,3075.0980746626374,2512003
2025-12-03,3123.22314453125,3154.5534946281955,3082.9551731709416,3083.9373188138757,3952112
2025-12-04,3171.544677734375,3191.9733551637537,3130.4909417024,3136.9731988901626,5025905
2025-12-05,3180.384033203125,3213.187842167148,3164.866083794654,3172.330486734928,5244013
2025-12-08,3178.71435546875,3201.6964674714213,3151.3125880977464,3185.0983021118977,2544725
2025-12-09,3151.01806640625,3175.964471029267,3124.401822284255,3172.330579931189,2734893
2025-12-10,3132.259033203125,3167.41989738469,3121.357359750894,3167.41989738469,1386849
2025-12-11,3134.91064453125,3151.1160479641035,3096.8035846478047,3147.7768486239356,1914362
2025-12-12,3163.0,3165.4553640739014,3128.8212841349605,3140.607031689688,1146554
2025-12-15,3172.52685546875,3180.384020730158,3140.2143592438706,3153.7680172761306,1562190
2025-12-16,3147.875244140625,3162.509118995985,3134.1252044928165,3162.509118995985,1734623
2025-12-17,3160.348388671875,3179.107227122374,3143.3572206041695,3143.3572206041695,1376350
2025-12-18,3222.2236328125,3229.09865265339,3163.4912725011322,3170.366292342023,2307422
2025-12-19,3223.402099609375,3258.661033366418,3220.259281411304,3240.09857605464,3902511
2025-12-22,3265.5361328125,3269.170263717588,3232.2414895890165,3250.9022578364156,2632816
2025-12-23,3250.902099609375,3260.625245626059,3234.6966963938,3260.625245626059,2365420
2025-12-24,3259.741455078125,3267.696930860065,3237.2504153109776,3245.107580613968,1367708
2025-12-26,3221.437744140625,3260.7235702886815,3213.384197736604,3253.9468611908032,1176664
2025-12-29,3193.446533203125,3229.294848891858,3184.9999848268185,3221.437683809396,2079473
2025-12-30,3188.83056640625,3209.160933545371,3181.6608551553877,3191.973384551631,2807593
2025-12-31,3148.955322265625,3188.0447669329633,3141.392848747715,3182.151893056932,3362634
2026-01-01,3169.77685546875,3176.3574233163417,3141.0982497161094,3157.59834501185,1255735
2026-01-02,3192.660888671875,3196.196709004467,3162.017991655493,3176.2591039024273,1184324
2026-01-05,3158.6787109375,3189.026915514335,3134.026759287417,3182.642968809425,2341703
2026-01-06,3197.669921875,3204.9377039238207,3147.7768738587542,3152.6876022111082,2912325
2026-01-07,3236.75927734375,3241.6700055592964,3165.651788913644,3185.0000101265678,1989442
2026-01-08,3146.6962890625,3228.2143763788763,3125.1873956711997,3228.2143763788763,4159336
2026-01-09,3150.52685546875,3172.0357492326657,3134.0267606372377,3134.0267606372377,1938673
2026-01-12,3181.75927734375,3193.937788002805,3117.6251157476318,3145.8126491306843,2228342
2026-01-13,3209.652099609375,3221.437847833155,3153.1787227037635,3187.0627488471305,5645341
2026-01-14,3135.5,3201.7948316366483,3126.1696162881753,3201.7948316366483,3539511
2026-01-15,3135.5,3135.5,3135.5,3135.5,0
2026-01-16,3206.699951171875,3221.89990234375,3171.0,3219.39990234375,4293470
2026-01-19,3163.60009765625,3220.0,3152.10009765625,3188.0,3387562
2026-01-20,3102.300048828125,3160.0,3091.10009765625,3151.60009765625,4499273
2026-01-21,3122.60009765625,3138.5,3082.0,3100.0,2015150
2026-01-22,3150.39990234375,3160.0,3122.300048828125,3150.0,2269827
2026-01-23,3162.5,3194.5,3152.0,3190.300048828125,2068857
2026-01-27,3158.0,3175.0,3130.0,3175.0,4279874
2026-01-28,3200.10009765625,3205.199951171875,3170.60009765625,3176.0,2751234
2026-01-29,3144.39990234375,3200.10009765625,3125.60009765625,3200.10009765625,2457641
2026-01-30,3123.89990234375,3141.0,3092.0,3141.0,3022068
2026-02-02,3169.60009765625,3198.0,3134.0,3198.0,2636272
2026-02-03,3225.300048828125,3350.0,3186.300048828125,3350.0,4366060
2026-02-04,2999.10009765625,3120.0,2986.0,3120.0,10852595
2026-02-05,2991.5,3029.699951171875,2972.300048828125,2990.0,3521545
2026-02-06,2941.60009765625,2985.0,2916.0,2976.60009765625,4687389
2026-02-09,2948.199951171875,2977.0,2937.5,2959.10009765625,2380318
2026-02-10,2984.60009765625,3011.60009765625,2943.5,2949.800048828125,3547763
2026-02-11,2909.800048828125,2998.0,2904.199951171875,2980.0,3363513
2026-02-12,2750.10009765625,2880.0,2740.0,2869.800048828125,10612156
2026-02-13,2692.199951171875,2713.0,2585.0,2585.0,11168735
2026-02-16,2706.60009765625,2719.800048828125,2671.0,2700.0,2918730
2026-02-17,2717.39990234375,2760.0,2695.199951171875,2716.0,4209118
2026-02-18,2694.89990234375,2730.0,2657.300048828125,2730.0,2950820
2026-02-19,2677.89990234375,2748.699951171875,2666.60009765625,2708.0,3238849
2026-02-20,2686.199951171875,2702.60009765625,2647.5,2667.0,2293482
2026-02-23,2676.300048828125,2704.0,2660.199951171875,2686.0,4699596
2026-02-24,2573.699951171875,2647.5,2561.300048828125,2641.0,7798833
2026-02-25,2629.300048828125,2654.199951171875,2595.0,2596.0,3621285
2026-02-26,2647.699951171875,2671.0,2635.0,2650.0,3464267
2026-02-27,2637.39990234375,2688.60009765625,2626.10009765625,2681.60009765625,5083717
2026-03-02,2613.5,2623.800048828125,2580.300048828125,2592.0,3374385
2026-03-04,2587.800048828125,2635.0,2580.39990234375,2625.0,3446434
2026-03-05,2578.800048828125,2609.5,2546.39990234375,2600.0,2960636
2026-03-06,2557.60009765625,2619.199951171875,2553.60009765625,2572.0,3998643
2026-03-09,2527.39990234375,2560.0,2505.0,2530.0,3653428
