Price,Close,High,Low,Open,Volume
Ticker,BAJFINANCE.NS,BAJFINANCE.NS,BAJFINANCE.NS,BAJFINANCE.NS,BAJFINANCE.NS
Date,,,,,
2014-01-01,15.031712532043457,15.459603298530972,14.933115978389193,14.933115978389193,1199500
2014-01-02,15.021183013916016,15.125044294265276,14.92162882261209,15.03362683137616,697300
2014-01-03,14.89003849029541,15.354305775044262,14.728741759907942,15.046070493942382,5128200
2014-01-06,14.851268768310547,15.124564404213942,14.646895679228749,15.03984767764506,4769600
2014-01-07,14.87615966796875,15.047029148654143,14.792400566115978,14.887646760923664,2253900
2014-01-08,14.889559745788574,14.9402944777179,14.789527195435218,14.9402944777179,1756800
2014-01-09,14.840741157531738,14.91205643877848,14.712948051561037,14.800058427421524,3188200
2014-01-10,14.938379287719727,14.976190925065117,14.829252377244023,14.931199285118952,2183900
2014-01-13,14.989593505859375,15.04607132839992,14.886688952269111,14.943166774809656,1445600
2014-01-14,14.866586685180664,15.028361786172576,14.838347774070153,15.028361786172576,366000
2014-01-15,14.884294509887695,15.026925059165581,14.665083959222663,14.875679419490126,6362600
2014-01-16,15.163335800170898,15.3543083861933,14.825904826886267,14.885254657484419,3605500
2014-01-17,15.064737319946289,15.16285550783546,14.693802751726533,15.009695498730967,1908300
2014-01-20,15.024053573608398,15.258579950017404,14.847441019228155,15.124565399444064,900000
2014-01-21,15.28586196899414,15.316015242544486,15.007780866679743,15.028839774165647,1141400
2014-01-22,15.062342643737793,15.411739917458354,14.982412280903642,15.325587190045217,1061800
2014-01-23,15.070477485656738,15.17242529302859,14.838344791290034,15.17242529302859,693400
2014-01-24,14.84265422821045,15.171470056039325,14.687101498922678,15.171470056039325,1734000
2014-01-27,14.279789924621582,14.789526286700688,14.090733564858114,14.789526286700688,1689900
2014-01-28,14.700982093811035,14.818244828395045,14.119452046653691,14.1371615039382,2383200
2014-01-29,14.475552558898926,14.92019615522032,14.322392511262407,14.789531021716146,413100
2014-01-30,14.343449592590332,14.443003787084718,14.215178122885863,14.224271576755196,5068000
2014-01-31,14.656949043273926,14.885253988013645,14.358765728713019,14.364030456112049,734800
2014-02-03,14.286012649536133,14.779953931354008,14.186937740806409,14.779953931354008,983900
2014-02-04,14.179758071899414,14.591376272891099,14.11945152491322,14.481770995200266,515900
2014-02-05,14.208475112915039,14.45448855824661,14.124236751201652,14.257294564221967,497800
2014-02-06,14.197466850280762,14.502350847273751,14.128544303098591,14.502350847273751,1315400
2014-02-07,14.300372123718262,14.36833703638379,14.16779266211919,14.358285945187838,305600
2014-02-10,14.222356796264648,14.54973664535456,14.148648790655482,14.377910448825562,329100
2014-02-11,14.029470443725586,14.358764648199204,13.975864622742828,14.348713556764936,168200
2014-02-12,14.185503959655762,14.31090343459819,14.07398430400255,14.167316138049667,1193600
2014-02-13,14.188372611999512,14.348234252215478,14.044306977566421,14.044306977566421,838600
2014-02-14,14.12328052520752,14.310901810154808,13.985436334489219,14.188852713233043,310700
2014-02-17,14.395617485046387,14.477462210516588,14.119929123867774,14.119929123867774,1506000
2014-02-18,14.908706665039062,15.105421421269691,14.416201317639398,14.846964110634769,8535600
2014-02-19,14.743579864501953,14.847441142055498,14.69188749410385,14.847441142055498,745300
2014-02-20,14.476505279541016,14.81632890568388,14.293670375025052,14.789525997742974,791000
2014-02-21,14.642589569091797,14.741664481523205,14.368815552360545,14.407583916972342,1091000
2014-02-24,14.610520362854004,14.837389276646475,14.515274181033696,14.643067273939256,586100
2014-02-25,14.86945629119873,14.894824111446136,14.473633212539204,14.473633212539204,5958500
2014-02-26,14.817288398742676,14.980977867848466,14.60286419546427,14.933116047907815,892600
2014-02-28,15.04319953918457,15.172428642664446,14.836912066522194,14.885253161455507,1607100
2014-03-03,15.21023941040039,15.258580505460582,14.981457028062477,15.11451485834996,15068400
2014-03-04,15.173381805419922,15.220286888692547,15.047982370745386,15.047982370745386,881900
2014-03-05,14.910140991210938,15.285383553231563,14.837389714571207,15.172427911997977,1832600
2014-03-06,15.473003387451172,15.766402122487053,14.942686474764315,14.95321684101292,5313300
2014-03-07,15.667325973510742,15.746777973175035,15.187742887431588,15.507943611650855,4682400
2014-03-10,16.006193161010742,16.033952794805753,15.533309880737544,15.667326250126356,6902500
2014-03-11,16.2225284576416,16.39818424254242,15.977950138785655,15.993266866045968,3036400
2014-03-12,16.18471908569336,16.35750290397089,16.12967818088331,16.23497453931562,944800
2014-03-13,15.766401290893555,16.512577435188597,15.603188382346513,16.512577435188597,1025600
2014-03-14,15.850162506103516,15.986092337196027,15.655839575600659,15.79464140798679,1189300
2014-03-18,15.988008499145508,16.08181870352783,15.70896969930607,15.794644086819423,1363000
2014-03-19,15.978432655334473,16.090909936471206,15.754436644008944,15.797991373271927,3110500
2014-03-20,15.813305854797363,16.012892566065393,15.794638762421233,15.986089659562888,7044100
2014-03-21,16.017677307128906,16.08947184682855,15.823356243596205,15.823834606075257,1993000
2014-03-24,15.861169815063477,16.233062018981084,15.794640902294066,16.120106376042607,1076900
2014-03-25,15.894198417663574,16.127767205102415,15.801344937886283,15.823840763832798,7825700
2014-03-26,15.889893531799316,16.12776944203018,15.842508234196202,16.127291079298626,5335600
2014-03-27,16.253164291381836,16.319214841951123,15.794640989561088,15.890844814197486,3692300
2014-03-28,17.208498001098633,17.46791289617876,16.099524064371714,16.099524064371714,8717000
2014-03-31,17.144371032714844,17.374111130920983,16.895485469871858,17.230523797768647,2686500
2014-04-01,17.014659881591797,17.219033929943546,16.563315600032254,17.134794633891758,4765300
2014-04-02,16.76624870300293,17.230515967497862,16.666216160580607,17.230515967497862,2669800
2014-04-03,16.711210250854492,16.799754802379336,15.905682328083646,16.446051307253985,4806800
2014-04-04,16.832300186157227,16.971580373269262,16.532202542162647,16.675311455513132,1402100
2014-04-07,16.923242568969727,17.13288042288775,16.84761928126098,16.88495164958906,918400
2014-04-09,16.81171989440918,17.16111627382908,16.723653712166136,16.895478987795578,4270800
2014-04-10,17.097461700439453,17.383679570578312,16.694937808779333,16.694937808779333,16494400
2014-04-11,16.870594024658203,17.278381739817306,16.847619837433687,17.134794439022766,1397600
2014-04-15,16.82607650756836,17.033800865633896,16.71359923871892,16.905050142183217,1833200
2014-04-16,16.969188690185547,17.13479344330856,16.819379032201198,16.88638631362404,9339800
2014-04-17,16.916542053222656,17.120435906633286,16.84761949295833,17.03906861483272,8537600
2014-04-21,16.93329620361328,17.22956520742536,16.8189036167297,16.87633817861176,7016100
2014-04-22,16.896913528442383,17.11564386565174,16.7940089922154,17.0007747896562,16532900
2014-04-23,17.48658561706543,17.718719317151987,16.905055460182712,16.90553382284924,5004800
2014-04-24,17.48658561706543,17.48658561706543,17.48658561706543,17.48658561706543,0
2014-04-25,17.35495948791504,17.693348060366276,17.10224528727339,17.693348060366276,2266400
2014-04-28,17.774234771728516,17.804866404948644,17.249660977815708,17.606714775329873,1900500
2014-04-29,17.925003051757812,17.98578796221659,17.483709933196142,17.625862125121802,2954900
2014-04-30,17.899635314941406,18.091086239229192,17.4985483855336,17.891021137093365,4711000
2014-05-02,17.975255966186523,18.168620312474715,17.90059124863408,18.168620312474715,855800
2014-05-05,17.978607177734375,18.0130675373366,17.793856999318027,17.948453906629638,642400
2014-05-06,17.987703323364258,18.09108623821424,17.71871566940256,17.71871566940256,8320400
2014-05-07,18.03316879272461,18.05183588494111,17.80773772769343,17.80773772769343,8936300
2014-05-08,18.08246612548828,18.0925172145673,17.86469252877615,17.86469252877615,955700
2014-05-09,18.20404052734375,18.235628886786596,18.013548168188176,18.07864016301489,2512600
2014-05-12,18.188722610473633,18.39788204961495,17.73785864980674,18.157612615593102,9285600
2014-05-13,17.994882583618164,18.36007406573869,17.528223461771987,18.36007406573869,5057700
2014-05-14,17.28699493408203,18.187768064125105,17.086929835932423,17.995838781093358,4048400
2014-05-15,16.61452293395996,17.32623861971818,16.321124255320946,17.32623861971818,9318100
2014-05-16,16.95626449584961,17.230517795083976,16.75189230077609,16.94334322882379,5966800
2014-05-19,17.22956085205078,17.42148831443755,16.972059375341,16.972059375341,14438200
2014-05-20,17.041460037231445,17.40521642535942,16.943342763017675,17.329593146536588,6544100
2014-05-21,17.62251091003418,17.699090910521086,17.11373217804837,17.36405272371166,3973600
2014-05-22,19.561899185180664,19.815093542245798,17.622509832845445,17.709140918866908,14796500
2014-05-23,19.411617279052734,19.81509975330993,19.197672316572827,19.81509975330993,2847800
2014-05-26,19.201011657714844,20.006537404162845,18.570661487704115,19.786370201833726,4504100
2014-05-27,18.937297821044922,19.384333141470442,18.666394876971534,18.666394876971534,5453000
2014-05-28,18.625713348388672,19.286695468187613,18.331357837598233,19.286695468187613,3062400
2014-05-29,19.04402732849121,19.09523950293826,18.475898829727786,18.475898829727786,862200
2014-05-30,19.344608306884766,19.526008160166956,18.857846952068794,19.22160155806516,3352200
2014-06-02,19.946720123291016,20.102273797601452,19.228303410726944,19.487718380190366,4104200
2014-06-03,20.233896255493164,21.34669922053321,20.00511293134627,20.028087118870637,3762100
2014-06-04,20.23197364807129,20.629233594846134,19.721279718516644,20.57131887147221,1099200
2014-06-05,20.902050018310547,21.059517084551477,19.71936636251494,20.2267081055783,2348000
2014-06-06,20.549787521362305,21.059523046910158,20.26117602377855,21.059523046910158,6723500
2014-06-09,20.572277069091797,21.049945764354327,20.24585491223672,21.049945764354327,6161500
2014-06-10,20.217620849609375,20.607221623096223,19.904119896817196,20.607221623096223,3010700
2014-06-11,19.53701400756836,20.538776443159,19.258453621627172,20.253995517950724,2823900
2014-06-12,19.724157333374023,20.301380326669825,18.708515012238653,19.145020889656664,10122300
2014-06-13,19.387205123901367,20.0917419318674,19.097158547341344,20.0917419318674,3729200
2014-06-16,19.08710479736328,19.804562772842647,18.908576981460687,19.804562772842647,3938000
2014-06-17,18.835350036621094,19.097158614663822,18.241853599765804,19.07753479343961,8111600
2014-06-18,20.23628807067871,20.569412876908643,18.83535194906823,19.00143507663478,3612400
2014-06-19,20.094135284423828,20.532554594071296,19.815574891482314,20.312865663756323,2175800
2014-06-20,19.839984893798828,20.150133661096746,19.644705228843193,19.89359071833342,2877000
2014-06-23,19.721765518188477,20.04435901789844,19.635612778129534,19.738517338432633,665700
2014-06-24,19.4599552154541,19.853384688051104,19.43219375449292,19.528397578202597,4513300
2014-06-25,19.259408950805664,19.695916593313637,19.078010954777405,19.575781866859543,2916100
2014-06-26,19.193843841552734,19.73851999275256,19.10673253875743,19.73851999275256,3136500
2014-06-27,19.138317108154297,19.353698923962348,18.96313965452226,19.33598855551969,3055600
2014-06-30,19.207721710205078,19.422625204806153,19.09715969296195,19.240746989172855,1653900
2014-07-01,19.23739242553711,19.37475732606487,19.145017337116805,19.37475732606487,4688200
2014-07-02,20.101316452026367,20.283192847141372,19.24074754914593,19.24074754914593,6191800
2014-07-03,20.985849380493164,21.119928793687397,20.063690048460494,20.12156740424654,5565900
2014-07-04,21.906078338623047,22.52342396231459,20.565284118111787,20.565284118111787,4165500
2014-07-07,21.43198013305664,22.841262139700483,21.31767518908415,22.349315576895105,3222100
2014-07-08,20.678627014160156,21.799975669191355,20.59422482288464,21.799975669191355,1923500
2014-07-09,21.029741287231445,21.99289398698136,20.59518822532835,20.883603612344224,2307900
2014-07-10,21.20288848876953,21.76476698854108,19.891995041501787,21.075561228006688,3997900
2014-07-11,20.514646530151367,21.578119748082404,20.30532907839468,21.085691105687875,1122900
2014-07-14,20.663190841674805,21.365902725560183,20.54599185513389,20.80402243966794,1315000
2014-07-15,21.187938690185547,21.34661482952668,20.74856336565109,20.74856336565109,3106900
2014-07-16,21.115589141845703,21.578116805045116,20.94244461006516,21.505771022190398,4487000
2014-07-17,21.216394424438477,21.500951720873203,21.134402403518337,21.365906364033545,2646100
2014-07-18,21.06494903564453,21.39436136036676,20.742290726080817,21.39436136036676,2881100
2014-07-21,20.98247528076172,21.374103260825702,20.883602835134578,21.10546053383935,2885700
2014-07-22,21.52265167236328,21.654801120420043,20.88360338359328,20.895661627464857,1377700
2014-07-23,21.626829147338867,21.766214650757718,21.317675191669874,21.67457640954486,1324800
2014-07-24,22.048837661743164,22.174236754909703,21.607050463651646,21.678914200543648,4084000
2014-07-25,22.118778228759766,22.383561040001283,21.245331824532105,22.184853882663944,7371400
2014-07-28,21.474905014038086,21.954311292945423,21.31815703846111,21.60705446580009,1733900
2014-07-30,21.35191535949707,21.79997272560668,21.231340291147287,21.41413287485328,3537300
2014-07-31,21.147903442382812,21.607053168119624,21.076523571692235,21.350952561361705,4863200
2014-08-01,21.20481300354004,21.751740952854817,20.942924316055347,21.462361533281687,1756000
2014-08-04,21.165267944335938,21.703033642320452,21.076525592787018,21.703033642320452,1218500
2014-08-05,21.28584098815918,21.404487922216916,21.030222416793258,21.07652356960459,2146900
2014-08-06,21.09630012512207,21.31767580884601,21.047586950876212,21.125236968591455,809000
2014-08-07,21.12909507751465,21.317675794501714,20.84502167324498,20.95112649894436,7479600
2014-08-08,21.259313583374023,21.703512837898945,20.739394302675485,21.124752127589055,1957600
2014-08-11,21.697240829467773,22.07005834384917,21.221210724398187,21.221210724398187,2361400
2014-08-12,21.962024688720703,22.137583060921802,21.574254860710177,21.973600896032398,8284800
2014-08-13,21.738243103027344,22.26298654534348,21.699177992002607,21.74210306643006,1333600
2014-08-14,21.797080993652344,22.22246986534665,21.52988620162938,21.52988620162938,4424700
2014-08-18,21.95720672607422,22.11829487017269,21.655286964746075,22.107684571312348,1212100
2014-08-19,21.921510696411133,22.180505325960272,21.704475216981674,21.772480832428215,2477200
2014-08-20,22.0406436920166,22.15205458393903,21.925854872630385,22.15205458393903,10504900
2014-08-21,22.49738311767578,22.764577935998744,21.997720270601054,21.997720270601054,2000800
2014-08-22,22.905406951904297,23.00572550622783,22.378735461620597,22.378735461620597,1459200
2014-08-25,23.134016036987305,23.439793883107004,22.625189072453484,22.625189072453484,1993500
2014-08-26,23.29462432861328,23.343337502563895,23.005726892105322,23.19864592677464,1280000
2014-08-27,23.879173278808594,24.018556945949765,23.34333756311107,23.34333756311107,4764800
2014-08-28,23.839141845703125,23.88158303919186,23.64043286956487,23.64043286956487,14013300
2014-09-01,23.508764266967773,23.90280427191272,23.155237311856077,23.844926909439767,2690200
2014-09-02,23.43256187438965,23.727247415302582,23.343337487849638,23.507319679121593,881800
2014-09-03,23.980453491210938,24.061961623561977,23.34333520833194,23.41085695582151,2871900
2014-09-04,23.577735900878906,24.01855729165811,23.199612231521638,23.777407114352645,2702600
2014-09-05,23.5073184967041,23.815990408318104,23.16006167622349,23.439794906187533,1156600
2014-09-08,24.848115921020508,25.066115531951436,23.343339243145884,23.728697145637387,3115100
2014-09-09,25.200672149658203,25.542622878126274,24.597314752718166,24.983154616167436,3046600
2014-09-10,24.774322509765625,25.51368940711962,24.5712733693966,25.290865775655877,1008400
2014-09-11,25.070934295654297,25.42687326854216,24.578023681400612,24.93106860217333,1719800
2014-09-12,25.29279327392578,25.407580246225052,25.079133855860157,25.407580246225052,1182400
2014-09-15,24.84473991394043,25.464977869172063,24.645548883938655,25.272540854938274,2813500
2014-09-16,24.805185317993164,25.243596459172885,24.645543308835528,25.243596459172885,2176100
2014-09-17,23.92788314819336,25.021741020391335,23.71663574131463,24.805187544643882,1647000
2014-09-18,24.605030059814453,25.272534929949877,23.69251877155651,24.55872891000015,1458900
2014-09-19,25.924606323242188,26.167686465101994,24.549087073620885,24.828820303075634,3817000
2014-09-22,25.873964309692383,26.236171576002025,25.51802718288385,25.668022976049016,1687700
2014-09-23,25.517061233520508,26.10112615691245,25.27253501012812,25.87396240479813,756800
2014-09-24,25.19681739807129,25.768826015076325,24.88669751993003,25.768343979658024,794700
2014-09-25,24.36002540588379,25.46545770197152,24.10537088405897,25.275430881416387,2525100
2014-09-26,24.664356231689453,24.79023738158225,24.037848214044825,24.11501619226689,3711200
2014-09-29,25.597126007080078,25.81946575006752,24.31758146587351,24.31758146587351,580800
2014-09-30,26.249675750732422,26.526516758531955,25.59037095455262,25.597124969210807,5372500
2014-10-01,26.719919204711914,27.105277038690513,25.796795730463483,26.246781259601214,6349700
2014-10-07,25.887950897216797,26.98325486090235,25.600501427470927,26.950941932228947,4899100
2014-10-08,26.057723999023438,26.30659042745994,25.760144394876015,26.051935894223554,1341200
2014-10-09,26.72618865966797,26.96155069796368,26.09244464369573,26.526515635480884,4362200
2014-10-10,26.34999656677246,26.815898509807575,26.09293186582845,26.815898509807575,2749600
2014-10-13,25.921714782714844,26.893067693840297,25.803069672346695,26.044219856200403,853000
2014-10-14,26.31140899658203,26.883417506702322,26.04421423838494,26.246779466009777,6291400
2014-10-15,26.31140899658203,26.31140899658203,26.31140899658203,26.31140899658203,0
2014-10-16,25.46738624572754,26.28488513247726,25.3207665378437,26.120420916402317,4973800
2014-10-17,24.74875831604004,25.75483792067426,24.491209752850324,25.71577097642473,2294300
2014-10-20,24.9628963470459,25.320281380997155,24.481078126817103,25.118198192104867,1109900
2014-10-21,25.50162696838379,25.65837492528066,24.887177258736678,25.06996800270205,1464200
2014-10-22,26.027334213256836,26.15996752379084,25.504520895812178,25.504520895812178,748400
2014-10-27,27.412986755371094,27.817635230871627,26.304660435313394,26.35288973237334,4833900
2014-10-28,27.16942596435547,27.66281865309093,27.008819857959697,27.16894392893636,1326300
2014-10-29,26.481664657592773,27.385011856072616,26.219292059229012,27.12312313292795,9653800
2014-10-30,26.96107292175293,27.105280626503642,26.246784733778817,26.246784733778817,1237800
2014-10-31,27.09080696105957,27.375364211581097,26.815895937315172,27.10382927521721,3217900
2014-11-03,26.909461975097656,27.394656320895372,26.349029637145275,27.394656320895372,2915000
2014-11-05,27.532114028930664,27.684039811102526,26.719921181859267,27.307844300808654,2914500
2014-11-07,27.810884475708008,28.92837504480805,27.34643047064717,27.683557211545498,6039800
2014-11-10,27.891429901123047,28.1181098127305,27.540314940032548,28.1181098127305,2291700
2014-11-11,27.946895599365234,28.323089310081386,27.64545785941192,27.64545785941192,1278300
2014-11-12,28.815032958984375,28.92837383192308,27.95412693581074,27.95412693581074,1664100
2014-11-13,28.799596786499023,29.130937206303592,28.552176511111757,28.895573333835816,1227800
2014-11-14,28.714231491088867,29.11164758736715,28.50684220646068,28.648639722079448,1976500
2014-11-17,31.620092391967773,32.65173283036609,28.71616381459865,29.11164996176719,5881300
2014-11-18,30.55613899230957,31.54244418216398,30.48717113022262,31.359167690949832,2036200
2014-11-19,29.178205490112305,30.944390510477415,28.98624869562791,30.84792823801765,3999300
2014-11-20,30.061296463012695,30.143770510906517,28.6360999499685,29.27563028815836,1360700
2014-11-21,29.860172271728516,30.94245377516096,29.767571816566928,30.19199470900709,1552200
2014-11-24,29.416458129882812,30.857570825548404,29.230289461670935,29.86885564732843,1606800
2014-11-25,28.992036819458008,29.6137226431312,28.504914302101504,29.6137226431312,2524800
2014-11-26,28.949111938476562,29.420319931738,28.70651566892786,29.24524541356151,1102600
2014-11-27,29.376911163330078,29.53510523469533,28.745580983960892,29.02531420090595,1193700
2014-11-28,29.824003219604492,29.999077720440113,29.376909918998518,29.43671541852733,1929900
2014-12-01,29.77866554260254,30.288456544576558,29.24765210713217,29.92094323893023,4525200
2014-12-02,29.8553524017334,29.99907804834504,29.288167900356225,29.481086910158666,1658900
2014-12-03,29.95519256591797,30.33620843865831,29.420320926165164,29.978343144289482,5016000
2014-12-04,30.201642990112305,30.452439356256555,29.5664547141578,30.085891953325458,3114000
2014-12-05,30.86528778076172,31.060620644245713,29.903581277582482,29.903581277582482,1812400
2014-12-08,31.394853591918945,31.638895930864198,30.56867265323809,31.060137097847353,1994700
2014-12-09,31.36351203918457,31.609968306214494,31.108375454230494,31.53279847683542,1324700
2014-12-10,30.824777603149414,31.60031550601745,30.74133948546545,31.363507342948534,846600
2014-12-11,31.85593605041504,32.15930187712146,30.501153590496692,30.82477594134093,2765200
2014-12-12,31.868473052978516,32.176180881488975,31.64034521594414,32.04403327738852,840300
2014-12-15,32.24997329711914,32.507041658683946,31.33746193403573,31.83182048815485,1129100
2014-12-16,30.46353530883789,32.236952749643876,30.28846078699055,32.236952749643876,1629000
2014-12-17,30.874452590942383,31.253060082633326,29.90309984195234,30.655006916976294,1595300
2014-12-18,32.06863021850586,32.555272550839305,31.08473709541024,31.203866072736066,3191400
2014-12-19,32.08937072753906,32.2755394331666,31.946610968037312,32.09226661976599,2694800
2014-12-22,32.11347961425781,32.28517985707758,31.494207742807895,31.908986251468693,1402400
2014-12-23,33.60283279418945,33.90572033689848,31.944203919376523,32.23599360717861,3296600
2014-12-24,33.03563690185547,33.732078536715214,32.79641493318933,33.732078536715214,886900
2014-12-26,33.36939239501953,33.568097660625114,32.757833069383935,32.9893388153067,698300
2014-12-29,33.44319152832031,33.94429863844137,33.20155562877757,33.58643332489398,1577400
2014-12-30,33.366981506347656,33.55845625904979,33.01104438005759,33.41424673039368,1138500
2014-12-31,33.606204986572266,34.10779776954601,32.84513365555201,33.36553685782343,1585300
2015-01-01,33.758121490478516,33.953934516269584,33.4234050368835,33.60619575132862,756600
2015-01-02,33.21843719482422,33.95394597753811,32.95268849033724,33.66456649834274,1404300
2015-01-05,33.131614685058594,33.95393747354067,32.90252280805905,33.42340794794729,1446200
2015-01-06,33.04576873779297,33.61632934346613,32.7211823147317,33.27872060628061,1378100
2015-01-07,33.71858596801758,33.9341735644332,32.83259744687957,32.83259744687957,1094700
2015-01-08,33.661190032958984,33.94237124251734,33.42823812541832,33.42823812541832,968600
2015-01-09,33.27920150756836,33.87725282719938,33.191905274238145,33.57774697186669,1731600
2015-01-12,33.16489791870117,33.857479709558525,32.78195209731058,33.279202854712906,1177400
2015-01-13,33.5970344543457,33.85506315373028,33.01875402880084,33.1832200491892,1419200
2015-01-14,36.40353775024414,39.915168597709204,33.545911057158875,33.759570444584334,41759300
2015-01-15,37.23551940917969,38.436446316160605,36.89597879612617,37.02137792430012,12232000
2015-01-16,37.98403549194336,38.38145335594839,36.67652026913597,37.21428767731417,5086200
2015-01-19,37.63630676269531,38.39110425180595,37.468948494891805,38.02310887678961,3989900
2015-01-20,37.665245056152344,38.00719581527862,37.571196638499174,37.95703469671186,1867600
2015-01-21,36.82265853881836,37.94738305239801,36.655782331871585,37.915550323984164,5657400
2015-01-22,37.046932220458984,37.52296234982648,36.71269775180493,37.08406733938775,1217100
2015-01-23,37.331485748291016,37.58855039493475,36.85738378393085,37.58855039493475,4241800
2015-01-27,40.219505310058594,41.71897755993129,37.23406516035978,37.469912930451265,11599500
2015-01-28,41.695823669433594,43.33371346502954,40.32994898268389,40.648265240204594,13940500
2015-01-29,39.822574615478516,41.91141799359532,39.64750009354878,41.783608698639405,4071600
2015-01-30,39.07162857055664,41.094396053416105,38.68144855836859,40.40711668568163,5898700
2015-02-02,40.128353118896484,40.80212452064768,38.76681657052983,39.53898206580463,3765600
2015-02-03,40.24603271484375,41.04375713268701,39.93446858727678,40.50840347481053,2104900
2015-02-04,39.61807632446289,40.60968566945185,39.10780323104362,40.51178097068635,2867700
2015-02-05,39.84282684326172,40.70614479508001,39.115516453214255,40.015973204906814,3847300
2015-02-06,38.993980407714844,39.88623526999874,38.30429079812383,39.84283000713289,3343100
2015-02-09,38.651546478271484,39.06632503848493,38.246415984849605,38.993979256185504,980600
2015-02-10,38.620670318603516,39.06631745451313,38.264733260007084,38.88304469730487,1728700
2015-02-11,39.66775131225586,39.95375281284272,38.637557164693234,39.047029625102454,2503400
2015-02-12,39.80183410644531,40.14860888552343,39.201850926854654,39.74154656725944,1900700
2015-02-13,40.36275100708008,40.5614562962148,39.413582855892095,39.413582855892095,1042000
2015-02-16,41.538116455078125,42.43133541191448,40.362752243124916,42.43133541191448,3374400
2015-02-18,41.661102294921875,42.32667912310438,40.57640855880695,42.32667912310438,2920100
2015-02-19,41.56898880004883,41.75612158256301,40.522876216722366,41.69052796566239,2802200
2015-02-20,40.428340911865234,41.39149544797763,39.838005789792795,41.381851060605086,5721400
2015-02-23,40.151981353759766,40.995524829600775,39.90890306627669,40.12738283193379,1133200
2015-02-24,39.74492263793945,40.41676959592353,39.54910955536309,40.346833986650836,1707400
2015-02-25,39.37017059326172,40.41676499903857,39.16278132535119,40.094588764742255,5669600
2015-02-26,39.518245697021484,40.116782870716335,39.25925282859874,39.519695483057696,1905200
2015-02-27,39.61711120605469,40.12642021523207,39.1729137689765,39.64556601176495,2808100
2015-03-02,42.166072845458984,42.86685297410976,41.12430234288822,42.35079175653802,4168400
2015-03-03,41.76624298095703,43.185171172587424,41.429598298980025,42.68357839731968,2753700
2015-03-04,41.60273742675781,42.43277645820806,41.091978708817074,41.76816384695912,2221400
2015-03-05,41.881507873535156,42.17233708734215,41.23426320268198,41.35049627334174,1266200
2015-03-09,40.65694808959961,42.30738194544697,40.03092399231902,42.30738194544697,2486700
2015-03-10,40.34442138671875,41.468181984317965,40.00102453981815,40.995526064756554,1462900
2015-03-11,39.86405563354492,40.58461399718332,39.45217290109471,40.532524731443694,1320800
2015-03-12,39.92964553833008,40.75437867710042,39.65521652747719,39.9344695720285,1240500
2015-03-13,39.62193298339844,40.57543937536174,39.355220250324656,40.32030284992631,2544500
2015-03-16,38.63322067260742,40.06951323790506,38.5165055501897,40.06951323790506,7726900
2015-03-17,38.91102600097656,39.741547213174066,38.700740823645596,38.87340516292393,3119500
2015-03-18,39.047515869140625,39.64508520588497,38.595120137013176,38.970831766025114,4020200
2015-03-19,38.92646026611328,39.60795162262508,38.82517763557962,39.12420517310253,1964100
2015-03-20,38.781768798828125,40.021280419752195,37.63051748497827,39.30747435836614,3521000
2015-03-23,38.51650619506836,38.99880654443845,38.2092803720859,38.99880654443845,4545900
2015-03-24,38.27583694458008,38.969868569601225,37.928580114369566,38.584026829442976,2209100
2015-03-25,38.0843620300293,38.29464721265082,37.82199126680989,38.11378458760334,2225600
2015-03-26,38.16490173339844,38.8734016959179,37.985970950062416,38.101721986552455,2005500
2015-03-27,38.21410369873047,38.58354520020316,38.0245570744552,38.39110636349816,1488400
2015-03-30,38.58064651489258,39.259245605811635,38.21410093204693,38.574380055081846,2434500
2015-03-31,39.630126953125,40.503574906280036,38.4865920488486,38.8830458402344,3770100
2015-04-01,39.93495178222656,40.10809816412793,39.18401053321904,40.10809816412793,1292300
2015-04-06,40.907264709472656,41.22703077602523,40.07915372060344,40.10809424042987,1274900
2015-04-07,41.875240325927734,42.10481794908577,40.612579957025375,41.23667593129995,1844900
2015-04-08,43.302852630615234,43.696410625632595,41.338926298132975,41.87476201214749,1882400
2015-04-09,43.45188522338867,45.32658712698631,42.44339357386806,43.81216068897641,5351800
2015-04-10,43.62021255493164,44.35234345835859,43.20253803243751,43.69641463306052,3245100
2015-04-13,42.96089553833008,43.62020213396229,42.63534506039013,43.62020213396229,3008200
2015-04-15,42.982601165771484,43.30815163854989,42.22056585997683,42.972953099812095,3832700
2015-04-16,44.2264518737793,44.41985475576557,42.20127421849644,43.13934810965265,1044800
2015-04-17,43.69110107421875,44.42033963991626,42.84080539622045,44.17822541531468,1872200
2015-04-20,43.968902587890625,44.31374549926778,42.81572325324957,43.1451336752939,1909900
2015-04-21,42.18584442138672,43.88932798911711,39.92771476401583,43.4552569763698,12573800
2015-04-22,41.28394317626953,42.43278438006601,40.436057641396644,41.574768742654314,1725600
2015-04-23,41.23329544067383,41.850642881419645,40.908709034663154,40.908709034663154,7722400
2015-04-24,39.933494567871094,41.09197997867608,39.74154148152411,40.63090399946313,2896900
2015-04-27,38.53772735595703,40.64827345073645,38.342878335771466,40.64827345073645,4170100
2015-04-28,38.65925979614258,40.50309279626617,37.74964071666641,37.74964071666641,2084600
2015-04-29,38.48274230957031,39.32676785498978,38.15043595240441,39.32676785498978,6349800
2015-04-30,39.01134490966797,40.51322735851815,38.111370117498694,38.43065416947545,4903600
2015-05-04,40.442325592041016,40.9955255677941,37.808484355880026,39.11358958802103,3258700
2015-05-05,41.3828239440918,42.394207991765946,40.99553602668807,41.09199463959266,3202100
2015-05-06,41.33699417114258,42.15545710259981,39.73623935883854,41.71801184942914,1621300
2015-05-07,40.32560348510742,42.04693307784528,39.45312330484833,42.04693307784528,1217700
2015-05-08,41.90658950805664,41.96012486922361,39.984622574559125,39.984622574559125,2022600
2015-05-11,41.93215560913086,42.924729032854785,41.483134123176725,41.785535897840596,1501100
2015-05-12,41.87813186645508,42.34596370078195,41.18892439254371,42.103363788581454,1168900
2015-05-13,41.739234924316406,42.538405449710055,41.58393489565784,42.01752389167616,1755000
2015-05-14,42.294837951660156,42.63534254401144,41.82314984112786,42.19644755328025,2771900
2015-05-15,43.25172805786133,43.39738369408239,42.36574335612143,42.38985616392652,1780800
2015-05-18,43.026493072509766,43.879684662775894,42.82875185504755,43.40702873087841,1529200
2015-05-19,43.22904968261719,43.811186404816915,42.804626811206326,43.39688995410018,1407200
2015-05-20,43.39496994018555,43.74463693129102,42.37104584548662,43.64625019901305,8276300
2015-05-21,44.1497688293457,44.371626520388546,43.146583346636106,43.59898272439062,4842800
2015-05-22,43.474544525146484,44.35040269743394,43.31056420530958,44.255872259937085,1645300
2015-05-25,43.43933868408203,43.88691400776721,42.843215526161885,43.40702391865594,2050000
2015-05-26,43.245941162109375,44.22693837567085,42.925693039488664,43.69062064922294,3720200
2015-05-27,42.554325103759766,43.53243014396003,41.53281111911247,43.081958854895504,4273000
2015-05-28,42.67585754394531,43.40654215680695,42.00835267668398,42.55431840607822,1993500
2015-05-29,40.67286682128906,44.265520514064846,39.70006794990876,43.397382190316925,23631300
2015-06-01,42.248538970947266,42.55817492096377,40.97140658638936,41.28490249875277,4038200
2015-06-02,41.33025360107422,42.83792449618342,40.971420487765094,42.83792449618342,2672400
2015-06-03,41.717525482177734,42.11156543369937,40.22384155037362,40.70614179994726,2593300
2015-06-04,41.98183822631836,42.24951510055097,40.59281437281025,41.76046251516869,1721700
2015-06-05,42.93100357055664,43.35880450416527,41.47783230331551,42.15305356511541,3294000
2015-06-08,43.14369201660156,43.501557277635406,42.49161959967897,43.501557277635406,2425500
2015-06-09,44.20138168334961,44.55490498429305,42.44339484793833,42.55336147660026,5611000
2015-06-10,43.920196533203125,44.32339888275582,43.45525685959412,43.92791277879534,2279800
2015-06-11,45.00151062011719,46.03074073145272,43.66168047697051,44.37162656081814,8594200
2015-06-12,45.109066009521484,45.47223735329238,43.49384271943494,44.99862103263988,3890000
2015-06-15,45.48381042480469,45.6526147881231,44.892511278012535,45.155364049441154,2678700
2015-06-16,45.33767318725586,45.52914793236893,44.71068502052416,45.48091863949098,2233600
2015-06-17,46.071250915527344,46.204366257932406,45.30535566137495,45.36034080515975,9815000
2015-06-18,47.29340362548828,47.439059262564385,46.07125627615749,46.07125627615749,8103900
2015-06-19,49.754581451416016,50.55278783834392,47.30401307287292,47.30401307287292,7863000
2015-06-22,51.95627975463867,52.56108693489802,49.60024550026858,50.159229884824654,12956100
2015-06-23,51.308082580566406,52.262071233639865,50.59379433958318,52.262071233639865,5400400
2015-06-24,50.67721939086914,51.798569771284704,50.40038023173976,51.36498081033765,10692000
2015-06-25,51.942779541015625,52.08843518138603,49.773392145905085,50.71870402248242,7445800
2015-06-26,52.43327713012695,53.04339041564724,51.123833537364,51.93409821608596,6722500
2015-06-29,52.62234115600586,52.76365479397435,50.36276169531895,50.44909386316648,5934300
2015-06-30,52.50707244873047,52.66719651747652,51.89551669678807,52.14631493829909,2855600
2015-07-01,53.03567123413086,53.680509474418635,52.37781435871641,52.570735223910354,5751000
2015-07-02,52.57652282714844,53.844007269514115,52.19454106316182,53.0530350414507,4948900
2015-07-03,53.64241027832031,53.92118129720451,52.61993219845747,52.61993219845747,5219900
2015-07-06,53.672794342041016,54.25926951599254,52.6667128739026,53.159143309733665,5063000
2015-07-07,53.61249923706055,54.59638853980699,53.363147144577724,54.196082116297596,5112400
2015-07-08,50.409061431884766,53.72728983544128,49.94219730469793,53.58356234497479,12273000
2015-07-09,48.6033821105957,51.00918374167704,48.11215562551024,50.40035134868213,18850200
2015-07-10,48.63581085205078,49.15752532062533,47.92437833888988,48.42576626972776,6691500
2015-07-13,49.31965255737305,49.75183793852051,48.786321884159314,48.88069535621136,9573700
2015-07-14,49.19285202026367,49.59696794399613,48.39672747789825,49.37627824637753,6645300
2015-07-15,49.923648834228516,50.12933642436487,49.192857139398555,49.24319163171067,4792000
2015-07-16,50.8059196472168,51.13356646723025,49.99382549940623,50.042221492801424,7216800
2015-07-17,50.12788391113281,51.387165585582764,49.945425074006934,50.73719636370138,8084100
2015-07-20,50.05674362182617,50.99564147108326,49.491953807762094,50.52425774044162,2941700
2015-07-21,49.43000030517578,50.61765349705487,49.19043516685056,50.04221863296283,4275200
2015-07-22,49.667633056640625,50.42939645538227,48.159592091893614,50.042224790330415,18540600
2015-07-23,49.7537727355957,50.5745808300666,49.36466262839036,50.04221755980452,9167900
2015-07-24,50.043190002441406,50.42939424758647,49.713124667790964,49.84863492924537,3066400
2015-07-27,50.60555648803711,50.821889184401506,49.37192213938066,50.04221786100947,7168100
2015-07-28,51.68141174316406,51.86870757026837,50.574093705159285,50.62297339287159,8062600
2015-07-29,52.65127944946289,53.236395657225025,51.69931451333132,51.97324088305889,5517800
2015-07-30,52.66144561767578,53.23204345065351,51.94807832419152,52.704037189778994,3616800
2015-07-31,53.34578323364258,53.694240310654386,52.08020966820974,52.31686893042729,6296500
2015-08-03,55.001426696777344,55.172265597203,52.800825372532024,53.47741284713858,4170800
2015-08-04,54.46471405029297,55.24970982384102,53.24947136814638,55.172273281981234,4563800
2015-08-05,53.83700180053711,55.36779125085174,53.53548965952295,54.688301528471435,5596900
2015-08-06,52.85358428955078,54.20433719089002,52.19200256101215,53.913957551557175,3163800
2015-08-07,53.06846618652344,53.960902742651506,52.65564361644047,52.99441924884282,4062800
2015-08-10,52.64305877685547,53.962352599306485,52.42720978000451,53.52678130173347,4285300
2015-08-11,52.77469253540039,53.099920807721674,52.30524370372355,52.65563921874351,3530600
2015-08-12,51.41571807861328,53.236403583326386,51.01015471740824,53.236403583326386,4404000
2015-08-13,51.84257507324219,52.38461605023712,51.41571411148145,51.49411804952988,3891700
2015-08-14,52.382198333740234,52.72339614897289,51.48250260778052,52.257816912577894,6539900
2015-08-17,52.26798629760742,52.55788224655201,51.01112312197765,52.55788224655201,8362500
2015-08-18,52.244754791259766,52.46254230224015,52.07730546479349,52.26847093291121,3680800
2015-08-19,52.18135452270508,52.36526076880396,51.88177716669114,52.244752644365036,6178000
2015-08-20,51.37602996826172,52.26846649354226,51.107427978863704,52.128115538576175,5316000
2015-08-21,51.72980880737305,52.25297803358397,50.400349952109934,50.448745939433906,4970900
2015-08-24,47.14616394042969,50.81657217639333,45.98899855811154,48.92909875708029,14469900
2015-08-25,47.579307556152344,49.198178757718125,47.03242583901436,47.56962983484455,24910200
2015-08-26,48.07973098754883,49.02588792511285,47.35135785340574,47.903083960668404,11040300
2015-08-27,49.364173889160156,49.80990655714725,48.41124155413877,48.41124155413877,6201100
2015-08-28,48.9048957824707,49.64439773723566,47.302961553185305,49.41499402365957,20694900
2015-08-31,48.601932525634766,49.06895918479838,48.38705093225785,49.00023665720317,4484400
2015-09-01,47.76805114746094,49.122677261240426,47.28360018239089,48.60193022834695,6406400
2015-09-02,48.609195709228516,48.929095925864466,48.08747751386629,48.116030670393975,4201500
2015-09-03,50.35389709472656,50.73526433185961,49.081064325038156,49.081064325038156,14177400
2015-09-04,49.12848663330078,50.85334376034435,48.51578462300359,50.85334376034435,6736300
2015-09-07,48.77470779418945,49.96478321227954,48.24912001328368,49.96478321227954,5277800
2015-09-08,48.509002685546875,49.36272081796564,47.96889288430117,48.93876580610984,3858700
2015-09-09,48.88020706176758,49.52727028054772,48.396723527872986,49.36369059566218,5512500
2015-09-10,48.92618942260742,49.51565900411009,47.80144697429592,48.5893486067838,5638800
2015-09-11,48.7534065246582,49.68359012117526,48.38317188976314,49.68359012117526,2067800
2015-09-14,49.837493896484375,50.14868743556613,48.74518168156958,48.74518168156958,6167300
2015-09-15,50.67137145996094,51.00046934974867,49.60664494778856,50.09254702123835,6967300
2015-09-16,50.33355712890625,50.96174857471879,49.848622517285015,50.83930197604226,4191600
2015-09-18,48.06375503540039,51.04886844687304,47.67077533171565,50.52618291747152,34401500
2015-09-21,47.776283264160156,48.61451199710141,47.138414002514274,47.90308319420004,7069800
2015-09-22,46.667999267578125,48.056983049021184,46.30115049030974,48.0385950092962,12573700
2015-09-23,46.89546585083008,47.225531173483475,45.27078649210943,46.66122511066822,14319300
2015-09-24,47.12002182006836,47.33829301172393,46.34519121337359,46.89788101700339,2846800
2015-09-28,46.68106460571289,47.586564752327455,46.55765058691278,46.761887052383415,2262200
2015-09-29,49.47065353393555,49.838953411581606,45.80411537599142,46.07562327207819,10475100
2015-09-30,49.667137145996094,50.33259208948691,48.60966992644587,49.50984927266723,8438400
2015-10-01,49.437744140625,50.2358072227437,49.13816678678339,49.75183992268789,5197600
2015-10-05,50.40567398071289,50.656851626927164,49.46193561929884,50.23096177235254,4358800
2015-10-06,49.99769592285156,50.743006048845984,49.77846099842256,50.57458562597474,7465000
2015-10-07,49.5592155456543,50.33307872146336,49.24027908324849,49.993819415139825,5900600
2015-10-08,48.797935485839844,49.559698733788935,48.65419493666115,49.559698733788935,4041600
2015-10-09,48.36139678955078,50.119647698481145,47.81596622538782,48.89327632966469,5027700
2015-10-12,48.04246520996094,48.781483489471874,47.782093518164444,48.36285280564393,4935200
2015-10-13,48.17070770263672,48.348325798384586,47.55461985655501,47.55461985655501,3583700
2015-10-14,47.814998626708984,48.25153732899833,47.6223820675167,48.170714880197195,2054700
2015-10-15,48.2452392578125,48.880689940299284,47.641735020402805,47.81596351756036,3411500
2015-10-16,48.37737274169922,48.609194977889956,47.903086837030834,48.39673187753555,2375900
2015-10-19,48.54627227783203,48.83665190319357,48.1707132013119,48.580149839251256,4130500
2015-10-20,51.405555725097656,51.774823008671085,48.67743157232908,49.06460319413593,37756200
2015-10-21,51.862422943115234,52.53658831988731,50.77784979766691,52.51045367133408,15041400
2015-10-23,51.039669036865234,52.091815572788576,50.87995895946657,52.0264789606933,4707600
2015-10-26,51.37700271606445,51.73271900098662,50.91336192272411,51.19406386185875,4329600
2015-10-27,51.501861572265625,51.881290260639105,51.1814739964563,51.301014710606665,2621600
2015-10-28,50.412452697753906,51.596719965048486,50.158369134589705,51.55219358648343,5687200
2015-10-29,49.96574783325195,50.81511276388401,49.50549669759102,50.81511276388401,10727000
2015-10-30,50.548927307128906,50.797202745764594,50.21644351552585,50.32291690262429,4139200
2015-11-02,50.55715560913086,50.81704727490256,50.09158006813094,50.65201647329903,2493100
2015-11-03,50.84947204589844,51.19405575744036,50.489398812267446,51.1650189036362,2081400
2015-11-04,51.73562240600586,51.784502099923024,50.90174693877744,50.90174693877744,4055300
2015-11-05,51.54881286621094,51.97809239349537,51.07549434973905,51.78450472148158,5950300
2015-11-06,51.27488327026367,51.600595274463124,50.832536445533535,51.600595274463124,4034000
2015-11-09,51.74722671508789,52.2684611081963,50.3325921782631,50.86011468932896,3162600
2015-11-10,51.70900344848633,52.24620745093503,51.30053418756882,51.746750623666976,3473900
2015-11-13,51.40361022949219,52.122301862413,50.719767250158505,52.122301862413,6087400
2015-11-16,51.03048324584961,51.474764894976886,50.44826913699029,51.300536362882546,5449100
2015-11-17,50.62684631347656,51.454913559449956,50.24209324046922,51.08758112134836,4155200
2015-11-18,51.06629180908203,51.39732451842742,50.09254912327745,50.99950408701317,5910800
2015-11-19,52.43301010131836,52.51044663367215,50.817528661190266,51.106940869964944,3507300
2015-11-20,52.73548889160156,53.11008054222639,52.178445814339725,52.48672975809495,3861000
2015-11-23,53.20542907714844,53.23640443259396,52.56901457133918,52.83471067661377,4035900
2015-11-24,53.67003631591797,54.20433438151278,53.13960786168396,53.13960786168396,6254800
2015-11-26,53.72521209716797,54.6399100173407,53.18800808787573,53.7687673827107,7798500
2015-11-27,54.004459381103516,54.44051440112725,53.37772259925833,53.52775128417233,3494800
2015-11-30,53.63325500488281,54.194658834406695,52.98086730382636,54.194658834406695,2645400
2015-12-01,54.24111557006836,54.445352038387995,53.19139115156039,53.38159289357549,4725100
2015-12-02,53.93960952758789,54.4937504678402,53.739730055592325,53.913958580994255,2736400
2015-12-03,53.683101654052734,54.249829887082896,53.527748568582325,54.19271988629926,1828000
2015-12-04,52.724361419677734,54.068338695513184,52.61449843043579,53.68164711541164,1700300
2015-12-07,53.01087188720703,53.44547578707218,52.65661042769741,52.778569653991944,1933400
2015-12-08,53.59646987915039,54.18013130133669,52.08165004755173,52.98473531439056,2675900
2015-12-09,53.27946853637695,53.92217845570699,52.860837903254186,53.62308852967075,7183900
2015-12-10,53.6017951965332,54.010748142189584,53.13863815139476,53.33416430152918,1871200
2015-12-11,53.47450637817383,53.99912668578041,53.247528579795485,53.60178999780062,2803200
2015-12-14,52.63579559326172,53.72036490390214,52.45285307741397,53.429985291545655,2855800
2015-12-15,54.26144790649414,54.44632526013012,52.55981931560562,52.99442325319332,3295800
2015-12-16,54.2841911315918,55.13258498724519,54.07850355788504,54.30161176801783,4391200
2015-12-17,55.528465270996094,55.75205716105964,54.446314492957065,54.4947104784754,9175600
2015-12-18,56.27377700805664,56.624168828009104,55.52072407752568,55.52072407752568,6464500
2015-12-21,56.81583023071289,57.34528765171444,55.6562427111294,55.6562427111294,3788400
2015-12-22,57.0640983581543,57.24316758726995,56.575777748224326,57.155569624683814,2572900
2015-12-23,57.219459533691406,57.606147484051064,56.68854730912049,57.10814542220531,2848900
2015-12-24,57.11684799194336,57.35012130826748,56.638688832903554,57.253329331533536,2460600
2015-12-28,57.16960144042969,57.25332978718664,56.96294646991931,57.25332978718664,902100
2015-12-29,57.944427490234375,58.06639039394844,57.02295420108827,57.204925615327625,3623100
2015-12-30,57.826351165771484,58.27934312472217,57.52629010153172,58.076077738806966,3829300
2015-12-31,58.17238235473633,58.46324938045264,57.70244979707285,58.07510667346059,5519300
2016-01-01,59.00384521484375,59.225502341847466,58.07607992663286,58.23191672837182,3039400
2016-01-04,58.58375549316406,59.03432890094862,58.03202941135176,59.03432890094862,4072000
2016-01-05,58.05526351928711,59.03287580289933,57.882486106913625,58.80202467988942,5112000
2016-01-06,59.11418151855469,59.8183547938804,57.60178377552384,58.04606907442567,3460100
2016-01-07,59.104984283447266,59.91417610998128,58.368384590727494,59.04206987001589,7822900
2016-01-08,61.120235443115234,61.61097829337691,58.972386687884004,59.39247219742918,10350700
2016-01-11,61.03989028930664,61.84133925886869,60.215208881346555,61.09506179193591,5324000
2016-01-12,60.09712219238281,61.26057920896086,59.54733459410534,61.076669279378166,5845200
2016-01-13,58.82960891723633,60.93534949973492,58.41533157629433,60.20552898509801,10359400
2016-01-14,58.81074142456055,59.250186068059264,57.973963705606394,58.56004743838795,5575400
2016-01-15,57.83699417114258,59.4882918283165,56.9290717882775,58.36645525042637,4152700
2016-01-18,53.26738357543945,57.834098018418985,52.92908791830485,57.25527348443368,11221300
2016-01-19,54.63893127441406,55.269053833894496,51.775297385147816,53.26736838027393,6370100
2016-01-20,54.58570098876953,55.1722683405499,52.82115453452415,54.397921453193064,9801800
2016-01-21,55.57929229736328,56.38267612342524,54.30113148222369,55.075965844674215,7095800
2016-01-22,56.340087890625,56.614498007478375,55.68963496407952,56.30475552957963,5613300
2016-01-25,56.68514633178711,57.592101199724674,56.37201799343709,56.38121570452182,4681400
2016-01-27,57.465789794921875,57.96863250517962,56.31443270515676,57.17589386832435,3929500
2016-01-28,55.90838623046875,57.88200253353708,55.462649823035036,57.587749598753476,6951900
2016-01-29,57.383033752441406,57.78521118884245,55.71431548968818,56.517699267239834,3596300
2016-02-01,58.1065673828125,58.72459013643272,56.94310663157744,58.72459013643272,3292700
2016-02-02,56.25054931640625,58.56101019072574,55.95678376730925,58.434210257071385,7836400
2016-02-03,61.751800537109375,62.81798178398613,54.21400856374536,55.753024533606876,51682900
2016-02-04,61.40480422973633,62.19609182407447,60.20553475851731,62.05428975516754,13885700
2016-02-05,64.83563995361328,65.33558043983703,61.44448320611258,61.44448320611258,23956600
2016-02-08,64.46589660644531,66.18688417843558,63.50618863943146,64.81871065276839,10352100
2016-02-09,63.72929763793945,64.52010150244136,61.90909586248518,63.88368332412884,9211800
2016-02-10,62.7086181640625,64.92470203725898,62.044610494530005,63.729302136263584,7918000
2016-02-11,59.810611724853516,63.25452156488988,58.66651385116247,63.25161935633772,11069400
2016-02-12,58.044612884521484,61.347691691443295,57.39851702729225,60.04097785740337,14716300
2016-02-15,60.108253479003906,60.97987979736607,59.20855770710139,59.49797363809322,9653700
2016-02-16,58.1864128112793,60.475579521119734,57.74019642607612,59.934502276388436,6572000
2016-02-17,59.15000534057617,59.67317465681971,56.43252606077493,58.550370572744384,6671700
2016-02-18,59.66300582885742,60.35072222600889,59.09240795544113,59.62477125925316,3276500
2016-02-19,58.54165267944336,60.157138009258,58.26966476494181,59.914670653205036,4720300
2016-02-22,58.099788665771484,59.42101724802237,56.63578693235245,59.42101724802237,5274800
2016-02-23,57.058292388916016,58.5111616430468,56.701608737100585,58.38097211013417,4355700
2016-02-24,56.277652740478516,57.17493001922962,56.14020767931085,57.17493001922962,4758100
2016-02-25,55.68429946899414,56.67256043864941,54.289507808923254,56.61932374932687,11698700
2016-02-26,56.22199249267578,56.72096188541801,55.52265994362494,56.57577392158912,10910400
2016-02-29,57.41836929321289,58.753636499559455,54.629748945453414,56.22200195570486,6404700
2016-03-01,60.09760665893555,60.59270277064406,57.69083755082617,57.69083755082617,8677500
2016-03-02,61.66614532470703,63.00285982246383,60.43202722779734,60.78629238576452,12220100
2016-03-03,60.08647537231445,62.044605900875254,59.81642227087158,61.76390767526355,6545100
2016-03-04,61.31429672241211,61.82197642584493,59.56669092641768,60.970196711340265,4627500
2016-03-08,60.9126091003418,62.26433312325081,60.72918655486184,61.365117349670626,5294900
2016-03-09,62.17817687988281,62.673760359951416,60.06566081744582,60.931478957146346,6285900
2016-03-10,61.995243072509766,62.52857004351162,61.76583936590928,62.240128916948876,4042300
2016-03-11,61.95167541503906,62.42983823130226,61.27025093952896,62.42983823130226,4313900
2016-03-14,63.077880859375,63.35131617879336,61.99621365595139,61.99621365595139,4579100
2016-03-15,62.66553497314453,63.83528008606686,62.151076050848225,63.35131281510425,5195800
2016-03-16,62.91983413696289,62.99408750731966,61.46048548471421,62.7499703881603,5833300
2016-03-17,63.88270568847656,64.54710569172981,63.04941942396099,63.43378636707067,9279200
2016-03-18,64.37627410888672,64.67425773196898,63.023214149448094,64.14429431374582,6992000
2016-03-21,64.58594512939453,65.18482277697261,64.06180222256849,64.71212480118149,11715900
2016-03-22,64.13508605957031,64.81792551343877,63.691017143405126,64.69271594077225,3453000
2016-03-23,66.72327423095703,66.96399236677424,64.15013169202456,64.35299370557826,12459400
2016-03-28,65.03437805175781,66.9737046528581,64.93537599231841,66.9639962453538,6596800
2016-03-29,64.61262512207031,65.50755352528437,64.4490781023599,64.49857542089033,4419400
2016-03-30,65.8841552734375,66.215137096191,64.74219948551156,64.76937709574773,4798900
2016-03-31,67.20809173583984,67.84725427542249,65.37213694095915,65.57111850111471,7455900
2016-04-01,66.75527954101562,68.24471585263797,66.0035263108941,67.35221670426112,6645800
2016-04-04,66.67957305908203,67.58323213454933,66.31655578814026,66.97367621722756,6338500
2016-04-05,66.23162841796875,67.16780441379636,66.00401781032467,66.48836423773751,5577900
2016-04-06,67.43523406982422,67.89579464178303,66.45004188787034,66.87663414597431,4550500
2016-04-07,67.77542114257812,68.39565561407777,67.41483279417227,67.73999398346339,5609500
2016-04-08,69.24011993408203,69.64293360945392,67.55607070315415,68.1869837778974,7467300
2016-04-11,69.819580078125,70.17677679479429,68.9149507900229,69.40026734488221,5598600
2016-04-12,71.20081329345703,71.56480080300872,69.83706720384701,70.07972554354815,12334700
2016-04-13,72.1219253540039,72.99160885217061,71.63369848623626,71.72979021879937,10425400
2016-04-18,70.99114227294922,73.10518276649562,70.71548575895756,72.14716826235652,14558100
2016-04-20,70.01565551757812,72.01418737311964,69.88558806644026,71.79773659144642,15538400
2016-04-21,67.81327819824219,70.0806756558951,67.41483373279326,69.98264372886949,18101800
2016-04-22,67.66429138183594,68.10350226726842,66.88633049230258,67.81327947497397,9793000
2016-04-25,66.52574157714844,68.13747759136903,66.28891128253662,67.93364550796983,6605600
2016-04-26,67.98655700683594,69.22605615900112,66.39180126437677,66.73104009458059,13350500
2016-04-27,67.41679382324219,68.3495784737398,67.12463815576231,67.94433578410427,7996400
2016-04-28,67.6249771118164,68.3325724407039,67.2163428828799,67.26487750052819,15367500
2016-04-29,66.28550720214844,67.78125320565154,65.95646559362069,67.55606412830541,7697200
2016-05-02,68.46603393554688,68.9149532458579,65.51773724078039,66.72132026622604,7833700
2016-05-03,67.80358123779297,69.1648906617719,67.36194138190999,68.91495292449187,9893900
2016-05-04,67.49977111816406,68.3296657293377,67.1076359727111,67.75504811350058,8851300
2016-05-05,69.45365142822266,69.73027800959619,67.57062085369012,67.91034095596588,9150400
2016-05-06,70.51117706298828,70.66211280432937,69.04163818952392,70.11370257664043,6698600
2016-05-09,71.61963653564453,72.312184376856,70.23988010678782,70.85623435584547,8606200
2016-05-10,71.94623565673828,72.42864188901645,71.28814507687761,72.06950498947552,7833900
2016-05-11,72.63102722167969,72.76788538092504,70.61793634003178,71.79677080763582,8210500
2016-05-12,74.44902038574219,74.69021982674668,72.34711732667267,72.99161177111904,9471200
2016-05-13,74.02194213867188,75.8064522437004,73.67106214316833,74.88435365604876,16253100
2016-05-16,75.42887115478516,76.27283590695401,73.92196526576387,74.1563740004428,12775000
2016-05-17,75.30560302734375,75.94233666477838,75.02994652640908,75.94233666477838,6229000
2016-05-18,75.1517562866211,75.90350970967077,74.59315643233865,75.07119355708006,7226700
2016-05-19,75.10953521728516,75.90350646846916,74.79310491245106,75.32015798185552,7909300
2016-05-20,75.42306518554688,76.128713073702,74.44418229514322,75.18525735219438,7481400
2016-05-23,74.28936004638672,76.04911417128592,72.82321300275991,75.71910241861686,10553200
2016-05-24,74.01612091064453,75.17553853822457,70.03555616320678,75.17553853822457,43044900
2016-05-25,71.21778106689453,73.76812213270557,70.41944060329253,73.76812213270557,20068600
2016-05-26,72.39322662353516,72.99161542975209,71.63273484141217,71.72979668267305,16384900
2016-05-27,74.42716979980469,75.12505665575306,72.47959441789027,73.21484863066969,13854900
2016-05-30,74.18985748291016,74.93287256128605,73.37404047863092,74.7387489028962,7632500
2016-05-31,73.65939331054688,75.22405314195774,72.50627793727291,74.42910452404146,154592300
2016-06-01,74.17967224121094,74.92317611742214,72.6033634535077,73.0692632241071,9970900
2016-06-02,77.30656433105469,77.65065361214526,73.6710590955915,74.3679685576415,15882300
2016-06-03,76.67565155029297,78.57275242901308,76.50530643547839,77.65065387636857,13053400
2016-06-06,75.4579849243164,77.1561114953666,75.23377335927292,77.15562274273942,8372800
2016-06-07,74.61500549316406,76.23353976860678,74.25344696100531,75.70939690141718,14258800
2016-06-08,75.20417022705078,76.26944365324923,74.37622323887759,75.10758974138163,9940800
2016-06-09,74.92267608642578,75.61037319174076,74.64168037586553,75.61037319174076,3101200
2016-06-10,73.72589111328125,75.19300803580947,73.52545810118153,75.19300803580947,6892400
2016-06-13,72.8033218383789,73.36969001181404,72.31218456247294,73.28281791230478,9882200
2016-06-14,72.71886444091797,73.20515112069916,72.02097748111687,72.80719537603652,7466700
2016-06-15,74.26509094238281,74.62131019908537,72.6999418917807,72.70043064447684,4862300
2016-06-16,73.73172760009766,74.34468271670225,73.374530842143,74.01078317032685,5810900
2016-06-17,73.09013366699219,74.25198023364203,72.55483100264865,73.93749750881734,6411800
2016-06-20,73.18428802490234,73.7681253334132,72.26364086776526,73.08868503590088,5460400
2016-06-21,73.82683563232422,74.59314787232302,73.04013648461563,73.57204001533522,4583500
2016-06-22,73.75890350341797,74.20296493380329,73.38035714807008,73.38035714807008,3036900
2016-06-23,74.70867919921875,75.12750327882699,73.52547544075267,73.52547544075267,3073000
2016-06-24,73.65262603759766,74.03894065836435,71.98605319646158,73.70989897407108,7542600
2016-06-27,74.696044921875,74.85523017814076,73.10323706995152,73.10323706995152,6817400
2016-06-28,74.70623779296875,75.3691789497595,74.2631464726741,75.3691789497595,6163300
2016-06-29,74.6009292602539,75.15370114362891,74.45727299706694,74.73875751791853,1971000
2016-06-30,77.61862182617188,77.89330821590747,74.54510824690202,74.88385825935895,13410000
2016-07-01,79.27354431152344,79.98016953849867,77.60211398193486,78.13596515319323,11114200
2016-07-04,79.63414001464844,80.38637474806605,78.62128164264155,79.35410697227606,4235200
2016-07-05,79.30073547363281,79.78605211032664,78.72806539689931,79.63415369034581,4760300
2016-07-07,78.57904815673828,79.59141767020304,78.43151152525542,79.01923650430662,4457900
2016-07-08,79.66763305664062,79.96998582564186,78.31165542245229,78.6212876440957,5548200
2016-07-11,83.15901184082031,84.59069449276637,80.07773687052101,80.55819561980726,26266600
2016-07-12,83.73797607421875,84.54214450021966,83.1832566313921,84.25095900319147,9689300
2016-07-13,83.23470306396484,84.97893539938251,82.73239863064278,83.86173569381417,11805700
2016-07-14,84.22410583496094,84.72973333321474,83.29979389551642,83.73548007337942,9246500
2016-07-15,84.51456451416016,85.33978611046835,84.12599257044609,84.5135862102335,7148000
2016-07-18,85.4923095703125,85.83521993701957,84.99979280907036,85.388364772762,7276700
2016-07-19,83.9608383178711,85.7769260190727,83.5426430655531,85.58166546334361,8582700
2016-07-20,83.93219757080078,85.02893563592814,83.42025553911628,84.18379956995568,6288900
2016-07-21,84.59033966064453,85.32959657913351,84.04488328715554,84.79579832860466,23674300
2016-07-22,85.85269927978516,86.21310051841817,84.35087675381499,84.58207517117036,7320400
2016-07-25,87.26952362060547,87.71978057059711,86.00521408184011,86.28206666886501,22901400
2016-07-26,95.66944122314453,97.04449921342776,86.4569239990397,88.39880533124517,95646500
2016-07-27,95.1361312866211,96.53692903157445,92.43507875412334,96.1711841985231,38403300
2016-07-28,100.2200927734375,101.61117425558393,94.00927841092356,95.10262198645411,59563200
2016-07-29,100.76261901855469,101.78989725605759,99.57116362304386,100.93067233463586,28248400
2016-08-01,109.05472564697266,110.82661193229423,101.31926167303325,101.61117422435568,52960000
2016-08-02,106.31385040283203,114.33685411896461,104.91402349210169,109.77115420932861,40981800
2016-08-03,97.19700622558594,106.37115423034281,96.55975244571302,106.37115423034281,54461400
2016-08-04,96.8482666015625,100.2278618006626,94.45612834621701,98.35689269970464,38068700
2016-08-05,98.06256103515625,99.68970291437276,95.34693738340455,99.08547420609803,26812600
2016-08-08,97.4762954711914,99.87571918125222,96.88033052508082,99.73631828746282,16569600
2016-08-09,98.88922882080078,99.66831443513259,96.26832315140024,98.11403418770493,14404700
2016-08-10,97.12611389160156,99.76547442829748,96.171200213171,98.59976587511977,11447200
2016-08-11,97.21351623535156,97.8760280240631,95.67574863565594,97.62734615946346,8901000
2016-08-12,98.64249420166016,99.07574942776922,96.96387292361617,97.34661209339147,7975400
2016-08-16,99.12044525146484,100.29975361638418,97.34127350936811,98.69786982117841,9063600
2016-08-17,99.17093658447266,99.57116659310398,98.44673979429079,99.08545358533274,3955200
2016-08-18,98.44966125488281,99.99326171883982,97.8128966032134,99.41914557212941,6188300
2016-08-19,98.92129516601562,99.47403686934467,98.35786623372171,99.08546493633531,4067600
2016-08-22,98.75664520263672,99.39633001738495,98.31901721847184,98.77364694013289,4942700
2016-08-23,97.53750610351562,99.4691821145061,96.31690885063404,99.4691821145061,6695400
2016-08-24,97.6633071899414,98.59004268307302,97.40004707372823,98.39576040818177,4375400
2016-08-25,99.95634460449219,100.46488474109799,97.39566388223906,97.72546345579073,12545300
2016-08-26,101.81419372558594,103.16544627029414,100.51782995587408,100.59650930172356,9162400
2016-08-29,104.36612701416016,104.9883282499986,101.20462701683655,102.75744718229299,10646000
2016-08-30,104.6944808959961,106.2740192368635,103.99650553533803,105.61344917739937,13942300
2016-08-31,106.96470642089844,108.43981829628655,105.0213649406137,106.85687805738576,19100900
2016-09-01,108.41940307617188,109.38257284448036,106.8568665714341,107.1531518161106,12919100
2016-09-02,108.21493530273438,109.57687521147973,107.62430652976194,109.08144578836463,10016000
2016-09-06,109.43940734863281,109.7614323716529,108.56755331795358,108.80943894916892,7553400
2016-09-07,110.67748260498047,114.04541949955063,109.71286021551883,109.72256913979464,25193400
2016-09-08,112.95742797851562,114.00656996620668,104.91402089567046,112.09285932515719,16049330
2016-09-09,112.0588607788086,115.00713513186713,111.1845758084626,113.75399457627003,7584160
2016-09-12,106.3128662109375,110.14514157096944,101.99973230195225,109.26600220695158,10346120
2016-09-14,106.9588623046875,107.63400307389962,103.7482990988331,107.14829007701631,10497610
2016-09-15,106.75972747802734,108.11972546980589,105.3997294862488,107.7214372202695,6615510
2016-09-16,105.67658996582031,108.51800681093137,104.98201646275349,107.73115405557644,8039660
2016-09-19,104.51573181152344,106.51687464158695,104.15630889344752,106.51687464158695,8248830
2016-09-20,104.43315887451172,105.78344054330191,102.00459365562392,102.00459365562392,5971260
2016-09-21,103.9668960571289,105.39003195821758,103.55889881020185,105.39003195821758,7228850
2016-09-22,109.57201385498047,109.98487294475912,104.01545493676821,105.22973765800712,13636280
2016-09-23,109.43114471435547,111.1797071367409,108.63457565927717,110.58713666037129,11604320
2016-09-26,109.07172393798828,110.7280072569444,108.36744148087644,108.6054435491858,6485510
2016-09-27,106.72087860107422,109.77115615257955,106.0651629780833,109.77115615257955,9053720
2016-09-28,107.44944763183594,108.2071588471554,106.08459506944725,107.34259016184029,8753570
2016-09-29,100.75146484375,109.09116529842332,98.23062007861388,108.7997344736685,15500650
2016-09-30,102.57288360595703,103.558887966544,99.13889602013623,101.02346512250514,11517110
2016-10-03,105.56488037109375,105.88545278670537,103.77745977142926,103.84545930703838,8814260
2016-10-04,105.27830505371094,106.5023040319476,104.13687640575706,106.07972863281518,4900220
2016-10-05,104.35545349121094,106.2594477894839,103.777453766283,105.8854466595788,7291610
2016-10-06,104.64688110351562,107.34259016690899,103.5540266787394,104.53031470816461,11826710
2016-10-07,105.15689086914062,105.88546055183674,104.52546232852517,105.56488811271588,6068850
2016-10-10,104.32630920410156,106.14287879161066,104.18545567189858,105.41430917152745,3824020
2016-10-13,102.38346099853516,105.3997426079131,101.04774997470216,105.3997426079131,9690240
2016-10-14,103.09745788574219,103.92317606842124,101.03803912602693,103.1460321593328,8194600
2016-10-17,104.80231475830078,105.39973977955692,102.10175118295169,103.42774583402044,9208790
2016-10-18,108.54230499267578,108.89687347376528,105.40945703933237,105.7883126572403,13562070
2016-10-19,108.68802642822266,109.76631014248079,107.9497404140923,109.12031080654099,6481410
2016-10-20,108.93573760986328,110.2568778849201,108.56659830795394,109.13973623023902,5359990
2016-10-21,110.1888656616211,110.64543712622057,108.34315454173499,109.38258019908979,4660280
2016-10-24,109.66915893554688,110.95144123884718,109.30487410607073,110.40259046885092,3998320
2016-10-25,110.90771484375,111.22828723197384,108.32372529997082,109.57686584461521,4172010
2016-10-26,111.55857849121094,113.0060088296133,109.29029925968241,110.74258406086295,9716900
2016-10-27,107.32317352294922,112.8797253522142,106.66260338780667,111.8063035147288,20146350
2016-10-28,104.1903076171875,107.53687036145547,102.26202614304627,107.35230443524135,14524330
2016-11-01,103.04888916015625,105.88059731495376,102.61174293992615,105.59402096418086,9037750
2016-11-02,99.07089233398438,101.99974146014274,98.65803327304086,101.80545920287112,13298860
2016-11-03,100.13945770263672,101.62573843606269,98.59974823774935,100.03746211346045,9680280
2016-11-04,96.47718048095703,100.65916992064977,94.23804314032913,100.54259612660455,16667440
2016-11-07,96.21003723144531,99.90145178804165,95.7048915332274,98.0946061469483,10632580
2016-11-08,95.55919647216797,97.32719183214611,94.42262220322989,96.82204606564171,9603360
2016-11-09,90.26005554199219,90.77976464334051,81.22578999045326,89.3711997851962,33848550
2016-11-10,90.26492309570312,95.13177056070114,89.75006838200558,92.28549142349955,17539210
2016-11-11,83.35807037353516,89.37120023955998,82.57121761263693,89.37120023955998,27806070
2016-11-15,79.17609405517578,84.37808489919824,74.05182650149507,84.37808489919824,43683530
2016-11-16,87.40892028808594,91.57633157052963,78.05894444472543,80.33693233371977,77573480
2016-11-17,84.62579345703125,87.76835788563967,83.54265529209727,87.76835788563967,19293840
2016-11-18,85.33006286621094,87.56920026542828,84.02835548324538,84.70835077115385,16472760
2016-11-21,80.84208679199219,86.59778238380729,79.21980687206882,86.59778238380729,20767910
2016-11-22,83.3483657836914,83.83407885373299,80.65265676268201,82.57607636966641,14340860
2016-11-23,82.59551239013672,84.65493114728186,82.036937890116,84.61121874794101,11615950
2016-11-24,79.72494506835938,82.65379436304285,79.28294438453185,82.32836748712174,16130900
2016-11-25,85.28150177001953,85.87407230867878,79.97265405787923,80.72551079909974,16230360
2016-11-28,85.41265106201172,87.33121631265846,83.3289377257451,85.11636577642064,18188630
2016-11-29,88.13262939453125,89.98319488625398,85.86435039304855,85.92263358604997,25464460
2016-11-30,89.35177612304688,90.13377443161323,88.3074886165602,88.39977528207316,17753150
2016-12-01,88.80776977539062,90.33290841286596,88.39977260364653,89.95405283747604,9974750
2016-12-02,86.11692810058594,88.39977802894488,85.48549963238625,87.8169238319118,18182210
2016-12-05,87.64693450927734,88.18607639038608,85.97122566087808,86.16550795205114,7978130
2016-12-06,87.2389144897461,89.7500498755269,86.7774886100535,87.74891463525577,8784340
2016-12-07,86.55892944335938,88.47263271309481,85.06293229877852,88.07920631231934,8880280
2016-12-08,88.55036926269531,88.97293736052514,87.82666136286217,88.20551705292925,10019200
2016-12-09,87.07377624511719,89.14776552990848,86.60748847915029,88.76890996254464,6517670
2016-12-12,81.94950866699219,87.11264090366573,81.01694047443526,87.11264090366573,23954250
2016-12-13,81.2840805053711,81.93007232890429,78.19979972555151,79.65693885087235,29139710
2016-12-14,82.44979095458984,83.33379227074688,80.90036512579115,81.57065151226658,14235920
2016-12-15,82.94035339355469,84.21292655746151,80.73036506124609,81.12379142525896,8334950
2016-12-16,82.64894104003906,83.83408216355352,82.37694289590006,83.63007614405569,6264590
2016-12-19,79.93866729736328,82.88208765992067,79.55009531364809,82.88208765992067,8083120
2016-12-20,78.27751922607422,80.57979440770433,76.38323382835331,80.14265561436507,20296040
2016-12-21,76.60667419433594,79.151813621704,76.0675323324631,78.7826669056938,16082650
2016-12-22,74.35295104980469,76.23751996588786,73.87695435861608,76.23751996588786,18362220
2016-12-23,78.58350372314453,80.42436016025364,73.95465938398955,75.45065632695204,33652970
2016-12-26,78.68551635742188,79.78322521381276,75.97038210876126,78.68551635742188,21339160
2016-12-27,78.66122436523438,80.42436505010309,77.6509403652601,78.78265262372081,35055640
2016-12-28,79.6763687133789,81.68722052600621,78.78265844363193,79.3023749858154,21246090
2016-12-29,80.95378875732422,81.575500834646,79.29265110591203,79.6569358736268,15940840
2016-12-30,81.81351470947266,83.02779744403169,80.91980439557167,81.59979976236728,8425640
2017-01-02,84.51892852783203,84.8929296664143,81.79407791237631,82.76550405105723,9499670
2017-01-03,85.87407684326172,86.35978993919488,83.4697985006713,84.51407869237013,12602640
2017-01-04,84.69865417480469,86.55407439409967,84.31979854334148,86.17521876263646,9714280
2017-01-05,87.40406036376953,87.71977828768182,85.00463675216464,85.81092218004835,14234470
2017-01-06,85.33492279052734,88.87576749182489,85.08720440378227,88.49691192415989,40406250
2017-01-09,85.31549072265625,86.8212040796435,85.00949655361907,86.24320438833941,6153810
2017-01-10,87.40406036376953,87.61777528792115,85.49034979382093,85.94206677648555,11472930
2017-01-11,87.0543441772461,88.35119707627379,86.5540603499153,87.91405831440564,20051890
2017-01-12,86.57350158691406,88.39492562722795,86.06835583602005,87.67121047377493,7377500
2017-01-13,87.43321228027344,87.96264519082683,86.2723582701539,86.76778770630932,8211850
2017-01-16,89.14775848388672,89.38090605413906,86.88919605608338,87.42833776877987,11175040
2017-01-17,88.82234954833984,89.81806285560882,88.44835580881512,89.75006332011401,8495540
2017-01-18,90.37663269042969,91.1197730798014,88.88549003779147,89.2449203705267,15251440
2017-01-19,89.98320007324219,90.56606168242594,88.98263234161305,90.32320514906378,5989970
2017-01-20,88.17633819580078,90.34262152124771,87.81691530508272,89.83748324257171,6978570
2017-01-23,90.30863189697266,90.50777604399799,87.92864070390755,88.3414997978485,8296480
2017-01-24,90.31834411621094,90.82348986068868,89.46834624152766,90.82348986068868,8262880
2017-01-25,97.12804412841797,97.72546913503346,90.45920568881837,90.45920568881837,38749460
2017-01-27,96.7394790649414,99.08547427162208,96.3023402312418,97.1426218349236,13869160
2017-01-30,102.46602630615234,102.87402348152271,96.08861171141847,96.17118203895346,48663840
2017-01-31,100.7271728515625,104.13687306444353,100.1297404747082,102.86430726819754,23045840
2017-02-01,103.56859588623047,103.93288068888988,99.57117939357136,100.93117747244514,18603790
2017-02-02,102.40289306640625,105.29773897235151,101.99975030677889,103.69002980810099,16817290
2017-02-03,101.74231719970703,103.7483145471779,101.25174966790952,102.51459920101182,9030790
2017-02-06,104.30203247070312,105.44831566896636,102.00946607417667,102.58260396761146,12180630
2017-02-07,103.06344604492188,104.4282984339804,102.23287352659707,103.9425854180084,6587860
2017-02-08,101.94631958007812,103.88431746618623,99.57118288002974,102.97117449056735,10462970
2017-02-09,101.11089324951172,103.1314614865146,99.6683247765384,102.77689300532597,9168710
2017-02-10,102.52916717529297,102.87402670594143,100.83403335375647,101.5334539285738,6433910
2017-02-13,102.8691635131836,103.94259261380637,101.34402483390402,102.67973572029639,4844760
2017-02-14,102.9225845336914,103.84544370561733,102.48544578636341,103.35973069241182,4381000
2017-02-15,101.06717681884766,103.45688424153853,99.95975160861026,103.00031276845247,6792040
2017-02-16,106.30801391601562,107.43972622289205,100.54260232807562,101.11574017518245,10350070
2017-02-17,105.83686828613281,108.60543853892275,105.0208739376759,107.82829471157947,14088530
2017-02-20,106.4585952758789,107.77973552034031,100.54261318780466,106.17202632137283,6175650
2017-02-21,106.4585952758789,107.43488336461776,105.39974425967928,106.09917231985224,3354820
2017-02-22,104.54973602294922,107.26001578343396,103.45688163943406,106.37115999547446,10006320
2017-02-23,103.76773834228516,106.75973258504612,103.60259767982325,105.20545226783041,11961770
2017-02-27,106.04087829589844,107.2454446035927,103.84545320029017,104.0251646599618,12234400
2017-02-28,107.65345001220703,108.70259207548723,106.46830887532316,106.6383114230246,12574750
2017-03-01,104.51087951660156,109.66429544305835,104.00087931504855,108.79972677853326,20450870
2017-03-02,101.8783187866211,105.84659377084955,98.99804377243481,105.20545635755919,25871530
2017-03-03,101.63545227050781,102.67002340361671,99.48860155158035,101.75688052889551,11857510
2017-03-06,100.44059753417969,102.58259384604808,99.70717350272729,102.38831159218039,11760840
2017-03-07,102.2328872680664,102.56317601724668,99.31860878051633,100.5328914836622,15346340
2017-03-08,105.03059387207031,105.30259199754146,101.902600606366,102.75259845415987,17634140
2017-03-09,105.61344909667969,106.37116028549318,103.74831272246293,104.3991664450188,13914440
2017-03-10,106.32259368896484,106.8568810588164,105.40945810875539,106.12831141523355,7484050
2017-03-14,109.45059204101562,110.3005899960372,107.18716713633789,108.02259429075633,12546820
2017-03-15,110.2131576538086,111.05343921382126,109.21258988673105,109.67401583418801,7815100
2017-03-16,113.02542114257812,114.4339933831915,109.8537156343279,110.71342977675464,12345030
2017-03-17,112.61742401123047,114.98770598146193,111.84028019467804,113.65684960431854,8228260
2017-03-20,113.90457153320312,115.82314412512608,111.0097257315994,113.1711474517249,9783710
2017-03-21,114.09886932373047,115.10915348964447,111.32544418335088,113.85601276686828,22847520
2017-03-22,112.65628051757812,113.45770404649954,111.71399606063517,112.2094254227027,6915510
2017-03-23,115.18685150146484,115.76485124016386,112.83114756052848,112.83114756052848,8737410
2017-03-24,114.34172058105469,116.37685961905778,113.71029208019979,115.63857364522467,6680100
2017-03-27,115.11399841308594,115.50257035414296,113.75400032508306,114.3368545309719,4792650
2017-03-28,116.06111907958984,117.15397332216864,115.28398273170244,115.98826509464146,8099590
2017-03-29,114.70112609863281,117.05683719766564,113.85112831815184,116.51284098980342,6326070
2017-03-30,114.73028564453125,115.60942510099346,113.9482873181976,114.62828264049071,6579660
2017-03-31,113.76371765136719,115.40543022563276,113.41400364251307,115.40543022563276,4745850
2017-04-03,114.79830169677734,115.50258425580047,112.87972889652904,113.66172733539595,4736420
2017-04-05,113.95800018310547,115.59971276119181,113.17114736704913,115.59971276119181,6807770
2017-04-06,116.38655853271484,116.96455824735915,113.24399450999282,114.41456473785287,8568760
2017-04-07,116.72657012939453,118.90256263743602,115.81342717371393,116.37685612132083,10999610
2017-04-10,120.52970123291016,121.6225556936972,115.59971629658389,116.73628315706793,10466890
2017-04-11,122.00627899169922,123.7597036397582,120.65113524548119,121.03970722119007,11429670
2017-04-12,123.00196838378906,124.14825141239223,121.23397327981394,122.39968156828824,10620450
2017-04-13,123.7499771118164,125.50825607815277,122.49683648432926,123.15740656522031,6133480
2017-04-17,122.35598754882812,124.53683460224025,121.09313053718145,123.84712289665876,6094760
2017-04-18,120.0731201171875,123.43910782145318,119.47568776050389,121.85568602876761,5837080
2017-04-19,120.74341583251953,121.67112961751931,118.27599243434192,120.24313194037694,7772970
2017-04-20,121.62255096435547,122.25397944386891,120.7482733588374,121.71969950842936,4436370
2017-04-21,121.1319808959961,122.38997595469888,120.097409696651,121.62254842318858,3801260
2017-04-24,123.54113006591797,123.85684061665783,120.66084752628036,121.53513258938258,4754880
2017-04-25,130.33624267578125,131.04537960352428,123.95397326912773,124.24540407400964,20927240
2017-04-26,127.22766876220703,131.1328055663019,126.43595417345254,130.65680147380073,12073200
2017-04-27,124.8962631225586,127.82511227580082,124.15311532370957,127.74253453373406,16276310
2017-04-28,123.9734115600586,125.79969010741591,123.24969638902235,124.15312303142325,11831540
2017-05-02,123.23511505126953,124.93997259193148,122.10825722317428,124.527113536843,7085740
2017-05-03,123.3808364868164,124.61454442730532,122.39969400728219,123.37112015019713,10867780
2017-05-04,125.95027923583984,127.44142220518893,123.49257181446075,123.49257181446075,11213020
2017-05-05,123.78397369384766,126.57682372992151,122.87568525106425,125.79967988576117,4672050
2017-05-08,123.5654067993164,124.9594009922236,122.44827262443397,123.39541166510948,4716270
2017-05-09,124.93511199951172,125.5956746361994,122.83682805452844,123.85682842968305,5677030
2017-05-10,128.90823364257812,129.29681295556236,125.65881232524916,125.79967325263001,13021850
2017-05-11,130.14195251464844,130.64709822426548,128.07767210430467,129.68051919969267,6727680
2017-05-12,127.71826934814453,130.07396609452456,126.7711228460417,129.39397069898843,4388630
2017-05-15,129.48623657226562,130.99681182305125,127.99995586696706,128.51967237329177,6341950
2017-05-16,130.9239501953125,131.99738673688944,128.92767662143007,129.9185354202756,7885300
2017-05-17,128.69451904296875,133.47393343355273,126.0425300750074,131.14251684104818,24083020
2017-05-18,127.69882202148438,130.46253051087598,125.90167777546229,126.18824670131592,12109850
2017-05-19,125.23139953613281,129.57853762295053,122.93884056865319,128.61682036805982,11670100
2017-05-22,120.66570281982422,126.67397154219711,120.19942239055574,126.18825843839606,8738730
2017-05-23,119.84969329833984,122.88539981552171,115.65313290544336,121.41854435122943,13483830
2017-05-24,118.93655395507812,121.90426103127936,117.54255985244083,119.8739840094786,7871010
2017-05-25,122.28797912597656,123.17683491466828,119.3154101606193,119.48541269608562,9058070
2017-05-26,128.0145263671875,128.87909497690302,122.56482551951521,122.56482551951521,13067930
2017-05-29,127.00909423828125,129.49109550533197,126.46995989515266,128.16995548364744,6522890
2017-05-30,128.37881469726562,128.70424896187274,126.64481555619206,126.79053836445225,5130050
2017-05-31,128.90341186523438,129.67569394630226,127.84940787416907,128.51969435054937,7262840
2017-06-01,128.9422149658203,130.07391959567332,128.2524960679737,129.5882066549534,3879680
2017-06-02,132.23541259765625,132.59969748084538,128.03399657609953,129.43285289919217,6680810
2017-06-05,132.4150848388672,133.34279851171075,130.95308386454496,132.94451026671888,5700090
2017-06-06,129.84568786621094,132.88139500692276,128.71398276618064,132.444256143218,6016780
2017-06-07,130.4770965576172,132.11394713391743,129.69509085386568,130.27795243210016,5509880
2017-06-08,132.27908325195312,133.27965089613406,130.62766193397974,130.64709460533052,5708190
2017-06-09,133.7508087158203,134.25109259623596,130.5305286178066,131.91967573703013,5305820
2017-06-12,132.5948028564453,134.34823470230302,131.77880847711205,133.0805159140655,3700280
2017-06-13,133.23110961914062,134.05682789397994,132.21112387383053,133.47396619141233,4356440
2017-06-14,132.21109008789062,133.57108061595727,131.53108000107227,133.49336475395557,6347270
2017-06-15,136.50967407226562,137.2625383439932,131.35626469613632,132.22083350511932,15697740
2017-06-16,137.00021362304688,138.41364029398065,136.3202183576797,137.45678504896165,8245160
2017-06-19,135.98509216308594,138.10765595982113,135.57223307882055,136.50480871830487,4262230
2017-06-20,136.93222045898438,139.19563007720032,135.51879379887762,136.74764714063033,7811610
2017-06-21,137.6170654296875,138.52536124139502,136.09679610618673,136.46592792724442,4491810
2017-06-22,136.17449951171875,138.6224973609086,135.54307849471135,137.84535353958645,4775860
2017-06-23,136.07254028320312,137.50540004983773,132.69684267831553,136.48539943823255,6207810
2017-06-27,131.13766479492188,135.99965728619497,129.85539001978663,135.99965728619497,10538290
2017-06-28,133.31365966796875,133.76536924104195,127.63567300254003,130.26824422084155,9982180
2017-06-29,133.6973876953125,135.4993790791616,132.74537938218091,133.9596620871873,7268690
2017-06-30,133.38653564453125,134.05682212681143,131.38539994674815,132.85224824396096,4962600
2017-07-03,134.75137329101562,135.02823329805233,132.74537594267568,134.05680715921744,4465140
2017-07-04,134.01309204101562,136.84965453009224,133.7216612407244,135.02823055675472,7043420
2017-07-05,135.85879516601562,136.67965141903207,133.09508668295527,133.57109081551906,6439290
2017-07-06,136.282470703125,137.66546897720946,135.60559483123612,136.24351991250825,4181300
2017-07-07,135.5422821044922,136.70126499405376,135.12349796042074,136.2045644104022,2020050
2017-07-10,137.59727478027344,137.81641568429512,135.87340893695242,136.8960417206527,1496500
2017-07-11,138.2205810546875,139.36982981786244,137.285613619228,138.24006387739607,6655560
2017-07-12,140.60671997070312,141.41508624473082,138.29850322868674,138.7367701610767,6549340
2017-07-13,144.71670532226562,145.0673218074132,141.3079397181792,141.41507294589204,10117980
2017-07-14,146.03152465820312,146.93241570637068,143.23146712481474,144.62905868110496,5705220
2017-07-17,149.83963012695312,150.9304305653389,144.92612401055683,146.57207351129057,9470060
2017-07-18,147.29273986816406,150.48723852930138,146.77168221012482,149.78600566602378,5017080
2017-07-19,150.16587829589844,153.62821832441364,147.55087020177209,148.00374554366252,26552730
2017-07-20,155.37640380859375,156.60842845191235,150.67718008341595,151.05701335674237,21696350
2017-07-21,157.9086456298828,158.89718718084197,154.36840398622996,155.72217046775592,13805410
2017-07-24,155.57608032226562,159.4620639196228,154.65570640012953,159.0432798156734,8354750
2017-07-25,158.50759887695312,159.03351616847132,155.82928307411674,156.50129923514004,8138540
2017-07-26,164.317138671875,165.154721830553,158.75111391921033,159.33547979216388,14759060
2017-07-27,163.5574493408203,169.44487302353218,162.75395752237804,165.95819081532557,19555620
2017-07-28,165.70010375976562,166.6302116599964,161.92125341124625,162.84161246934445,9262680
2017-07-31,165.8705291748047,167.90604560665744,165.33486304509648,167.32169471509812,5769280
2017-08-01,167.1512908935547,168.28591656964747,166.15787483611092,166.53284864138897,6925910
2017-08-02,166.26986694335938,168.1203339659858,164.70183399263433,167.9985923234172,3961710
2017-08-03,165.73907470703125,168.39303359106754,165.37870934051674,166.93213388428194,7757090
2017-08-04,167.85250854492188,168.49043356404124,165.67089295689271,166.04586672762417,7106360
2017-08-07,175.12777709960938,175.88744370419752,168.45147007577012,169.02608701956692,15040330
2017-08-08,173.34060668945312,178.18105532146026,172.5809400703611,176.5740716720824,17610650
2017-08-09,165.34463500976562,172.376433540508,163.86912688219664,172.376433540508,18995600
2017-08-10,159.2965087890625,164.58497369237168,156.8081166436189,163.62077449270777,18350020
2017-08-11,165.12059020996094,168.7436220695152,154.85534318191574,154.85534318191574,35055760
2017-08-14,166.6302032470703,169.69322687410985,166.05558630977384,167.64310194908893,13118550
2017-08-16,167.64797973632812,168.49043727266613,163.93243720113284,168.49043727266613,7057540
2017-08-17,168.3686981201172,171.65572259534724,167.56520622060248,168.49043976734794,7292690
2017-08-18,166.0507354736328,167.79894377688726,164.44862606638299,166.5425764930783,9323350
2017-08-21,164.6531219482422,168.5878198615579,163.47953081904714,166.0507135217821,10900570
2017-08-22,163.90318298339844,166.8931645170376,161.92124056290405,166.34776439832473,6543340
2017-08-23,173.29190063476562,173.8178328044985,165.16930255590464,165.16930255590464,18250880
2017-08-24,171.42196655273438,175.0839646687328,170.71099952191057,174.47038203524573,13245320
2017-08-28,178.22488403320312,178.95047430290927,172.09397691232238,172.72704234804613,13473450
2017-08-29,172.71730041503906,178.71673215653485,171.60701722387606,178.71673215653485,14822570
2017-08-30,174.14410400390625,177.19739383943224,173.07278649089503,175.1131775616744,10646010
2017-08-31,173.54513549804688,175.86310095185806,172.3861527711413,175.05473472333534,11167650
2017-09-01,175.30308532714844,175.98970995282045,174.33402663851737,174.33402663851737,4893960
2017-09-04,175.439453125,177.25584390843218,172.92670366429178,175.108319400832,6589650
2017-09-05,174.76254272460938,176.79805916088537,173.80321810965046,176.26726745062422,7412290
2017-09-06,181.04930114746094,183.3916091075716,173.1360945630221,173.55487867049936,27428920
2017-09-07,191.20257568359375,193.41339337916736,182.23751866643903,183.0994442107541,42717340
2017-09-08,184.1902313232422,192.34692139917146,183.19683021692884,191.86482924872408,28563290
2017-09-11,187.0389862060547,188.49988590135564,184.85737064443083,185.04729473811923,10988040
2017-09-12,184.50189208984375,188.4560581676888,183.74222544735332,188.4560581676888,14739970
2017-09-13,185.74362182617188,187.45287893502905,184.5602968405189,184.5602968405189,8108100
2017-09-14,186.01148986816406,188.50475624984355,185.14468999545457,186.31340675423684,9518700
2017-09-15,185.3151092529297,186.2257491581421,183.23576749505293,184.61875067339017,9221490
2017-09-18,186.18191528320312,187.89604705727086,185.690089171201,186.60558866670723,4309470
2017-09-19,186.19651794433594,187.84246721707663,185.44172575644095,187.39446632524195,5980200
2017-09-20,185.52452087402344,186.88314684348558,185.04728830683678,186.87828728351082,3775510
2017-09-21,186.9464569091797,187.579522345329,182.27644944462088,185.8264397805891,7548800
2017-09-22,181.45834350585938,186.02121759099256,179.8854362375111,186.02121759099256,17729430
2017-09-25,174.9183807373047,181.1466718569587,171.31481658380937,181.1466718569587,18268840
2017-09-26,179.21339416503906,181.4242260903764,173.45258738868813,174.9183612125864,10449470
2017-09-27,175.9653778076172,181.05416968531964,174.84534574965764,181.05416968531964,7641480
2017-09-28,179.48126220703125,180.6645873391259,174.43142153707052,176.96363864245072,39255550
2017-09-29,179.01376342773438,182.6124533075474,178.2638456527665,180.95189561547937,12169640
2017-10-03,181.9112548828125,182.46640397971098,178.39535518558236,181.1515881215089,9752930
2017-10-04,181.40965270996094,183.09455285304182,180.3724115553487,183.09455285304182,5380690
2017-10-05,181.75538635253906,183.63508492176803,180.7035368444436,181.6385191386527,3984630
2017-10-06,187.34579467773438,188.4122527418579,181.96967914556885,183.09944524671985,12276150
2017-10-09,189.0696563720703,190.30654083285313,186.60560657146286,187.7743234361672,9995740
2017-10-10,189.994873046875,190.83245611664287,189.23520640929945,189.33259080375996,5171170
2017-10-11,187.3408966064453,191.5726370994014,185.23721241250462,191.5726370994014,7269780
2017-10-12,190.2237548828125,190.67175580801137,187.28734704061222,188.9430304174228,10193500
2017-10-13,190.21400451660156,192.22517882574223,189.76600359499133,190.4136625933558,8498320
2017-10-16,183.71302795410156,191.5726613079082,182.64656988984086,191.47527690258084,26527530
2017-10-17,181.8430633544922,185.24208050662898,180.80094775998168,183.12377295205252,17824210
2017-10-18,181.97940063476562,183.48898500908666,180.04614289041587,182.12548465130013,7100460
2017-10-19,179.7783203125,182.39820291798696,178.42455380042438,182.39820291798696,1698450
2017-10-23,178.59500122070312,180.84965896493696,176.49617635570442,179.69067607481787,10111370
2017-10-24,177.84503173828125,179.98282181180096,176.86623917639662,179.98282181180096,9298720
2017-10-25,168.1349334716797,177.25582220025498,166.888300306627,177.25582220025498,28652790
2017-10-26,170.12176513671875,171.99658930352626,165.57835895853293,169.36695807681465,16412620
2017-10-27,177.15841674804688,178.09827344044768,170.67689345634543,171.4170920891601,16560790
2017-10-30,175.72671508789062,178.83843799737159,175.0936646146158,178.42451352129,5639010
2017-10-31,175.3663787841797,177.65025292554952,172.82928740530122,174.0418292705987,7648830
2017-11-01,175.9653778076172,177.22661947475225,175.40536920915778,176.2429523266848,4689990
2017-11-02,176.30136108398438,177.4408609446758,175.5027288668455,176.76884477684885,4586030
2017-11-03,178.90664672851562,179.6906557354172,176.12605704686186,177.7427895485834,7699950
2017-11-06,177.4506378173828,179.68095331524245,176.4572217265139,177.06107045600479,5830970
2017-11-07,175.5563201904297,179.98284445992786,172.70756282779104,179.98284445992786,7695900
2017-11-08,172.94129943847656,175.78518217129266,172.53710889910346,174.77715789429888,5495670
2017-11-09,170.73049926757812,174.66518300272597,168.78263279529781,174.046740747752,8663490
2017-11-10,169.95132446289062,172.2887579380217,168.59755806017796,168.59755806017796,8059540
2017-11-13,168.3686981201172,171.40736487946344,167.37042255724145,171.40736487946344,5445300
2017-11-14,170.91552734375,172.37642701319362,167.5359782528872,168.5878277982114,6335540
2017-11-15,166.91265869140625,171.79693257174821,166.2552508796213,171.61675732681567,9264650
2017-11-16,171.82615661621094,173.37958115814607,167.1756169717981,168.00346608241745,9010890
2017-11-17,174.07594299316406,176.96365123009065,173.17505185289252,174.33403468470817,9439390
2017-11-20,175.81927490234375,176.0384158041925,172.39104093490275,174.02236706251315,6021150
2017-11-21,176.257568359375,177.5236696416398,174.45578597916526,177.1584446884385,4955850
2017-11-22,172.7708740234375,176.93443226437904,172.24494180415707,176.93443226437904,7382040
2017-11-23,171.76773071289062,173.59871498655258,170.14612364532593,173.06792318655434,5874120
2017-11-24,174.3340301513672,175.14239643204192,171.80179807067427,172.6783468037019,5729470
2017-11-27,172.7026824951172,173.77887440024008,171.8991906667581,173.36009030415266,5730990
2017-11-28,172.03553771972656,173.74479502134932,171.655704415037,172.58093786378961,5529620
2017-11-29,171.05189514160156,173.16045401119197,170.53571172703096,171.899212282304,6871180
2017-11-30,168.20314025878906,171.35381485206184,167.74539045183752,170.9106734491176,13045560
2017-12-01,166.6984100341797,169.63967759744534,166.08482736281016,169.1721938226616,6018220
2017-12-04,163.22630310058594,167.90604405455588,162.66142017457338,167.90604405455588,8020410
2017-12-05,166.28932189941406,167.41907285872887,161.77513303842213,163.22629852461847,11099200
2017-12-06,162.78805541992188,167.01979601303265,161.91638111687814,165.5637558938729,9332130
2017-12-07,163.26040649414062,164.609298456151,161.77029007483867,164.10772351581133,9861670
2017-12-08,165.7877655029297,166.36725687796246,163.9421581439336,164.10772498522303,7677140
2017-12-11,166.32830810546875,167.51650777976667,164.61419105025522,166.5425745950006,6161890
2017-12-12,165.49559020996094,167.12693117612653,164.6044330731688,166.05559878791743,10518280
2017-12-13,162.82215881347656,165.64169982356904,161.77032394752533,165.05734877148976,9323780
2017-12-14,164.19052124023438,165.4614968259511,158.46378975074484,163.13379726832522,12570720
2017-12-15,168.4514923095703,169.4351594886682,164.7894939774015,165.5686435072911,15072790
2017-12-18,171.10545349121094,172.67836097414198,161.0106452882896,168.10087786282466,16301700
2017-12-19,171.19309997558594,172.46896493364468,169.3718496716942,171.99660674357682,7074670
2017-12-20,172.42510986328125,173.84705873125716,170.43829287378153,171.89919252698536,9578930
2017-12-21,170.24838256835938,172.86826520296904,169.79064764545527,172.86826520296904,8963980
2017-12-22,173.5987091064453,174.17820051804378,170.43830079859853,171.02266663146705,6627160
2017-12-26,174.2853240966797,174.82099027027286,172.79520765261847,173.8178403729255,4942240
2017-12-27,172.4786834716797,175.07420864339366,171.6070091864004,175.03525785826508,4504130
2017-12-28,170.9398651123047,173.5548730722452,170.00002325031838,173.36008942711925,8863760
2017-12-29,171.0908203125,171.98683695194617,170.25811170025503,170.36524493220182,4475070
2018-01-01,168.06675720214844,171.41221481233896,167.55543344020427,171.3635151881959,5353190
2018-01-02,167.96937561035156,169.43514974321548,166.54256712531364,169.43514974321548,5762080
2018-01-03,167.05874633789062,169.30366989988323,166.63996223096063,168.19824630123594,4161360
2018-01-04,170.82785034179688,171.24177485859784,166.93211815739068,168.00345045251794,7301470
2018-01-05,176.72015380859375,177.35321922512105,171.32457110211826,171.9965873028592,9843270
2018-01-08,178.8968963623047,179.49587055962706,177.2558214916456,177.2558214916456,8250220
2018-01-09,177.2071533203125,179.49590242102187,176.28191969742394,179.49590242102187,5127210
2018-01-10,175.52220153808594,177.34832586199423,174.7235693671319,177.25580104069985,4067910
2018-01-11,173.3941650390625,175.11315618781086,172.68318324986367,175.11315618781086,8184710
2018-01-12,172.39590454101562,174.4216873117043,170.55031188949656,173.6522866486308,6063160
2018-01-15,169.2841796875,174.8112528563695,168.78260474867625,172.48355340323022,8470370
2018-01-16,164.3365936279297,170.0292334885806,164.0687679838532,170.0292334885806,10765810
2018-01-17,165.68551635742188,166.52797395147581,162.22806527922614,165.0914164925893,11995010
2018-01-18,161.7410888671875,167.2486797611918,161.088540564797,166.73735592971036,9616920
2018-01-19,165.75369262695312,166.66431778536958,159.00432786632575,161.76056058804426,9745970
2018-01-22,166.1870880126953,168.10087806559267,163.42599568329373,166.93214632423687,9244980
2018-01-23,166.41595458984375,167.3217201579969,164.82845364172607,166.54257065640212,12454930
2018-01-24,169.381591796875,170.1315245479015,165.2813412052589,167.02954957639236,14413130
2018-01-25,166.57177734375,169.64940951452235,165.89976112521,169.56175910194054,8808910
2018-01-29,167.05874633789062,169.0017381503979,166.54256297486344,166.63996223096063,6431370
2018-01-30,163.46493530273438,167.41424192892242,162.74423428732655,167.02953417599718,6801040
2018-01-31,163.41136169433594,164.5946867930925,160.2119880323297,161.42452993394156,13322250
2018-02-01,168.43687438964844,171.4122330053915,160.18765948738073,163.7960687010571,19398120
2018-02-02,158.6439666748047,166.83474785048105,157.7966496087141,166.35264084646383,16450450
2018-02-05,156.3114013671875,158.5514506591082,150.61876072668704,155.82930919739118,14721640
2018-02-06,161.88229370117188,163.985992855455,147.18077172741502,149.011770790703,21094160
2018-02-07,159.8857421875,164.30253295284666,157.8356168991415,163.62078266395517,14669830
2018-02-08,161.88229370117188,163.52336866838797,159.535111261283,161.08853581233075,7507460
2018-02-09,159.6665802001953,161.18591331958052,157.5141817070407,158.65855596716685,7037200
2018-02-12,160.0951385498047,161.28333820096444,159.26728941445805,160.2120057741677,4721150
2018-02-14,162.6419677734375,165.27159926661912,160.849934276383,161.08854315161486,10660360
2018-02-15,163.33346557617188,166.72274887817994,156.0046094871841,163.5039068547141,11771160
2018-02-16,163.1581573486328,165.95335580603518,162.79780681141324,164.59471479794274,9476850
2018-02-19,159.9879913330078,163.13379102268252,158.12290116122313,163.13379102268252,6953100
2018-02-20,159.60328674316406,161.4488941285316,158.3615279852304,161.1713196284157,5839550
2018-02-21,155.48355102539062,161.4781079557706,154.59239393324498,161.4781079557706,16897440
2018-02-22,155.86337280273438,157.53366434802874,153.53567350356363,154.6605649410915,10506250
2018-02-23,159.08224487304688,159.5302606826425,156.05818645666042,156.49157900169763,7114740
2018-02-26,163.12893676757812,163.60129496456736,159.3841624203536,159.72504498516528,10366590
2018-02-27,161.36122131347656,163.61587871209196,160.7963532196607,163.23118585556688,6052440
2018-02-28,159.74940490722656,161.63397834156453,158.65372993567894,160.11462989774245,17563490
2018-03-01,161.60958862304688,162.25726246495407,158.556313665747,159.23806387219673,12383900
2018-03-05,159.42800903320312,161.6729180206109,157.8745843247844,161.6729180206109,7437790
2018-03-06,159.50587463378906,162.8269898033794,158.5173332115194,161.18591504010283,9441760
2018-03-07,157.61648559570312,160.56750199598312,156.41367750204807,159.82244369415088,6445770
2018-03-08,158.5611572265625,159.52048183988836,155.26439932382218,159.2331733840547,6631960
2018-03-09,161.1080322265625,162.37414839072375,157.43144024819276,159.23808221869547,8397180
2018-03-12,162.1842041015625,163.80581104092872,161.19080303602908,161.96507806991826,4861870
2018-03-13,163.68893432617188,165.4566103230269,162.0235022771118,162.20855193378947,8208020
2018-03-14,166.5522918701172,167.6041413874791,162.47638427848943,162.84160918614123,8486590
2018-03-15,168.1251983642578,169.45462237182628,166.93212439379587,167.03925762731097,7391870
2018-03-16,164.39016723632812,167.9693744778875,163.72302541695018,166.73734965716463,10176990
2018-03-19,158.9312744140625,165.4614977918305,158.4589162546239,165.4614977918305,8489840
2018-03-20,161.409912109375,161.97479503333116,157.30966249697207,158.45889630495864,13187580
2018-03-21,166.0117645263672,166.73733991364978,162.20855704720552,163.08509087263363,11310980
2018-03-22,165.14010620117188,167.51650551767756,164.60931440596693,166.34778868394844,11537160
2018-03-23,164.13694763183594,165.08166394773568,161.18593146519325,161.18593146519325,10884260
2018-03-26,169.6201934814453,170.24351007548253,164.20512778430202,165.4614949534721,12889840
2018-03-27,172.62478637695312,175.11319344652938,170.4188282593573,170.43831108457283,16702390
2018-03-28,172.14755249023438,174.62621048448202,171.49014466542857,173.0679115561305,9869600
2018-04-02,177.11949157714844,177.7428082279995,172.2887763872718,172.2887763872718,6332030
2018-04-03,178.64366149902344,179.20366999555193,175.463770884033,177.25580401733941,10494570
2018-04-04,180.19712829589844,182.08656111805772,178.88231250615706,179.20371225167253,17934410
2018-04-05,186.566650390625,187.19971591770883,181.73594980838575,181.73594980838575,13859590
2018-04-06,188.7092742919922,189.2839061220388,185.90921659705694,186.8977581105664,16120010
2018-04-09,189.35694885253906,191.64568275612226,187.9934335749406,189.19624156638469,11317920
2018-04-10,187.5843963623047,190.1555793684018,186.37672872766333,189.91697049433947,10138110
2018-04-11,187.4480438232422,190.40393455809567,184.20971900820908,187.57953431213613,11889760
2018-04-12,187.90579223632812,189.14756593452648,186.12349276650886,187.3603920433641,5353540
2018-04-13,186.44491577148438,189.80498262775507,185.78750783283428,188.06652301089076,5928860
2018-04-16,189.26441955566406,189.91695294399304,184.8086786318783,186.4059283083503,7727230
2018-04-17,188.4609375,190.8811619536184,186.80037970866857,190.8811619536184,6962030
2018-04-18,187.66232299804688,189.97054000933852,187.1217971859512,189.5274134651543,4629050
2018-04-19,186.34263610839844,188.50476894522853,185.8410611178434,188.45606931428281,6325890
2018-04-20,183.13839721679688,185.80697960511742,180.19225515355103,185.80697960511742,12261960
2018-04-23,184.98399353027344,186.97082551135222,181.22948533595118,183.0994352315872,7621250
2018-04-24,186.78089904785156,188.2856239871555,184.9109491758707,185.82644871821395,7848950
2018-04-25,185.03265380859375,188.84073524490267,183.9418536500544,187.57461942600517,6776750
2018-04-26,184.27789306640625,186.50819338314867,182.76829375088815,185.9238275639029,10983390
2018-04-27,185.15931701660156,186.55203436944575,184.3168594424906,186.2160262241151,6415910
2018-04-30,185.7971954345703,187.4723613191098,184.54081359064688,187.4723613191098,6472100
2018-05-02,185.5439910888672,188.6264976984304,185.04729055367116,185.9238244066147,6870830
2018-05-03,182.54428100585938,185.70470414562797,181.404781017201,185.53913729541677,4717500
2018-05-04,180.89833068847656,184.38987236273346,180.3383072939404,183.09941403918634,5621770
2018-05-07,184.60414123535156,185.24206620478034,180.76684257705253,181.63851683232542,4855190
2018-05-08,181.9696807861328,184.90122931401538,181.15158044111328,184.90122931401538,6697570
2018-05-09,180.0899658203125,182.62218286150377,179.69064969877695,182.62218286150377,6455530
2018-05-10,178.95046997070312,181.29277784578454,177.06103741244146,180.37240394930618,5887920
2018-05-11,181.2976531982422,183.17247751801744,178.04471998521709,179.6906694161724,4832490
2018-05-14,181.58981323242188,183.48412013787396,179.49098870974169,181.45346320059016,6429710
2018-05-15,185.2372283935547,188.30998638906692,180.61590534669764,181.66288054349903,15703020
2018-05-16,186.9902801513672,187.87168841502572,182.40792314792228,184.31683855637283,9528360
2018-05-17,201.26327514648438,203.33775746661254,185.64139429749767,187.96909388117004,55812030
2018-05-18,209.36151123046875,211.5139097759391,201.18047968368433,201.5944041956254,83167340
2018-05-21,205.0567626953125,209.29823759715035,202.63166369052846,206.96080387428083,23768230
2018-05-22,209.3274383544922,212.11288767221617,205.4998883260782,205.5972875824971,19633730
2018-05-23,202.42225646972656,209.2008375363612,201.23405687223877,209.2008375363612,14438270
2018-05-24,204.01463317871094,205.48039232484592,201.40935927750567,204.0876751858208,8409320
2018-05-25,206.08424377441406,209.58065993276318,204.86682743562628,205.2076950938633,13421450
2018-05-28,204.0341339111328,208.22692412513896,203.18681677048718,206.9608079747323,8061900
2018-05-29,202.295654296875,205.2077048060129,201.12206310741468,205.01292115479592,7272590
2018-05-30,206.34234619140625,207.44775493462808,200.26499816165682,200.95162279582158,12515080
2018-05-31,205.49014282226562,208.9086425319045,204.62334298848623,208.66515926555027,13233970
2018-06-01,202.3248748779297,206.47382468434822,201.19510887432793,206.47382468434822,6045740
2018-06-04,200.90780639648438,204.40422289023215,200.17248210178695,203.57151419571355,5131520
2018-06-05,204.58438110351562,206.4299884574898,200.14324862136266,201.11718170467827,8168790
2018-06-06,210.43287658691406,211.6259358252715,205.20771968471158,206.6686194663223,18029770
2018-06-07,211.28990173339844,213.9925598628972,210.38413631602253,211.53824454279268,14894130
2018-06-08,212.9845733642578,216.20828978616248,209.10832350036694,210.84679777922614,30395950
2018-06-11,219.16415405273438,219.96278629067749,213.89517266154093,215.23920503220666,20595810
2018-06-12,220.23062133789062,221.76456299191673,217.77144621485186,219.62191315287708,16551670
2018-06-13,217.2893524169922,221.2386590888364,216.76830947338175,221.08282621736384,10953720
2018-06-14,218.4775390625,219.32973052257074,213.97309848784036,217.67404722949837,13213410
2018-06-15,222.40736389160156,223.1816389248,217.29421510324067,219.134948072609,16375000
2018-06-18,218.46780395507812,223.6150439140157,217.59612967646618,221.2775955761069,11268770
2018-06-19,221.1412353515625,222.1541340429793,216.8997610914818,217.67403608079348,11515820
2018-06-20,220.86856079101562,224.20915925687763,220.22090177860517,221.5649194336243,11272730
2018-06-21,219.8605194091797,222.83589271012536,219.14467799761672,221.76456037273883,7170230
2018-06-22,227.51564025878906,228.0951316487802,219.18850918662613,220.79063331548642,17142240
2018-06-25,232.82846069335938,233.64656098758027,227.31599539750948,228.0951449038802,23935350
2018-06-26,230.56405639648438,235.60902279500172,228.34349008487692,232.28304774869454,23379420
2018-06-27,227.46209716796875,231.77661402219732,226.20085548315618,231.77661402219732,10691260
2018-06-28,221.54054260253906,228.67947333720713,219.50502618169742,227.60814108358608,17130030
2018-06-29,223.6491241455078,225.9524812983729,221.14124936192565,222.26128135395098,13784210
2018-07-02,223.96078491210938,225.43629294518234,222.1638771768471,224.00461011772072,8403760
2018-07-03,226.0596160888672,227.31598326931427,222.61675895807647,224.49158317808408,8106670
2018-07-04,227.06277465820312,228.3873243405044,224.64255017895914,227.21860752930692,9163790
2018-07-05,227.3310546875,229.1700684438745,226.57496524980007,228.19446148602646,6887850
2018-07-06,228.84811401367188,229.75542127058347,226.73103397438555,228.1749428815996,6906170
2018-07-09,229.07740783691406,230.5554668191531,227.99936620734346,230.14569875508585,5516950
2018-07-10,230.86276245117188,232.38958982350897,229.26765032827015,230.24325735094362,7841340
2018-07-11,229.81396484375,232.38956652997973,228.77982388522614,230.81883878545378,5948050
2018-07-12,235.60906982421875,236.97491354972712,230.2773816098785,231.70664216667475,13961500
2018-07-13,240.83831787109375,241.4627056862941,236.3115024892462,237.4480779679371,13904850
2018-07-16,241.19932556152344,243.84322720350835,239.99933306444422,241.4627436319103,11726440
2018-07-17,240.89198303222656,243.1456475869924,237.61882588969948,241.46271964694208,9446860
2018-07-18,242.80416870117188,246.15049324278584,241.1066073257699,241.77491056102565,14054780
2018-07-19,245.8724822998047,247.51149492752157,229.99935211298987,244.2822381132177,48898170
2018-07-20,265.4967956542969,267.80409646620285,242.61880173362135,245.95050766366566,73612740
2018-07-23,268.8577880859375,272.8773142960891,265.0724575957152,265.365127812713,35518880
2018-07-24,264.71630859375,269.07239013749995,262.1699886958102,268.19434982004356,27788370
2018-07-25,263.90655517578125,271.0528580148977,262.6333952882433,266.0480195149388,18841050
2018-07-26,261.6236572265625,266.1846080028124,259.00415483609305,262.9260842238016,21859050
2018-07-27,264.75048828125,265.80416059960913,260.1992729209412,261.9505007280495,9587030
2018-07-30,261.26751708984375,265.618745320156,260.09680666845617,264.93092577958237,8221620
2018-07-31,263.2090148925781,264.28218852285346,260.2968125816301,260.68219639270745,7111740
2018-08-01,265.63824462890625,270.4040938464521,263.67726523922886,264.8772724404457,15845410
2018-08-02,261.83831787109375,265.9748823972874,261.46269961475656,264.8090247814305,7811730
2018-08-03,261.5895080566406,264.2919287115965,259.5358446159971,263.4138883716568,7418520
2018-08-06,263.0480041503906,264.18947729640706,260.1406849392646,262.8187508254649,6229050
2018-08-07,268.03338623046875,268.7309714654608,261.6578204152433,263.90170470121905,11664830
2018-08-08,274.452880859375,275.0870194438193,268.4870536845491,268.7992252915681,21139340
2018-08-09,276.1114196777344,277.6626311803563,273.16995038514807,275.51140114810266,11470830
2018-08-10,273.99432373046875,276.81869501555644,272.3162786549512,274.7309117109571,8775080
2018-08-13,269.3066101074219,273.94562693974484,268.7017384289538,273.94562693974484,8093650
2018-08-14,276.11627197265625,276.8284757740431,269.58945900779594,269.58945900779594,10516580
2018-08-16,278.69195556640625,283.7065610787127,275.3212160266041,276.29197019742435,22297270
2018-08-17,278.1650695800781,281.46262608088443,277.2187295770252,279.60897869217683,6881330
2018-08-20,277.0480041503906,280.7748300409371,276.71141854401367,280.7748300409371,6654800
2018-08-21,280.1748352050781,281.267510375325,275.589499774709,277.1553300895216,9515490
2018-08-23,282.3260498046875,283.8040789725726,280.1260511891049,281.8528649132587,16759200
2018-08-24,284.5455627441406,287.16018255661174,282.05289381590603,282.14557767885236,13277100
2018-08-27,287.87725830078125,288.68211624226456,285.36994107057836,286.76993478657096,9760040
2018-08-28,286.1064758300781,290.9259760757212,285.4430405410653,290.9259760757212,12337420
2018-08-29,291.2674560546875,292.0967279539503,285.8528491490139,285.8528491490139,14025830
2018-08-30,285.5357971191406,292.0870250197941,284.9699580992808,292.0870250197941,14529960
2018-08-31,278.69195556640625,288.2772784164214,277.17974654661987,286.3407124208122,13572060
2018-09-03,265.76019287109375,280.97478346528806,264.90653684494055,280.97478346528806,25168400
2018-09-04,267.93096923828125,270.989506871246,261.80415814759135,265.7553547957375,26069920
2018-09-05,265.0626525878906,269.7358181789192,260.29192034798047,267.3309506384523,17284550
2018-09-06,261.8627014160156,266.4870694742997,260.62369113565575,266.24316770290216,11478790
2018-09-07,267.72607421875,268.4285124186604,260.74072483440847,263.25777768307637,12644360
2018-09-10,255.18467712402344,267.1212158712323,253.2676127180281,266.535875421437,15701790
2018-09-11,253.73101806640625,260.37001696486993,249.97492493036415,255.70661640848854,33576600
2018-09-12,253.07244873046875,257.2626938772005,245.47247678404588,255.4090465399992,26823400
2018-09-14,260.7016906738281,261.8041312923191,256.21877554242593,256.6333965873947,17951310
2018-09-17,254.10658264160156,259.51145358278086,252.51148549408904,259.51145358278086,14553200
2018-09-18,250.77001953125,256.3358440978273,249.65781331373182,254.6334147285777,14492900
2018-09-19,243.8578338623047,253.4334034496541,242.58465906777693,252.19439335730047,18945570
2018-09-21,232.1359405517578,249.4627161537445,207.28234535244854,246.82858013358782,57508800
2018-09-24,220.5652313232422,236.3359118549901,211.5701336340417,236.30664483605236,77981720
2018-09-25,224.31155395507812,227.35057504204252,212.74085463356317,218.0481589605866,55373960
2018-09-26,225.9066619873047,229.6530040193812,223.9115475448213,227.21885453658533,27287560
2018-09-27,215.04330444335938,226.67253870750307,213.8676961602503,226.67253870750307,27962940
2018-09-28,211.5115966796875,219.31645253586356,206.5359951167428,217.75547540999588,38310960
2018-10-01,215.4628143310547,217.88719834882002,200.2140719856258,211.51160295924208,48217720
2018-10-03,217.77499389648438,227.31154628652004,211.3213482866778,214.63353819202013,55677010
2018-10-04,212.59939575195312,215.80426836340482,206.6872196332421,211.60915522892256,40027180
2018-10-05,197.39456176757812,216.0579280320014,191.53603709734801,210.73110737872136,34704410
2018-10-08,192.66775512695312,203.9018694942977,186.55557767274283,194.340917612464,59666690
2018-10-09,201.05796813964844,206.42380645268693,190.01409013889034,192.68237578638272,48590160
2018-10-10,221.5554962158203,224.9457368529058,204.8774916014341,204.8774916014341,72359570
2018-10-11,210.9359893798828,217.56035415125362,200.97503567335536,204.87746355050788,54670860
2018-10-12,223.1554412841797,226.34079716607528,217.2920492684858,217.2920492684858,36655770
2018-10-15,224.99447631835938,226.31643449080494,220.59449421035262,226.31643449080494,24354130
2018-10-16,225.2530059814453,230.43835931842898,222.9505729769306,226.82861656968984,25284840
2018-10-17,209.80426025390625,231.14566052326413,208.08231472477894,228.2920074527884,38119850
2018-10-19,208.8286895751953,214.4384300467571,200.38481184762318,209.75551328448478,42867900
2018-10-22,206.37503051757812,216.48231964282658,203.99942985213124,213.46281478397677,36819460
2018-10-23,203.2530975341797,210.2774651863082,194.88238741436803,204.3896731762091,90647750
2018-10-24,225.5408172607422,228.1944694698586,210.73111026802087,212.19452075599324,103572950
2018-10-25,227.80422973632812,229.07252178712284,220.1749760103063,222.92619483833394,52011590
2018-10-26,228.18470764160156,231.882251410966,222.29204824722794,227.31153525807758,37958310
2018-10-29,232.23837280273438,233.36519772725003,225.85302660161838,228.18472679914808,22011450
2018-10-30,229.8871612548828,236.47739162377476,229.30180595839224,233.65788785225263,22022300
2018-10-31,232.44325256347656,233.3651934454454,225.06278316265113,231.0042262713708,28088120
2018-11-01,235.91152954101562,237.56030777560284,231.45788114275342,233.3115434002615,25521340
2018-11-02,232.51641845703125,241.45298216367175,230.73105585787232,238.3407934469916,23671170
2018-11-05,230.1847381591797,235.0237409672875,227.57986902700785,233.17009345927363,16259990
2018-11-06,228.26766967773438,233.16033852802963,227.5457150882833,231.21887510364368,13686820
2018-11-07,229.11155700683594,230.68228495936438,228.6530205004928,230.24326476234583,1714670
2018-11-09,231.7407989501953,232.57005592041213,228.12129063888483,229.23348195926667,13278460
2018-11-12,222.20423889160156,232.68226314457684,221.46278295102283,231.7408059880711,14796780
2018-11-13,222.92620849609375,225.20425748311928,217.8628055799092,221.46279793703843,22977100
2018-11-14,223.7993621826172,225.8530106598998,220.97497587242896,224.29203357327683,14561460
2018-11-15,228.4188690185547,229.0725239145668,222.93594761941304,223.12131532911135,15771150
2018-11-16,234.35055541992188,235.82371657669063,228.29202962216124,228.4871480376845,19188730
2018-11-19,230.3359375,236.3212811285524,229.29691365573072,236.0968956851936,13577950
2018-11-20,232.2042236328125,233.45788223796347,228.8530158697664,230.73106237806704,12377020
2018-11-21,237.1261444091797,237.5602966554024,230.40909579515602,233.07249864896366,15147250
2018-11-22,232.34080505371094,239.4920062719343,230.243255922608,237.26762346496443,16042790
2018-11-26,233.61886596679688,235.30666196054713,228.97009906405344,234.14568721292994,13914340
2018-11-27,237.60418701171875,238.03833923935724,231.7066449303034,233.65785878234806,15949550
2018-11-28,235.37008666992188,238.9261636950414,233.7798423940515,238.62861068648434,13962600
2018-11-29,244.535888671875,245.61881303767706,235.7895754869181,237.56030457432513,28612840
2018-11-30,247.57981872558594,250.18468790451143,244.589580572687,247.60908574775274,27373410
2018-12-03,244.7456512451172,249.32123549244727,242.99930640837923,248.5846623428696,11155920
2018-12-04,248.15049743652344,248.68220142896496,243.41392994196735,244.7797736944244,13295870
2018-12-05,243.32615661621094,247.79443866778226,241.00420708588197,247.79443866778226,13270310
2018-12-06,237.30665588378906,243.31638378735116,235.90177939917555,242.04810657606888,13174720
2018-12-07,242.57003784179688,243.68222921145963,235.5749375317363,238.34078988984274,14787200
2018-12-10,233.71153259277344,238.42859908582548,232.42373906705302,235.16519241212995,13998940
2018-12-11,236.75543212890625,238.68224702542918,227.5213154300476,230.24325241485622,21892780
2018-12-12,243.31150817871094,245.35540600309812,237.49688399834037,238.53590781916026,16831970
2018-12-13,242.83834838867188,246.72614298233262,241.4627389093782,244.89687980877673,17131610
2018-12-14,242.57003784179688,245.07247214518335,240.41395473711705,242.75540555117087,12043790
2018-12-17,241.40419006347656,244.86759777030198,240.6090680042856,243.7651571349495,10196020
2018-12-18,247.043212890625,247.6285830622225,238.69201911044738,240.94566896390864,16531070
2018-12-19,253.35536193847656,256.4968173932265,248.79439663713106,248.85781346840886,29463140
2018-12-20,252.8188018798828,254.62365093717054,246.9846615413362,249.75538173467586,14670280
2018-12-21,252.8041534423828,255.98952445704842,247.09197886135328,255.12121997176308,30424640
2018-12-24,250.23342895507812,254.13097414161402,249.0724691342025,253.07244888710773,10500170
2018-12-26,250.4773406982422,251.9944322656337,244.26272864751584,249.75540101958242,16620680
2018-12-27,252.40415954589844,256.26755490054006,250.73099712618225,253.5456328275594,16263010
2018-12-28,257.05291748046875,257.93095773839906,252.28706823264991,253.95046490181375,19015810
2018-12-31,258.0627136230469,260.1261130103916,257.13099221551533,259.21392279872316,14533270
2019-01-01,259.20416259765625,259.90171808150495,254.83831499489366,258.0480705989433,9178720
2019-01-02,255.0285186767578,259.70656682893843,253.84315987452794,257.0821819048846,13049150
2019-01-03,252.31150817871094,258.3407530244283,251.24809999251158,254.8285912169747,12824780
2019-01-04,251.32127380371094,254.8188168663087,250.11150077278015,253.75540871663344,10510210
2019-01-07,249.13099670410156,254.14561593945913,248.3261239303619,253.7553791057008,10243280
2019-01-08,247.51638793945312,251.90175174380164,246.34566245897932,249.75540432858713,12333790
2019-01-09,246.27732849121094,249.73585320845598,244.87733495410305,248.38952579253893,10939920
2019-01-10,245.33102416992188,248.04321058810476,244.36029991525987,246.43834770321195,9108390
2019-01-11,245.287109375,246.82857021649676,242.7310238068198,245.46272637546488,8182180
2019-01-14,248.2724609375,249.06270021210588,242.35540220203836,245.45784014989908,10215040
2019-01-15,254.06759643554688,254.9261056144585,248.87735987848274,248.87735987848274,14663030
2019-01-16,250.71636962890625,254.8431982703996,250.02857974190658,253.50173854360605,9525970
2019-01-17,247.4041748046875,252.34562662651004,246.54076797148304,251.12123508152823,9941830
2019-01-18,248.0871124267578,249.26760351797634,246.3505330530582,248.29199645919758,7537750
2019-01-21,253.09197998046875,254.24318909008943,246.4968671606711,248.584665536466,13321590
2019-01-22,255.79441833496094,257.07246120616304,251.21881882575707,252.19442588915808,14747130
2019-01-23,257.00909423828125,258.82859223718833,254.7310596396692,255.5115335325765,9925040
2019-01-24,257.1358642578125,258.87732634537434,253.96025867303285,257.46268427003946,7538560
2019-01-25,253.61390686035156,259.6090309839668,252.19441176280682,258.43829066419727,9169270
2019-01-28,239.8529815673828,254.63342133385336,229.7554433874424,254.63342133385336,23640470
2019-01-29,245.41879272460938,250.7407451702404,231.37980967780064,240.77979192191043,61188330
2019-01-30,253.21878051757812,255.96999935507966,248.38954381583164,251.7066016032576,38797070
2019-01-31,251.2041473388672,254.43828683862372,246.4383275179631,254.43828683862372,20834180
2019-02-01,256.4285583496094,262.2334323173072,251.21882017583022,251.21882017583022,21177680
2019-02-04,253.11636352539062,255.95538344870806,250.94563201063892,254.63342525443176,9421130
2019-02-05,254.009033203125,257.7651262404619,253.06757598764247,253.65782896183498,10108170
2019-02-06,264.511474609375,265.3651308206547,254.83832189021655,255.5114931701075,17984610
2019-02-07,263.0821838378906,266.438274256946,261.8626751034421,265.8529041097782,17605800
2019-02-08,264.1114196777344,267.06750740854875,260.4870435989403,260.4870435989403,15107850
2019-02-11,259.2383117675781,265.82365948845876,257.07246288178413,265.82365948845876,11947020
2019-02-12,255.78460693359375,261.18459463532287,255.248035054073,260.29190599567846,12003700
2019-02-14,254.555419921875,255.8041958301809,249.45298402463976,251.7017512648072,12141260
2019-02-15,249.86268615722656,254.6334185194559,244.48711201201033,254.6334185194559,16406960
2019-02-18,248.7261199951172,249.85294482682795,245.11636238562966,248.58952073155893,11545200
2019-02-19,249.7358856201172,254.33588412179404,248.29199137095733,248.87736154886156,11483390
2019-02-20,254.2578125,255.101732813106,250.8285693268395,252.1944131922033,10381270
2019-02-21,258.9943542480469,259.5114246927866,252.97972962122026,254.63339039405002,11398230
2019-02-22,257.5992736816406,260.87729882227455,256.8187702387549,258.78463258194995,8256720
2019-02-25,259.2919616699219,260.9748898111877,254.99929653981008,257.46269842358174,10240400
2019-02-26,259.2919616699219,261.26756002133624,253.65783682582733,257.2968618955526,16189960
2019-02-27,257.75537109375,263.0870595646618,256.09682735021727,260.487058676221,11478390
2019-02-28,258.43829345703125,260.1944039556631,256.5846460750004,260.15537133840553,11368430
2019-03-01,259.58465576171875,260.9065842495793,257.56025923911534,259.83341054811683,7070940
2019-03-05,262.94073486328125,264.22851347551665,258.0090188512934,259.02365846765224,8473070
2019-03-06,269.9211730957031,270.6528782679178,263.4138619972837,264.877272341713,15434240
2019-03-07,266.8090515136719,271.44318543124473,265.8529457976009,270.72609870089974,8598510
2019-03-08,270.0772705078125,271.1211771348604,265.03339903190744,265.84313973511377,11780870
2019-03-11,272.29681396484375,273.9455922463998,270.14558376592805,270.14558376592805,11690750
2019-03-12,268.5894775390625,274.79435353070267,267.85288949159155,274.0284984642073,13853350
2019-03-13,275.9162902832031,276.87239584143094,268.1797340814937,269.26752633620083,15492960
2019-03-14,273.960205078125,276.5845903454428,271.9114243801927,276.2919201485225,8960550
2019-03-15,279.09674072265625,282.82841904931007,274.63332748744256,275.0040628530847,20915620
2019-03-18,285.8089294433594,286.9357543132197,277.56018553579963,280.1943362884623,18199860
2019-03-19,284.9649963378906,289.0625569466122,283.90647126034804,285.85280212888557,14805650
2019-03-20,279.8625793457031,286.29670800311084,278.8089370002831,285.345515099907,14068620
2019-03-22,276.7455749511719,282.4870020448084,274.73094406365425,279.80408272733746,12508760
2019-03-25,278.0284729003906,279.2187145427947,273.26750633077427,273.5601764997422,10667570
2019-03-26,286.2772521972656,287.0236058812757,278.9260495062701,279.023616165856,15706370
2019-03-27,287.3406677246094,294.06261476048707,286.09677465898596,287.8040870397301,24196560
2019-03-28,292.2772216796875,292.6821069307608,286.8333475909673,286.838230389789,13669450
2019-04-01,292.8235778808594,297.20895673846974,291.80408514975676,295.6284482509228,11090000
2019-04-02,298.0674743652344,300.1943204986086,292.5211503111747,295.10165017919195,11362380
2019-04-03,297.1698913574219,301.36498945220166,296.40403630715986,299.80401233327353,10527520
2019-04-04,296.5308532714844,299.02352181347374,294.3845061322377,298.5357183521141,7727760
2019-04-05,303.8235168457031,304.8771592077346,297.1796064009409,297.364974095592,12444080
2019-04-08,295.0333251953125,305.365000059035,294.43818942561234,304.6820632295097,16421890
2019-04-09,293.53082275390625,297.4722826913182,290.67718467982434,294.2966776897367,17333240
2019-04-10,292.5211181640625,296.29185948615407,291.3162578033617,293.76501114146987,9948990
2019-04-11,297.3503723144531,298.0479277214473,291.9016157529866,293.4625630780065,10167120
2019-04-12,293.5406799316406,298.7309170422812,292.80897457942064,297.7553099059879,10481380
2019-04-15,294.8528137207031,295.901573318461,292.8723328212495,295.4723038825355,6516340
2019-04-16,295.8528137207031,298.2723297251992,294.4381717046122,294.4381717046122,10214780
2019-04-18,294.0918273925781,297.16986595311334,292.19426483764016,296.4576622019496,6588260
2019-04-22,291.82843017578125,293.6576932149107,290.2430688752024,293.6576932149107,6621570
2019-04-23,296.10162353515625,298.3894232665321,291.41869181447447,291.90164231541337,9919680
2019-04-24,301.7601318359375,302.34061922234747,295.80406984298776,296.09674004909175,9905800
2019-04-25,300.5845642089844,303.84308846667994,299.7699405878522,302.4187103862522,12405640
2019-04-26,302.13079833984375,302.925920287023,297.0722793152931,301.3649434065968,6138070
2019-04-30,302.0430908203125,304.38942477872183,296.58456773311354,301.6577367220257,9009680
2019-05-02,305.53570556640625,307.2137507712488,298.5357373594808,301.95036180640295,8958300
2019-05-03,303.5942687988281,308.7796225032878,302.66257719288853,305.37476352347585,7307280
2019-05-06,296.0284118652344,301.8527865904008,295.2186711909834,299.12109901961986,9664870
2019-05-07,294.34552001953125,299.4918711684243,293.42359395951763,297.84309282670193,9702640
2019-05-08,285.00408935546875,294.3406558737155,282.92604159658754,293.8528523537214,11550230
2019-05-09,289.886962890625,291.882062308415,281.4625878650688,282.9259982005891,17452340
2019-05-10,285.1552734375,292.2918404704996,282.9260080427289,289.76502210938,16300890
2019-05-13,286.0333251953125,288.579674851944,283.5113895312965,285.84307469188224,13562290
2019-05-14,281.1553039550781,287.0187116159288,277.86263029445337,285.65286775578375,18617600
2019-05-15,292.9504089355469,294.950421306231,280.0772664158271,284.9748329945849,24536700
2019-05-16,303.4186706542969,305.2674352671026,293.68210172760723,294.04795436569657,36446720
2019-05-17,322.0575866699219,323.51126122917844,304.58934592571336,306.04790328328465,58487160
2019-05-20,332.4429626464844,336.0526906239283,326.14540289084897,330.73076762560163,27248590
2019-05-21,334.9551696777344,340.2917416600141,329.2673934335783,333.46737481759357,28849970
2019-05-22,336.47711181640625,337.5161058779204,331.5161287951192,335.8039406059631,15668120
2019-05-23,329.5356750488281,343.21855837277855,327.3795917414164,340.97467400106484,24062050
2019-05-24,338.33074951171875,339.0234221240336,330.8575965476585,331.70636984797534,15685230
2019-05-27,336.48687744140625,339.99418610060997,335.6088370201146,339.5112653575578,9320000
2019-05-28,332.6624450683594,338.3551028836502,330.41364857960286,338.34045448931585,16277680
2019-05-29,332.6087951660156,334.925861725534,330.194191727784,331.9990408082476,9212780
2019-05-30,339.6722106933594,340.45756716245813,331.71125420678305,332.574675906831,11751110
2019-05-31,338.2526550292969,344.48679732049226,336.45754193225673,341.213625500392,21728660
2019-06-03,342.5404968261719,344.3794957237357,337.5600125128107,337.5600125128107,12411330
2019-06-04,344.50146484375,346.3404936118903,342.3941500985713,342.87710058503677,10514000
2019-06-06,336.87225341796875,344.68196293621514,336.14054812180655,344.68196293621514,13149160
2019-06-07,342.3843994140625,343.31609098160084,333.6527050166496,336.89172734216953,12850440
2019-06-10,343.3746337890625,347.09657690199003,342.04782255088554,346.04293443480026,9832740
2019-06-11,346.52099609375,347.7063551155276,342.56003375634157,345.07223388041024,9031550
2019-06-12,342.0331726074219,345.3599960584584,339.7063701523976,345.3599960584584,12144700
2019-06-13,345.8039245605469,346.43806317700546,341.46246135688665,341.95026487311077,8803180
2019-06-14,343.257568359375,348.27220270429984,341.56002168180214,346.7258441498629,8646410
2019-06-17,338.19415283203125,344.36976167323974,337.1697774148112,344.2916964420605,9534600
2019-06-18,342.3697509765625,344.3892645744418,338.4429388294609,338.9258595217446,10835270
2019-06-19,343.9502258300781,346.1453415155512,341.47220555959854,345.2673011959944,8739410
2019-06-20,349.51611328125,350.1453691188382,342.18441190827764,343.3161196746635,11070050
2019-06-21,347.8868103027344,351.12094985746063,346.3404815595806,350.935582147449,10582660
2019-06-24,345.88690185546875,349.25761162767543,344.6868942824092,347.51129617822164,5437030
2019-06-25,349.2526550292969,349.85267357562446,344.42341827879426,345.8868287680064,8278690
2019-06-26,353.94537353515625,354.6331634066329,347.60878072287534,348.2770691716509,9788060
2019-06-27,355.3355407714844,356.9745531923841,353.17945789256885,354.63310262350456,11351420
2019-06-28,359.1307067871094,360.31609558593016,354.1161018938813,356.33560203919933,12000360
2019-07-01,360.8770446777344,362.5355885850403,359.5112007516284,359.8721705992602,9138840
2019-07-02,362.0574951171875,362.9257996278452,358.052647485258,360.87701899789425,7064780
2019-07-03,362.4770202636719,363.930665114716,360.48677371775705,362.3404209973973,6050400
2019-07-04,364.1452941894531,365.84284075551676,361.4770234715735,363.9013924518848,7436160
2019-07-05,362.8429260253906,367.02340605729955,361.60388594300446,364.2916882901184,7762800
2019-07-08,333.0039367675781,363.40873840564626,329.26737491686185,363.40873840564626,38571320
2019-07-09,351.52093505859375,353.65751664445037,325.5015145759571,332.6819673814002,51961250
2019-07-10,334.5404968261719,351.21361587077115,332.8771000923879,351.21361587077115,29095840
2019-07-11,337.2770080566406,344.5677848289215,329.01866713286165,338.15169607091224,27122410
2019-07-12,330.0888366699219,339.1290194654712,328.96492801716676,339.1290194654712,26966780
2019-07-15,333.4703369140625,336.197059790789,327.75302629848073,332.14120006361526,16180730
2019-07-16,337.0473327636719,338.6305816431596,332.879090974191,335.552038841339,16858560
2019-07-17,338.47418212890625,340.277333179686,336.1970466511951,336.1970466511951,9155470
2019-07-18,338.89935302734375,344.01559334515906,336.5879779783188,338.1516911858666,13204640
2019-07-19,324.772216796875,342.1831219085007,318.9083146720596,339.71540239604394,30339090
2019-07-22,317.2957458496094,324.07832832359924,309.2866257490404,324.07832832359924,36920230
2019-07-23,320.25701904296875,322.25561566148343,313.5379644806798,318.31216770286875,22236910
2019-07-24,310.1564636230469,321.9282308064396,306.38889565230187,319.9833794180217,27679890
2019-07-25,297.7396545410156,316.9830310132569,292.82375062211236,312.63398772595644,102905770
2019-07-26,319.054931640625,320.36453297363613,292.60873333996545,297.7396481073383,69450800
2019-07-29,317.88702392578125,322.51460554062925,310.7868017027882,319.8514107873833,34784730
2019-07-30,317.6231689453125,322.41690817010084,315.80048208184047,318.60537741153615,22849050
2019-07-31,317.828369140625,319.35301113486184,308.8419617870863,315.9714727631687,24381300
2019-08-01,314.90130615234375,318.70308364599884,310.2004137096526,315.77113260937574,18925160
2019-08-02,316.44549560546875,321.29787117407795,304.9229192481662,311.66640092031537,33560190
2019-08-05,308.8370666503906,312.72190773188686,307.17072444542646,312.72190773188686,20133710
2019-08-06,319.8025817871094,321.24413041957183,308.1627319920372,308.8370831512861,20051390
2019-08-07,319.1722106933594,324.9579411445615,317.8528564467378,320.0713555634403,23989100
2019-08-08,325.90594482421875,328.37855597230566,318.70312234176345,321.53733605621596,15877420
2019-08-09,334.2131042480469,337.1352726088233,326.42388636541506,328.37362905832634,21017570
2019-08-13,314.8769226074219,334.6333851541849,313.52822017256005,334.21314593907647,19006940
2019-08-14,321.53240966796875,325.4367864083612,317.1393744153801,319.5777756191837,27702370
2019-08-16,326.15020751953125,328.27099838368946,317.95539550614143,320.6185901091099,17581540
2019-08-19,325.2560119628906,330.23544380574873,323.5896994220639,328.85742310869284,14328420
2019-08-20,321.9380187988281,325.8766053880179,316.1864983122176,325.153400302147,16887170
2019-08-21,318.7470397949219,324.6598254949991,317.2566373463675,321.52750783171285,15528010
2019-08-22,304.3463134765625,318.5076283292748,302.81680987031154,318.5076283292748,25061940
2019-08-23,310.2346496582031,312.7414703928489,292.99965314416,304.7274582838918,31437870
2019-08-26,324.88458251953125,326.3065954161282,311.08487164556334,319.9735706998083,29500170
2019-08-27,328.15863037109375,332.0923255786932,326.4336812666703,327.59669095592227,22259370
2019-08-28,325.08990478515625,328.6375708668313,322.1970245019569,327.28397704893825,12509150
2019-08-29,322.4461669921875,325.4465371201166,320.1690316724271,324.83082268323943,15299260
2019-08-30,325.6908874511719,327.10800901913296,318.6053392620616,323.5065982911096,21189530
2019-09-03,318.45880126953125,323.9806372362398,316.08392773837284,322.80784471881816,11997260
2019-09-04,317.6524963378906,320.0078342159872,313.5233254709511,319.28952043680147,18793490
2019-09-05,321.8011779785156,323.0032887008216,316.92437538762874,321.14639224975974,15012260
2019-09-06,329.6490478515625,331.1150235102419,322.3191695581656,325.44659622682207,17008940
2019-09-09,335.9381103515625,337.1744309144185,327.61137862089026,329.74681429732,18025510
2019-09-11,333.8905944824219,337.7607614546425,330.8511231006351,336.7199164627223,13011120
2019-09-12,330.56280517578125,335.1219973870054,329.4144696170355,332.53211327075985,11640860
2019-09-13,334.96075439453125,335.80615394819495,329.60018453815155,331.2127517516966,13283630
2019-09-16,334.1300354003906,337.16947698434495,330.5579429230046,331.79912478817965,11797670
2019-09-17,329.1994934082031,335.6106912960033,327.7921543767005,334.72622050002127,13618720
2019-09-18,333.64141845703125,338.59153211374775,331.1639159498163,332.9719586080305,18536680
2019-09-19,328.57891845703125,334.86798212341654,326.45326546194303,334.8288810840372,12376920
2019-09-20,361.82232666015625,366.4939010593116,320.8190021327945,330.8511463419427,56480860
2019-09-23,393.2479553222656,397.7680467627514,367.85238562091496,373.3351200574227,40110020
2019-09-24,387.1885986328125,393.37014135568535,383.79244549629624,393.37014135568535,21896040
2019-09-25,384.1736145019531,390.8193893560064,380.17639073369276,387.01761113249955,24147290
2019-09-26,391.0050354003906,392.39283888773156,385.5614014982822,386.5289359404679,23881650
2019-09-27,396.53662109375,399.23402576912963,389.9495135419406,391.5132268294846,20244780
2019-09-30,395.4273681640625,401.8483183920779,393.95650125998276,397.36732815491666,22563610
2019-10-01,390.18402099609375,399.63468930240396,385.6786040408689,398.7453272728273,16155060
2019-10-03,386.9980163574219,391.4105873308293,384.2664020783796,389.4608445873225,12458400
2019-10-04,381.5397033691406,391.3177658510374,380.4011504074151,388.8744730699678,14782660
2019-10-07,381.2416076660156,386.8465365041482,373.28137096385575,379.1990185933563,14061520
2019-10-09,393.2626037597656,394.3474113186014,379.2038891058201,382.6196072645166,13566000
2019-10-10,385.93280029296875,392.3928526163863,384.18339416806316,392.2609052513435,11027880
2019-10-11,388.3075866699219,392.392764456869,383.5969117044111,388.87441739081646,16238660
2019-10-14,379.52154541015625,391.5425639232946,376.5651670769152,389.75405688525973,17683520
2019-10-15,379.1452941894531,382.7173870409548,375.582954227833,380.6650151405951,13948940
2019-10-16,392.5296325683594,394.0542447736904,381.15364783974394,382.1309648854869,23817690
2019-10-17,401.3645324707031,402.3809504867803,391.02453188665686,392.8863195511301,21035930
2019-10-18,404.3796081542969,410.37542804367985,398.74536098016176,400.6999951026135,18362130
2019-10-22,394.2643737792969,412.41312908508996,390.9366103520488,407.0525592772823,50347550
2019-10-23,394.6748352050781,401.67732044421217,387.7994059585786,399.7177949240037,24422490
2019-10-24,393.4825134277344,398.74537553869936,392.15337649210716,396.9862166944042,12675570
2019-10-25,389.6807556152344,397.16700796804344,381.15365819440495,394.6210862575932,17580980
2019-10-27,388.8647155761719,392.3928159940973,386.5289133889551,392.3928159940973,2146910
2019-10-29,395.544677734375,396.79075109849333,387.25701781174297,389.9495312519676,13355150
2019-10-30,390.14495849609375,398.2517863123473,389.4608246656636,398.2517863123473,13385540
2019-10-31,393.619384765625,395.8134570580011,390.4382125794356,391.3373575062784,12512200
2019-11-01,397.75335693359375,401.6772991231909,392.97918352573896,393.7610252191969,18756120
2019-11-04,401.9704895019531,408.27419638525845,398.3690785697772,399.42948904002634,18631580
2019-11-05,413.1900939941406,415.84839751675645,404.12059312145425,407.73667807347863,29346520
2019-11-06,409.3150329589844,418.29168746397664,408.1911243432514,416.3370534104066,20766950
2019-11-07,412.99951171875,414.3042514373622,409.3199285837227,410.93249572966073,11416030
2019-11-08,406.5101623535156,414.3824443204341,405.391115202209,412.4278101491113,15096930
2019-11-11,407.4483947753906,409.30039999000394,404.89272003781457,406.5639239703442,7693020
2019-11-13,405.05389404296875,408.0298373571454,403.82738629174963,407.2382129928516,8990150
2019-11-14,411.5042419433594,412.52555142996033,402.6937438482632,406.36843584124404,13836290
2019-11-15,409.26129150390625,415.09098404409775,408.0836077734332,412.44732475975206,11931710
2019-11-18,406.06549072265625,411.40652533697096,405.11263036728883,410.3754629078658,9273640
2019-11-19,404.19390869140625,408.7286442696266,403.26544556880276,407.05254911701024,8295350
2019-11-20,404.467529296875,408.7139727659086,403.3778005834727,404.60922952178055,8138790
2019-11-21,403.0113525390625,406.5639097076635,401.87279960271536,404.6092755263767,7028530
2019-11-22,398.5791931152344,404.9806375873543,394.93381966423993,403.63193530749135,12226150
2019-11-25,404.7754211425781,405.5035175825232,397.0155212756263,400.6999958663446,13893040
2019-11-26,400.5386962890625,407.9272102744515,399.4294617976058,405.0978883534745,15027270
2019-11-27,402.4933776855469,403.13351919010347,400.21135061858797,402.7523810320301,4850640
2019-11-28,400.9003601074219,404.51644541783133,397.27941326465896,402.65465747857195,9697080
2019-11-29,398.1785583496094,404.120633378673,397.02041011088124,400.21136485747667,8319830
2019-12-02,386.0842590332031,398.48638598286925,383.1180979623891,398.2567307733161,20654040
2019-12-03,387.4621887207031,390.43813203672653,379.8342368786697,385.05799731007227,19843820
2019-12-04,390.0325927734375,391.3275498818985,384.57428503327577,386.82210246927633,14308300
2019-12-05,390.0325927734375,394.2497185137695,387.7994195849899,390.0325927734375,12553040
2019-12-06,386.2015075683594,393.6437674978583,383.83149578299754,391.9041443096474,11713550
2019-12-09,385.5368957519531,388.1365626408324,379.2234360648743,387.9557613756122,12689420
2019-12-10,389.6416320800781,390.43814783402775,385.6004166754067,386.04022126268075,11594800
2019-12-11,394.5233459472656,396.3020701650299,389.36800439046004,391.07341789815246,13659810
2019-12-12,396.51214599609375,397.27934338708826,391.9089914754733,395.81336795023554,10870560
2019-12-13,397.9586181640625,399.6493575503792,394.94357362972096,397.76803418370395,8616560
2019-12-16,394.7823181152344,399.52231147497935,394.01022934314864,399.52231147497935,8260690
2019-12-17,404.19390869140625,406.07523207231156,395.51532856242585,396.4926456071246,13794840
2019-12-18,402.5910949707031,406.4515092326648,400.8026178996203,404.6532494470099,11097750
2019-12-19,399.90350341796875,405.09794629753463,399.26336189729193,401.97541094060676,7361040
2019-12-20,404.1792297363281,405.0979101332735,398.8430870878416,401.3841173384277,10542340
2019-12-23,406.5638732910156,408.9094281333942,403.63192228170544,404.47240058820734,11378790
2019-12-24,404.5604248046875,408.5869664779584,403.2068310793184,406.36843757641043,7519790
2019-12-26,409.21240234375,410.1261913742149,403.94957045620254,405.5816731823955,12650200
2019-12-27,415.6188049316406,416.33711874287945,409.6913738480171,410.277740295823,11266480
2019-12-30,414.7049560546875,418.44320592960037,413.405137421882,417.78839034291707,8319100
2019-12-31,413.869384765625,416.9626018867898,412.2909972920767,415.06660423569735,7796080
2020-01-01,413.5321960449219,415.5552496330273,412.52556060850515,414.16744620522053,4070420
2020-01-02,414.9737243652344,419.83099138585686,413.89377826804656,414.38243680201117,8638440
2020-01-03,409.8330383300781,413.8742540613674,407.8344117479692,412.42781402387305,11768500
2020-01-06,390.60430908203125,410.8640719519924,389.3435617668208,406.9548038462164,28667350
2020-01-07,391.67449951171875,399.918166813973,390.555452350811,396.30208163586065,21490420
2020-01-08,395.80853271484375,396.824950846276,386.0402531076321,386.0402531076321,16305760
2020-01-09,403.06512451171875,405.39111411606655,398.7453698815148,401.27661754755394,14193880
2020-01-10,405.083251953125,409.0951492676554,402.459158002897,403.64173313333896,11066240
2020-01-13,407.00372314453125,408.7384550529285,405.1956805226075,407.34576027338466,6451520
2020-01-14,409.78900146484375,410.7076818203237,405.6305427308816,407.5411843207914,7034340
2020-01-15,411.1817321777344,412.4278054827841,407.5461114671944,409.4909629015438,6169760
2020-01-16,412.4522399902344,413.4002387629573,409.30038640190526,409.49586175054225,5787280
2020-01-17,413.576171875,414.57794581125586,410.6686772220893,412.13465294302677,6711290
2020-01-20,405.8406677246094,415.64804741702903,403.1579373266379,413.3073541094202,8486390
2020-01-21,404.4724426269531,409.11469887418605,402.36632545938045,405.58170708487796,8979220
2020-01-22,404.8243103027344,409.15381811098666,402.9820579343451,409.1049641837198,7979010
2020-01-23,403.2214660644531,406.9401802056367,399.2340255178088,402.94781847620646,11545220
2020-01-24,409.93560791015625,411.0253067687578,401.7750053866577,402.65458467938316,8648920
2020-01-27,406.9889831542969,411.25496211231365,405.9774565283591,407.9320904354049,7821550
2020-01-28,411.74365234375,415.26199961284544,405.6012410634455,405.6012410634455,10527640
2020-01-29,431.87640380859375,434.31969646402297,411.9489244200952,414.8613101771429,45814130
2020-01-30,426.53045654296875,438.32668004014846,424.6295677958594,436.27430834913827,35777740
2020-01-31,426.68682861328125,431.98389991569275,423.54964937112794,427.0875321652927,17369270
2020-02-03,426.04669189453125,427.7618880333329,415.379268290994,415.379268290994,10941810
2020-02-04,441.67401123046875,444.6792731937314,427.78634381874724,428.8418629716012,19583230
2020-02-05,442.5487060546875,443.6970416383581,437.608375610805,441.2586404130043,12856310
2020-02-06,456.05035400390625,457.17426265331824,442.23596787222766,442.54871648825434,18464770
2020-02-07,454.87261962890625,458.05868242125115,452.1165786794059,455.81572690401987,9503260
2020-02-10,461.46466064453125,462.6618799815584,453.47510578630227,455.4297398629674,11608790
2020-02-11,464.1620788574219,467.6462165875136,462.8573689239967,462.9551065957726,11674290
2020-02-12,466.0531311035156,467.37251495654607,461.4890776303182,466.180187079597,8829640
2020-02-13,468.6577453613281,469.1708308586867,462.7596332570354,465.7893221431124,6810390
2020-02-14,467.32855224609375,470.57814325478375,465.9847413489487,469.1121677306256,7311180
2020-02-17,466.8301696777344,468.9167213547355,464.23050267531227,467.3285811054901,7164840
2020-02-18,465.0074462890625,466.370822679127,459.49539356714666,466.12160205619693,7286110
2020-02-19,476.7400817871094,477.6147995348483,467.16727908151074,467.64615483702414,11720490
2020-02-20,476.9747009277344,481.17226085089266,474.36525134597935,475.74816328843326,16346430
2020-02-24,469.49822998046875,476.539816275126,464.3428883257982,473.0214688065362,12633890
2020-02-25,471.6483154296875,473.9889789900511,467.5484633121184,473.9889789900511,9593090
2020-02-26,470.0894775390625,472.8015262521029,465.91145332434104,470.57813603962285,8513460
2020-02-27,465.18341064453125,470.57819037651876,460.5215889226698,470.57819037651876,11748700
2020-02-28,436.45513916015625,453.4751244336957,421.3946794011072,453.4751244336957,49414100
2020-03-02,426.18353271484375,451.32012773823686,420.79850637425517,449.56583055888086,22382160
2020-03-03,436.3072814941406,438.34966255030065,423.1762370008873,431.0078405941133,20235030
2020-03-04,419.88006591796875,440.4900581238514,413.8655323531598,437.4730160353986,24729910
2020-03-05,424.219482421875,427.82917076462417,418.5820908883294,422.19177923107856,18332950
2020-03-06,413.9487609863281,415.13892684371217,395.40073174451766,404.06987318434363,33122380
2020-03-09,394.4505310058594,404.31474032471954,386.4524184174099,398.6822515134121,35456270
2020-03-11,394.82769775390625,403.4723561371624,390.3559887410569,393.19671643191054,27936830
2020-03-12,365.80322265625,379.0860987620606,355.3953624767476,378.1114380506276,52726190
2020-03-13,387.17730712890625,396.0864367729698,321.39963577906053,336.96978408112096,48499170
2020-03-16,359.72015380859375,375.5107100794646,352.6428026924444,375.5107100794646,31404670
2020-03-17,337.4448547363281,365.83751300998415,333.2474522317465,362.64412703213765,25585480
2020-03-18,299.8786315917969,345.7858577917888,295.7203900112908,341.86760444570626,54435800
2020-03-19,268.99786376953125,299.06556647172647,243.3920946232688,274.2777243116014,83247130
2020-03-20,289.1573181152344,298.17908852408567,256.8072432925787,274.2630401002862,61101890
2020-03-23,221.98373413085938,264.4820808970658,217.95282592443385,260.2454578288405,48442350
2020-03-24,242.3635711669922,251.61553957521426,206.16380444424988,242.1480660263192,62572210
2020-03-25,253.27587890625,264.4820852041913,235.09518684817007,239.9930032408403,62263550
2020-03-26,273.66058349609375,287.6487456701549,251.26287909499362,258.34022963588313,50961240
2020-03-27,249.03439331054688,297.78726680049846,244.89084440830464,289.4609780906161,71706090
2020-03-30,219.62791442871094,236.5057874671089,218.05081677163926,234.12055300201456,76983550
2020-03-31,217.0516357421875,229.21781001878117,205.70829104249592,225.79912875341114,110431110
2020-04-01,217.39938354492188,224.0163385701367,208.9065713341452,213.54480426315178,64083010
2020-04-03,216.2386016845703,229.5802492455728,213.8435622059855,222.24332958572077,61726720
2020-04-07,220.7299041748047,223.9281777716055,203.89609620265767,219.91196223748616,111614780
2020-04-08,228.52232360839844,232.54832950894945,210.03306567945617,213.9366261632592,91093390
2020-04-09,249.96986389160156,251.37063226729322,231.872440488823,234.21359623013674,71932460
2020-04-13,224.0555419921875,246.84998748169536,221.9641794235925,246.84998748169536,81831990
2020-04-15,213.78480529785156,231.9606116042561,212.40851994333784,229.70761283862353,93336280
2020-04-16,217.4630584716797,220.4017484510267,207.86333488308938,210.11633352331214,72467400
2020-04-17,226.09791564941406,232.73445132660203,218.95200284817173,230.68716752479656,101915460
2020-04-20,226.1077117919922,229.756591322427,221.87110320798485,227.7484834254149,54031770
2020-04-21,205.68382263183594,216.48350270425195,204.2389606960929,216.48350270425195,73839850
2020-04-22,210.43467712402344,212.5652302320991,198.1019791047377,201.78513163016171,90627230
2020-04-23,212.8052520751953,217.37492383587053,206.88379294817338,211.5857003906902,71440060
2020-04-24,193.58621215820312,207.03072547093083,192.97888764818208,207.03072547093083,104944510
2020-04-27,200.22764587402344,204.2389589983074,187.65005601506488,195.9126705019735,144952470
2020-04-28,218.2565155029297,219.8238228983032,199.34114892293397,203.84714647441953,147563440
2020-04-29,224.95181274414062,232.64627809341053,215.50882335961657,215.50882335961657,150601540
2020-04-30,227.0725860595703,236.95148938153383,224.43267050738424,231.67164333021066,88833050
2020-05-04,203.71490478515625,215.71945938235177,198.7093350685174,215.50395423236327,73127450
2020-05-05,196.1428680419922,209.13677528563124,195.61879806232213,208.64699361048926,115212090
2020-05-06,206.32054138183594,208.8331238974759,191.24506123494743,196.89224364509923,131496960
2020-05-07,201.8439178466797,212.55055297820624,200.64886431716806,205.60545245055152,77702040
2020-05-08,198.27828979492188,208.64697343154623,197.38199599275382,208.64697343154623,69663750
2020-05-11,197.38690185546875,204.99321006267024,195.45225841499786,202.76959725066925,76549900
2020-05-12,202.74021911621094,203.74916812801192,193.66946826218313,194.90371264974894,103365270
2020-05-13,211.6885223388672,219.41727616256418,210.1163274306509,217.46305216598833,94411850
2020-05-14,206.8837890625,221.27848053723804,205.39484849516197,211.48773409699172,143075310
2020-05-15,204.38099670410156,209.29350624297527,201.3982281355404,207.66252491601477,80267260
2020-05-18,189.89816284179688,205.06670281008184,188.6639183288206,204.72875223862084,108205710
2020-05-19,192.4792938232422,196.26040891573933,188.29166652106463,191.99441475268173,94135140
2020-05-20,200.10520935058594,201.79005958755855,189.54551713685717,192.97398902305355,163185080
2020-05-21,194.95272827148438,203.5092158801863,193.4148064310063,201.69211486021467,98795420
2020-05-22,185.65663146972656,196.5983517616381,182.7130389635993,193.46375218399623,161950940
2020-05-26,179.1621551513672,189.42308861969607,178.43238513919266,187.88027912259133,98692950
2020-05-27,189.6875457763672,190.6230305528803,174.6561452379104,179.26008991295134,173352460
2020-05-28,190.78955078125,194.24740808261495,188.7618475474958,191.40666550491218,90517750
2020-05-29,191.3723907470703,193.9535346786852,185.2354272299889,187.4884108772824,103618470
2020-06-01,211.66896057128906,218.08999138381694,195.62370754598948,195.62370754598948,189159830
2020-06-02,229.8251495361328,232.64629678117717,211.66895411333476,212.09994943403822,234424700
2020-06-03,236.26087951660156,244.582265136072,234.89928709982775,236.7604514288452,187051760
2020-06-04,226.577880859375,240.35055334761483,223.02696391368457,236.46657352181924,163153500
2020-06-05,234.14991760253906,235.97679359567073,222.85065132082823,229.60963212936136,158500390
2020-06-08,245.6010284423828,249.56336042426085,242.4957994501606,245.3806207084752,149925030
2020-06-09,239.36610412597656,248.31931267135772,236.59393801336833,248.31931267135772,123730770
2020-06-10,238.5873565673828,241.95215437948823,235.19317304969184,239.0134642453244,89614430
2020-06-11,229.1100616455078,240.8746116006316,227.2684778423566,236.07475736737774,100427670
2020-06-12,240.00772094726562,241.95215485439866,215.40598127823282,215.50394359501095,168024570
2020-06-15,230.33453369140625,238.02899989344345,228.33623096318192,237.05433910864505,120703460
2020-06-16,231.66673278808594,240.52197891503994,223.83022597072997,240.18893096257042,129143510
2020-06-17,234.70339965820312,237.5441275762102,228.43908744893358,229.90352996787377,96502790
2020-06-18,247.4328155517578,248.9756249007381,232.45039530388263,232.64630499238072,127382680
2020-06-19,264.344970703125,265.9073755569196,250.7682360237265,250.96416066568133,186038260
2020-06-22,278.22540283203125,280.50777249526374,267.2248946325184,268.4003827187753,139393260
2020-06-23,296.36688232421875,304.57072545629575,277.5102876624298,284.0684715258324,161869530
2020-06-24,287.447998046875,306.1135720411173,285.15092060652233,306.1135720411173,201088070
2020-06-25,294.3930358886719,298.3749627691956,279.27347998057735,281.92318533717093,159821300
2020-06-26,284.416259765625,299.62887927353574,281.33551351742597,298.03218603288207,125724990
2020-06-29,279.954345703125,283.5297462703188,271.3390721191646,277.608272138805,116139990
2020-06-30,277.3144226074219,287.66351299498365,275.84507741157955,285.05296799341056,97030570
2020-07-01,289.35321044921875,290.80294496561606,274.8654612267615,277.31436941678277,127048960
2020-07-02,290.3670349121094,295.4362928503061,286.52226097454053,291.9098590441473,116197340
2020-07-03,287.15899658203125,292.83557947725456,286.1304669987806,291.9098849159879,85435970
2020-07-06,304.5266418457031,307.0588045922635,289.4609535898794,290.93029853196,114375830
2020-07-07,328.3447570800781,334.9763904563437,306.14294451637835,308.56246728097256,228764010
2020-07-08,314.248779296875,333.913523376482,311.5109167706521,328.3447087262084,191261830
2020-07-09,326.194580078125,331.0825913967313,312.9802806794464,316.88872869451484,187577860
2020-07-10,324.6419677734375,332.5617283990406,320.51798490502955,320.8069692214604,161504130
2020-07-13,316.84954833984375,330.89648299292486,315.0471553886012,329.1332809454204,131364670
2020-07-14,312.5737609863281,315.3998107504232,305.8539410191075,315.3998107504232,124044220
2020-07-15,308.4889831542969,323.0306026161021,305.8441799846539,316.39896934549495,109802620
2020-07-16,313.93048095703125,314.9296248370112,303.88995637047026,311.501153026966,99999250
2020-07-17,323.3832702636719,325.5089061026551,313.9500699316861,314.4398516320475,84256260
2020-07-20,337.11669921875,338.33625072795604,324.8721581321043,327.6590168791808,105554950
2020-07-21,322.5163269042969,344.7573292664112,315.28714467635353,342.84716879698203,259600480
2020-07-22,318.6519470214844,327.17416015678134,312.83333830862114,325.2150334492557,170696590
2020-07-23,323.0403747558594,325.2150064162056,315.03245696205596,318.65192053398175,87180350
2020-07-24,318.539306640625,322.2763432248508,315.41939975198164,317.8683081351492,66376830
2020-07-27,310.63421630859375,321.296772738226,308.77795455716944,319.6315031170836,70898670
2020-07-28,317.33935546875,319.3376732051116,309.65958188445984,311.011384179825,82116970
2020-07-29,321.7131042480469,326.09665653122,317.3393571651225,317.86832978220247,80700220
2020-07-30,315.2528991699219,325.6068922477516,313.9549955053317,322.80535506575524,65082780
2020-07-31,318.48541259765625,320.61104816525045,311.6235670686493,316.98668198165575,72353970
2020-08-03,310.9624328613281,317.77038098351807,310.4236550210728,317.77038098351807,44639200
2020-08-04,316.947509765625,319.3376466906499,307.8620658270561,313.6561913144501,66791450
2020-08-05,319.54827880859375,326.1946202284447,318.1573154869442,318.9458568688155,69853800
2020-08-06,327.68353271484375,330.9748812325341,318.8478817459318,322.47227822717906,81729060
2020-08-07,339.3501281738281,341.0300757516508,324.2354726793541,326.4884564534023,101512670
2020-08-10,337.2587890625,348.41600048177315,334.3445820110063,342.25944101484004,71292450
2020-08-11,338.6742248535156,342.3132991307372,333.5119367335271,339.15423122540614,55718180
2020-08-12,334.8392639160156,337.9493656861462,329.32921991026325,335.50045723914513,56625270
2020-08-13,334.97637939453125,340.1044091072125,333.14950330192727,337.9493577667913,46633590
2020-08-14,326.3023376464844,337.8318175662722,323.8632344375668,335.50045197826034,55313350
2020-08-17,331.5626220703125,333.0025814279201,324.4705629044966,328.1537307620838,46705720
2020-08-18,335.0008544921875,336.7689890265907,329.77979508364405,332.95357071467384,47062980
2020-08-19,334.0262145996094,339.41871586411116,333.14951612418946,337.6555137132872,41988490
2020-08-20,332.4442138671875,334.47191717232727,328.45248126604776,330.89648703657707,36774590
2020-08-21,332.00341796875,336.9698116109244,331.09243117585015,335.99024820507873,26273800
2020-08-24,342.06842041015625,344.3165315432507,333.15441747735895,333.3454096190201,62055750
2020-08-25,356.84515380859375,358.5201988262599,343.8267480546919,345.2960931318487,98540590
2020-08-26,357.1047058105469,363.12414165971853,355.6794543058739,359.0099636790963,66650850
2020-08-27,355.826416015625,359.34304514272986,352.29020638172165,358.2214557769704,46110620
2020-08-28,359.57806396484375,361.26291394735796,354.31291150622405,357.54058556207906,42513280
2020-08-31,341.652099609375,367.32154371163085,339.4186963959456,363.90777982999646,85297660
2020-09-01,356.9382019042969,359.8915698683938,342.8667540123596,344.5124431645586,60651820
2020-09-02,359.3675231933594,360.479337237028,350.0420902309892,356.82555493203233,42810110
2020-09-03,354.5725402832031,360.1609359358484,353.1325809902055,359.30381802082366,32213660
2020-09-04,352.329345703125,357.52104949981856,344.8797854073011,346.9123614634566,49146490
2020-09-07,343.3516540527344,355.4835255347329,340.6529523027229,353.3285041507928,46651680
2020-09-08,342.8471984863281,350.1841189678865,340.3982899257115,344.8063253348214,44487030
2020-09-09,335.28985595703125,342.2055710457783,332.3119749040208,340.594200043415,45632470
2020-09-10,342.71978759765625,345.1442126067676,334.81470503937226,338.58602950977905,47622820
2020-09-11,347.1964111328125,348.4992171410643,338.6056519345066,341.8675845015063,46083840
2020-09-14,337.0383605957031,350.19879148292324,335.0106573372835,348.4306868548459,45315090
2020-09-15,344.1597900390625,345.2177352168206,338.4391435586533,340.39827029415926,38936370
2020-09-16,344.9532470703125,349.4494395117119,341.0497012507059,344.60552119365707,39077180
2020-09-17,340.0994873046875,344.5124247566333,338.55666314878096,341.7500490745814,27811560
2020-09-18,340.3786926269531,343.2194204383447,335.89227562464833,342.0047714182508,37690870
2020-09-21,326.2093200683594,339.61464280865334,324.651787955399,339.20321302725006,36274190
2020-09-22,323.5497741699219,328.5259729072604,315.1304256784779,326.0966449501902,42249680
2020-09-23,317.7556457519531,327.5659565058196,313.47983168533,326.1945738856806,42443280
2020-09-24,296.6999816894531,312.9460328072258,294.5449301856907,312.5786965209415,59637770
2020-09-25,307.4800109863281,310.2423866641206,296.6901367923717,301.7054961003668,62325930
2020-09-28,326.6991271972656,328.1537646107194,309.81143253541387,311.30526085821896,55886950
2020-09-29,322.74163818359375,330.30877098165365,318.79890170961005,328.9373583873108,46434460
2020-09-30,321.1596374511719,327.5513124612628,319.33766390190885,322.6583981302073,36035360
2020-10-01,337.24407958984375,338.9289298007945,324.7301633772798,325.704824158278,53821060
2020-10-05,331.3764953613281,344.7083382588428,330.13733336957125,339.41870212655977,42071900
2020-10-06,340.3296813964844,340.8880396704808,332.18951249586513,336.959981141563,47587570
2020-10-07,326.3072509765625,333.0515545216752,321.8159611777908,333.0515545216752,65710800
2020-10-08,325.8468322753906,331.87604335967467,323.45182265930436,328.54553402535385,44618100
2020-10-09,325.0093688964844,334.8588723162716,323.7457236622748,325.6950453824219,56840990
2020-10-12,325.9203186035156,331.0336404799296,323.7456867734568,328.1537218429895,32046520
2020-10-13,320.5719299316406,327.1741777244626,317.7360747381287,325.21014831168503,37776570
2020-10-14,330.3136901855469,331.32263937439063,316.6634754805539,320.121333369883,53044470
2020-10-15,314.9051513671875,330.11286723973296,313.5582516863132,329.9365530015006,52680190
2020-10-16,316.5312194824219,320.26335353475326,310.53139383451065,317.0210011679656,50762360
2020-10-19,320.04290771484375,322.7367066647932,313.1271935293944,318.85764454715746,42066370
2020-10-20,319.54827880859375,322.2274003183628,316.0855185170985,318.8478945476239,32520900
2020-10-21,316.6781311035156,322.76611354255095,303.7968794401574,320.31720524556647,75364600
2020-10-22,324.6713562011719,327.6639148257171,308.56243100179637,309.54199427481797,70857690
2020-10-23,324.911376953125,328.81982523778294,323.5497695182171,326.331755798787,32047770
2020-10-26,322.65838623046875,326.1945955751691,317.0503800725058,326.1945955751691,35462450
2020-10-27,338.2677307128906,339.4187057083091,321.1008588395065,325.8027809241876,60209460
2020-10-28,330.1911926269531,341.8577954216586,327.9480141350255,337.8464824077283,46491050
2020-10-29,331.0973205566406,336.18615942137075,326.5619373856285,329.8973494536087,37803490
2020-10-30,324.13751220703125,332.1699437751197,318.6372734666025,329.61817044192185,42876230
2020-11-02,334.9910888671875,337.69466341497304,320.7727123369942,325.75868625588544,42885510
2020-11-03,341.9459228515625,344.8062606672306,334.6041011467995,335.9901915024435,44460450
2020-11-04,348.8666076660156,349.6992425618488,339.1248720558686,339.81054852180495,43711430
2020-11-05,366.05303955078125,367.3362651789609,351.4330681542193,353.62237794561304,63321410
2020-11-06,370.3484191894531,374.9082853101408,362.84005786952804,365.7787478693844,57440500
2020-11-09,378.60125732421875,379.94325441062296,370.867614977163,373.2136585783373,41498980
2020-11-10,412.2541198730469,415.721752401913,380.3448336896879,381.92681883966975,114214480
2020-11-11,418.1559753417969,433.9024370407937,404.9465490422257,412.49410081175233,138966540
2020-11-12,421.045654296875,423.66110130099617,411.421463400191,417.29394024098116,55900380
2020-11-13,428.6618347167969,431.98744156065777,416.3144278078901,417.2939911674381,60884590
2020-11-14,428.5393981933594,434.43635897845496,425.1305068695591,431.00788714886176,7894790
2020-11-17,439.6280212402344,441.1904259853453,425.6202772380612,430.8805276650908,58515230
2020-11-18,455.8642883300781,458.2397174666902,437.27706801648577,438.35459366684927,75130190
2020-11-19,444.3838195800781,468.7210727121638,442.03287347002004,453.43010285008324,83510050
2020-11-20,461.9473571777344,466.4827401057108,442.2973194855003,447.85145663058296,87364100
2020-11-23,471.31201171875,476.97878945944393,463.68123451199017,467.15376995358207,73250390
2020-11-24,471.2336120605469,476.2636790734063,467.25168493265915,473.61884625773735,42973850
2020-11-25,459.3907165527344,472.63930455127235,457.9458546688494,472.34544751118403,47633210
2020-11-26,472.2720031738281,475.4800673229072,454.51741658834584,455.9867616850754,62732080
2020-11-27,480.8480529785156,485.86341245307165,468.73576194984156,475.9698168255496,123647070
2020-12-01,476.175537109375,485.11895549182253,472.6638107859181,485.0014126700351,40174270
2020-12-02,472.53155517578125,478.41871028765365,468.72103958535723,476.459583685416,36549700
2020-12-03,476.7975769042969,479.00649712909245,471.85569634832535,476.5575886570623,28768440
2020-12-04,477.5714111328125,485.6674865011781,471.6597428557532,477.0473411645936,36793780
2020-12-07,473.07525634765625,482.43007491863005,471.6597800512627,477.04737878497394,31151240
2020-12-08,469.42144775390625,476.5575703546035,467.74150019388117,475.0882253278165,29710760
2020-12-09,474.5152282714844,475.3674436742799,469.32842674584805,472.1495742129667,19659920
2020-12-10,469.6810607910156,476.0678032747904,468.72107791561154,475.08823989356654,19259630
2020-12-11,474.48577880859375,478.9084915648697,470.68016582066605,470.68016582066605,26700190
2020-12-14,479.8537902832031,481.42600021979655,474.89229953012926,475.82289666902903,17863480
2020-12-15,501.7813720703125,504.4751715299384,476.9347549842124,479.00161949325155,59367960
2020-12-16,504.1420593261719,511.8218624784146,501.53644706018804,509.2750216233085,32691840
2020-12-17,517.8656616210938,519.4770622215988,499.7339670673072,503.48077838122634,37331520
2020-12-18,514.515625,517.6943031358243,505.94444609709666,514.2707341742027,32550430
2020-12-21,493.88116455078125,512.7720181879816,480.4954224790369,512.1157274583896,35515700
2020-12-22,490.8984069824219,502.02623263876626,472.77158183846024,496.63863404459414,54735210
2020-12-23,498.489990234375,506.04238513663483,486.87725636124975,489.78165800595707,34314570
2020-12-24,507.893798828125,511.22924077933635,500.16505943413136,503.3927338705177,26255590
2020-12-28,509.77447509765625,513.7613046251738,506.92397240006534,507.8937304333922,19326060
2020-12-29,509.4219055175781,513.9768989861252,506.189358437223,511.82184766995454,19695290
2020-12-30,522.5137939453125,523.8704988319363,506.82613139920227,509.4219385586657,38647000
2020-12-31,518.698486328125,526.2704930900902,516.425891821863,522.5971299461389,28692120
2021-01-01,517.2242431640625,522.8909917855894,514.2708448204473,520.1678363064883,14471870
2021-01-04,510.9598388671875,521.5195606648102,509.0007121325906,521.5195606648102,23336590
2021-01-05,501.4384460449219,511.7434411735055,495.9039193924575,511.1361167120389,39534000
2021-01-06,492.749755859375,506.27265076557995,488.83150241878394,502.5160037558043,36079230
2021-01-07,497.7161865234375,502.6679023989807,491.8681916298825,496.14887905110936,30357500
2021-01-08,497.8140869140625,503.373096749848,493.89583366765163,502.5159788521956,29984510
2021-01-11,488.23883056640625,500.6499108507422,485.6919898768969,500.3609265211318,29241640
2021-01-12,493.9154357910156,499.4793484699185,484.9818227811939,488.2388529984949,33359080
2021-01-13,480.2701110839844,497.03042522913256,472.76174982601265,496.2467865265304,32693730
2021-01-14,477.767333984375,486.5295356515001,473.52093507402236,480.270141156347,26808110
2021-01-15,478.3795471191406,482.6308783990968,474.34375086758166,477.7330616095541,25449160
2021-01-18,462.3392028808594,478.0269246018558,459.0234012009722,477.04736123177,37034130
2021-01-19,485.7801818847656,489.28700563128405,465.4885300586015,466.7717556946827,47674650
2021-01-20,488.0135803222656,492.97507118313865,480.0840136458627,486.6470702889329,33147070
2021-01-21,501.3699035644531,511.8218578141858,488.80211875460043,489.0959758063111,70618090
2021-01-22,487.0927734375,503.20169973908946,484.4528430615404,503.00577511352,30847960
2021-01-25,480.8382873535156,505.7485777507031,479.0065085557645,494.5815608306376,36730600
2021-01-27,474.59844970703125,484.45285475422446,471.26794024927096,482.072522954998,28004930
2021-01-28,471.1944580078125,480.86764616199906,462.6575669354618,468.1871913261012,34773290
2021-01-29,463.7791748046875,484.8838813386959,461.0902780639246,478.68325819125755,42607950
2021-02-01,495.52191162109375,497.6181915803673,457.11324028298816,467.7415088181602,42907450
2021-02-02,506.7477111816406,522.8859931961518,499.0777135348945,499.577300401344,43479930
2021-02-03,513.790771484375,516.2298746086028,503.4955513260376,511.1949047462702,26507830
2021-02-04,539.2349243164062,542.9719609431996,509.96556620436394,510.74436212629996,53258880
2021-02-05,542.5360107421875,551.2002791940371,535.8211234731706,541.3066540213961,44379870
2021-02-08,538.5345458984375,554.9226211199818,536.3403336263412,542.8740042341601,28008090
2021-02-09,528.99365234375,542.5801919378241,527.2598059912151,542.4332335124955,22639040
2021-02-10,536.3991088867188,538.9900132326109,528.4744152595127,532.3632529720826,26380120
2021-02-11,545.327880859375,547.3800375652185,534.4253350040731,535.821200946601,20289470
2021-02-12,546.3465576171875,550.3186798396569,541.8993615175152,545.6167877021182,16252680
2021-02-15,566.1728515625,568.0487534532899,548.5554208335507,549.0794608664667,31688260
2021-02-16,564.2529907226562,570.3213329349159,557.40095001665,567.3043209276345,21268100
2021-02-17,558.8555908203125,568.0488022919768,555.4124113462278,561.2897913604736,23463950
2021-02-18,544.9653930664062,559.7959366166099,540.9344396947547,558.2531721841319,23175130
2021-02-19,538.5589599609375,550.7055681685629,531.4130627971786,544.6371666640208,27444560
2021-02-22,526.6964721679688,542.5507012330629,522.5724892954393,536.8006696459737,20005630
2021-02-23,527.367431640625,539.2152795542904,524.0663084619349,530.9232508156424,21902450
2021-02-24,544.9212646484375,546.488601852933,527.2989298648927,533.2743020651174,19087950
2021-02-25,541.6937255859375,550.5097972924098,539.8717517823416,548.6535052843359,15845950
2021-02-26,515.7303466796875,534.253924837125,511.430048823009,531.9029486627193,37133260
2021-03-01,515.9164428710938,526.0157391048767,508.8831848536207,520.6379456202106,20318810
2021-03-02,520.7652587890625,529.9437624236156,515.4511396724117,519.168565775446,22086340
2021-03-03,542.962158203125,545.9449717085294,523.0966441722534,525.4524629847098,22524130
2021-03-04,537.3786010742188,545.3375520576247,529.0620593018123,531.9028164910067,22346980
2021-03-05,533.3624267578125,540.6944439169114,529.1699268047204,532.8824502932656,20757600
2021-03-08,521.1913452148438,538.1671938014017,520.2460403316766,535.723188171517,17210420
2021-03-09,530.4384765625,533.3722641229988,522.5970668679887,526.1234711454158,18114960
2021-03-10,543.1727294921875,544.7351041915098,532.8824126775864,532.8824126775864,21912500
2021-03-12,544.4265747070312,555.4124036718284,540.8168862563375,548.5554604166207,25080130
2021-03-15,532.7894287109375,547.1498010110238,524.1202572537092,545.7196170068006,20870080
2021-03-16,534.44482421875,539.44553565432,530.9233227594767,537.6284050286546,15613050
2021-03-17,525.0263671875,534.8807725096622,523.5227636889164,534.8416114976309,11347580
2021-03-18,526.2066650390625,543.1678045556995,519.6582873161381,531.2171213346969,23390580
2021-03-19,534.180419921875,536.7028076196058,508.398304210923,520.7358764632384,32203100
2021-03-22,527.9209594726562,538.4659730414261,522.7929598026743,533.5191901955052,19384610
2021-03-23,526.8875122070312,533.3722164653306,524.0663651220419,529.9437449178032,18490380
2021-03-24,516.25927734375,526.4173440338014,515.2502984414339,526.4173440338014,17376430
2021-03-25,501.75189208984375,519.1685565140633,499.8858550659916,517.2094298857083,23432710
2021-03-26,507.71258544921875,514.0748447560475,503.0057906296452,506.43426242556296,23474600
2021-03-30,508.74114990234375,515.2503680760108,504.4751702645353,512.7867516818587,18452800
2021-03-31,504.4604187011719,511.21452714826114,501.8253908916279,507.9035982340296,18459750
2021-04-01,516.4404907226562,518.0420264939444,505.645684041146,510.3524785158785,21482340
2021-04-05,486.1083068847656,515.1523837956208,482.0039341036371,515.1523837956208,37396800
2021-04-06,489.10577392578125,495.60518631946223,485.13855431560813,494.67949177912146,20709060
2021-04-07,497.3340759277344,500.4588852541318,483.904271421136,487.8225246310237,24027820
2021-04-08,492.6714172363281,501.0466722339983,491.251038368231,499.57732715413323,14078790
2021-04-09,477.27264404296875,490.76122010931914,474.5984254350601,489.78165679572766,29026460
2021-04-12,441.8810119628906,464.31300562285185,431.00785332079073,464.31300562285185,45000460
2021-04-13,463.21099853515625,467.73167362835176,442.17977315002713,444.24176467189767,31750190
2021-04-15,456.5058898925781,465.29257401231405,447.2783903241127,461.1882013363566,28971850
2021-04-16,452.2252197265625,459.4152111279493,449.61957762841945,456.57448339186584,21426480
2021-04-19,438.80517578125,441.19531266988173,427.28553148363966,435.9056767288066,34265070
2021-04-20,451.93621826171875,460.29679472406394,446.21066950242135,446.9747276906794,33945970
2021-04-22,459.2878723144531,461.766166443748,441.36677720847433,445.70133316132876,25635390
2021-04-23,457.2406005859375,466.2525957826938,451.62769156754683,452.6660263753332,27295250
2021-04-26,463.97509765625,473.0311564403511,459.41523125817497,459.41523125817497,29039890
2021-04-27,476.5624694824219,478.9917674435813,464.9546378765919,464.9987313803907,26449970
2021-04-28,517.297607421875,520.1481103073232,481.45536010555435,481.45536010555435,85764540
2021-04-29,537.2758178710938,541.208779276812,522.1072929493952,524.0664197522071,72584860
2021-04-30,534.0481567382812,541.1745041789126,521.8819964085112,524.0664035941993,41248880
2021-05-03,543.7703247070312,546.5963746689941,518.3114816249669,520.7652927136289,40335910
2021-05-04,550.0982666015625,563.2439892142665,544.6371893016349,549.535005752189,48383470
2021-05-05,540.243896484375,558.3511106989337,534.0971125348053,556.6858410427975,43786930
2021-05-06,541.5809936523438,550.5048014863842,536.1493315778504,545.4208652715618,22231110
2021-05-07,538.1525268554688,549.8436132384563,534.6456732642171,547.575921654404,18510330
2021-05-10,538.514892578125,546.1065077076938,533.3721855548687,546.1065077076938,19973390
2021-05-11,531.3837890625,534.6555574955601,527.9847323778092,530.0663048384824,16172480
2021-05-12,524.8892211914062,532.8824313551013,522.0484637267834,530.2474037056019,15393360
2021-05-14,522.1414794921875,529.4539455838008,515.9359844626249,529.4539455838008,15257620
2021-05-17,531.9127197265625,537.7802947977424,520.6428382738696,524.0664074987108,24115830
2021-05-18,557.2490844726562,558.8408748699633,538.8577591978805,538.8577591978805,31478830
2021-05-19,551.6116333007812,560.5942112491258,548.0656192425927,555.8972223699258,22509060
2021-05-20,547.4534301757812,554.2368939578187,543.1678408096099,551.2982041067297,14888270
2021-05-21,551.66552734375,557.8612769247493,547.213429064802,554.4328055125691,18569660
2021-05-24,548.8395385742188,557.1756324116848,547.5759233516319,551.8860260909878,12150600
2021-05-25,550.3823852539062,554.315346690273,546.7923068833867,552.4737626982544,13155460
2021-05-26,565.3207397460938,567.6373976936653,547.1939136778467,552.473774918428,29167460
2021-05-27,556.6074829101562,566.3982740356734,553.5512499046165,566.1827389993853,21525900
2021-05-28,549.6085205078125,563.2489282473732,547.7816444196325,560.7020874434626,15263750
2021-05-31,551.2933959960938,554.8932797231193,544.6372790831371,550.5146597926673,17958110
2021-06-01,566.6578369140625,569.9099946937598,551.0435933640385,552.8656267924102,28534510
2021-06-02,568.9940185546875,572.5547406653349,562.5191195833179,563.8856294993793,20131950
2021-06-03,578.0894165039062,579.4118032979151,566.202404007983,572.0650771360649,22303780
2021-06-04,587.0963134765625,588.7175193703087,577.9423235082897,579.411668398565,24453670
2021-06-07,561.2652587890625,572.442109540887,556.6319435048385,568.1467148975534,28358050
2021-06-08,563.77783203125,569.8119753534322,560.324907321205,563.3468217939512,17890070
2021-06-09,555.853271484375,567.656998670876,551.2297010785354,567.656998670876,15381120
2021-06-10,596.2014770507812,599.003014001864,556.0981494045899,559.820478335348,52961200
2021-06-11,599.4927368164062,610.2679330663743,592.1656224985236,598.0576502819381,37027210
2021-06-14,606.7562255859375,612.1291761293168,585.3478871862036,594.5655522259224,26336010
2021-06-15,603.523681640625,611.2279380498253,602.4314780391718,609.1904892688791,15236610
2021-06-16,595.731201171875,603.4991908969264,593.8896771387999,601.4518772556619,14816580
2021-06-17,592.6603393554688,599.0029881273878,579.9015028150671,579.9015028150671,18718570
2021-06-18,596.26513671875,602.2355467491625,584.3144516703923,596.5442859720246,27096150
2021-06-21,599.100830078125,600.962024075955,586.4743058504434,587.7379208566798,12719620
2021-06-22,589.3836669921875,606.251778904127,587.7380077450376,602.4314579386636,15406110
2021-06-23,589.2661743164062,599.0030371981053,587.8359901855853,592.7338073335665,12382150
2021-06-24,592.0088500976562,598.3172400181855,588.8154642358637,590.3828013579878,10824210
2021-06-25,595.1630859375,598.2193186473073,590.6962796856433,593.3215021523855,9619940
2021-06-28,591.3672485351562,599.2674285372946,589.2072948284939,597.5335824528366,8284810
2021-06-29,592.8709716796875,601.221773988704,587.9437986260888,591.6563225702614,13100790
2021-06-30,589.2905883789062,599.9824998942308,587.7379590800629,592.63577540573,12257940
2021-07-01,584.520263671875,591.6563575050127,581.8607224469828,591.6563575050127,11206010
2021-07-02,587.5176391601562,590.6767070864177,584.3095452355691,587.7380170014106,8112980
2021-07-05,594.8594970703125,597.1369341910881,588.3306686131904,590.5788097088379,8631790
2021-07-06,607.5643920898438,621.3175004547238,592.9297125399106,593.1256371769686,34913930
2021-07-07,607.1920166015625,615.7533892032772,603.450078090546,609.2882961496038,19479250
2021-07-08,600.2456665039062,610.361281692137,596.5761293180999,606.3483672812151,11305600
2021-07-09,602.0459594726562,605.4652392867433,594.677542620148,596.8311655133142,14475440
2021-07-12,603.3607788085938,608.2027329151924,598.8523808750673,605.8577791225242,9787400
2021-07-13,603.8268432617188,610.7635545940007,602.4238112782592,606.8389695042399,10021270
2021-07-14,601.8253784179688,606.5446900007458,600.4615706091934,603.405009680807,7765740
2021-07-15,601.4131469726562,606.0735913413147,598.6954127674904,601.8252714862396,8709900
2021-07-16,600.9961547851562,607.3294699837195,598.2244049202228,600.952019975813,9631210
2021-07-19,590.1986694335938,600.7558122316335,582.3102754658732,597.3218004976309,12905320
2021-07-20,582.9823608398438,591.4300153711338,575.7365864670824,590.650020898546,14018370
2021-07-22,607.8740234375,612.6277078904516,580.9513694610494,581.8196934248165,34885910
2021-07-23,606.4365844726562,610.7634121760436,602.4236708049651,607.2313103726418,9537390
2021-07-26,604.6264038085938,608.1438343111972,601.4425893457949,603.4048816438236,7335020
2021-07-27,611.396484375,620.7713309148888,605.8578938584126,606.3484670518202,20685280
2021-07-28,614.393798828125,616.55233257293,604.0917631175884,613.9914953270124,11491530
2021-07-29,627.943359375,630.8769767928892,614.5948851176885,617.1360201203568,14846640
2021-07-30,611.0676879882812,629.5868232879578,609.5076391158815,629.5868232879578,14068850
2021-08-02,608.3596801757812,616.54737623143,605.367196287708,615.1786581400208,10124350
2021-08-03,621.251953125,622.2429203499254,608.8992963494693,609.7823518666768,10917100
2021-08-04,623.925537109375,635.5325129187677,619.5937983829472,622.3409956467182,16320910
2021-08-05,613.044677734375,623.5674466270062,611.4503151818908,623.420310629731,8665670
2021-08-06,610.6947631835938,618.0730010590377,609.3898220958089,616.6503272293601,7297890
2021-08-09,607.6385498046875,615.1737452926474,602.0361835498089,610.7634979974587,8811790
2021-08-10,605.3770751953125,613.0643179653528,602.624967068811,610.7635586855872,7310090
2021-08-11,605.1513671875,608.305718608121,594.2802507896108,605.9656753968178,7919290
2021-08-12,608.2615966796875,613.6971250515414,603.5275543032714,606.4464402849707,7946020
2021-08-13,604.0475463867188,611.1412137081082,601.5406653388359,609.2917436808087,6679320
2021-08-16,625.691650390625,627.4429699388122,598.8769090437446,603.3067983327717,14233350
2021-08-17,628.9244995117188,631.5490534707247,618.6126439540718,628.9097679472969,16027760
2021-08-18,642.0718994140625,651.4811184223473,628.5271824438362,631.2695293648178,21537300
2021-08-20,653.55126953125,660.5763097362128,633.3936379708347,634.9929110397438,21647320
2021-08-23,662.4895629882812,669.0927181795784,657.0736762395784,661.2925932702052,17383400
2021-08-24,684.8499145507812,691.610026694188,660.1102851102783,664.7265950583568,26229900
2021-08-25,681.4010620117188,692.1004890722488,679.0511979182313,687.292849185568,15096670
2021-08-26,680.125732421875,686.1401641714137,672.5758042817721,676.9909627343876,12345880
2021-08-27,683.5252685546875,689.1914116742851,674.2436640566779,681.8965922518307,9359060
2021-08-30,703.0403442382812,706.1309789269268,684.8400929986528,686.4049925468738,15043820
2021-08-31,738.2634887695312,745.5533980330919,699.5572582273353,702.5006969015036,29464380
2021-09-01,737.78271484375,752.980659832953,734.2260598844975,738.3125122310161,22277890
2021-09-02,735.7075805664062,744.3368049458319,730.4682931303839,735.8596869795678,11833780
2021-09-03,738.155517578125,741.2559130492841,732.1067132640841,735.8596092481312,8802470
2021-09-06,736.482666015625,747.1428095873254,734.3977304012152,740.7653594726601,8970710
2021-09-07,731.670166015625,742.359773457936,726.7546137742486,738.6952066256814,8360130
2021-09-08,732.2490234375,737.233262794047,727.132319765293,731.6407175973226,8592560
2021-09-09,729.055419921875,731.935081688369,724.0859119115499,728.9916430220618,7004360
2021-09-13,730.5172729492188,735.3690479030337,721.3386697731598,729.05537475037,8025650
2021-09-14,727.7701416015625,738.8031263942129,726.8331301649935,733.8973951432553,7192580
2021-09-15,727.4364624023438,733.897331457587,724.0858698070846,730.4633198799112,6572830
2021-09-16,727.1765747070312,730.4633907249623,719.229254068696,730.4633907249623,5771290
2021-09-17,728.8739013671875,753.5153788529294,722.1236106507858,730.512398770458,34749690
2021-09-20,730.2131958007812,743.8069581132175,718.272662546316,722.1236496521567,10838060
2021-09-21,766.6529541015625,769.9152772829464,726.1462985879955,734.0101999689997,19931330
2021-09-22,764.6710205078125,774.6149471114524,762.4487099288308,770.1997890848513,15005410
2021-09-23,775.0123291015625,784.8188807221105,765.7503064437867,771.5341226553146,21091470
2021-09-24,764.6465454101562,779.9965377817683,757.999255607546,779.9965377817683,11293460
2021-09-27,764.8475952148438,771.1809106828066,759.4120668429739,770.101673820094,6507740
2021-09-28,740.1079711914062,767.7468406885605,728.5059063184965,766.7656945662748,15723010
2021-09-29,737.37060546875,749.1885547549151,731.5573261169797,738.7050098344002,9458790
2021-09-30,752.3527221679688,755.4825809702219,734.966840088081,740.2748147299121,14907070
2021-10-01,738.091796875,749.5172038896902,733.4067997190165,747.6334199142348,9377400
2021-10-04,754.9969482421875,762.2525439080473,741.761294940204,744.4937608913225,10901980
2021-10-05,757.8568725585938,761.8599655133422,749.0167363972107,753.8145553172601,7732430
2021-10-06,758.9312744140625,773.2020283196641,754.0108121266255,766.2751389341504,17646310
2021-10-07,760.1822509765625,773.6337870827047,759.2109258095436,769.7975317482781,9405500
2021-10-08,758.6419067382812,768.1394555379024,756.6600319509355,760.3883758816006,7565710
2021-10-11,766.9718017578125,775.5371887443208,760.584530545909,762.7332430750138,9086480
2021-10-12,770.763916015625,777.5583412795771,760.388283270249,766.2751603020187,10994490
2021-10-13,777.9802856445312,785.8981430357779,771.3085031487009,775.8806183058591,10524380
2021-10-14,771.4653930664062,781.8753993426126,766.5057064106599,781.8753993426126,11348490
2021-10-18,771.7254638671875,789.8227132214788,765.3725659972148,789.8227132214788,8550980
2021-10-19,759.3384399414062,776.5477220185119,752.637194905219,774.1243197493642,12449890
2021-10-20,761.5018920898438,768.5857386913818,743.2182236338604,759.5052260990034,11028990
2021-10-21,759.1422729492188,768.2375178988501,754.0108971970196,768.2375178988501,6394610
2021-10-22,756.4833984375,778.5395469044976,752.04859823856,760.9770051314621,15173760
2021-10-25,750.2481079101562,768.9978565657019,721.1914739232874,760.3882750460938,11697290
2021-10-26,770.7540283203125,774.6099252565481,750.6846683407304,754.9919140354249,16605750
2021-10-27,734.1083374023438,777.0628873092197,732.0331628665933,772.1620667841065,31122330
2021-10-28,734.3143920898438,745.2786897838636,721.4761313515511,739.7842945736877,15723020
2021-10-29,726.06787109375,740.7359597046425,717.5171551286829,733.897399048933,9483340
2021-11-01,727.4169311523438,735.8793174186499,708.3875807852727,728.9916516945397,10373140
2021-11-02,731.4788208007812,741.25596923252,726.0727554313238,732.5924313420212,6871160
2021-11-03,737.4540405273438,739.6665300829585,731.0520373759185,734.4860492060808,6687040
2021-11-04,738.322265625,742.6295114015323,737.3312984766801,741.8445466094017,940330
2021-11-08,752.8972778320312,756.7728174721298,734.4860541938879,740.1669292718165,9003010
2021-11-09,743.4635620117188,760.8200413612192,740.7654098566119,755.482603429922,8002470
2021-11-10,743.85107421875,746.652227340967,736.3501926667487,740.2747773045462,4649890
2021-11-11,731.2188110351562,745.7642548145409,727.0292978078546,742.7472783080879,6344000
2021-11-12,743.6205444335938,745.6957191011448,731.2483043197401,735.8597037736046,4971280
2021-11-15,739.2200317382812,748.3643211123193,734.8784719682213,743.6106967237434,4025180
2021-11-16,741.3246459960938,750.5768475318273,735.9332523852946,738.3125199577778,5980490
2021-11-17,746.4216918945312,754.697657570636,737.9445744828421,738.6068361809154,6455740
2021-11-18,734.3829956054688,755.2569042657833,729.9727483747905,747.633379383858,7725390
2021-11-22,692.5224609375,737.2823472012915,685.8261259345921,735.0747681817228,19352430
2021-11-23,698.016845703125,704.266742312235,679.3554255000196,686.8023516332993,11875890
2021-11-24,704.1980590820312,718.179392752063,693.2778968353166,702.5006952801905,10993800
2021-11-25,699.1452026367188,706.915864069542,695.3187083569695,701.5195597636676,6154860
2021-11-26,667.8711547851562,691.5020231795938,664.7265643808555,688.8627374511036,16890820
2021-11-29,677.5550537109375,684.8400523192564,655.238888028909,663.9416500921271,14918150
2021-11-30,686.532470703125,706.4055909024672,672.011519557463,677.9719944376862,21955390
2021-12-01,690.599365234375,697.3692979115875,681.9946939692418,689.9615962559379,11367680
2021-12-02,704.5120849609375,707.406478507303,689.00016443648,695.6327229704269,8477040
2021-12-03,693.5968017578125,709.7415800913918,692.1986803265236,702.5007159656851,8164110
2021-12-06,682.0682983398438,696.2115591540402,680.7290433569128,693.5967662022115,8582530
2021-12-07,696.9228515625,703.4818113834392,682.6815003809937,691.5118160050537,10796080
2021-12-08,722.270751953125,724.7088857287697,698.5760488155208,698.5760488155208,14026910
2021-12-09,730.002197265625,732.7297524172648,719.866940788808,726.0481495445352,10769500
2021-12-10,731.1992797851562,732.6219538964758,722.1236765137537,723.4973052869764,6791450
2021-12-13,708.2649536132812,733.6030676536282,706.3272137112741,732.9162532974838,12985990
2021-12-14,693.26806640625,704.4629173367945,690.2362985326392,704.4629173367945,12764810
2021-12-15,671.8152465820312,693.9155866755852,670.2208841524125,693.9155866755852,18175280
2021-12-16,689.6329345703125,693.0276619889871,680.218805938984,681.4060143618464,17683180
2021-12-17,677.0988159179688,689.2552321787616,673.5568923711315,686.8023665838194,16805110
2021-12-20,650.9071044921875,673.5421552000747,637.0190107490969,672.0851674210635,22263190
2021-12-21,645.353759765625,662.2736195210055,641.6695513581298,659.8354858273226,13755910
2021-12-22,664.3536987304688,666.2718562861236,649.8916135726331,650.9904925069862,12678980
2021-12-23,678.7324829101562,686.1646179762707,670.9323581094455,671.1040467293134,13393990
2021-12-24,672.2813720703125,685.6200255944327,663.0193497693873,685.3207831967492,9807740
2021-12-27,676.0833740234375,677.8543358443011,652.8596587159849,662.3718190497224,9123600
2021-12-28,677.643310546875,684.840039396051,673.237973743154,684.840039396051,8624640
2021-12-29,678.1338500976562,681.8916565803985,672.384348091185,675.5092961508005,5323790
2021-12-30,674.1553955078125,681.4011702535057,672.7621845796946,676.9811015406589,6589920
2021-12-31,684.5751342773438,686.70426469575,674.591983445897,675.2248419220662,7699070
2022-01-03,708.348388671875,710.7374774642668,684.3495291451824,684.3495291451824,12697250
2022-01-04,720.4556274414062,723.5953071918666,709.9083060145417,711.3309799513264,9591730
2022-01-05,752.6176147460938,754.6142208367072,727.5198791534488,732.9063620015487,25832620
2022-01-06,760.2166137695312,763.2679640687469,737.9200305207959,738.3125129532067,15359860
2022-01-07,751.4942016601562,763.8223058839617,744.1993821618304,761.7570123252189,11659510
2022-01-10,758.5535888671875,761.2713830847077,752.5146050827786,754.108967705008,6390600
2022-01-11,752.5243530273438,761.3644892739994,742.8257139136507,759.3090168682942,10379120
2022-01-12,762.7920532226562,772.0638959150466,754.6779557509415,758.0334586708254,14584040
2022-01-13,766.1133422851562,770.1556599842944,762.7431073618976,768.0412611024661,6163740
2022-01-14,768.4532470703125,769.8170545701496,758.278766441643,762.8411199229193,5696350
2022-01-17,770.454833984375,776.0866032940299,765.446102060387,767.2072426289255,6797740
2022-01-18,759.7996215820312,779.5206357381951,757.0572749071839,775.1005674307644,11300240
2022-01-19,742.9042358398438,789.3320789170277,733.2105070718378,770.1997289619227,50003170
2022-01-20,738.82763671875,750.5768384385829,726.1462742532881,746.6522536624334,29103830
2022-01-21,723.47265625,735.7615359685121,716.8106953219491,726.2934514854213,13704500
2022-01-24,680.10595703125,721.1424059162213,668.9160165528092,721.1424059162213,25025820
2022-01-25,683.24560546875,686.4097776415532,662.489431280055,676.9907991720517,25259340
2022-01-27,670.8096923828125,677.2214566749645,658.162703050143,669.4949300796791,17610280
2022-01-28,673.7775268554688,691.2762889849458,671.5945007520019,682.9806819998424,14675220
2022-01-31,686.8269653320312,694.2493395163107,679.944209638006,684.8302990683478,12512490
2022-02-01,688.2348022460938,698.1639965266489,675.6172172026171,694.2492329565221,13834490
2022-02-02,711.0808715820312,714.2745075845811,696.1233010044784,696.613874155292,13398210
2022-02-03,697.6587524414062,714.9661864599876,696.6138293020766,711.6253547735344,8398560
2022-02-04,702.3436889648438,705.2871274257388,692.1986113871523,695.6326229248632,8232080
2022-02-07,679.9931640625,702.9912327461814,675.1266574874745,702.9912327461814,11830120
2022-02-08,692.1986083984375,701.2251649497566,678.4330991779043,686.8023045767629,16405420
2022-02-09,698.3160400390625,702.2945804874294,693.6703273954543,699.4149189352729,6491660
2022-02-10,700.2440185546875,710.3498119130327,693.1797543046375,700.0477773479955,12442000
2022-02-11,687.9404296875,694.6465853907483,679.0561582076874,690.7269111897356,12764610
2022-02-14,665.8009033203125,679.9343436378517,661.6899580678743,668.1605887696638,11697660
2022-02-15,700.7395629882812,705.9347155309111,665.8009000750765,667.1794392786929,13468200
2022-02-16,693.532958984375,708.8731887487045,691.7080415024565,704.9535146376099,10540410
2022-02-17,694.8919677734375,699.361082056615,685.036369797014,698.5761769807115,9036160
2022-02-18,689.7555541992188,698.1835659666718,687.7834408856448,688.7645870210024,7625170
2022-02-21,687.4254150390625,694.7398771279944,678.0701519748088,686.8023775864598,8166640
2022-02-22,687.916015625,690.349239268276,666.1002421755467,667.1794791439244,12587320
2022-02-23,691.1732788085938,698.3159911337342,689.4954974527902,692.6891327351188,7952280
2022-02-24,650.2841186523438,677.0105320303253,646.8157332388865,667.1794277698806,19300400
2022-02-25,683.800048828125,685.8162971237002,663.1567539217605,667.1794294692068,14132810
2022-02-28,687.028076171875,689.2552975061905,667.8270352886683,673.066383045191,15808910
2022-03-02,670.27490234375,680.5572944568339,663.4510143523344,678.756869779017,16080090
2022-03-03,662.11181640625,681.3373474208496,659.8208184744227,678.9531693446849,13339990
2022-03-04,641.463623046875,657.1717850169628,637.7451000985371,656.2299228874604,19965090
2022-03-07,600.9520874023438,624.9901708984376,598.4992217394771,623.0278783681441,28435880
2022-03-08,604.5675659179688,610.012915324663,580.1419122244822,601.2463764655789,28857830
2022-03-09,635.0469360351562,640.1979540562988,600.6430389899955,610.2239468815809,22801310
2022-03-10,646.074951171875,666.5907517337566,637.8431201877909,666.5907517337566,20915610
2022-03-11,650.3036499023438,655.8961948796955,636.7687556627,642.6507219838452,12647710
2022-03-14,653.97802734375,656.2886671903107,637.7449814677173,647.6545333798374,12668460
2022-03-15,654.0861206054688,662.2737577999713,648.0471363361202,655.1309839342895,14792700
2022-03-16,671.162841796875,676.9319860254701,661.6212193164522,665.2170984450873,16335960
2022-03-17,686.2529296875,692.3850936981024,679.9441665395219,681.6709935064139,16706780
2022-03-21,674.0866088867188,688.6419331387666,672.0850923598292,686.8022841633291,9620190
2022-03-22,685.4091186523438,687.7834756522959,663.9416353348117,674.047429062949,12737960
2022-03-23,687.2732543945312,697.0062675799606,683.8588848641034,691.7080542743083,11767500
2022-03-24,686.56201171875,690.2903555611556,675.1512758284367,683.7608582859554,7837160
2022-03-25,684.2022705078125,693.4201581105839,680.915454730529,692.5911183259263,7023730
2022-03-28,686.9397583007812,690.2363953690904,674.0474820448686,685.8212371897571,9369730
2022-03-29,690.6632080078125,692.6892774825112,685.2816350047303,690.7269849117392,7159500
2022-03-30,711.5125122070312,713.7299122240833,696.5157187299244,696.6138093972014,12722540
2022-03-31,712.3071899414062,730.4633041248112,710.4135850698309,715.0543871674117,16330110
2022-04-01,726.8429565429688,730.8558710848434,708.4170609690485,709.363833572159,8715130
2022-04-04,734.9421997070312,744.7782132318576,728.9915462644226,730.8557477927504,10497590
2022-04-05,724.9149780273438,733.8924902390835,719.1802068955946,729.482242601466,10720820
2022-04-06,720.8431396484375,728.500977757116,716.2366515322487,721.1423820221956,7670310
2022-04-07,715.2753295898438,721.7312294411668,713.2933948044015,717.2179801953473,7182660
2022-04-08,722.7711181640625,728.5010382008705,712.3121262408512,719.0133714137547,8819730
2022-04-11,719.8326416015625,724.4784146052326,715.7461890306677,720.6568308003084,5975080
2022-04-12,713.7348022460938,716.2318025122552,708.3875435760132,716.2318025122552,8055980
2022-04-13,719.028076171875,724.0859137038503,714.4756032022053,717.5122220226103,6723170
2022-04-18,712.4544067382812,723.595302366279,709.52563990062,712.8517397983316,7582220
2022-04-19,712.2680053710938,730.2965667703382,701.617622663909,716.2367249767888,11911100
2022-04-20,689.9910888671875,715.7167143709415,682.8777786726804,713.7789745130998,15581810
2022-04-21,700.3519897460938,705.1498091947344,691.4431651883674,696.5157343265954,8753430
2022-04-22,697.6685180664062,707.112049861381,693.8077103201488,694.6514816459351,8079870
2022-04-25,687.3419799804688,694.1560477392111,681.8966303766459,686.8023615304347,6849530
2022-04-26,710.4037475585938,712.6015052884505,696.3194141525856,699.6552750338303,10124190
2022-04-27,658.7514038085938,696.6138654652053,656.2740453585403,696.6138654652053,39843570
2022-04-28,660.080810546875,667.6699617204027,645.5941731256796,662.0774166328578,24990940
2022-04-29,654.60107421875,669.494865431443,652.5602734807898,667.1793749142926,13375170
2022-05-02,650.1221313476562,652.4474428778474,640.2468931842216,642.6507131722052,12387410
2022-05-04,622.0221557617188,654.2087104601861,617.140977232603,650.4901279311225,16491150
2022-05-05,619.04931640625,637.49485358712,617.1409797992784,627.9335883490273,14860280
2022-05-06,588.7171630859375,608.8061068931866,586.234834539938,608.4087139511994,30648650
2022-05-09,592.3130493164062,601.9577330170796,572.2584190358513,584.8612129520544,19356480
2022-05-10,581.6676025390625,599.7795833338365,578.8762702853404,588.6877324935665,11779330
2022-05-11,569.7516479492188,588.354142803898,562.883624095583,584.4688419212956,18613390
2022-05-12,548.7943115234375,565.6062004282822,540.2092827479609,564.1590338170366,24940440
2022-05-13,541.1757202148438,564.0609670095665,539.630402993027,559.253326738228,21053150
2022-05-16,553.896240234375,560.4257967753825,538.453009016968,546.9889927187891,14149550
2022-05-17,572.7244873046875,573.8724715459028,554.5438782430408,555.3287832743193,14017700
2022-05-18,570.55615234375,584.4393350203867,568.0836447785932,577.8901961701582,16550940
2022-05-19,559.9401245117188,563.6684679363304,550.5210854615106,554.4456700946618,10650250
2022-05-20,566.0820922851562,573.1806701579557,560.4306809992241,572.9893394766248,10986100
2022-05-23,568.4761352539062,579.4894774536522,566.2390931615039,571.5176645363003,9680210
2022-05-24,568.9470825195312,572.3025858695619,561.7062185274979,567.3968547033828,10840690
2022-05-25,571.753173828125,576.6883683627923,569.2414417458124,572.8913370486013,8675980
2022-05-26,570.811279296875,576.4675417695853,554.6812329689453,573.970541395594,12595460
2022-05-27,588.0499267578125,596.2425331204954,575.0546506656507,578.8762341200132,16258050
2022-05-30,599.5980834960938,601.1483113180122,592.7202387940043,597.3218170403844,8174840
2022-05-31,596.7478637695312,605.2886983436116,590.3017260344151,599.4803295937429,15489660
2022-06-01,589.6836547851562,601.4426787569449,586.455645148998,594.5746546928362,8876200
2022-06-02,594.3635864257812,596.5368514690059,583.7034432256899,589.3744966437102,7508090
2022-06-03,591.45458984375,605.170995261132,590.0613789358382,600.9520783613557,10434650
2022-06-06,590.7481079101562,593.5934558672517,579.9554996216608,589.4922719037529,7376570
2022-06-07,576.776611328125,587.701684236229,572.3663637926045,586.7254485231684,8969820
2022-06-08,584.203857421875,593.9859158867968,569.2855131239434,578.8762408993878,13341460
2022-06-09,578.7340087890625,581.9766899964898,574.4611359841658,579.3668672906063,12376740
2022-06-10,556.0645751953125,572.4987730506658,554.5830349414739,571.5176269100477,21518910
2022-06-13,525.7227172851562,544.9286676867293,522.4603939283447,542.0882300440494,19327850
2022-06-14,527.4396362304688,535.8038709537091,518.457214777882,524.6188411419154,18845410
2022-06-15,538.15380859375,539.6206174494472,529.4412250869567,531.585027251777,16599430
2022-06-16,518.4278564453125,550.9086823244636,515.5775979817952,546.0078618324616,21796860
2022-06-17,531.7371215820312,537.1775606570316,512.1583318045123,512.1583318045123,19379390
2022-06-20,536.7310791015625,540.6115288941998,525.109431694079,532.5661184836838,11194560
2022-06-21,544.45263671875,545.9096841096367,535.2151682513124,542.0831905753439,10023590
2022-06-22,533.7042846679688,542.7210202385364,530.3094974092375,542.7210202385364,8983460
2022-06-23,534.5431518554688,539.1398192566664,524.2263855278258,534.2929547919035,11018570
2022-06-24,548.2399291992188,551.0753958809942,535.2151909290801,540.6114944123246,13049330
2022-06-27,553.484130859375,561.7061399342302,548.2399337210101,559.2532746943427,10490080
2022-06-28,547.1116943359375,551.3061186363279,542.0833196513884,550.1287311235502,7395000
2022-06-29,540.8863525390625,544.9286704410125,535.7058714116605,538.1587371232523,7559820
2022-06-30,531.7972412109375,545.0614313402924,529.4831766580952,542.8556714034239,11982750
2022-07-01,552.8604736328125,554.785615534977,525.3523589384246,528.203138829888,12218900
2022-07-04,554.4260864257812,556.2625768136174,545.6324973223544,552.7126257481133,7898180
2022-07-05,557.4591064453125,566.7056297550464,554.0470896993874,557.3508018094809,12284530
2022-07-06,582.6284790039062,584.8096573043618,555.9623406778878,559.3202048995447,22229520
2022-07-07,577.1140747070312,589.541219440329,572.7123510250307,584.4305271693245,13352470
2022-07-08,578.344970703125,583.7412097280683,571.2352707234224,583.7412097280683,8032820
2022-07-11,577.1929321289062,581.373058506981,572.4958043546533,576.0604815003559,7613370
2022-07-12,578.37939453125,586.8480108523121,569.5612824300628,576.0406877735147,9754460
2022-07-13,578.9063110351562,588.7633551802405,577.6950661224963,583.9332809401271,8869340
2022-07-14,574.1746826171875,583.6378142039357,570.6148742923128,583.445786859257,6929200
2022-07-15,582.4807739257812,583.765824505065,572.4021332312084,576.5527486352939,5698590
2022-07-18,596.7197875976562,597.5371209048901,584.0711054023504,587.8671765608831,9664320
2022-07-19,597.3253784179688,600.4962037124106,591.0330719458227,594.770062379936,9785600
2022-07-20,598.1575317382812,605.5626356223806,594.9719811566224,605.5035549042611,8270920
2022-07-21,617.11328125,618.7134489216153,594.3761030894768,598.610441010174,13254930
2022-07-22,616.2615966796875,622.8345820268304,612.2685695360636,617.5170769693327,9532950
2022-07-25,613.1842651367188,623.7207658489446,609.0484351250799,614.4643872563457,7240230
2022-07-26,616.8720703125,628.6148279724597,611.7564498096442,620.3727378351322,15304060
2022-07-27,629.8605346679688,633.1150226526149,610.0332146762623,618.304875526415,14449890
2022-07-28,696.8460083007812,700.1300667998286,642.2335477032382,642.2335477032382,64857820
2022-07-29,709.8934936523438,714.9057380126927,701.6120362727872,706.5356295097893,26067620
2022-08-01,715.0042114257812,719.8293570117132,708.2096885770227,714.0244211447485,12270770
2022-08-02,722.9706420898438,724.3590690450482,707.2446528205445,709.1402844454587,12491240
2022-08-03,718.4851684570312,726.3678456925636,710.769876555541,721.4048254613749,12186210
2022-08-04,720.484130859375,727.2147042956642,709.489769052168,722.6800942619888,9494810
2022-08-05,719.3074340820312,725.5357918293016,716.4862246458998,722.7785915122473,7580780
2022-08-08,723.0001220703125,728.4948691462439,715.2996748648775,718.8446380801798,9574820
2022-08-10,704.0147705078125,725.6392142046711,699.6426171954135,725.6392142046711,19065230
2022-08-11,720.710693359375,721.3064289245398,710.7059179711133,713.3302317036953,10270510
2022-08-12,719.770263671875,723.0789039629386,716.0923538812965,719.0415814758921,10369410
2022-08-16,717.475830078125,727.1162639784033,716.0972600508763,722.6850301217966,8044640
2022-08-17,741.2076416015625,752.1281384345573,718.4507465429435,718.8446580678004,23444140
2022-08-18,737.3820190429688,747.28335871494,733.8517807397378,737.5543328011682,8353540
2022-08-19,719.011962890625,742.3498057167469,715.9888695781918,739.5236681446833,11004270
2022-08-22,699.3668212890625,716.8554333926495,698.0522604122681,715.0041576004484,10608620
2022-08-23,709.7557373046875,713.9210782942233,694.2267037205896,697.6732192709756,10886030
2022-08-24,706.7227172851562,712.5818051650606,703.08910312959,705.5508997091754,9530960
2022-08-25,693.946044921875,712.8378702275278,691.7747234228714,710.257912116801,13542960
2022-08-26,695.418212890625,703.2368817516622,691.83382240769,701.1197125113813,7591390
2022-08-29,685.7925415039062,690.8293678622837,675.6499512682612,677.584889788876,9967350
2022-08-30,719.4600219726562,722.2910879273819,689.3030150636228,689.3030150636228,17313810
2022-09-01,707.1560668945312,722.1779559397423,703.2861294951277,711.8137672580121,14625790
2022-09-02,708.047119140625,720.1247073142091,706.3829422859927,710.6812895037593,9063700
2022-09-05,708.6232299804688,714.3149326256492,704.861597525834,708.0816467435551,7070250
2022-09-06,701.0556640625,714.4133748467445,699.6425952151785,711.8284884112204,7919050
2022-09-07,705.6986083984375,709.7802261238456,696.196049871934,696.983812731072,7919940
2022-09-08,714.67431640625,716.8209957637405,706.5356026700679,710.9668364150369,7722510
2022-09-09,707.11669921875,721.2080218399146,705.5509699930822,718.8446728471039,6496070
2022-09-12,717.5546264648438,720.8041859485594,707.8009595098563,710.6566675999901,8347160
2022-09-13,729.0315551757812,733.0246424934386,720.0657104227956,721.7988249941549,13827000
2022-09-14,736.9092407226562,744.447290749998,716.1021911841809,716.1021911841809,14933880
2022-09-15,727.3427734375,741.7737946384437,725.7081067488018,737.5493730799272,7174200
2022-09-16,716.294189453125,736.5843587491073,708.441082011467,727.2147460728141,11870360
2022-09-19,738.1549072265625,740.946606139471,708.1062042383404,716.3827930540051,16481170
2022-09-20,751.8720703125,759.71045254859,744.9396725249621,745.4271034575453,16134500
2022-09-21,757.3126220703125,761.6798467123283,747.0124437474419,752.3250198942712,12392620
2022-09-22,760.1585083007812,765.9141600063678,748.3861799182476,755.2792105227578,12810390
2022-09-23,739.2430419921875,761.3352011324829,736.0771452834476,759.6906778150735,14123310
2022-09-26,714.8564453125,734.6000402725248,702.0058802209842,732.3351996219334,18752050
2022-09-27,713.2169189453125,726.7174332353683,709.9870730357596,721.306409077177,11428290
2022-09-28,709.24365234375,718.5984801080896,705.0684546211121,706.9295874114501,8690690
2022-09-29,699.6180419921875,720.5088770806352,697.9735784798726,720.0755984190264,9696320
2022-09-30,722.3650512695312,724.94993792465,691.9421470044033,697.2793056693307,16186650
2022-10-03,706.2205200195312,728.4948512580509,703.5421141186192,722.4880914844904,8201980
2022-10-04,737.4262084960938,739.0313046121084,719.4698793635848,722.2910885182965,11914950
2022-10-06,729.1004028320312,748.2876904901057,723.4629128706162,743.4625452942344,15100600
2022-10-07,723.2906494140625,729.4549979139831,716.1120118333273,727.259034406889,9911960
2022-10-10,718.19482421875,722.586631528902,711.0654097379976,715.3981964276852,6531130
2022-10-11,709.273193359375,724.0144030184387,706.2993237394878,719.5339450848548,7322060
2022-10-12,711.5774536132812,714.7580759219693,703.5815422243312,709.4898546852774,7407310
2022-10-13,704.2362670898438,711.5576475927436,700.5977245929013,711.0160643746536,6086550
2022-10-14,716.13671875,723.2759297653832,711.0653930911906,718.844695342042,8390120
2022-10-17,724.2802734375,725.9641038465883,710.6714546183025,714.4084450289922,6174010
2022-10-18,727.7465209960938,731.6460288702971,720.9125704892228,728.6918726299056,9069750
2022-10-19,726.7618408203125,732.6307864995894,723.768317308062,730.3659452822477,6271770
2022-10-20,731.88232421875,733.516990934314,715.0042311090318,725.7327606845535,10260540
2022-10-21,708.2835083007812,737.5542451921583,704.3741441324008,737.5542451921583,23869600
2022-10-24,709.6375122070312,719.82932609364,708.0127024094763,719.82932609364,2278840
2022-10-25,699.4358520507812,713.1874756970758,698.1655865133345,713.1874756970758,9098990
2022-10-27,686.4572143554688,709.9821576945134,682.5084828911491,707.6188088567663,16414580
2022-10-28,689.9775390625,698.1654764977387,687.3335720668853,689.3030092361313,8396690
2022-10-31,703.4927978515625,704.0344411706632,693.8327106623598,698.5594080866111,8189860
2022-11-01,709.9329223632812,712.5423907229299,705.0585530278627,708.697095649987,7627420
2022-11-02,704.684326171875,712.936272923579,703.0940152347157,709.6867135343354,5859140
2022-11-03,701.2772216796875,708.5050831635746,698.3723496847497,699.6426151323416,6323130
2022-11-04,710.1791381835938,711.449403669213,701.2772426734904,701.2772426734904,9219250
2022-11-07,708.0176391601562,713.985031786931,700.2334093672391,713.7339237224849,7224940
2022-11-09,703.4830322265625,712.4439479595002,700.5928853739074,712.4439479595002,6896340
2022-11-10,686.8511962890625,705.5509960444537,685.8123252029256,704.8616808875602,10081820
2022-11-11,694.3695068359375,704.8468684262139,688.8107503824084,703.9754428378162,12333420
2022-11-14,691.8436889648438,699.8396000918366,689.4064740930726,694.7091939694412,8550600
2022-11-15,691.8387451171875,695.4477174763872,687.4320929213382,692.7643830891767,7195210
2022-11-16,678.9684448242188,692.734792465384,674.7883189185437,690.3862288436708,13362040
2022-11-17,678.9684448242188,684.3794690555331,672.7598008819882,676.5017197714407,7339440
2022-11-18,668.7716674804688,682.2130404346025,664.6850612112991,680.4307021560452,13276890
2022-11-21,657.703369140625,664.3896468540382,650.9334288123596,664.3896468540382,10717480
2022-11-22,658.289306640625,662.4940742579763,655.8521521683037,657.816660949618,9587690
2022-11-23,667.6442260742188,670.1010944927071,658.7768291192081,661.583253453395,8936670
2022-11-24,666.7875366210938,673.5328359794047,663.4345404471524,670.9824480887287,7546110
2022-11-25,664.4388427734375,667.4422223356951,657.2996332734635,666.6544595148088,8590580
2022-11-28,667.3881225585938,672.8385738287511,662.5728340370748,662.6171896491579,6040540
2022-11-29,663.124267578125,670.4850753210754,661.8293601892585,667.146864776057,6818600
2022-11-30,661.824462890625,665.0986644751437,657.5951130493893,663.208021465356,14828310
2022-12-01,664.4635009765625,666.6544757665722,660.4507607599883,665.1380307968368,9816160
2022-12-02,657.37353515625,663.8923675171488,654.5424691651399,662.7353351760555,14386020
2022-12-05,655.866943359375,659.6630747807742,653.0654475341939,657.2554303703021,10292500
2022-12-06,659.6187133789062,663.2080322069331,653.0654418046611,657.2406393991919,8409800
2022-12-07,652.3958129882812,662.2183573870607,650.012750604315,662.2183573870607,9610270
2022-12-08,648.1369018554688,657.7920610482306,645.9754371970648,657.7920610482306,11377840
2022-12-09,641.7854614257812,651.6868003887276,639.0824134989169,650.1604984786748,11312920
2022-12-12,640.7072143554688,643.9075499714252,629.4321737803,640.8647428945579,11000480
2022-12-13,651.8936157226562,654.6409591724566,640.7564499796543,640.7564499796543,9586360
2022-12-14,655.3500366210938,658.6340351611526,652.5336953401894,655.6257266156628,6782830
2022-12-15,652.4154663085938,661.1401191395333,650.3082140962148,653.0654142685682,8577060
2022-12-16,649.6090698242188,659.298728101546,645.9754554830284,648.9296115294446,8802330
2022-12-19,658.4813232421875,660.2538046570179,649.6188560655831,649.9241164197904,6595590
2022-12-20,654.1337890625,659.6482494551601,648.4372182297383,655.8226079590064,6077160
2022-12-21,642.6962890625,659.1608157491514,640.5594664719038,659.1608157491514,6223900
2022-12-22,639.1464233398438,647.4525228833054,630.9092613152958,646.9601635503143,8497060
2022-12-23,627.71875,636.7190324638829,624.3165303562427,635.1435067207511,9943030
2022-12-26,633.5384521484375,637.1031289607438,620.3727682090858,627.7237195981054,5305350
2022-12-27,640.5299072265625,643.0212742439455,633.1740878083567,636.7190508841862,7810350
2022-12-28,637.713623046875,646.9601454868704,636.5270803612648,637.6053184212307,7559340
2022-12-29,641.1405029296875,642.0857943838265,630.4562693381356,634.1588211400672,5218800
2022-12-30,647.4722290039062,661.7210790867565,641.5442034704415,644.9907187615337,15202660
2023-01-02,645.3600463867188,650.8990893177511,638.5654630170009,646.4678549729252,5793400
2023-01-03,650.5297241210938,655.8225865879258,643.021244807681,646.4677599023622,7420810
2023-01-04,647.0586547851562,653.6562823103436,644.9907694888484,649.4220037830466,6712530
2023-01-05,600.6832885742188,639.0823864790428,593.2978988999616,639.0823864790428,51023000
2023-01-06,588.9010620117188,604.6122633591887,585.0803492165041,603.6324732067962,29319220
2023-01-09,590.1763916015625,598.5120015687879,586.3999738276012,592.8006452463744,14005480
2023-01-10,581.392578125,592.308204833502,578.5221452031295,590.7326792024395,11203750
2023-01-11,580.5654907226562,585.8091293794344,577.5916212660985,583.9381399658806,11088910
2023-01-12,580.8264770507812,587.3748200353668,576.7497274005243,581.6290251575169,14769490
2023-01-13,588.6450805664062,589.3540490694942,578.2267415336179,582.9533785282215,11084900
2023-01-16,591.904541015625,597.9408108545704,588.3250792199182,590.8311712760601,9083390
2023-01-17,589.3491821289062,592.7956973951656,584.9228766165784,592.7956973951656,8170050
2023-01-18,590.6983032226562,595.6563957851968,589.3541717455954,591.2202330092238,7962810
2023-01-19,592.0571899414062,593.7509373585941,586.9563542879763,589.1571861577673,5481420
2023-01-20,577.08447265625,592.7759613049145,574.7999182684042,592.0620643535365,8330900
2023-01-23,577.3405151367188,584.4305012242946,575.1741221512851,579.1129966329989,8560640
2023-01-24,576.5577392578125,583.0519303703655,575.3366976607794,580.2307208525108,6081450
2023-01-25,570.7330932617188,576.5576822810236,568.8719606392941,576.065322969427,8278370
2023-01-27,567.2669067382812,577.1978164299509,559.3202196447655,572.6139220482943,16213520
2023-01-30,592.9778442382812,597.3499972625272,568.1875652988128,568.1875652988128,24481600
2023-01-31,579.6448364257812,595.7548201119877,578.423794840623,595.7548201119877,19967880
2023-02-01,572.8305053710938,588.9011209834347,562.1660456440967,585.3167907681543,26348660
2023-02-02,563.0276489257812,573.0077816271294,555.8736538191793,573.0077816271294,20250440
2023-02-03,592.2344360351562,593.7853800183829,565.9227810467066,568.182693649431,14868920
2023-02-06,601.0919189453125,603.0417026688076,586.4590147800754,590.8311678260867,10738200
2023-02-07,606.640869140625,608.7531099766406,600.678404647769,602.9383172267305,14721930
2023-02-08,625.4588623046875,627.955157989716,606.86249922383,607.0791084993355,19032080
2023-02-09,635.6359252929688,638.8658315007258,623.843942819029,627.7483188344424,18381540
2023-02-10,633.7156982421875,642.784978975521,632.1893962996505,635.5325354708132,12912820
2023-02-13,624.8532104492188,637.4231585036655,620.0822774153853,633.6615260296352,7365570
2023-02-14,636.0001831054688,637.3443143479212,621.3574226601678,625.6704948396025,10340900
2023-02-15,639.0775146484375,639.6732502354428,629.9540813719826,635.1435682085827,6189790
2023-02-16,633.8929443359375,642.5043044888401,632.1894002316517,640.5595091132234,5290480
2023-02-17,631.8643798828125,637.6841005826934,627.0195811025098,631.2046352362918,6160440
2023-02-20,627.009765625,634.5083887919454,624.6070496304424,632.6817548647725,4657320
2023-02-21,628.1766357421875,631.0323438816329,625.4933014492701,629.7275796437405,4485090
2023-02-22,610.3926391601562,626.2810847876322,609.0485077691045,623.4253765550069,9347000
2023-02-23,610.7569580078125,616.6751267160316,602.9087792094288,611.9041937016673,8097680
2023-02-24,614.0951538085938,618.9941049373014,610.525548785453,615.818411405972,6077610
2023-02-27,609.9840087890625,614.5629146679756,604.1249205222666,612.0026700971291,5950040
2023-02-28,601.8699340820312,615.1143524230399,599.6936841332665,612.4950271443215,9778520
2023-03-01,606.0795288085938,610.9145309173117,600.6882183748093,600.6882183748093,5448040
2023-03-02,599.0043334960938,611.4709050693656,597.729139692784,607.0987519269909,5822980
2023-03-03,600.6832885742188,604.7156824871846,598.0196078696827,602.8250395592622,7120370
2023-03-06,604.110107421875,608.8515301324042,602.6527430506077,604.6172519519292,6084770
2023-03-08,590.52099609375,603.5340793855903,589.3541069077302,603.5340793855903,13427950
2023-03-09,581.1119995117188,594.7700418567562,580.009119474088,590.8311674073738,9408580
2023-03-10,578.4385375976562,579.7433019499513,569.2658801213009,577.5375415865432,7708610
2023-03-13,574.4404907226562,585.6613782276635,572.2199455060475,577.9313613790486,7933560
2023-03-14,564.396484375,576.0604487138802,562.8799790871698,575.07572999813,13725650
2023-03-15,563.1359252929688,573.1062006915984,561.3880258117348,571.1367635758197,6794730
2023-03-16,562.7764892578125,566.7055065241861,557.8430398713318,564.2141398270418,8849630
2023-03-17,564.4751586914062,572.786186174397,560.1177908571459,565.2334112548489,10471510
2023-03-20,546.5977172851562,565.2728752923233,540.1871884103278,565.1301319388851,17127560
2023-03-21,562.2841796875,562.7666821870683,550.0785733581116,551.6196603774727,11301140
2023-03-22,574.5045776367188,576.7497651629784,564.7361847826803,566.1935492525579,12425340
2023-03-23,574.3912963867188,580.9839948627526,568.428832261905,572.0723032332304,10544190
2023-03-24,556.292236328125,574.0663980168725,554.1209146224892,571.5209384747825,12780420
2023-03-27,550.758056640625,563.7514264235016,549.9210698301491,561.0926740513187,11187430
2023-03-28,544.9876708984375,553.8452111667284,543.8306383980992,553.5153087515625,9481360
2023-03-29,553.9240112304688,555.9721829594602,547.0112663633499,547.7153667156339,11096120
2023-03-31,553.091796875,560.6987839734904,550.0834888228162,560.6987839734904,12678280
2023-04-03,562.771728515625,564.637789894022,554.613299514518,556.8584872512932,7453860
2023-04-05,567.3259887695312,585.6171506209325,565.5387219270425,574.2879571826086,24333290
2023-04-06,584.1548461914062,586.7939454136422,561.8362166654957,567.2964654753546,17405020
2023-04-10,573.9728393554688,587.8672057561976,572.2200112242847,585.4103374134963,9282570
2023-04-11,574.8541870117188,579.0145995063029,572.2348015946698,576.8482063311955,8116200
2023-04-12,576.7448120117188,578.6945357569375,569.7582017539212,574.7803030617737,10230690
2023-04-13,581.4222412109375,584.6275053941237,576.099807777481,576.7448273764676,8330060
2023-04-17,587.0350952148438,590.6342104824885,580.9839801213035,590.6342104824885,6728570
2023-04-18,582.5250854492188,590.2403776407479,578.0544844545665,588.369388181281,6408890
2023-04-19,585.68603515625,586.8922914122146,579.0145425341982,582.5250667820625,5549280
2023-04-20,582.234619140625,587.4781979034328,579.620162258981,586.8923191521164,4367310
2023-04-21,584.7161254882812,585.4152974383406,573.8940760317613,582.2641854148159,6431010
2023-04-24,584.3074340820312,587.3551094814027,578.7191677146304,584.9228832436934,5448920
2023-04-25,598.2412109375,599.9595401421169,583.8101305365852,586.8824478601811,14944750
2023-04-26,596.3406982421875,602.6281368209708,592.1409186225487,600.6784130082559,9740070
2023-04-27,610.5304565429688,615.8873280972143,597.3302749442091,598.2165457195898,28271360
2023-04-28,618.4131469726562,619.9788159130054,601.761521536975,614.8484703948402,14896680
2023-05-02,615.365478515625,623.7848716706102,612.9676908316773,623.3269510198019,9912540
2023-05-03,608.580810546875,615.9415589327853,606.1878911687692,614.2724534912477,6682510
2023-05-04,629.2598266601562,630.121455434135,608.7678350225424,610.2301277172204,12451410
2023-05-05,629.2203979492188,634.9465389918666,623.4893285053922,628.245536155093,11600400
2023-05-08,655.6207275390625,659.2789837175087,629.0382527638926,629.673415517007,22247350
2023-05-09,645.2122802734375,663.685612533104,644.2029796766318,654.837929519005,21307700
2023-05-10,653.0161743164062,656.3149576394034,642.5288970138196,649.0230874379074,8353210
2023-05-11,656.162353515625,657.7920918138354,652.3761389620748,655.7242065841472,5674940
2023-05-12,661.179443359375,663.075014598504,650.3770493227098,654.8378533230954,9120780
2023-05-15,660.97265625,664.6850646587312,658.3631879835532,661.1794687958885,7390760
2023-05-16,668.09228515625,674.4338761242501,659.7615431388349,661.7309805810404,12651330
2023-05-17,660.2587890625,670.6377020883552,656.0195824490743,668.1316099306416,7407850
2023-05-18,668.5648803710938,672.6268447885885,664.2075123800907,665.6500915400799,11067180
2023-05-19,668.0528564453125,671.5781662876523,660.9432161440584,669.6087288498585,5928340
2023-05-22,668.9242553710938,671.3811234478985,665.856866575952,668.0527698015046,4197920
2023-05-23,667.6934204101562,676.8907193685205,665.3842839441708,670.5983525499395,7901960
2023-05-24,668.2251586914062,674.3895073819222,662.6910443947199,666.5561133817886,5539360
2023-05-25,673.6608276367188,674.3353575459279,664.301071532189,667.4423266070188,5302600
2023-05-26,679.8989868164062,681.4252886650349,673.6657010899592,674.1974275107041,6940730
2023-05-29,682.6118774414062,686.535966657936,679.6330796201527,683.414425508619,6407280
2023-05-30,689.8742065429688,691.1494003621441,682.414950771463,684.1825039141377,8819230
2023-05-31,688.3035278320312,691.8632760148154,682.1441080767113,689.7855341582805,21476270
2023-06-01,693.2911376953125,694.9454577772761,684.4877507610541,691.6663880213534,5900260
2023-06-02,691.6565551757812,699.1502497662922,689.7954224806869,696.7623190323002,6642090
2023-06-05,693.5570068359375,698.323011170071,690.5880658525895,696.1960454536513,5771620
2023-06-06,700.5238647460938,702.3012744978655,691.7647741031356,691.7647741031356,6905860
2023-06-07,697.1758422851562,703.187530121637,695.4082892220608,701.1196450970233,5344830
2023-06-08,690.297607421875,700.233384611503,688.8254578974381,697.1807809393324,4553600
2023-06-09,692.9613647460938,697.4270377236394,690.489711127319,690.5586486504377,4473610
2023-06-12,698.9237670898438,700.1349517820818,693.3994498515026,694.2414251568599,5132550
2023-06-13,705.7232055664062,708.9974070011735,699.1502207928239,699.1502207928239,8001340
2023-06-14,698.8400268554688,707.2249202744641,697.3826625401954,707.2249202744641,4015200
2023-06-15,701.76953125,703.2564659528567,694.8174203359279,698.6578469181081,4370180
2023-06-16,709.3125610351562,710.829006153168,702.2028609699597,706.0432878317853,14148580
2023-06-19,727.3329467773438,728.5786304009215,709.219026425691,710.1742348513169,11845900
2023-06-20,713.8028564453125,726.3432339691816,709.095872471388,726.3432339691816,8638260
2023-06-21,709.60302734375,717.4561947163365,706.7325940876074,716.3828249321817,5468040
2023-06-22,692.2572021484375,709.4060555832675,691.2724835109575,709.0072757883652,8271940
2023-06-23,688.2838745117188,694.7189842281282,684.9801026823255,691.3659884883805,8152260
2023-06-26,689.1749877929688,692.7495210466509,683.8870538264379,688.3182874365443,5635390
2023-06-27,691.1986083984375,692.2571929401386,684.7733554358218,692.2571929401386,7097890
2023-06-28,698.185302734375,701.6121047288945,693.2419954093217,694.6550644021157,7097820
2023-06-30,708.11376953125,711.51559773599,701.2507813653203,702.1210206984753,8879080
2023-07-03,725.1624755859375,727.3380740107673,708.0544676977694,708.1137994567265,12092270
2023-07-04,777.3221435546875,783.2110770760802,752.8171616958847,756.5106994484865,41622080
2023-07-05,775.17626953125,791.112430288278,769.3664649278425,779.250544696842,19786660
2023-07-06,768.0067749023438,773.7177137405557,764.9164530976506,768.9709311622689,10459840
2023-07-07,753.7764282226562,766.2910240700928,752.1200278472285,763.4330800487938,10949150
2023-07-10,744.96533203125,754.5280067236724,734.9823252958943,753.7764308192204,14515180
2023-07-11,736.139404296875,759.477490540125,729.9092672210096,748.3028989097371,16750430
2023-07-12,734.9476928710938,742.4682800585144,731.6051962638306,738.7005624501647,11317550
2023-07-13,739.1654052734375,743.9417629643731,733.3703882356988,738.705538853855,7470520
2023-07-14,739.9317626953125,743.5462318437566,731.778262939339,739.106067385201,7266000
2023-07-17,742.7599487304688,745.8305330882476,735.9415047003308,743.654934771338,5067440
2023-07-18,733.7659912109375,747.1161810779829,729.1280339465168,743.6550207420822,13097090
2023-07-19,750.0531616210938,751.4673458981355,734.7548625660792,735.9366087871717,9759430
2023-07-20,751.22998046875,755.2400350033565,741.8749972900309,746.72058547891,6494360
2023-07-21,749.761474609375,757.2722238262216,744.9504714625906,751.2299809896789,6733940
2023-07-24,749.7466430664062,755.9965170288039,747.6452242722853,749.7515924098436,5843420
2023-07-25,752.2041015625,756.4514228203863,745.7366376590052,756.4514228203863,8508690
2023-07-26,735.06640625,764.8175735354147,724.9647359544532,755.0274100866341,22288660
2023-07-27,720.3267822265625,749.380756168841,718.7050272358173,749.380756168841,21471720
2023-07-28,729.9685668945312,731.254189001507,712.9990190187492,723.7780851969835,10070500
2023-07-31,721.9288330078125,728.8115587529832,720.0251465864335,726.3492001211957,7493150
2023-08-01,718.9027709960938,724.8658849422148,716.3613434502885,721.9288720609418,7527650
2023-08-02,712.3512573242188,720.9102412174343,706.5711486280615,720.9102412174343,8985360
2023-08-03,702.9468383789062,714.4131389196965,694.0170159187077,709.5378547010682,10818980
2023-08-04,706.9370727539062,712.5046013935622,699.2829732997308,705.9778658292796,7313490
2023-08-07,704.3114624023438,710.3042111954887,699.3125054336989,708.2522257319281,7184090
2023-08-08,709.3993530273438,712.5045225455547,700.65253605613,705.5822024097894,8073620
2023-08-09,704.6278686523438,713.3945431553179,701.1321236202342,712.0100550163168,5115720
2023-08-10,706.4573974609375,709.4389541463732,701.3299384143273,702.1259979941526,6161300
2023-08-11,698.2247924804688,707.9556237595651,695.3025674550223,706.4574213516,6303960
2023-08-14,694.0170288085938,698.0567190953092,686.3530309325464,696.1876780306222,6937850
2023-08-16,690.402587890625,691.6387165229881,684.3208108762607,691.6387165229881,5987950
2023-08-17,684.6422119140625,694.209835394404,682.6396593995953,694.209835394404,7101180
2023-08-18,678.5950317382812,683.9054350992037,676.9039861725637,681.7001407481089,7455330
2023-08-21,696.99853515625,698.4620921042072,672.5528245754601,672.5528245754601,12308310
2023-08-22,699.1494140625,707.4116786323672,697.176557568646,697.2803730605823,12487800
2023-08-23,703.7478637695312,706.9667477214593,692.528728342332,702.121099091632,8032480
2023-08-24,705.8245239257812,710.6206790405837,704.19775927533,707.0656019438347,9103600
2023-08-25,713.1473999023438,719.7334671153359,702.2199738137514,703.6044621128395,13032760
2023-08-28,715.5305786132812,718.0423702459069,705.8887753557503,714.4773946123757,7036260
2023-08-29,721.2415161132812,722.9819345114156,715.5701121270181,716.9546003259571,14183050
2023-08-30,718.7445068359375,724.9548459549089,717.7457052601033,724.4702328383768,4602680
2023-08-31,708.3511352539062,720.4157627064197,705.5822192052581,719.9213112563809,14129800
2023-09-01,723.936279296875,724.8065187072389,707.5600491276065,708.8999932883831,6760760
2023-09-04,718.9571533203125,728.821435581415,717.7853058008894,728.821435581415,5813630
2023-09-05,726.359130859375,727.6792776965885,719.9213628611495,720.218021680869,12213530
2023-09-06,730.5817260742188,731.4914998577635,720.9794570202578,723.4121799251719,6051570
2023-09-07,728.1489868164062,730.5817096666859,722.2650025201771,729.8103364368986,5496220
2023-09-08,732.84130859375,736.727689634273,728.8214160083726,730.7992217505933,6246420
2023-09-11,730.9624633789062,736.1394164495877,728.0303997878608,734.2604766087287,4068490
2023-09-12,734.8834228515625,737.6227032212357,722.4430073687112,733.8648238845564,9635170
2023-09-13,739.2939453125,742.4930317070101,729.8746210501239,734.6856239997034,5798460
2023-09-14,741.1134643554688,742.8341456774668,734.4631167540801,739.293916890443,6503720
2023-09-15,740.9058227539062,748.119913071407,737.2815152515639,741.5783298598583,7874940
2023-09-18,746.4882202148438,747.6106347271459,738.2160566452571,740.5795491959524,7066180
2023-09-20,745.533935546875,756.2140750115316,739.9960429800516,740.5547755441771,8441900
2023-09-21,740.11474609375,749.9493934023966,734.2604573942517,744.643938609928,6757250
2023-09-22,738.843994140625,749.2917559238169,737.0886673112819,741.0789244011612,5263040
2023-09-25,773.3071899414062,776.2788478699063,742.6660492527265,749.0939178547807,23475330
2023-09-26,778.3308715820312,781.2283498665388,768.8720128298175,773.3121772402229,12468200
2023-09-27,775.0576171875,776.7832479638334,765.6828367684684,776.7832479638334,7441100
2023-09-28,765.31201171875,774.2121382056094,763.240228667118,771.8140002825958,7775050
2023-09-29,772.4073486328125,776.0909878109832,763.9274941504476,765.3119823606537,5730050
2023-10-03,787.9182739257812,788.6994854777103,766.8941888903087,769.445575239037,9445550
2023-10-04,776.6892700195312,795.3745482822876,773.3220268515666,793.5945352281102,11763840
2023-10-05,776.3778076171875,782.7018006462241,774.004416503966,782.7018006462241,7950610
2023-10-06,807.7903442382812,810.1093531693756,775.7944068496442,776.2888583517791,21450340
2023-10-09,793.8616333007812,804.4725425437314,792.9023660618836,801.2141242531701,7478000
2023-10-10,799.3895874023438,804.4725631353267,793.1990451756633,796.5613394044323,9650240
2023-10-11,801.2042236328125,808.2303596975008,800.5614125795436,804.947194698199,7123720
2023-10-12,792.5364379882812,803.681392902601,791.418972890995,803.4836002525088,7640920
2023-10-13,796.22998046875,799.3203020262785,786.7760711742726,791.077834997058,6622820
2023-10-16,794.6823120117188,797.9457397271984,789.4065538968514,795.5031182835025,4382460
2023-10-17,800.3191528320312,806.845948577647,796.8135087417634,799.0335910566035,8382830
2023-10-18,777.9254760742188,799.4884975720454,776.288812726577,796.0668716495471,15446420
2023-10-19,775.4531860351562,783.5077591488215,764.5208113112154,775.6262319718718,10614530
2023-10-20,768.2984619140625,774.5433864486874,763.6803020443698,772.333202844484,7711530
2023-10-23,771.2355346679688,779.7400758783622,767.5221992692816,771.3442995063751,8822300
2023-10-25,760.9063720703125,776.9760436237631,759.0818148986282,771.2354697363791,7087740
2023-10-26,733.9439697265625,757.1040594590235,731.9068321040157,754.0483832041258,13246300
2023-10-27,742.3892211914062,746.5228887906505,733.4297625463661,742.6611936558836,9119440
2023-10-30,741.9788208007812,744.3324146508656,727.090894128584,742.2507932552224,7992760
2023-10-31,740.9503784179688,749.5587350831453,737.7710288972904,748.5797308263745,7494100
2023-11-01,738.8983764648438,746.5228397198252,737.4892018730178,743.6549971038137,4627780
2023-11-02,736.6436157226562,753.0495410134125,732.8956955467637,744.6438665569267,8550300
2023-11-03,732.9254150390625,745.430051278167,729.0637202082291,744.4460977124863,11387550
2023-11-06,747.8133544921875,748.7923587322433,736.0009017912865,737.3259979125064,6340430
2023-11-07,741.2420654296875,755.5218259149593,736.3370852498974,755.5218259149593,15630070
2023-11-08,737.7166137695312,745.2372010065922,732.4457444143882,744.3472246116446,9167170
2023-11-09,730.472900390625,740.1938329594809,728.495094557734,740.1938329594809,7717910
2023-11-10,736.2184448242188,737.1282789908291,726.492622993853,728.8214701136949,4962610
2023-11-13,727.9166870117188,736.7327355342866,723.7781303680314,736.5152058458964,7322400
2023-11-15,714.4130859375,739.323551396282,704.0147578782722,735.6843961142667,19234400
2023-11-16,728.0748291015625,729.8795890110422,685.4333398092524,686.7485975995427,45570430
2023-11-17,714.0867919921875,717.9435376183999,702.9171501356352,706.1261353615141,20800340
2023-11-20,699.015869140625,715.8668126970628,697.1864229718058,707.1644191431084,19029400
2023-11-21,702.4326171875,704.9741050692668,695.1987895307713,700.6377558784516,16662250
2023-11-22,704.9246215820312,709.8196426586155,698.709333045161,700.7811160100655,10414040
2023-11-23,699.5153198242188,708.0545063845899,697.7698916459213,705.5822490298951,6061580
2023-11-24,694.2890014648438,703.7824456612401,693.3198355285142,702.9122062348217,7264990
2023-11-28,704.845458984375,705.5821867824512,695.1888081229774,695.693158236096,7281580
2023-11-29,705.09765625,708.9049082171309,703.5104864328264,705.4833428613379,6824300
2023-11-30,704.2867431640625,708.4104512655188,700.7019702309718,705.2855447281921,12719340
2023-12-01,717.8792724609375,719.9065114703799,706.2745106367365,708.054523904592,9004770
2023-12-04,732.544677734375,733.7659583408794,723.3874271414912,725.8547350703577,11014260
2023-12-05,726.8238525390625,735.7437762375278,723.8818904801752,734.7548733124773,15222420
2023-12-06,734.4680786132812,737.6226812099829,728.3319193520455,730.7992272052545,7018000
2023-12-07,730.9179077148438,735.743758702704,724.4702414826704,730.7992441952933,6688620
2023-12-08,722.6506958007812,731.6002550106168,719.3279965291479,730.8536284894523,11443880
2023-12-11,721.1822509765625,727.1107195631297,718.9374218784825,724.3714389708716,5900550
2023-12-12,723.3380126953125,727.2392420139957,719.9213361571722,719.9213361571722,6333120
2023-12-13,717.7457275390625,722.3441502619597,712.7023467882705,721.8842838465323,6829550
2023-12-14,739.1257934570312,742.7896956257157,721.90902041276,728.6730824926539,17295670
2023-12-15,743.16552734375,744.5351676071671,736.2382572471354,744.5302182637156,11739380
2023-12-18,750.3400268554688,752.5551598500715,744.2483507624639,746.4239493671085,10827980
2023-12-19,754.7949829101562,755.6800099581673,745.1383316511178,755.6206781987596,7914080
2023-12-20,741.0789184570312,760.9607922259556,737.73642177951,756.5107291135232,8745460
2023-12-21,728.5396728515625,739.402757412856,722.4430474564191,734.4186478509464,9130820
2023-12-22,721.4343872070312,735.7437837059992,716.2623838131826,733.6621623421479,11294850
2023-12-26,708.281982421875,726.2503935429172,706.5959462501332,724.3714536837376,12258440
2023-12-27,715.2537231445312,724.2131810625995,711.1102175522175,713.9779997661988,16052790
2023-12-28,717.8099975585938,720.9102178233607,712.0100916773932,719.4268634656994,18560640
2023-12-29,724.6433715820312,726.1514123416264,712.5194119543202,715.13996851463,9128020
