Price,Close,High,Low,Open,Volume
Ticker,HDFCBANK.NS,HDFCBANK.NS,HDFCBANK.NS,HDFCBANK.NS,HDFCBANK.NS
Date,,,,,
2014-01-01,150.4985809326172,151.55069378569948,150.01211079594097,151.1434238487007,4492436
2014-01-02,148.65455627441406,152.6707181828933,147.8739473949962,150.46465741626386,7228992
2014-01-03,150.0347137451172,150.69088076191318,147.07067942228764,147.52320458974083,6513184
2014-01-06,149.71798706054688,150.01212572153526,148.6545499231503,150.01212572153526,5963420
2014-01-07,150.32887268066406,151.81088990644227,147.8173496062411,150.93977063527922,7896920
2014-01-08,150.3967742919922,150.9058652141262,149.33333715931718,150.50990560802197,4649480
2014-01-09,150.00076293945312,150.70217133287977,148.67711871254306,150.05732857795434,3777472
2014-01-10,149.79713439941406,152.65936148535692,148.49612459852577,150.00077624006346,6150508
2014-01-13,152.24075317382812,153.16843792657264,148.63187650354593,149.35590562475008,4752580
2014-01-14,152.11634826660156,152.9535226763812,151.2112978365638,151.38099479219588,3577120
2014-01-15,153.98301696777344,154.46948710482445,151.50543861832594,152.2747370187848,4627840
2014-01-16,152.28604125976562,154.98988211114448,151.67512947339128,154.8541300741605,4501176
2014-01-17,150.46463012695312,152.72725614389978,149.1183648848752,152.72725614389978,43374856
2014-01-20,151.6072540283203,153.11190585878765,150.78140381525995,151.16603919149375,5600368
2014-01-21,152.97613525390625,153.58704702359248,151.59593894570318,152.26341636424974,6251924
2014-01-22,153.20240783691406,154.9220119603564,152.64807548992306,152.84039318459662,7033336
2014-01-23,153.74546813964844,154.10748284968813,152.21819527733405,152.72728623143885,5482740
2014-01-24,152.36524963378906,152.71595392313105,150.1704995182673,151.5959512229962,8842900
2014-01-27,146.88966369628906,150.44198881914042,146.07511015558742,150.44198881914042,17060448
2014-01-28,145.81494140625,148.42827178311964,144.49129685512668,146.61817090771575,18395424
2014-01-29,146.0412139892578,147.2743480568358,144.93252160336758,146.505049608262,10970924
2014-01-30,142.9526824951172,144.78541751516514,142.01370115809073,144.24238184775004,11425460
2014-01-31,142.20606994628906,143.97091578505933,141.43677144247798,142.54546390797472,9620984
2014-02-03,141.75352478027344,143.45049435066778,141.43675160314368,142.53413354464956,4776820
2014-02-04,142.6811981201172,143.78989044692332,139.55877682520003,140.65615878335996,7409304
2014-02-05,144.23109436035156,144.7628059361446,141.43674301806584,142.7716978564017,6905384
2014-02-06,146.39190673828125,146.9801839925291,142.4323111155302,144.52524023041292,13466944
2014-02-07,146.56163024902344,148.08890312309663,145.28324076377174,147.6137570862643,4029468
2014-02-10,145.69049072265625,147.10463194410627,143.90301069475427,146.53897545552627,6280820
2014-02-11,145.8941192626953,146.42584464973058,144.64967498363856,146.16563714012045,4464856
2014-02-12,146.0412139892578,147.7042387581185,145.63394402647302,146.30140772188227,6436960
2014-02-13,143.11109924316406,146.6181696593997,142.82827098379022,146.16564444440155,3155200
2014-02-14,145.21533203125,145.67916759322884,142.39835993585575,143.45048653617494,4249112
2014-02-17,147.1612091064453,147.52322376347038,145.05695575631847,145.26059763212882,3650120
2014-02-18,149.42384338378906,150.32889388566548,146.48242925269065,146.7313126167168,5019672
2014-02-19,151.6072540283203,152.10503451576633,148.20200462302262,148.47352250799074,4060948
2014-02-20,149.95553588867188,151.01897285462988,149.52563143116558,150.64563404627057,3448436
2014-02-21,150.32887268066406,151.50542711916196,149.26543572896998,149.2993668320193,3043872
2014-02-24,151.82220458984375,152.27472978981348,148.37169994007456,149.8084619259892,5018984
2014-02-25,151.84481811523438,152.95351032650126,150.6908844340974,152.50098514802048,4020560
2014-02-26,153.27029418945312,153.67756411656066,151.26786184871654,151.59594538804356,4551340
2014-02-28,151.50543212890625,154.51473577064755,150.49857460228,154.31109390572695,4903584
2014-03-03,150.73614501953125,152.04846532132186,150.0573572279182,150.5098824223269,3678432
2014-03-04,151.98060607910156,152.4670624308,150.29494678187896,150.69090637069084,6443868
2014-03-05,151.5393829345703,152.7272616361851,149.89897901329277,152.38786772143803,4006984
2014-03-06,152.86302185058594,153.33818164261947,151.1660521861257,152.27474455756285,4948680
2014-03-07,160.97454833984375,161.7551571630427,152.9987907579769,153.76807540187426,22767568
2014-03-10,166.17857360839844,166.7329197546585,158.3838240758154,159.85453101366224,26123852
2014-03-11,164.07432556152344,167.43431955840228,162.80724674915186,166.18987529141415,13000472
2014-03-12,164.16482543945312,165.85048455883287,162.11715168677185,163.1918990287288,7110216
2014-03-13,167.96603393554688,169.58381703363952,164.60603988255204,164.60603988255204,11448452
2014-03-14,165.65818786621094,167.4117232252934,163.81414193234724,166.30303082910942,12208480
2014-03-18,166.07676696777344,168.5204005589828,164.78706724158735,166.39354016717868,8102724
2014-03-19,167.0836181640625,168.1809862397754,166.47270638780074,167.43432242877682,6055136
2014-03-20,165.2169189453125,167.08358500736725,164.7191385667705,167.08358500736725,5195084
2014-03-21,166.04281616210938,166.86868023914704,165.44322851231934,166.33696861254418,7525592
2014-03-24,169.84402465820312,170.3531155035398,166.07674687872245,166.18987817768615,11713860
2014-03-25,169.73089599609375,172.084018765112,169.18786022864242,169.69695108188807,8031092
2014-03-26,168.80320739746094,171.12239901214414,168.36199257218513,170.33047992420353,9409312
2014-03-27,168.9615936279297,172.129269973147,167.8868462965167,169.69694706521227,24554932
2014-03-28,168.55433654785156,170.6246311736607,166.31433115208537,169.6856496144054,12160900
2014-03-31,169.42544555664062,170.37575131401243,168.13574587234848,169.23312785537547,8262428
2014-04-01,167.00440979003906,170.50016951802965,165.74865519531647,170.0363339770926,8051832
2014-04-02,165.60162353515625,168.79192107710077,163.33899724725947,168.55434807886658,10398752
2014-04-03,164.90020751953125,166.98182654742925,164.32324055565107,166.52930127223297,5559704
2014-04-04,164.14219665527344,165.85047642673305,162.92037316033722,164.16481739000574,7422408
2014-04-07,164.1195526123047,165.6242042541762,163.6104618205398,164.0403662353521,11733156
2014-04-09,167.8529052734375,168.54301725547575,163.30503251067304,164.7304841370639,10520384
2014-04-10,167.29856872558594,169.39149773507305,166.529270376488,168.48644735259214,7494792
2014-04-11,167.01573181152344,168.52036970831074,166.05411583005352,166.08804693165152,5207952
2014-04-15,163.8028106689453,167.1628047269966,162.47916618397585,166.14462303546918,8371868
2014-04-16,164.2553253173828,165.5789559073812,163.15794350099986,163.63310321251703,3572392
2014-04-17,162.61492919921875,163.20320642009784,160.0355301015767,162.060583081483,12302328
2014-04-21,162.10585021972656,164.37978669557143,161.3252414507122,163.519991536791,6987752
2014-04-22,164.6173553466797,165.08119092448678,162.320798194133,163.3389799156491,11395824
2014-04-23,165.85049438476562,167.30989099230166,163.49735769897313,164.0177727538894,21025344
2014-04-24,165.85049438476562,165.85049438476562,165.85049438476562,165.85049438476562,0
2014-04-25,164.35714721679688,166.9817876779905,164.04037407390666,165.8844196650712,6212444
2014-04-28,164.0856170654297,165.0019777037787,163.03349060030638,163.4181397278768,4882860
2014-04-29,161.95877075195312,164.60604600642225,161.21210691350632,164.35716266359782,6641236
2014-04-30,163.20321655273438,165.14908326947784,161.01979066932006,162.00402749112163,8786920
2014-05-02,162.25289916992188,164.6173460178896,161.90219491437972,163.70098528244955,5915292
2014-05-05,162.16241455078125,163.61048696166912,161.5515027447936,162.87513348278878,5192324
2014-05-06,162.954345703125,163.94989296968248,161.5741354011156,162.954345703125,6184560
2014-05-07,161.91354370117188,164.49294338554074,160.9745620077214,162.56971089753924,6598624
2014-05-08,162.52439880371094,163.5878356285742,161.89086637931513,162.26420513814054,7520428
2014-05-09,171.2355499267578,171.95959308067134,162.90908818168865,162.90908818168865,16376444
2014-05-12,179.23391723632812,179.8448151849079,170.7151251492266,170.8508771800282,17561360
2014-05-13,178.32888793945312,181.01009443934623,177.05049862348554,181.01009443934623,12665216
2014-05-14,175.45535278320312,179.8335289897058,175.18383487513117,177.61615805873808,8501500
2014-05-15,178.37411499023438,179.00766131751755,173.3284617777669,173.99593920902893,9466188
2014-05-16,182.07350158691406,193.22824406173902,178.21572734509974,181.0100646948375,32868368
2014-05-19,183.7025909423828,188.92925092296971,182.8201613721671,184.60764124620542,10522804
2014-05-20,184.64158630371094,185.89734093319322,181.9943112029274,184.63027593605253,6357032
2014-05-21,183.15956115722656,184.29087407357756,182.14137953251065,183.80440399555778,3642388
2014-05-22,181.598388671875,184.40405092154268,180.55758605569454,183.72526300404007,7806456
2014-05-23,178.6682891845703,181.68888973525745,177.09576116272473,180.7838392259909,9818936
2014-05-26,180.365234375,181.926438005308,178.74745128557805,180.78381465465426,17395232
2014-05-27,182.11880493164062,183.41981511500995,178.37414718196226,181.01011246877908,7619524
2014-05-28,186.31593322753906,187.06259701547023,180.89694141381125,180.9874519741549,14355564
2014-05-29,183.3292694091797,187.96765265248507,182.6844265310508,186.12360696103545,13684008
2014-05-30,179.3696746826172,186.16886299499993,165.17169664876764,184.40401749143237,32807544
2014-06-02,185.3995819091797,186.06704553820413,179.53937498370584,179.53937498370584,8083132
2014-06-03,186.5195770263672,187.31149616135383,184.17776453689615,186.21412802686183,3624148
2014-06-04,184.78866577148438,187.73007953311458,184.42663733022306,186.07836533665528,2864340
2014-06-05,183.78469848632812,186.05505662859667,182.76931064185007,185.23361316851836,7674472
2014-06-06,186.0207977294922,187.33281194224236,182.76928424572003,185.50740086363342,10565276
2014-06-09,186.9791717529297,189.3864302191538,185.96378388989197,187.53820677206582,9339920
2014-06-10,186.34030151367188,187.92611668315243,184.82292256633298,187.36709552792928,4999344
2014-06-11,187.21871948242188,189.35216306120446,184.82286749635796,186.4201021537339,7743772
2014-06-12,191.6339569091797,192.79766498382725,185.47319369318026,188.1314545033896,12732048
2014-06-13,190.6186065673828,195.31903573515507,189.76294490382344,192.58091841176505,12212884
2014-06-16,191.4399871826172,192.3070546610201,189.45484984602282,189.61457610101894,5309880
2014-06-17,193.16273498535156,193.6761319022308,188.78174517595912,190.75547667156337,6988120
2014-06-18,190.49305725097656,194.26938771886665,189.1011868161646,193.2882180817434,5374628
2014-06-19,188.41668701171875,191.65679510203034,187.60666347083688,191.0064839206697,4720996
2014-06-20,187.54959106445312,189.78571695497135,186.95632408009067,188.47370268086124,2969768
2014-06-23,187.4355010986328,188.59919513397975,186.03221070884814,188.0173481163063,5840844
2014-06-24,189.15826416015625,190.01392578934875,188.2455584223509,188.32541460369512,5066224
2014-06-25,188.04014587402344,190.1165592515057,187.78915743115826,189.15821568703547,6330624
2014-06-26,185.3705291748047,188.6106231973096,184.5148675998227,187.10466439605474,21808264
2014-06-27,186.23760986328125,187.561030406829,185.73561891868468,186.61409262664034,5142960
2014-06-30,187.45831298828125,190.00248534236206,187.08183029569048,187.08183029569048,6176100
2014-07-01,187.8576202392578,188.91864602989574,185.96375897614544,187.78917010719962,7641372
2014-07-02,191.64537048339844,192.124535369069,188.35962464034023,189.56895681633293,7626724
2014-07-03,190.93801879882812,192.87751830105753,189.69445456792442,191.89636251469807,6062740
2014-07-04,195.46730041503906,195.99210330077602,190.5500883118502,190.93799094105785,5631988
2014-07-07,191.7708740234375,196.39144650552583,190.7212541405721,196.20890815578767,8131968
2014-07-08,189.21530151367188,193.57346568538964,187.10466957034785,192.5809038016751,6732272
2014-07-09,189.45484924316406,190.4930490071632,186.64828249949372,188.9300463442308,5795552
2014-07-10,187.8690643310547,193.4936190887225,185.33631144435716,189.45489335776375,9857544
2014-07-11,185.2335968017578,189.71726858568422,184.54906760890077,187.3556345142582,9198780
2014-07-14,186.52281188964844,187.10465895836967,184.1725976173572,185.96377689155034,4921608
2014-07-15,188.65625,189.1126028127367,186.30603579976247,187.27578552682797,6092036
2014-07-16,190.6984405517578,191.3259256986526,186.6254970780812,189.27233794517872,9589300
2014-07-17,189.797119140625,191.43999194024806,189.27231622697948,191.3715418083433,5039100
2014-07-18,189.9454803466797,190.93804229040123,187.5610337622768,189.1354567696813,7288432
2014-07-21,188.80458068847656,193.25402085901356,188.3025897813157,192.0560946592536,9813656
2014-07-22,191.6339569091797,192.2728620137469,188.70189554190804,189.36361271730274,6970352
2014-07-23,190.82391357421875,192.80905096716603,190.52728705039485,192.37551025226682,7849852
2014-07-24,192.18157958984375,192.5808883037437,190.07094781637264,190.7554770402011,4278600
2014-07-25,190.64137268066406,193.90429225237955,190.333340126758,191.89634281799937,10665952
2014-07-28,189.28372192382812,191.62252992608134,188.93005130396568,191.32590340383481,3884952
2014-07-30,191.3943634033203,192.1017186062959,188.66765261134165,189.61459025129994,4685380
2014-07-31,190.2991180419922,191.6453643758319,189.0555538737474,191.18901157477197,11901344
2014-08-01,186.06646728515625,188.8844405440124,185.27925583890763,188.48513180298025,6828460
2014-08-04,185.50741577148438,187.72072966752154,184.16116942210994,186.87647419046212,7363044
2014-08-05,187.15028381347656,187.78917494043267,184.80006970711187,186.42011655690584,6077104
2014-08-06,184.82289123535156,187.0019731553007,184.21821818096726,185.9751793151043,3381400
2014-08-07,185.16514587402344,186.76238065050916,184.82288127906222,185.48459840003338,3933740
2014-08-08,181.6626434326172,184.32089009267708,181.400235006235,183.68199896857757,7450680
2014-08-11,180.93251037597656,183.1914487695711,180.57883968032527,182.76932792746874,5626224
2014-08-12,184.18399047851562,184.4806170093152,180.71570645810468,182.76929403149225,6603072
2014-08-13,185.3705291748047,186.13491461107517,183.1458090798516,184.82290019610284,7839820
2014-08-14,188.6334228515625,189.76289875815712,185.57585367992192,185.75839200506877,11873224
2014-08-18,189.922607421875,190.4131922175939,187.9260640642909,189.38639849083634,6702168
2014-08-19,187.9831085205078,191.09772173502094,187.61803187656236,190.07092800629547,7892856
2014-08-20,187.2301483154297,190.43602405419242,186.87647766929976,189.158241743406,9434852
2014-08-21,189.9568634033203,190.57294250241742,187.33283465961077,187.56101107210725,6390480
2014-08-22,193.2083740234375,193.66472684073526,188.94147239634694,190.3789809854783,10015288
2014-08-25,192.4553985595703,194.5888424529497,191.02929597662072,192.35271638824133,6656064
2014-08-26,192.23861694335938,193.60767534295601,191.2346352129423,192.69496974322493,4165256
2014-08-27,190.89234924316406,193.03721273313337,190.29909624046482,193.03721273313337,4852968
2014-08-28,192.47821044921875,192.9231572400373,190.29912848987712,191.09774593557805,7991452
2014-09-01,191.94198608398438,193.72175917800186,191.34871910145728,193.0144179248609,4154656
2014-09-02,196.04916381835938,196.48269061820577,191.36014162789155,192.37551545689982,11442252
2014-09-03,195.46730041503906,197.37256760677357,194.31499856099674,197.37256760677357,9234780
2014-09-04,194.3720703125,196.00353722331408,193.60768490568336,195.7867668473147,6406968
2014-09-05,193.5962677001953,195.21631455554805,192.60369201266332,194.4062911278717,3835208
2014-09-08,197.3155517578125,198.01148702722472,193.82445544875503,194.17812610106785,9788344
2014-09-09,197.50949096679688,198.49066065155853,195.7297177898237,196.25452073694902,7661044
2014-09-10,195.6156463623047,197.372607620118,194.885479016966,197.372607620118,4314252
2014-09-11,194.94248962402344,196.93903299963523,194.6344570739273,195.63843874209036,6532864
2014-09-12,195.25054931640625,195.77535225387487,193.71035860811529,193.97275311345842,6086556
2014-09-15,196.3115692138672,197.37259509346427,193.94994893577413,193.94994893577413,5809088
2014-09-16,194.17813110351562,196.69947772908006,193.49360185168183,196.4598952762949,5076268
2014-09-17,193.12852478027344,195.2962007402106,192.1473550464542,195.09083639434536,7905896
2014-09-18,195.80955505371094,196.45985212942026,192.18154524506878,192.75198616298232,6652568
2014-09-19,196.2887420654297,197.3725799321089,194.26938655822428,196.2316979671834,6542108
2014-09-22,195.51292419433594,195.8894207892793,194.17809795186568,195.53575018823668,6534316
2014-09-23,193.6875457763672,195.7411335269989,192.9459724219724,195.33041876222921,4716976
2014-09-24,195.1934814453125,195.6156021654658,192.82044159081565,193.28820037101323,6665496
2014-09-25,193.93853759765625,197.50948996846773,192.14734446803942,194.63447284533407,16595960
2014-09-26,198.8899688720703,200.56705987712164,192.8090621116812,193.9385381011239,9882252
2014-09-29,197.3954315185547,200.19059289220345,196.50555176383114,199.19803095472363,8682268
2014-09-30,199.11813354492188,200.74958638751852,196.4941050435715,197.19004025205157,12035432
2014-10-01,198.05711364746094,198.77587487253956,196.34579066087574,197.60076085103822,5870188
2014-10-07,196.79074096679688,197.82894081199933,194.88545965135006,197.37258800735805,5026288
2014-10-08,197.96585083007812,198.51347979332465,195.84381296936814,196.35720989986814,3140384
2014-10-09,202.5293731689453,203.75012530178054,198.1141652666836,199.42617960619808,7650420
2014-10-10,197.89736938476562,201.97032607847586,197.34975443493272,201.49114732974363,4266980
2014-10-13,200.06509399414062,200.3389084995424,195.23917078441923,197.14443843235154,5376512
2014-10-14,198.13697814941406,202.1528912829055,197.40682478585444,201.9361209101313,7266240
2014-10-15,198.13697814941406,198.13697814941406,198.13697814941406,198.13697814941406,0
2014-10-16,195.9693145751953,199.42619294117046,195.10224695645996,198.14841054795875,5533084
2014-10-17,201.9931640625,202.6434612509828,195.56999264218584,196.28875389411536,9977920
2014-10-20,203.94407653808594,207.5492611025955,203.1112409810538,203.98971460635227,9532004
2014-10-21,204.34339904785156,206.6708014186014,202.54081360739212,205.3587869464436,16037152
2014-10-22,203.9098663330078,206.80769576863136,203.36223734615885,206.51106920358134,4571544
2014-10-27,204.73126220703125,207.02443209950243,204.02392098159802,205.14197691621123,6724768
2014-10-28,204.2863311767578,205.40440112412034,203.98970463769706,205.13058665468643,5803492
2014-10-29,203.43063354492188,205.92916750387056,203.07696296780585,205.40436465459064,7896188
2014-10-30,204.59439086914062,205.3473702635473,202.41529493476244,203.0542000468974,10738180
2014-10-31,208.0626678466797,208.69015301627755,204.75410967970902,205.3815948493069,10105988
2014-11-03,207.80026245117188,209.7625740355328,206.5909302456107,208.8270563113851,7239648
2014-11-05,208.27943420410156,209.99075736078532,207.6975871161858,208.7928311511067,7524180
2014-11-07,205.23329162597656,206.86474473548006,203.90987112457412,206.4996680201911,9028492
2014-11-10,206.41978454589844,207.26402607921784,203.7615239317313,205.24467052249977,6389756
2014-11-11,207.16136169433594,209.30621152480913,205.9063914788057,206.70500888868858,5913408
2014-11-12,208.0398406982422,209.8994840004504,206.305705562285,207.86870839166286,9058664
2014-11-13,208.99818420410156,209.9222958734051,206.2486612663336,208.89550203489387,7388952
2014-11-14,212.2268829345703,212.88860012410458,208.03985119308936,209.51159188927184,8438056
2014-11-17,209.6826934814453,213.11674531818613,207.1841592600782,212.2040397707849,13464084
2014-11-18,212.70603942871094,213.34493055303207,208.0968734378238,210.15046100464443,9189112
2014-11-19,211.41683959960938,213.96101201786675,210.41287180059385,213.35633899011415,3454848
2014-11-20,209.51156616210938,211.73628598668284,208.11968181323027,211.73628598668284,4770372
2014-11-21,212.85435485839844,213.34493970222354,208.5646412091006,210.1961080834189,8823808
2014-11-24,215.67236328125,216.76760735410343,211.77053799280577,212.74028781517939,7316860
2014-11-25,217.57760620117188,218.77553231640366,214.25764232431453,215.1703479359197,12156508
2014-11-26,217.064208984375,219.02653440259064,212.95703373802246,214.44018035476088,8976428
2014-11-27,216.34544372558594,217.63463193712258,215.17032977909156,216.90446472409602,13211448
2014-11-28,218.39906311035156,220.3956067591755,216.0830669070025,216.31124332401092,9251860
2014-12-01,216.767578125,219.60837706578405,216.35686339390904,218.661439443262,7389128
2014-12-02,215.2388153076172,216.67632397565362,214.3032975515192,214.88514464015495,4517556
2014-12-03,212.91140747070312,215.40994200271447,212.66041898467483,214.9421831368709,6661184
2014-12-04,214.80528259277344,215.45557980463175,212.6604187216487,214.48583004114784,6839104
2014-12-05,215.11329650878906,215.4897931314663,213.50465570847908,214.7139878173116,4074180
2014-12-08,211.55374145507812,215.62668436685055,211.0631566553828,215.62668436685055,4057128
2014-12-09,211.46246337890625,213.3449185425167,211.07456074165452,211.07456074165452,4873344
2014-12-10,212.5235137939453,213.34494329903595,211.1316293372081,211.31416767980792,5565432
2014-12-11,213.02549743652344,213.5160823040079,211.06318582015209,212.18125583466946,4818844
2014-12-12,212.54632568359375,213.61875759478275,211.9758846592148,212.88859029822112,4616828
2014-12-15,214.82809448242188,215.46698565835126,211.7477128833643,212.20406571285432,6638628
2014-12-16,211.2342987060547,214.94216514296895,209.23775524002392,213.92677739488835,4989956
2014-12-17,210.34439086914062,212.77447489305524,209.0095646134462,211.29132841926986,7064016
2014-12-18,213.12815856933594,213.68719352140607,210.39004183441133,212.79730001184282,6493828
2014-12-19,214.816650390625,216.53937923139856,212.77446905508867,215.63807976747125,6114108
2014-12-22,219.89361572265625,220.4412307670735,215.05627289966264,217.68030169366384,8295612
2014-12-23,218.9923095703125,222.23241737874636,217.98832779526555,218.98090353516528,7544080
2014-12-24,215.68374633789062,220.1445922601837,214.7368086885717,218.57018342531805,16664812
2014-12-26,216.45956420898438,217.44072001967953,215.0676797050269,216.85887293993568,3366480
2014-12-29,217.15548706054688,218.13664281504887,216.37968171413183,216.79039645708818,3614800
2014-12-30,218.2393341064453,218.95808145497207,215.11331444712883,216.76759344977182,5681200
2014-12-31,217.13265991210938,218.43326819689008,216.710539136518,218.13664165781648,4992528
2015-01-01,217.2353515625,217.77157448998673,215.63811666891775,216.99576911381928,3544940
2015-01-02,220.25868225097656,221.17138787632138,216.85886215263676,216.85886215263676,5900384
2015-01-05,218.39906311035156,221.45661874219482,217.9312903140576,221.33112449819683,4796000
2015-01-06,214.99920654296875,218.2621261811353,213.92677470932165,217.68027916369562,8219680
2015-01-07,215.626708984375,217.07562362747217,213.63016538266783,214.4173767881261,5746112
2015-01-08,220.156005859375,221.0915375059701,216.35687695026266,217.73734145946173,9525824
2015-01-09,222.62033081054688,223.61289267159003,220.55532305822425,221.99284565253987,8985184
2015-01-12,220.6580047607422,222.3351098082593,220.07615767355605,221.1942277052341,4126412
2015-01-13,219.81373596191406,221.77606141683725,218.06819480563135,221.09153219630693,5828348
2015-01-14,219.93922424316406,222.39212039497323,218.9808806357056,219.06073680016823,3685232
2015-01-15,226.61337280273438,227.76566071316608,221.50221642298285,225.89461164950094,11398476
2015-01-16,228.4844207763672,231.57622197821377,227.84552967469915,228.67837906242565,7821308
2015-01-19,229.214599609375,232.7399277712668,228.8495229404467,231.1997370727805,4239492
2015-01-20,232.95669555664062,234.33715997464017,228.6327500434172,230.45816122140855,8505804
2015-01-21,232.72853088378906,235.69481027067818,232.36344027372903,234.42844791428834,6740612
2015-01-22,233.025146484375,235.59213096217104,232.4090674243475,233.88080797697367,6470680
2015-01-23,237.94236755371094,239.12887372465912,233.74391610844282,235.02169841259436,9987912
2015-01-27,245.07290649414062,245.9171481461634,237.50885224697575,237.9880171806527,9962400
2015-01-28,241.49049377441406,249.442435954613,240.72610838485292,244.1487544756328,11364940
2015-01-29,249.85321044921875,251.13099298673814,242.09521122065854,245.28968149124213,20567616
2015-01-30,245.82583618164062,249.75048692927405,242.83673094624973,249.75048692927405,10570416
2015-02-02,246.7955780029297,249.39679442121957,240.12141859138288,243.8064728628299,5710352
2015-02-03,242.8025360107422,246.93252386416566,240.79460011888284,246.08828220618378,10200688
2015-02-04,243.62391662597656,246.61304957076644,241.2394845294422,242.55149875128592,6197512
2015-02-05,245.63189697265625,249.3511834700081,244.2286065283884,245.28963236935016,8059148
2015-02-06,240.38385009765625,246.1909286429744,239.59665261750035,245.74599578089774,6903120
2015-02-09,237.32627868652344,239.98453943615863,236.04849636007233,238.90070148767109,5231896
2015-02-10,240.6005859375,242.39179290153018,235.02168428213113,235.02168428213113,9275752
2015-02-11,241.501953125,242.9622879326257,240.26979476064173,241.41067697697906,4161588
2015-02-12,245.51779174804688,246.86403799841878,240.20127080389918,243.03066356576022,5525740
2015-02-13,243.1904296875,246.8868763997483,242.68842487177508,246.70432412974546,7714500
2015-02-16,243.5897216796875,247.5713886319275,242.43741974324698,245.47217693887035,7388716
2015-02-18,245.2440185546875,247.1036340280853,241.1938872450621,243.58973956906584,5381692
2015-02-19,246.38487243652344,247.54856643295759,242.73405026508283,245.06143825795112,4507004
2015-02-20,244.8447265625,248.68949379346864,243.806512676405,247.11507087369827,6206024
2015-02-23,243.57827758789062,246.78416676220488,242.32330753942844,245.76876519267606,5581564
2015-02-24,243.612548828125,244.37693422815354,241.20527656988548,244.21722188315613,5846288
2015-02-25,240.14425659179688,245.24402174494068,239.585235517017,244.14876381257923,4648524
2015-02-26,236.88133239746094,240.95427551803306,236.18538324435917,240.41806655515936,12426944
2015-02-27,240.4979248046875,241.53613856267998,238.5470054497133,238.5470054497133,10261784
2015-03-02,247.0123748779297,250.76586554562624,243.69239709074506,246.5103700818961,14385232
2015-03-03,247.19488525390625,249.16861658788372,245.75739071649863,247.90222648852554,6029348
2015-03-04,243.07632446289062,253.1160858316548,241.86697842931852,252.13491619282732,12277624
2015-03-05,247.59422302246094,248.71229302972986,242.43744160008072,243.00788263913972,9702452
2015-03-09,241.6388397216797,246.8412734746785,240.95431043068342,245.7574354306011,5755808
2015-03-10,240.16709899902344,242.38039910382614,238.44435590821212,242.3233549995419,5134836
2015-03-11,241.05697631835938,242.3005545636118,239.58524949858096,239.79061385457905,5465536
2015-03-12,240.63485717773438,242.75690911525544,239.8362396738281,241.88982754101568,7530836
2015-03-13,237.90811157226562,242.7796717840623,236.0712805456323,241.86696625103949,5426780
2015-03-16,239.93890380859375,241.38781837333474,237.87389625364713,238.44433725185732,5348772
2015-03-17,241.42208862304688,243.21326807027245,237.9537900927301,241.86702153066162,5369304
2015-03-18,242.677001953125,244.58226917003674,240.31535411914825,241.9011966844578,5148332
2015-03-19,240.0872039794922,245.0158366468833,239.28858655607152,244.37693156672066,5373572
2015-03-20,240.9314727783203,241.7529022695898,238.66110082542383,239.81340281768655,6483236
2015-03-23,239.0718231201172,241.73008375105377,238.6725144200836,240.94285845884883,5446740
2015-03-24,236.83570861816406,241.182480645395,236.26526755703495,238.05647477183436,8973564
2015-03-25,235.99142456054688,238.83220939280218,235.27266338203577,237.31485872585503,10608900
2015-03-26,229.7622528076172,235.52369358371058,228.65558879574684,234.31437524930652,35800620
2015-03-27,231.51918029785156,233.5499418181651,230.02461379796495,231.58763042967666,10840896
2015-03-30,236.59609985351562,237.07526469267276,231.09704060322792,232.7399133652803,6955144
2015-03-31,233.3560028076172,237.28063960136595,231.56480974422936,237.28063960136595,5962256
2015-04-01,235.76329040527344,236.58471996203056,231.14271781325138,234.13182340083367,3844196
2015-04-06,235.46664428710938,236.58471431017006,232.69430915419574,236.1625935060176,7151172
2015-04-07,235.64915466308594,236.89270478325776,233.5727551914995,235.76324285222324,6197072
2015-04-08,236.2880859375,237.86248083980854,235.03311571744456,237.314879753909,4106144
2015-04-09,240.9771270751953,241.63884430642713,235.0217277012464,236.90418328720298,7002784
2015-04-10,237.90811157226562,240.26973156824963,236.12832464144623,240.26973156824963,6119324
2015-04-13,237.0296630859375,238.74098614098548,236.1169574565786,237.30346363331904,4563236
2015-04-15,235.39820861816406,239.28859985635503,233.92645400106002,237.30347614922573,4893996
2015-04-16,234.9418182373047,235.8317117013787,232.28355780565326,234.56532163478542,5610120
2015-04-17,232.34063720703125,234.53112524514435,231.8386463029852,233.90364009678262,4049012
2015-04-20,229.34011840820312,233.88083482080341,228.76967734766458,232.73995269972633,5188880
2015-04-21,228.86093139648438,231.46214795216235,227.17242044956606,229.3172842008642,6510744
2015-04-22,231.16551208496094,232.96811126882156,226.69326008381412,229.65955337127218,6765936
2015-04-23,231.2567901611328,233.69826659220206,229.5682791664509,232.7513428523973,9627828
2015-04-24,229.64817810058594,232.51178960327726,228.25629347701772,232.4889775302616,7205244
2015-04-27,229.41998291015625,231.0286238762341,227.26371296862138,229.76224753812102,7370704
2015-04-28,229.214599609375,230.78902233854058,225.91744784725896,228.07371761049623,7942108
2015-04-29,226.61337280273438,230.3440509698699,225.43825889869387,229.08908090515044,7863564
2015-04-30,225.62081909179688,227.0355155418361,223.39609921588442,226.12280995171815,15143684
2015-05-04,228.39317321777344,230.34407867678198,226.35099162691205,226.81875046739748,3141448
2015-05-05,225.3584442138672,229.066310996585,224.94771552112414,227.95964701613465,5138004
2015-05-06,221.468017578125,225.32420447092278,220.304323459925,225.32420447092278,11007696
2015-05-07,217.064208984375,221.3311104978866,215.44416209680443,220.87475769273632,11736664
2015-05-08,224.06922912597656,225.39264948617065,217.99974233950934,219.3916128356685,11571932
2015-05-11,225.96307373046875,226.52210866513715,222.25520743401094,224.99332408370287,6731344
2015-05-12,221.77606201171875,225.8946433809338,220.64658600945754,225.8946433809338,11107568
2015-05-13,225.95167541503906,226.6704366308489,221.6961800725611,222.665929752454,7791848
2015-05-14,226.13421630859375,227.0012838350854,222.24381151052668,225.66645747834795,4455188
2015-05-15,225.91746520996094,227.61738230429245,224.57123270388973,227.01272315448546,8153624
2015-05-18,230.42391967773438,230.9145044822779,226.35097672571115,227.2636822770245,5713304
2015-05-19,229.8991241455078,232.28357026015559,227.74285442600754,229.62530968597443,4786348
2015-05-20,233.6640625,234.2915476240038,230.35549064665182,230.37831664359436,4008840
2015-05-21,233.81231689453125,235.02166280573272,231.62182929734536,233.6526045757964,3934380
2015-05-22,233.72109985351562,234.79351780214816,232.3634335486433,233.81234813151988,4689536
2015-05-25,233.54995727539062,235.24987428325954,232.19230487608124,234.65662119913603,4369060
2015-05-26,234.42843627929688,235.0673134799324,232.29497860735722,233.75529919477148,4906344
2015-05-27,236.88133239746094,237.30345316169922,233.05937774317397,233.6069927405548,3218592
2015-05-28,234.88479614257812,238.14770201172695,233.24192324636346,237.08670401464968,9561160
2015-05-29,239.71075439453125,240.4979519192536,234.37142047950036,235.01029775727818,5058680
2015-06-01,236.43638610839844,240.95429019090423,235.24987991176351,239.34563535076023,3841320
2015-06-02,230.18435668945312,237.37192743964627,229.29447705786237,236.93838669545767,4726008
2015-06-03,229.44276428222656,232.05538671148304,227.72003533732556,230.2299756065746,5824832
2015-06-04,231.587646484375,232.2493497069321,227.03552439087971,230.19576204912514,5557588
2015-06-05,230.8574676513672,232.3976583176847,228.7468359975247,230.5152030588522,6753860
2015-06-08,228.963623046875,230.97157268396234,227.16102382419513,229.1461613908315,3811996
2015-06-09,228.59849548339844,229.54543300936803,227.5146577032846,229.31725663460722,6040260
2015-06-10,231.73594665527344,232.51175198727853,227.49187117891725,227.72004757929733,7986248
2015-06-11,228.2220458984375,232.40907741143272,226.96707565536417,232.19230703863624,9094176
2015-06-12,230.2642059326172,230.65209464811645,225.92885459052118,228.40456281253188,6528344
2015-06-15,229.36293029785156,231.31383581953025,228.1764101795613,228.6327629999204,5999828
2015-06-16,230.0930938720703,230.56085272001187,227.5032833023748,228.17640648686756,6010524
2015-06-17,229.2488555908203,231.25680533327096,228.0623354026683,230.23001142700582,9686268
2015-06-18,232.64866638183594,233.60701010697355,228.68981116559672,229.5226606482625,8431716
2015-06-19,235.1357879638672,236.15116183596768,231.176932863864,233.8351935823491,3742324
2015-06-22,238.93492126464844,241.15964115006685,234.67942586182758,235.50085532573075,5449652
2015-06-23,240.06442260742188,242.14082260311915,237.87393439378997,240.0416105345487,5655180
2015-06-24,238.62689208984375,241.3650089108239,237.91952296157217,240.4979274427543,6267396
2015-06-25,243.0078582763672,244.34268460322886,237.90812146916738,239.18590369784215,16573568
2015-06-26,242.51724243164062,244.36546540570828,239.9274462760256,243.46417991109777,5647504
2015-06-29,241.10256958007812,242.26626350915083,235.1357518683117,238.42149720312258,6487836
2015-06-30,243.4984588623047,244.6051088680937,239.12887508746476,240.09862481945115,7290136
2015-07-01,244.68495178222656,245.74597759044684,241.87839883386116,242.1750114354346,4971188
2015-07-02,243.27114868164062,245.45511770367304,242.68494225558652,244.83442194363354,4483444
2015-07-03,246.9608612060547,247.39766052242368,242.31706568571352,242.31706568571352,4039288
2015-07-06,249.08741760253906,249.43225482118586,243.74244071351367,244.61603955925543,3267780
2015-07-07,249.85748291015625,250.92648362015956,247.93789517576005,247.93789517576005,4141472
2015-07-08,245.71946716308594,248.42069166148525,245.06428215265407,248.07585449147683,5400676
2015-07-09,246.91493225097656,247.5701172951805,243.70792956683806,244.30564174641145,2797964
2015-07-10,250.75411987304688,251.7311586165357,245.6390346865465,245.93790482148896,4900088
2015-07-13,251.99557495117188,254.23701709052438,249.43227909717305,249.43227909717305,7076084
2015-07-14,251.00694274902344,253.3173627583954,249.6620835469205,251.84605204940277,5674116
2015-07-15,252.12193298339844,253.21391733189,250.76559592718715,251.27134587395201,3849404
2015-07-16,256.2599792480469,257.2485236741074,252.44378692230188,252.60472776950158,7310424
2015-07-17,255.30596923828125,257.8807423359676,254.167989686409,257.3405030236673,3510988
2015-07-20,256.38641357421875,257.24850642416567,254.4898093043355,256.5473263477082,4551268
2015-07-21,252.4323272705078,259.317565228489,251.29434771300183,256.6853192534219,11028136
2015-07-22,256.1910095214844,256.8002274100538,250.27130533030152,252.05296387327888,7286400
2015-07-23,254.69677734375,256.7198055382491,252.90361256726396,255.8462347484398,5083172
2015-07-24,254.6852569580078,256.3289865651583,252.99556028247235,253.60477828465133,4761008
2015-07-27,251.926513671875,253.9150801201666,245.9838259199441,253.77715087709421,3328572
2015-07-28,254.834716796875,256.07613645610263,251.14494715529514,251.50129019014997,6345672
2015-07-29,254.80018615722656,256.9956607571429,254.041561200564,254.05303893545374,3943032
2015-07-30,255.30596923828125,256.78875791332814,253.13347812811895,254.4898433393503,9462188
2015-07-31,255.558837890625,257.70831735139984,253.5702712208689,256.4668978996563,5649500
2015-08-03,251.8230743408203,256.90366925671395,251.37476922114487,255.81168498023126,4345728
2015-08-04,249.7655487060547,253.3403718939736,248.7310372055802,252.44378964764496,5390928
2015-08-05,251.08741760253906,252.3518205127683,249.47817753497455,251.07593986837972,4122780
2015-08-06,251.94952392578125,253.19094337094467,249.53566369576623,251.0184803890996,3743712
2015-08-07,251.19088745117188,252.30585532224427,250.25981589429082,251.4897294853278,3227140
2015-08-10,251.650634765625,254.24839083193552,250.12185129357283,251.73109114564545,3954376
2015-08-11,251.6621551513672,252.61621026652062,249.25980076163202,251.74263960794454,2727688
2015-08-12,246.08729553222656,251.70815841623886,245.45509403418103,250.21386396631306,6005740
2015-08-13,247.71954345703125,248.9034619755534,245.20221523888887,247.59309193421765,3465052
2015-08-14,253.29440307617188,253.71969663305993,248.25977486281002,248.99541625510716,3601660
2015-08-17,250.92649841308594,253.29439139148744,247.31721415031453,252.66218995251722,2500212
2015-08-18,249.7425537109375,251.98399519241613,247.92640576977095,250.949483739426,1857316
2015-08-19,248.70806884765625,249.89201547190612,247.13331796899638,249.39774322338369,3004576
2015-08-20,247.06430053710938,249.37472055841576,245.52403923151698,245.52403923151698,3044852
2015-08-21,243.98382568359375,246.66203882963754,241.6159323431679,244.60452142067618,7758972
2015-08-24,234.2708740234375,240.16758116383966,232.4777235602414,240.16758116383966,14686328
2015-08-25,234.1329345703125,237.31693936105896,231.20181877671317,235.56974200630353,12347920
2015-08-26,232.99497985839844,236.55829726126493,231.96046835434043,233.89156210783284,5573000
2015-08-27,234.9720458984375,237.81119969898418,231.9834570425102,235.63873671734396,13873432
2015-08-28,236.31690979003906,239.7193145470187,234.3513546888067,237.0295957504179,5553136
2015-08-31,236.20196533203125,237.45489060546177,233.46626542346544,234.7421601984594,3441460
2015-09-01,229.9144287109375,234.78813015502442,228.28220506275068,234.78813015502442,10469144
2015-09-02,228.7764892578125,233.09844584711922,226.4430853545191,231.06389803191016,8681688
2015-09-03,232.2593231201172,233.33981571345677,229.6615526086141,230.42019156769584,6507368
2015-09-04,228.98338317871094,231.27080598455214,225.2936280962834,230.39722125332815,11404592
2015-09-07,226.31666564941406,232.14440893527313,225.29364577810878,230.12136675906825,5381740
2015-09-08,230.82249450683594,232.19035136323805,224.60393394245898,226.833883687586,7444488
2015-09-09,233.638671875,235.63873024532552,231.0409013624899,233.22487008183683,6553120
2015-09-10,232.4202423095703,233.78809916308475,229.040835386611,230.58111081750644,4463740
2015-09-11,232.3052978515625,234.48926651023626,231.45469672557655,233.22486360258304,4301760
2015-09-14,234.42031860351562,235.0180307717225,230.69607423998602,231.92598790710665,5060344
2015-09-15,232.91453552246094,234.40882999456693,231.7535724381944,234.0180117109547,4332728
2015-09-16,235.25941467285156,236.35139908322515,232.5466983123209,234.2364089240913,4254052
2015-09-18,241.3285675048828,244.14473797588525,237.05259183088415,237.93766836632886,7841168
2015-09-21,242.06417846679688,242.5354671399618,238.24798620779467,238.6158068960865,4276688
2015-09-22,236.93760681152344,243.68491463724456,235.7076932794758,241.39750614482654,6025212
2015-09-23,241.20211791992188,242.17915666264645,234.17895038350272,234.3053878850924,5161152
2015-09-24,241.7078399658203,242.30555203377565,238.16750655312293,240.69631212463293,8252836
2015-09-28,240.5584259033203,243.68494410185403,239.79977287104197,242.53548681835474,5777108
2015-09-29,244.7884063720703,246.88041277661355,235.6616997453145,237.24795622802753,10418840
2015-09-30,245.70797729492188,246.6735100980971,243.9952692640381,245.5240529214983,9027796
2015-10-01,245.44361877441406,247.57011474383,243.53550846317478,247.17928243061664,5034788
2015-10-05,252.50128173828125,253.98409850630574,247.63907170318038,247.63907170318038,8053372
2015-10-06,249.65061950683594,254.6967538864352,248.97245092569756,254.48984596006207,4758964
2015-10-07,250.0644073486328,252.50125093659645,249.05287942638776,250.12188020713631,4386268
2015-10-08,248.99542236328125,250.74259176003744,247.22526943424953,250.14487960626835,3881908
2015-10-09,249.69659423828125,251.7311278784132,248.32872332666938,251.7311278784132,3443228
2015-10-12,248.4092559814453,251.84612246587332,247.77705439606774,250.05295765308668,2217340
2015-10-13,247.4436492919922,248.7770308878079,246.71948563328056,247.2597529751723,1823652
2015-10-14,249.374755859375,249.77706590570264,245.30568833025845,245.7079983765861,2749148
2015-10-15,249.23684692382812,252.0760010125705,248.51268316879955,249.5931618704508,3925952
2015-10-16,252.89210510253906,253.22543648554475,249.43222749597464,250.58168476554133,4843688
2015-10-19,252.37486267089844,253.3633791372224,251.5702425396723,252.88061267107133,2654220
2015-10-20,251.7081756591797,253.54730741584493,250.85756038396792,252.42083360230276,3851356
2015-10-21,251.7311553955078,253.80017859053936,249.4322407343616,252.62773772593943,7273204
2015-10-23,254.834716796875,256.0301413203232,251.9610731703879,252.75418758612793,4467048
2015-10-26,253.22543334960938,256.1450435529838,252.1909218198107,256.0875706902172,4887984
2015-10-27,255.38636779785156,256.09902554180303,251.85754033856156,251.85754033856156,8984032
2015-10-28,255.52439880371094,258.3980425149537,254.0416098738804,254.0416098738804,7694760
2015-10-29,253.69671630859375,256.21401641563835,252.88059045060763,255.17950490924952,6702368
2015-10-30,252.78863525390625,255.63929487407918,250.6851228534642,253.34038035183028,8097460
2015-11-02,248.99542236328125,251.93804413049662,247.47814441512247,251.742642011773,3156552
2015-11-03,249.4092559814453,251.04147977029763,248.09885779324216,250.80008250688778,2548592
2015-11-04,248.67355346679688,252.44377860507936,247.8804392429609,250.59316939515566,2696444
2015-11-05,248.24827575683594,248.97243943425661,245.86890487067168,247.93792791306163,3596952
2015-11-06,248.4897003173828,250.3518156476316,247.19080787430292,248.44370518474355,5881004
2015-11-09,244.7884063720703,245.9033741971861,241.61589340664432,243.22513341981892,11429432
2015-11-10,242.4435272216797,244.83440400956883,241.9492549718928,243.69645251187637,4402580
2015-11-13,241.85733032226562,242.53549892822258,239.31701837372484,241.24811231900816,3940028
2015-11-16,243.90333557128906,244.8344072182741,240.29405084028264,241.09867095790136,4734732
2015-11-17,243.8688507080078,244.5585250278122,241.66187043429775,244.4435793078448,2567404
2015-11-18,241.0641632080078,245.0297906275722,240.5354297231515,244.07573551984652,2446720
2015-11-19,245.73101806640625,246.20227878083554,241.29410110603266,242.53552075851925,3277680
2015-11-20,246.1792449951172,248.34023016199208,243.68492846258886,244.81140214070751,4648160
2015-11-23,245.0757598876953,247.24822258482172,243.46651994525575,246.90338545429896,3408280
2015-11-24,244.68490600585938,246.7884179286869,244.16765035579925,244.89181387846645,4002252
2015-11-26,244.593017578125,245.29419778477856,241.63891780970278,243.45506603006606,8791484
2015-11-27,248.14486694335938,248.78854624394646,243.90335233688796,244.79993471359185,6925072
2015-11-30,247.76551818847656,248.51266542495307,245.9148807314198,248.09884957650496,5247776
2015-12-01,248.9724578857422,249.40925728409127,246.7884889569199,247.6046148870701,1895332
2015-12-02,247.77699279785156,251.20235263127347,246.40912196088217,250.58165699965275,2562284
2015-12-03,247.5355682373047,248.51260670027986,245.3631057036201,246.5585297743295,3807712
2015-12-04,243.4320831298828,246.81147651280128,242.76539225447803,246.81147651280128,5859828
2015-12-07,244.13323974609375,246.236752347131,243.93783760565293,245.57006145951755,5814808
2015-12-08,241.21359252929688,244.12172484714233,240.6963367912069,243.91481693932238,4902660
2015-12-09,240.79978942871094,242.9952640137005,240.20207726794078,240.71933303334364,3890616
2015-12-10,243.8228759765625,244.42058815780396,239.61587911161794,240.23657482619134,6514340
2015-12-11,240.54690551757812,243.8228585768841,239.5468833541635,243.68492932381315,3033920
2015-12-14,242.54698181152344,243.65044391677324,239.11008784921196,239.31699576360904,5878016
2015-12-15,243.5585174560547,244.2481918966075,240.30557546178713,242.07572863403607,4557416
2015-12-16,245.36317443847656,246.75400097881732,243.53552043446587,244.37462990325645,6842768
2015-12-17,248.34022521972656,249.20231810986678,244.83438079982298,246.88042020500637,4878012
2015-12-18,246.67352294921875,249.43222031677757,245.63901143638418,249.43222031677757,3172128
2015-12-21,247.2252960205078,248.2598076504461,245.76549077751298,246.38618653030636,3097500
2015-12-22,245.16770935058594,247.47812949486502,244.60448656064688,247.0183466253901,2429536
2015-12-23,246.92637634277344,247.81145272490917,245.78842500330154,246.58153920197367,3013968
2015-12-24,246.90341186523438,247.45515694567376,245.59304185424634,247.4091618189335,2146352
2015-12-28,247.6505584716797,248.25977641190354,245.46658974995216,246.90341127740447,7755428
2015-12-29,247.81149291992188,248.2482923150341,246.28273713141346,248.0413843844101,4231612
2015-12-30,246.97239685058594,248.73104399908954,246.57008681163546,248.2827668951418,2112560
2015-12-31,248.77703857421875,249.40924006259328,247.13330909186075,247.13330909186075,9290008
2016-01-01,250.29434204101562,250.63917925163472,247.39771508440018,248.834536795313,3195076
2016-01-04,246.0988006591797,249.2023352774879,245.54705555889615,249.2023352774879,5187536
2016-01-05,244.23667907714844,247.0873386345374,243.99528183246036,246.02981552725706,3160872
2016-01-06,245.31715393066406,247.5356119746907,242.91479956945142,242.91479956945142,4165536
2016-01-07,242.81130981445312,244.81138203285587,241.31701556454067,243.70789197698417,6055428
2016-01-08,244.22518920898438,244.7194614652046,243.05274836457264,244.1332270115374,3488356
2016-01-11,243.36309814453125,243.91484327064038,240.30555851150314,241.85732589329092,3288912
2016-01-12,240.68484497070312,244.58152192834712,239.8917306847434,244.58152192834712,4258736
2016-01-13,243.7194366455078,244.31714882822175,238.39744374017025,241.84581563612258,4515148
2016-01-14,241.3285675048828,243.0872428401751,238.9721799679216,241.4205297042757,6279184
2016-01-15,239.58135986328125,242.63889905060728,238.65028834476314,240.9262191188706,5417260
2016-01-18,235.8341522216797,239.42045343973754,234.71918423627608,238.08709978917545,6495388
2016-01-19,238.12158203125,238.52389208040103,235.93761319300154,236.14449305365594,6405212
2016-01-20,234.09848022460938,254.71974781325653,231.70761736437282,235.63875587417684,9563588
2016-01-21,235.17897033691406,237.53535786961532,232.97201787009072,234.71918740370407,6300804
2016-01-22,236.85716247558594,240.06413684679117,234.96054405917405,235.7996393984889,4236284
2016-01-25,239.35147094726562,240.6273515619538,237.48935595358626,239.0755843900678,10143884
2016-01-27,238.08706665039062,241.08713299377516,237.47784874431946,241.029660135899,4039468
2016-01-28,237.1790008544922,240.6733677781333,236.78819660952857,238.8572196866992,9951972
2016-01-29,241.3515167236328,242.52395742615562,237.98360159804656,237.98360159804656,5360184
2016-02-01,243.62747192382812,245.29418498959623,242.236617381708,243.2251618734703,4609484
2016-02-02,242.2596435546875,244.89188967452938,241.4320118081004,244.83441680673437,6528628
2016-02-03,239.97219848632812,241.7078902603757,239.54690489157161,240.12163355014064,4850244
2016-02-04,241.20211791992188,242.51251613027125,240.36303650886185,240.92625938243958,5675992
2016-02-05,242.5929412841797,244.55852431506167,240.37448328269042,242.02971848314886,7523904
2016-02-08,238.133056640625,243.22515795133992,236.85717591067478,242.5354835904193,3481924
2016-02-09,235.880126953125,237.14452989304388,234.63870754498421,236.02953394114277,5535460
2016-02-10,232.86854553222656,236.8226812521729,232.2133464852157,235.38585969924623,7682280
2016-02-11,224.213134765625,232.88004548380204,222.58091103671384,232.19037111415602,8803600
2016-02-12,223.31655883789062,226.7764223338848,222.07513940255922,225.06372823509884,12542144
2016-02-15,223.8223114013672,227.19022677592184,223.24758277304457,225.2936223024573,10912960
2016-02-16,223.78782653808594,225.7533955566507,221.15556672657635,225.63844983589885,7136096
2016-02-17,224.1211700439453,225.27062724176747,220.46589054228693,224.5809529230742,7503924
2016-02-18,227.46612548828125,227.87992734197928,224.60397378372133,226.67299708367372,6799856
2016-02-19,227.43161010742188,228.1902490908955,223.79932798089618,227.3051726154197,3328660
2016-02-22,227.30519104003906,228.97190419810764,225.98331508708816,225.98331508708816,4002396
2016-02-23,223.00619506835938,226.55802072621927,222.0751375155026,226.4200914707814,6078320
2016-02-24,218.30490112304688,221.36246843454978,217.56925975601365,220.6957776602838,6463468
2016-02-25,216.70718383789062,220.06359343995595,215.6841640654895,219.3164462175168,8463196
2016-02-26,220.92567443847656,223.22458884470421,217.24741138851232,218.39686859162614,6209388
2016-02-29,223.42001342773438,225.89134666299026,213.33927835511238,220.9486801924785,8812752
2016-03-01,226.2476806640625,226.84539283345634,223.42000454722773,224.13267647538592,4322560
2016-03-02,231.5466766357422,232.3972778268328,228.74199807416875,229.43167244022152,6358976
2016-03-03,233.53521728515625,234.48927238833994,232.19035795316012,232.36277653579862,4610400
2016-03-04,234.61569213867188,235.61572826124691,228.30516968489658,233.44325147795257,5704624
2016-03-08,233.1444091796875,235.40883424810335,232.07540837251986,235.40883424810335,1913688
2016-03-09,235.59278869628906,236.76522957580303,231.44323645496658,232.88005813646004,6528172
2016-03-10,234.77662658691406,235.81113803821503,232.21333148944007,235.59275240144137,2671392
2016-03-11,236.4893035888672,236.9720980437803,232.88001935123668,234.46627583600556,4730856
2016-03-14,236.22499084472656,238.6158396785524,235.69622923940534,236.3284307808912,3008656
2016-03-15,236.02955627441406,237.56984593017432,234.8686212120287,236.3054428706168,7690036
2016-03-16,236.89163208007812,237.76523081027824,234.24789445157418,236.0985178072572,4803548
2016-03-17,234.12147521972656,238.8572338195409,232.45476208672207,237.92616215455533,5113484
2016-03-18,236.42037963867188,237.2479832700528,233.4202849041289,235.16746839359888,4135068
2016-03-21,240.37451171875,240.77682178505628,237.30546625408397,237.4778848539295,5318796
2016-03-22,242.27113342285156,242.9033350002558,239.24805481286083,240.5814366376471,4120264
2016-03-23,241.236572265625,242.08718741485455,239.21354447067233,242.08718741485455,8464300
2016-03-28,240.81129455566406,242.07569753423795,239.466435181947,240.23656592903956,11270868
2016-03-29,242.2596435546875,243.57001371524422,240.0641687797487,240.8113160610838,6733952
2016-03-30,244.82286071777344,245.96084010411107,242.28257732080007,243.22512654643992,7814380
2016-03-31,246.2482452392578,248.0299040705202,244.84591293304223,245.25970072706573,20080392
2016-04-01,244.70790100097656,247.45512019778732,242.94925415868906,245.70795108829,5158648
2016-04-04,245.76547241210938,246.62756537263604,244.6045093334314,244.88036785563116,6179960
2016-04-05,243.09869384765625,247.57009922734073,242.68490609026804,245.7539512249744,6663028
2016-04-06,244.02978515625,245.28268238996145,242.9378007196111,243.91483942607746,4295376
2016-04-07,242.65040588378906,244.77690162459916,240.70783451329768,244.60448305101997,3911692
2016-04-08,243.5355224609375,244.45508833840395,242.36308157975247,242.53550018177742,2962796
2016-04-11,246.20225524902344,246.92641898233612,239.74231064178005,243.7539335769005,4049620
2016-04-12,244.37460327148438,246.2137348106865,243.51251036248337,245.8918811787421,4941480
2016-04-13,248.6851043701172,249.42074586876015,245.86893378677175,246.44366247725043,4974604
2016-04-18,250.07591247558594,251.04144527069016,246.35165441678575,249.08736808680658,4117068
2016-04-20,252.3863067626953,252.88057896143107,249.09887607394833,251.01846394711714,3821352
2016-04-21,250.84603881835938,254.06451883016422,250.35176663253418,251.731115209022,8191728
2016-04-22,251.0759735107422,253.07601806611024,249.47821096324842,250.46675550523517,7809320
2016-04-25,251.32882690429688,252.88059418680683,249.31727672326548,252.88059418680683,5561960
2016-04-26,256.0646057128906,256.32898651335904,251.15642848954684,251.7311571588593,7053796
2016-04-27,258.4439697265625,258.62789412088415,254.94963073783157,255.1450328674717,5763636
2016-04-28,256.0875244140625,261.31755398073284,255.25992095235944,258.4439113616832,8089584
2016-04-29,260.3175964355469,261.15670590071744,254.30592897498357,256.05312657043254,5611940
2016-05-02,256.9382019042969,259.77735588926305,256.55887537382085,259.26010009213843,3862716
2016-05-03,257.0186462402344,260.92680096839536,255.90367829801983,257.91522852574974,4695296
2016-05-04,259.1681213378906,260.81185082300414,256.1565489462604,256.9036961610464,5292328
2016-05-05,260.30609130859375,260.8693141169896,258.0991110124562,259.31754688166046,5214248
2016-05-06,257.3979797363281,260.2946065302628,256.84623461774,260.2371336650541,2733152
2016-05-09,262.3980712890625,263.214168988855,257.24849789029264,257.4783893093188,6953180
2016-05-10,263.2027282714844,263.80044043242896,261.1796722743722,262.88087462699997,5453000
2016-05-11,261.8003845214844,263.2257002320708,259.7083499557668,260.8578071620204,6147372
2016-05-12,264.1683349609375,264.8350259687572,260.3521414145985,262.99589384397416,4221688
2016-05-13,262.28314208984375,263.91536565509193,259.77731985213757,263.91536565509193,5045316
2016-05-16,267.3177795410156,268.0304373974539,260.3635634320077,263.22570065500986,4518768
2016-05-17,265.1683349609375,268.8006318246192,264.6740906946461,267.8350987661351,4295424
2016-05-18,262.2256774902344,264.6050482892873,260.12216519489886,264.6050482892873,4162644
2016-05-19,261.9153137207031,262.6969221213163,260.23709508026553,262.09921002435163,3855796
2016-05-20,262.28314208984375,264.0303113718407,260.60492340014457,262.0647283902697,2016632
2016-05-23,261.3291015625,264.3636574282708,260.51297570302614,262.5245258580047,3463532
2016-05-24,262.0647277832031,262.9153429229248,261.0532279284927,261.70841289985896,3259468
2016-05-25,269.73162841796875,270.340818262495,263.52455975334277,263.52455975334277,5767348
2016-05-26,272.01904296875,273.31793520104526,268.1108885377601,270.37531358077916,13705560
2016-05-27,272.8351135253906,273.5707547499729,270.51318803054295,272.01898786378604,5775184
2016-05-30,271.2144470214844,274.72029174882294,270.8351205039748,272.88116008857975,3814532
2016-05-31,271.708740234375,272.6283061354556,270.6742285956593,272.6283061354556,5515640
2016-06-01,270.1570129394531,271.95014987538417,269.2029575626616,271.95014987538417,5675632
2016-06-02,270.1109313964844,271.4098236219559,269.20287144981035,270.0534585375071,7910616
2016-06-03,269.3752746582031,272.4213360102161,268.754579041828,271.2948624259447,4524420
2016-06-06,269.22589111328125,271.8236759128697,268.98452191093423,270.3523649130034,5547308
2016-06-07,269.8235778808594,271.2719052101155,268.43275147579715,270.57072507741265,5628504
2016-06-08,267.2718200683594,270.812154354165,266.9039993252849,270.306404340303,4742812
2016-06-09,266.5361022949219,267.6395642083154,264.9498459775706,267.2487600424519,4648184
2016-06-10,266.9844055175781,269.59366762474065,265.8004590453738,266.30623702704054,6322312
2016-06-13,265.0418701171875,267.81204537526236,264.61657652833776,265.46716370603724,3323236
2016-06-14,264.80047607421875,265.98442272138857,263.05330656780365,265.52463979533604,3828768
2016-06-15,268.8695983886719,269.17994628185454,265.1108501462548,265.52466604578206,3045824
2016-06-16,267.1683044433594,268.7085656461637,265.60503164950626,268.17983224744574,4727768
2016-06-17,268.9729919433594,270.81212351220285,267.94998623335846,268.28331760504307,3761652
2016-06-20,269.4443054199219,271.0995127589796,266.3982434788098,266.4442105470912,2742764
2016-06-21,268.20281982421875,270.22584740001406,266.9498947985348,270.12240749039705,2670968
2016-06-22,269.3178405761719,270.12246067178995,268.053437568772,268.053437568772,3803840
2016-06-23,273.5937805175781,273.9960905131481,268.39823990165854,268.92700140671775,3926732
2016-06-24,267.11090087890625,269.40981554683225,263.68551241111186,266.63961214681217,11173964
2016-06-27,266.6625671386719,268.74309591562474,265.07633863792347,267.13385582032157,4163788
2016-06-28,268.2718200683594,269.68565811802773,264.37517116205254,266.96145001037695,4034980
2016-06-29,270.78668212890625,271.0648048567745,268.7933655039036,270.02180218738124,5420668
2016-06-30,272.6755676269531,273.4983919029439,269.3611549383162,271.4123872189384,16278892
2016-07-01,272.2236633300781,274.6573359268987,271.5978731224833,273.498444214127,4304876
2016-07-04,271.82958984375,273.38249306953327,271.5050945790831,273.0811699752179,7249852
2016-07-05,270.1607971191406,272.1772854267375,269.3264008474545,271.82961795576404,2136328
2016-07-07,274.8079528808594,275.5264599674452,269.07143983421855,270.69388796862205,4832616
2016-07-08,272.3047790527344,274.7963962256904,271.4703826813721,274.68050705485524,3118868
2016-07-11,278.0760192871094,278.5743482976804,273.74177633421226,274.8890676178468,5102532
2016-07-12,278.63232421875,280.4286062707741,277.10259290406395,280.4286062707741,7046032
2016-07-13,277.612548828125,278.58600668642424,276.5811463760399,278.08770581447266,6687072
2016-07-14,278.215087890625,278.6323001646368,276.32608901130874,278.36574945030986,3459668
2016-07-15,283.62713623046875,284.16023771640624,276.99828153129795,279.01477001469937,5774216
2016-07-18,284.49627685546875,287.0574385123423,283.38375793730603,283.9284313101488,4438484
2016-07-19,282.38714599609375,285.26120318387757,281.3441434250375,284.85559107291124,2586004
2016-07-20,285.59722900390625,287.0574437086631,283.17515692455316,283.46487981888976,4690332
2016-07-21,284.7628173828125,287.3819235237886,283.3489753932833,285.2495461604209,9112904
2016-07-22,285.2727355957031,286.16507636902594,283.11718614402827,285.86375326950196,5620272
2016-07-25,289.0159912109375,289.5954370638752,284.3920246217969,285.7826946688473,9872884
2016-07-26,287.1269836425781,288.71465941791905,286.2809871468378,287.9613799054415,5665992
2016-07-27,286.69818115234375,289.1550539750517,285.0873331481974,287.6368946641569,10734736
2016-07-28,289.3636474609375,290.0126381082714,286.3737296107477,286.94157520722473,10646528
2016-07-29,288.8421325683594,289.72290150623917,286.2462266881643,289.2593448638292,3395676
2016-08-01,287.9382629394531,291.79734993175686,284.542704365834,289.49116660715293,5560864
2016-08-02,288.1700134277344,291.2178758793956,287.49785060177066,289.0275819445909,5329396
2016-08-03,287.5094299316406,289.7113241570145,285.3191359405442,287.660091510975,4733876
2016-08-04,287.63690185546875,288.95802699310417,285.9217365886551,288.934854819212,4662880
2016-08-05,289.5490417480469,291.03242852912024,287.8107044952069,289.12025755099626,5784912
2016-08-08,289.6302185058594,290.88182724588717,288.45975482237696,290.39509837289177,4728776
2016-08-09,289.0739440917969,290.39509765036064,286.872049787446,290.39509765036064,4210856
2016-08-10,284.36883544921875,289.94308724534557,282.7116147502205,288.5640175150847,3619720
2016-08-11,284.6817321777344,286.24623589619534,283.23311762360385,284.34566491847727,2856072
2016-08-12,284.7859802246094,286.24619480284656,282.6304590534604,285.3306818533678,4641496
2016-08-16,284.4615478515625,287.0458535249187,281.3325404831827,285.78267297868854,3468568
2016-08-17,286.2230224609375,286.82564036993364,284.16018997457667,285.87535501806485,5511036
2016-08-18,290.3023681640625,290.8586418335666,286.1419583168572,286.9415822651572,6111656
2016-08-19,289.0507507324219,289.7229135505097,287.7411975045229,289.7229135505097,4110636
2016-08-22,289.7924499511719,290.75430736162355,287.6369002196543,288.575613749598,5501292
2016-08-23,290.0589599609375,290.6500059793923,288.80737969897655,289.95467103685786,5314524
2016-08-24,292.4579162597656,293.0141616326612,289.0391857970129,290.198077479302,5570936
2016-08-25,291.7046203613281,293.61679153022345,290.71956248644267,292.9678009071156,8729888
2016-08-26,291.3685302734375,292.4810775643876,290.6268509416394,292.0406930828343,2521136
2016-08-29,286.9647216796875,290.9976699566133,286.5243372293865,290.9976699566133,2944184
2016-08-30,294.0455322265625,294.47431640289545,288.3205915078733,288.58714219907966,9867608
2016-08-31,299.2721862792969,300.15295530328024,293.3154941593059,294.1267183628283,11161364
2016-09-01,297.5338439941406,298.9940588546862,295.61010074645463,298.53050217429137,5224676
2016-09-02,297.8583068847656,298.76224797172443,296.9427938580101,297.9510238693963,3955188
2016-09-06,301.40460205078125,302.21582635666596,299.00570154774533,299.00570154774533,5508884
2016-09-07,298.24072265625,302.4706765621964,297.3947262164109,301.54356337733145,4016444
2016-09-08,298.8550109863281,300.21090867897755,297.5106852352578,298.9940723380668,2905380
2016-09-09,299.0867919921875,300.03707757963633,296.28227958308,298.99407499245336,4013768
2016-09-12,296.653076171875,297.69607860746333,294.70613263345973,295.4478119370218,3985728
2016-09-14,294.23101806640625,295.9809559439095,293.29233271536464,295.51739923922054,3849508
2016-09-15,296.58355712890625,297.5802153045907,294.3237183221083,294.82204740995047,3501812
2016-09-16,300.8134765625,302.35480799590897,297.5570082549377,297.5570082549377,6525816
2016-09-19,299.0288391113281,301.89129602923066,298.53051000817584,300.6165151246926,5894832
2016-09-20,298.634765625,300.1529249410373,297.61496364976335,299.60825154670596,3778248
2016-09-21,299.68939208984375,300.84828378392666,298.50732822053004,299.45761375102717,4256400
2016-09-22,302.9111022949219,305.2404575136251,301.43931557187506,302.4707178134012,6555800
2016-09-23,304.2554016113281,305.5881270050507,301.65949563998714,302.71409835579925,4876808
2016-09-26,300.41949462890625,303.3746684007465,299.8516207320905,302.72567774531535,5576772
2016-09-27,300.85986328125,302.7372620376128,300.11815567220697,301.0800413706482,4056812
2016-09-28,300.2109069824219,301.3118541417861,298.7622922990479,301.2886819655032,4989652
2016-09-29,296.0968017578125,302.70248383225294,293.88330749977825,300.83665705182085,16450012
2016-09-30,295.0190124511719,296.90801131215926,293.7558319951299,296.0040702560717,4138428
2016-10-03,298.3450927734375,298.97091131950106,295.8419034689534,296.9080782630812,3900548
2016-10-04,298.8897705078125,300.1529511470756,297.2093775380702,298.66956410823843,2775512
2016-10-05,298.0901184082031,301.32344323792506,295.84187982001663,300.8482863220407,3647020
2016-10-06,297.1282043457031,300.29198405466747,296.456069856062,298.32186834568074,2895712
2016-10-07,296.8153381347656,298.47255893329077,295.80710800901755,297.60339015363644,3337464
2016-10-10,297.68450927734375,298.507333712583,296.38655621474146,297.8351708589973,4719312
2016-10-13,292.6781005859375,296.44449863346983,291.21788571790006,296.44449863346983,4519356
2016-10-14,292.4579162597656,293.89493062850244,290.65003391809313,293.3734293714724,4067116
2016-10-17,286.87200927734375,293.52406389655727,285.7247179349178,293.3154577543204,5135360
2016-10-18,291.5423278808594,292.0406568826026,287.17331260122586,288.14677014020145,2610968
2016-10-19,291.65826416015625,292.73603908384257,289.25936403534087,292.2956545857149,3044904
2016-10-20,290.9976806640625,293.76742026984857,289.95467822440634,292.09862768369953,3200356
2016-10-21,294.52069091796875,295.0421921220526,289.7228911576977,291.11356103525463,3956408
2016-10-24,292.863525390625,295.94616025842663,292.2840795553329,294.7640964130815,3255664
2016-10-25,289.7924499511719,293.89491497060567,288.3438354254887,293.89491497060567,5501796
2016-10-26,287.24285888671875,293.19954988728716,286.2578011104176,288.18154402700895,5366540
2016-10-27,290.2096252441406,291.3453446568231,283.7314325971149,287.1733349481335,11623860
2016-10-28,291.82049560546875,292.4810581372965,287.4282796086208,290.76589296652804,5320536
2016-11-01,291.9943542480469,292.93303951758577,289.039180512242,291.1135852683095,3402416
2016-11-02,288.8305969238281,291.04406319353734,287.7528219361371,289.9778884406651,6474432
2016-11-03,290.8702392578125,292.0407312838321,285.4929926657621,288.56405591140555,6315812
2016-11-04,288.2626953125,290.37190073260626,287.81073889005035,290.37190073260626,5734920
2016-11-07,289.59539794921875,290.8470064811645,287.40510423825174,290.1864439566864,5671392
2016-11-08,290.71954345703125,291.5771118805562,287.42827450277895,289.97783589442133,5348164
2016-11-09,290.0126037597656,291.43804599233977,277.0561908682118,278.1339656437313,13645468
2016-11-10,296.3402099609375,297.37161226372416,290.6732125330377,292.90987918806036,10700736
2016-11-11,295.70281982421875,297.13983422626393,293.33866376159835,295.2856074916226,7139320
2016-11-15,290.8238525390625,298.76226014971235,289.873567067679,296.0968094191292,12512524
2016-11-16,288.41339111328125,293.8949548815128,287.41676116022046,293.8949548815128,8647744
2016-11-17,285.1336669921875,289.46793838562087,283.9632034971066,287.0110939466605,4815624
2016-11-18,280.7762451171875,286.4779857774082,280.2663158688181,286.4779857774082,6879900
2016-11-21,277.8326416015625,282.6536416405713,275.43374181455454,282.6536416405713,5552520
2016-11-22,277.6820068359375,279.71006698433536,275.66551862672344,279.71006698433536,10017784
2016-11-23,274.5993347167969,278.82928859616516,273.75333828227343,278.82928859616516,3532692
2016-11-24,270.1376647949219,274.9586657542098,269.07149005198,274.42556423611114,15285996
2016-11-25,275.65399169921875,276.557904592648,268.39931832360196,270.9488800693357,5969960
2016-11-28,274.52978515625,277.878998433472,273.0579986686655,273.5563276524181,4130180
2016-11-29,273.20867919921875,276.49991983918596,272.68717800880665,274.58774880767504,3932644
2016-11-30,278.0412292480469,278.5975027991407,273.7533309104561,274.65727189432755,6442840
2016-12-01,277.4966735839844,279.96511906194684,276.5116154401281,278.6671657545765,4476984
2016-12-02,275.60760498046875,278.5859508454181,272.7335480461264,275.58443280625085,4062672
2016-12-05,277.2879943847656,277.8906123731355,272.687200276741,275.25993403421614,4551936
2016-12-06,276.8476257324219,278.794569438892,275.862567791561,276.975115136188,2702964
2016-12-07,273.8692321777344,279.5014561553457,270.4852746742217,278.562742727994,5628192
2016-12-08,278.0180969238281,279.42036708763936,275.12086790211254,275.12086790211254,4309696
2016-12-09,277.739990234375,278.667103574664,275.35266206582935,277.9253959264805,4387952
2016-12-12,274.52978515625,276.3144949709396,273.75333354090213,276.27972256867815,3425272
2016-12-13,274.9470520019531,275.89733752408887,273.1623701260703,273.5563819812899,2526868
2016-12-14,272.5018005371094,275.352685619666,271.9687272967961,275.12090726476725,4314144
2016-12-15,272.71038818359375,276.8592261130046,269.69726977466195,269.83633111950024,4941488
2016-12-16,274.03155517578125,274.65734540497135,271.53993790733955,272.71040160167735,3255828
2016-12-19,272.7451477050781,273.38253810761813,271.2965331538508,272.7567479387891,3160436
2016-12-20,273.9388122558594,274.657319415934,271.57465632797295,272.57131445834466,4189992
2016-12-21,273.4984130859375,274.6573046668101,272.33952150506485,274.4255263506356,2658876
2016-12-22,271.8991394042969,273.3825262993319,270.8097926261276,272.6640191716084,2805716
2016-12-23,274.9470520019531,275.64238701228476,271.0184205108812,271.41243236610086,4752516
2016-12-26,272.3394470214844,274.9121799687407,271.20372792419283,273.16227113616594,4183864
2016-12-27,274.7036437988281,275.0976839047968,272.0845658517174,273.33617439395437,4899296
2016-12-28,275.06292724609375,276.9634981941544,273.73020187709017,275.7930346286332,6507840
2016-12-29,279.3392028808594,279.9765932219189,273.8344681171635,274.65729242019495,8100816
2016-12-30,279.57098388671875,280.91530939087295,278.1223694612295,278.13396969393364,4066540
2017-01-02,277.4618225097656,280.4749406838442,276.29135896424793,280.32427911648983,3708656
2017-01-03,275.79302978515625,278.5859415769371,274.83114409446534,278.31941914241906,3847500
2017-01-04,274.773193359375,276.27975241195696,274.37918153984646,275.7814233743757,6967120
2017-01-05,274.9354553222656,276.8592268596891,274.216948127618,275.5844459909338,6776384
2017-01-06,276.6622009277344,277.7631479620645,275.39899209134103,275.8393765637236,5525260
2017-01-09,277.02142333984375,279.09585617939973,276.3145164740067,277.8674198255509,4573796
2017-01-10,281.4599914550781,282.0278653033711,277.044631525675,277.2532093747914,5546116
2017-01-11,286.01446533203125,286.9647508466879,281.7265661354003,282.1901228053063,9343404
2017-01-12,286.2462158203125,288.2626758209366,284.04432185246395,286.2462158203125,2916316
2017-01-13,285.6667785644531,287.33557114627126,284.76283746044663,287.17333764004655,3850412
2017-01-16,289.1781921386719,289.59537608899535,285.7362901555724,285.8985236429346,3765864
2017-01-17,287.05743408203125,290.27915821766175,286.5359328897143,289.0275496974509,3559612
2017-01-18,288.00775146484375,291.1135867914929,287.6021393813365,287.61373961530956,4612888
2017-01-19,286.547607421875,288.54089572625776,286.2462842264388,288.54089572625776,3512412
2017-01-20,286.55914306640625,288.56403135252646,285.08735627599,286.4780263066046,13942068
2017-01-23,288.48284912109375,289.7228572916525,286.4316169501184,286.47796128998596,4793848
2017-01-24,293.7906188964844,294.7061319371481,289.54906435114606,289.72289809000006,10261864
2017-01-25,299.1331481933594,300.2920400027969,294.38169177466557,294.96113767938436,15636984
2017-01-27,299.43438720703125,301.31178575191257,298.5304461911257,301.0800074551803,6852236
2017-01-30,297.8235778808594,299.6778046706841,296.80377578106015,299.6778046706841,5319628
2017-01-31,298.21759033203125,299.61983223555256,295.9809238160394,297.23253244149237,6101040
2017-02-01,302.6329345703125,303.62959264208706,296.79213234976527,298.1132574279303,10910664
2017-02-02,301.010498046875,302.6329463147962,299.5966559291942,302.6329463147962,5971636
2017-02-03,303.8729248046875,305.0202159714759,300.50053951901106,301.079985218045,8005104
2017-02-06,304.57989501953125,305.94739281272354,303.9656767919763,304.1627110052838,4310220
2017-02-07,302.96905517578125,305.48384444293157,301.99556919629316,305.02028777458116,3411920
2017-02-08,302.62139892578125,305.64608932327155,300.8830613548369,303.0617834357381,4940960
2017-02-09,300.7671813964844,305.9242496815896,299.5851174706844,303.4905770077197,4465376
2017-02-10,302.1462097167969,303.3398737132683,300.8482567945156,300.92937354717344,3296736
2017-02-13,303.6759338378906,304.78848105562224,301.12637239940256,303.0617439441284,2795792
2017-02-14,303.884521484375,304.5566842086299,302.2389012237849,304.5566842086299,2446060
2017-02-15,306.457275390625,306.8744876730399,303.03854525982644,304.0931479056105,6126940
2017-02-16,307.7784423828125,308.9605061776549,306.00533254392263,306.642722935512,5043700
2017-02-17,319.1703796386719,337.0057118763094,315.3228364970895,334.91970678216444,402259960
2017-02-20,326.59881591796875,328.0706025501506,315.0215004751017,315.49662904186056,10566716
2017-02-21,328.0938415527344,329.5424561823635,323.8870590096406,325.8919473156982,6260028
2017-02-22,324.2926025390625,328.84705163029633,323.2959445673045,327.96628280440564,5296776
2017-02-23,323.1685485839844,329.43813566244177,321.48815563039943,325.3704427990267,34494980
2017-02-27,323.0062561035156,324.10720310650805,319.52958135722366,322.38046596648365,4681376
2017-02-28,322.1950988769531,323.62054147747494,320.8971456942267,322.844089614945,2928008
2017-03-01,322.5542907714844,323.67840991633886,321.33745464397936,323.66680968353853,3481736
2017-03-02,319.87725830078125,323.56253929959183,318.98491741480177,323.22647204813603,4601988
2017-03-03,319.15875244140625,320.8970898730043,317.30452584770165,320.8970898730043,2492824
2017-03-06,320.0279235839844,322.14870092526644,318.2548137316583,319.1124105137014,3679124
2017-03-07,321.2911376953125,321.5924608678423,318.9733541935623,320.3756245294234,3112876
2017-03-08,322.6817932128906,324.30424159078984,320.0974873598403,321.6851633281337,3782144
2017-03-09,323.14532470703125,324.1883271543914,320.236523746456,320.236523746456,3509316
2017-03-10,324.5128479003906,326.34390244349004,322.90199975605725,323.33078402604303,5860704
2017-03-14,326.9696960449219,330.08713172366186,326.0310107349053,329.61197480481997,7155020
2017-03-15,328.337158203125,329.12521013957434,326.9349163612278,327.0276050534264,4271860
2017-03-16,328.5109558105469,329.7857364138422,327.6533874492658,328.68478952917803,4980108
2017-03-17,330.48114013671875,330.86358005602983,327.4680217193959,328.78917523217467,3390464
2017-03-20,332.85687255859375,333.72604134441275,330.50431671965936,330.66657853563174,8142344
2017-03-21,333.98095703125,334.9196705393357,332.37010903349994,332.37010903349994,5557280
2017-03-22,331.65167236328125,333.0655147491459,330.4696083453701,330.90996460987543,5636544
2017-03-23,331.65167236328125,332.60195801323897,329.79744541965346,332.4628966511184,4922472
2017-03-24,330.1333923339844,332.47434733790067,329.5887190265913,332.1382801442372,3810364
2017-03-27,326.77264404296875,330.05231278157623,325.4283468236009,330.05231278157623,5864084
2017-03-28,329.17156982421875,330.2145722993186,327.5259493554895,328.7312136360011,8061400
2017-03-29,331.1184997558594,332.55554230479794,329.1252118777851,329.3106458496648,8575772
2017-03-30,339.8333435058594,343.0202952374229,330.2956887765442,330.9794234671067,34321092
2017-03-31,334.351806640625,337.0056569270489,332.9611368046124,336.95931258314863,9651392
2017-04-03,332.1846618652344,336.10172095451867,330.5158693540988,335.15143554419836,4149052
2017-04-05,331.9876403808594,335.2673089650924,330.8751215233956,332.6598031055298,5744080
2017-04-06,333.41314697265625,334.45614951793044,330.29573957130526,331.79069856889635,6124416
2017-04-07,333.4942626953125,334.91970516139776,331.11853468292196,331.6864085984218,4648360
2017-04-10,332.4049072265625,334.4561398476426,332.0572397215234,334.4561398476426,3393876
2017-04-11,333.6448974609375,334.03890929451086,331.7906708685877,332.37011667869706,4356260
2017-04-12,334.6183166503906,336.0669310091896,332.7177459289461,333.5289699698735,3565092
2017-04-13,333.8303527832031,335.82364083878315,333.07707318189495,334.4561429808344,4804236
2017-04-17,333.01904296875,334.64149092362203,331.0373273637146,333.830266946186,7137056
2017-04-18,335.4527587890625,337.23744045561665,333.29720919256135,333.76076581174436,3638860
2017-04-19,335.8468322753906,337.64311450460684,333.29727040166443,335.38327557107675,4338144
2017-04-20,338.8946838378906,339.7986249647893,336.76230627017424,336.77390650373485,5781372
2017-04-21,346.8794250488281,347.4356986706603,336.8434408557067,339.78701417690996,17258032
2017-04-24,355.32781982421875,356.70688972449955,346.9721987768524,347.2271493096871,20206952
2017-04-25,356.2548828125,358.213398325253,354.528117329578,355.7913261663334,9057780
2017-04-26,359.4071044921875,359.9517779566517,340.3549071247101,357.6223942192179,7795852
2017-04-27,363.5675048828125,364.8075133650495,358.35249214076043,358.35249214076043,16180420
2017-04-28,358.4451904296875,361.5510257370662,356.26646845028733,361.5510257370662,5437728
2017-05-02,357.07769775390625,359.46502592512786,354.7019698167527,358.5610847586821,4007040
2017-05-03,357.9352722167969,360.2414551920234,356.7879525526034,360.2414551920234,2507964
2017-05-04,355.7333984375,357.6107972847612,352.90568578597674,356.76480070677974,5131028
2017-05-05,355.13079833984375,357.610843812947,353.76332862555444,357.42540980426844,2757896
2017-05-08,355.7333984375,356.93863445732717,354.284783849605,356.4750777892007,3747252
2017-05-09,355.95355224609375,358.2365630221652,355.2350451181819,355.73337416106085,3345836
2017-05-10,359.67364501953125,360.41532440196323,356.2549144504451,356.9386492469604,2342244
2017-05-11,358.4220275878906,361.5742073264447,357.170418903879,359.48820228417674,3875744
2017-05-12,359.6388244628906,360.8556606042384,356.057832556688,358.30609916522405,6147604
2017-05-15,360.04443359375,360.92517419868875,357.4600997701221,359.2563816785147,2804780
2017-05-16,361.4930725097656,362.03774591827766,358.85079392956044,360.4152976331125,3590376
2017-05-17,360.91363525390625,362.82580649249013,359.60408201974053,361.2960751602737,3472472
2017-05-18,360.90203857421875,361.9218689034909,358.8160335661295,359.0246397255891,3107280
2017-05-19,361.8639221191406,363.86881035670604,358.1554687939805,361.4583100367012,2854136
2017-05-22,365.2826843261719,366.20979773816725,362.29273791383565,362.75629461983334,2860052
2017-05-23,363.68341064453125,367.03262484537885,362.73312504906033,366.2098003690194,3080172
2017-05-24,363.138671875,365.155131880701,362.03772488830384,363.6717733121744,3467388
2017-05-25,374.8203125,377.6595968946489,363.2197963702765,363.2197963702765,20090804
2017-05-26,376.8715515136719,378.26222144545665,371.10026563811465,372.38664664231646,5443156
2017-05-29,378.2390441894531,381.9706694642827,374.9362031458451,375.4345321900223,5916340
2017-05-30,377.5785217285156,378.6099240396044,374.58857543924887,377.7986998374993,4434184
2017-05-31,379.23565673828125,380.8117605520843,376.21096679079596,376.6397510025179,5318912
2017-06-01,377.4741516113281,380.081657609908,375.60835318385034,379.884651704221,3359540
2017-06-02,378.78375244140625,381.5303201139046,376.91792548564445,378.7258078563609,3213544
2017-06-05,379.0850524902344,379.87307616420605,376.6397798330938,378.6562399524376,2899900
2017-06-06,379.87310791015625,380.9972555200513,377.7987030359419,378.957594763046,5002632
2017-06-07,380.3018798828125,381.2521653389345,377.87977945579496,380.2091628958916,2554276
2017-06-08,381.2173767089844,384.6129346210388,380.49886960411555,381.0203708034438,4248768
2017-06-09,386.3280944824219,387.069773749552,380.13959669263147,380.13959669263147,5305272
2017-06-12,386.78009033203125,388.4604832338483,384.7520299332865,385.67914325842696,3971412
2017-06-13,388.6227111816406,392.14575874266063,384.983802749891,385.15763649586484,5051620
2017-06-14,387.347900390625,389.3759606033131,386.37444280583503,388.228669286007,3858360
2017-06-15,385.7602233886719,388.3677293680526,383.26860656393023,386.60621987618777,3526692
2017-06-16,386.89599609375,388.1591767361372,384.3116619304142,385.91093814353377,3755104
2017-06-19,392.3775329589844,393.09604010949624,386.698963983346,387.3015819710897,3825532
2017-06-20,390.90570068359375,392.63243769025644,389.3527691075705,391.70532449618264,3660264
2017-06-21,393.7218322753906,394.31287832581785,389.29487189376306,389.99020687391146,3410932
2017-06-22,393.5595703125,397.73157989178446,391.98346648747,392.85263514982097,6675460
2017-06-23,389.07470703125,394.6605592364063,388.2750548009354,394.48672548545795,5217468
2017-06-27,386.525146484375,392.86427829556715,383.88286780355935,391.4736082839014,6000432
2017-06-28,386.2469787597656,388.22869475777054,384.24211888114104,385.91091150548533,4449036
2017-06-29,388.02020263671875,392.4182490765758,385.2320304802496,388.94179898626703,9187708
2017-06-30,385.4537353515625,387.3086055337555,383.3421921035905,385.8620426164324,4330432
2017-07-03,386.9819641113281,389.05850395160877,384.3338054778336,385.5820534524318,3504332
2017-07-04,385.7569885253906,388.8717836111036,385.442014367285,387.3668912550151,3766080
2017-07-05,384.6837463378906,387.1919193617768,383.8088022597908,385.6986757722359,4014200
2017-07-06,386.8769836425781,388.00857239980814,385.29040683076227,385.57040605233556,4571676
2017-07-07,388.98846435546875,389.5484342682471,386.84194625128004,387.5068980621562,5517396
2017-07-10,391.12335205078125,407.8406235820754,387.5535970910179,389.1751488185937,1309252
2017-07-11,392.06829833984375,394.4948157258668,388.96515180561414,391.4033465057242,4410280
2017-07-12,392.2666320800781,393.1415762408515,386.97031481936517,391.974984026487,5738892
2017-07-13,392.80328369140625,395.0781385545908,391.89333604988127,393.8415393903061,4481004
2017-07-14,391.9632873535156,393.3865525697522,390.1084172167866,392.8849122460995,2443252
2017-07-17,392.52325439453125,393.7598534640804,391.2750064922527,392.5699351692097,2399340
2017-07-18,392.80328369140625,393.80653592692903,391.3566922281149,391.9049848835031,2322188
2017-07-19,394.84478759765625,395.7547066830075,392.406592933212,393.14155167859474,3987244
2017-07-20,399.18450927734375,400.14110914815274,393.87651497231724,395.21809595051076,3698476
2017-07-21,397.3529357910156,400.19940904527334,396.64130323682537,399.931087173304,3873508
2017-07-24,404.830810546875,405.97407657370695,395.4747470071456,398.9745235293327,19678176
2017-07-25,405.8924255371094,410.4071316069727,404.3525295456934,410.4071316069727,11160468
2017-07-26,407.73565673828125,409.47386774732763,404.224202776208,406.4407279862363,3895344
2017-07-27,417.5583190917969,419.69318834660316,408.6688929212744,409.7071485053387,17961712
2017-07-28,414.95684814453125,416.8233956762469,410.89710156679877,413.4402782750123,9255396
2017-07-31,416.33343505859375,417.87333108493374,412.1687065505645,414.73520942154954,7369140
2017-08-01,419.3198547363281,422.1080269554155,413.4868942126131,415.7384226710176,8516860
2017-08-02,418.02496337890625,421.60639551952596,415.7851121869513,421.60639551952596,7397916
2017-08-03,415.29510498046875,418.1066032980485,414.00020485476455,417.17332962997256,4256784
2017-08-04,417.6983642578125,419.21493421601707,412.0753951859514,414.6068947276262,3545068
2017-08-07,417.30169677734375,419.1448896220629,416.4734049436376,416.7067233777797,1918660
2017-08-08,414.8168640136719,419.3315701732294,412.0636950036741,418.129974499851,4035372
2017-08-09,411.6787109375,414.61854607273096,410.25547414673633,413.206958115239,3270056
2017-08-10,410.74542236328125,412.04035105382854,408.9722079757217,410.64044046134666,7788444
2017-08-11,408.0856018066406,410.17379031363146,403.90919631140594,407.1406507948162,6359836
2017-08-14,409.98712158203125,414.12852359107853,407.8406034825191,409.0071955977437,3577084
2017-08-16,415.59844970703125,417.59333365812637,407.9689485070162,411.18872572336284,4426832
2017-08-17,411.9003601074219,415.5284445883388,409.18219471428085,414.43185936492733,5454868
2017-08-18,408.80889892578125,410.8737613658665,406.674029563149,410.64044293238226,3707464
2017-08-21,406.72064208984375,410.407084370952,405.55405003648684,409.2404923175951,4009724
2017-08-22,407.6072692871094,409.24049818522604,405.2274328566401,408.61054985988176,6609556
2017-08-23,413.5451965332031,414.8284477637548,408.30720972099687,408.30720972099687,3360524
2017-08-24,411.22369384765625,414.1284966329734,410.4420828775861,414.1168478013311,7878276
2017-08-28,411.16534423828125,413.24188366341224,410.2553967956677,411.20034769400667,1507784
2017-08-29,407.40899658203125,410.4071328168185,405.5074456143437,410.4071328168185,4918596
2017-08-30,412.63531494140625,412.973615267627,408.31892404736607,408.7622062731027,2694320
2017-08-31,414.478515625,415.2718039871628,409.80049816918256,413.4402599988813,7303436
2017-09-01,412.4136047363281,415.64505893173407,410.89703511208523,415.54007704255594,2295172
2017-09-04,408.51727294921875,411.8070573427882,407.397333015501,411.8070573427882,3642524
2017-09-05,409.5555114746094,411.7837139338395,408.54058197292636,409.9404925907662,3682436
2017-09-06,410.61712646484375,411.29375563414936,405.5074469548351,406.8490279789952,5751632
2017-09-07,412.168701171875,414.54853786504833,410.66378014659216,410.66378014659216,6946420
2017-09-08,417.0917053222656,417.6399979473423,413.2069476898007,413.7669176291094,8311664
2017-09-11,425.42120361328125,426.7394585938713,417.6866910540518,418.3399941272888,11477676
2017-09-12,428.1860046386719,429.2826184336953,424.2429456500678,426.4361162776029,6687680
2017-09-13,429.737548828125,431.40578131529213,425.5728205078923,428.13932326314824,4995376
2017-09-14,429.1659240722656,432.22238979643777,427.3227027865996,429.3409128940456,8154016
2017-09-15,431.3940734863281,432.0590537563372,427.77763804155035,428.37261139432104,3767332
2017-09-18,434.0772399902344,435.01051366355586,432.2223699570088,432.4673656887566,4084928
2017-09-19,431.569091796875,435.83883049021756,431.06747995363725,435.1155490480745,4241468
2017-09-20,431.3707275390625,434.3105337468419,430.53078697701847,431.1724125909932,3446128
2017-09-21,429.0959167480469,431.2891156752129,427.1360362497016,431.1724564608025,7712496
2017-09-22,425.59613037109375,429.06090326187245,424.63953053153153,428.09265458989347,8243524
2017-09-25,419.91485595703125,425.2111730713913,418.2466234403371,425.2111730713913,10149228
2017-09-26,418.1766357421875,419.179887907859,416.47339980147825,417.4183508405882,11438732
2017-09-27,414.4902038574219,421.2797646865022,412.97363401499393,419.0399133847057,7337220
2017-09-28,418.8765869140625,419.73985370873305,411.4103971871701,413.90689298459836,27646464
2017-09-29,421.30303955078125,425.10614100828445,419.09819197921564,419.9964621572146,6213632
2017-10-03,422.0380554199219,424.8728801683671,419.2965637439316,421.83974044173954,4394424
2017-10-04,419.2732238769531,422.7496742230462,418.4216059007074,421.8164004915449,6625104
2017-10-05,419.64654541015625,421.1397891399228,418.36329397510383,418.8066047125548,3336196
2017-10-06,419.9964904785156,421.0114199294014,418.573253784529,419.5065274830452,3030660
2017-10-09,418.9232177734375,420.6731059011461,417.7566256882984,419.6931799421301,3062492
2017-10-10,420.6031494140625,423.4613003653469,418.2583161305376,419.7398825600543,3798180
2017-10-11,417.67498779296875,423.5312746144555,417.08001441161366,420.7314534904376,5267440
2017-10-12,424.35955810546875,424.9778291399021,417.1733393021696,418.8298944051615,5381560
2017-10-13,431.82574462890625,433.16732554856765,425.10616271705766,426.20274790236687,6433464
2017-10-16,433.3073425292969,437.0637636822569,429.7725624997823,433.97229438088766,3274544
2017-10-17,431.93072509765625,432.5023438342514,429.0959005979289,431.6390770726072,2613288
2017-10-18,435.9554443359375,437.47201398441683,429.07255131591603,429.5391881308327,3926720
2017-10-19,431.26580810546875,435.13888849447693,429.4575902042182,434.39228088259154,570008
2017-10-23,434.7422180175781,436.2354331021629,428.38429115097944,433.94892970310985,4162892
2017-10-24,435.6288146972656,438.54529493663097,432.3390306835121,434.6722148750043,11328872
2017-10-25,418.82989501953125,434.6722216219161,416.4733846457972,433.9722663536038,21367208
2017-10-26,418.88824462890625,422.306365381978,410.13880335718017,412.50699115764485,28571464
2017-10-27,417.88494873046875,421.7230251742708,415.0734505034731,420.9997438010658,7472088
2017-10-30,423.4729919433594,423.7063103962207,418.200000604944,419.5649078579317,5422352
2017-10-31,421.9563903808594,422.65634568699295,419.7981948536142,422.65634568699295,4682460
2017-11-01,424.9195251464844,425.80614659765524,422.773006923261,423.4962883801349,4190612
2017-11-02,425.1295166015625,426.92608564777805,423.9279209597358,425.33950889024413,4737944
2017-11-03,427.13604736328125,429.3059202002734,425.01285530201983,425.969455188824,3810488
2017-11-06,426.6461181640625,429.30595422890593,425.24620744375085,425.80617742812683,6148244
2017-11-07,425.5028076171875,430.4608242339314,424.8145296440704,428.8392725447213,7446376
2017-11-08,426.0278015136719,427.81269330687644,424.4062497200529,425.8528126806372,3283144
2017-11-09,426.4710693359375,428.13930173923734,424.8961699971147,426.2727543747066,3113308
2017-11-10,425.1061706542969,428.0926578889359,422.8546421551846,425.0361637342456,7744360
2017-11-13,423.1346435546875,425.37449475168876,418.80657535282967,425.10617286510063,3335872
2017-11-14,420.521484375,424.4062420948237,419.9731917375936,423.68296062752665,4712468
2017-11-15,420.031494140625,420.8247824809962,417.1733434375434,419.50652768495695,6148368
2017-11-16,421.76971435546875,423.70626871622164,418.8532339815961,420.9064475573039,4012972
2017-11-17,425.9344177246094,428.90922733307497,423.0412638601261,426.6693479017008,6358772
2017-11-20,428.874267578125,429.2358940472531,426.7393982982609,426.7393982982609,2392424
2017-11-21,430.76409912109375,431.6390431274332,428.3959116476851,428.71088579371724,2275532
2017-11-22,432.8639831542969,433.9722456094824,430.36748754248487,431.5690545773164,5660796
2017-11-23,429.9708251953125,433.9722416139711,428.83923660563386,433.73892320450125,3232580
2017-11-24,431.96575927734375,433.45900296804155,429.53924184011663,430.0058787133813,5203684
2017-11-27,433.4006652832031,434.4389209143691,430.61249292864693,431.4057812946662,3870472
2017-11-28,435.22052001953125,436.53877482200545,433.00399497366857,433.0389984338012,5090540
2017-11-29,437.0754089355469,437.58869806863953,432.9923365728696,435.13885465103317,3274584
2017-11-30,432.5023498535156,437.22704792506545,429.305898846993,436.0021262028118,5796312
2017-12-01,431.2191162109375,433.9722851111334,430.26251633248097,432.78236679982143,3858148
2017-12-04,427.9292907714844,432.78232509977295,426.9960171299867,432.78232509977295,3641932
2017-12-05,424.7444763183594,426.63437817197354,421.6063551833466,426.0394048504653,3893360
2017-12-06,420.7431335449219,424.9545140909789,419.739852909779,424.6278625947984,6395120
2017-12-07,422.2247009277344,423.8462526175189,420.69645382458936,421.52474564041665,4231304
2017-12-08,429.39923095703125,432.33903738764764,423.2396188997263,423.2396188997263,8956400
2017-12-11,430.7991638183594,432.0474117485997,429.3059201390163,431.1724676178816,3198232
2017-12-12,424.6162109375,431.615763746576,423.6945860622197,431.42909761249933,2410588
2017-12-13,424.95452880859375,430.47251553047926,423.49628857983197,424.651231929764,2907460
2017-12-14,428.8509826660156,429.30594224491415,422.7730257324916,425.5728470949584,3683092
2017-12-15,437.11041259765625,440.5052072344703,432.92235806332604,433.03901728134366,12450124
2017-12-18,438.3936462402344,443.07169208577403,422.14304061356023,432.8056813160141,12297988
2017-12-19,439.6885681152344,441.8234373817977,437.7403649795602,438.59198291970597,4952112
2017-12-20,435.8738098144531,444.0282771597041,434.8238769297641,443.04835119316186,9343504
2017-12-21,435.9087829589844,439.80518888980504,435.1854731259425,438.6152707328254,6854544
2017-12-22,437.8570861816406,438.63869731304817,434.38063549072734,438.4053788570306,4470904
2017-12-26,435.9204406738281,439.29190874876844,433.20227553196474,438.87192422304025,6785696
2017-12-27,433.2139892578125,436.37546533562056,431.9074117630877,436.32878456147665,3489384
2017-12-28,438.1837158203125,438.84866769048364,433.5056696184189,433.7156619145928,8700520
2017-12-29,436.8654479980469,438.45199628402827,435.873844638838,437.8920548191258,6345872
2018-01-01,432.68896484375,438.8135727311312,431.75569126091096,436.93534825316783,6580516
2018-01-02,436.853759765625,437.4720593056945,433.6339824978874,433.6339824978874,4776316
2018-01-03,432.25738525390625,438.2303312304897,431.9190564493103,437.4720463501494,4531288
2018-01-04,433.9489440917969,435.25552157475755,432.3390412640181,432.3390412640181,2373776
2018-01-05,434.8122253417969,435.85050945572596,432.93402904792623,434.67223997847327,2870868
2018-01-08,434.1122741699219,436.4687846655706,433.4473223268743,435.1388809794755,4570308
2018-01-09,434.83551025390625,436.2704241747234,432.80565147506815,434.438880348559,5305528
2018-01-10,434.95220947265625,435.81550475967117,433.34233507711565,435.1855279046191,4615888
2018-01-11,436.9004821777344,437.7054194510666,433.0973799872294,434.9522503029549,4059096
2018-01-12,435.2088928222656,438.2070290476211,433.97229371112456,437.00543339835286,4336708
2018-01-15,442.780029296875,444.33160247821263,433.93725552772156,436.29376586145315,12576444
2018-01-16,443.34002685546875,445.63820772786687,439.86357650207384,444.109960596822,6445384
2018-01-17,441.0885009765625,443.89999950832237,440.2718864547862,442.60507080271833,2905496
2018-01-18,451.30780029296875,455.90416145970926,447.5163762276053,448.9046093390382,16649540
2018-01-19,455.4842224121094,457.28079139118796,447.7963916245769,451.5061603151383,11455988
2018-01-22,458.0857238769531,463.83702874756364,455.70588733523647,457.30411284971063,8849768
2018-01-23,455.2742919921875,458.86737325127433,453.40774443681545,458.47074328825994,5047796
2018-01-24,456.755859375,459.4040180284814,455.11095294587983,455.5659410022083,4790568
2018-01-25,460.79217529296875,461.9704446377016,455.0875516494126,455.88083992736387,8723668
2018-01-29,466.5552062988281,468.2584137565709,461.50385657084894,461.50385657084894,8235892
2018-01-30,465.5869140625,467.0801576690488,462.93875565220617,466.12355782901454,6397560
2018-01-31,467.9667663574219,469.7866615144193,463.60372308376014,464.1636930152404,6943348
2018-02-01,464.57196044921875,470.1365988635871,463.2070534390908,468.0367331614668,6521420
2018-02-02,454.5043029785156,464.2803509205568,452.9877331790493,463.3704033446263,7346124
2018-02-05,446.5364685058594,451.5294885699681,444.6699210786227,447.50474567998907,7926784
2018-02-06,442.55841064453125,446.10483939787053,428.4426455903622,433.9722810042046,10749804
2018-02-07,436.958740234375,444.9382186573335,434.5322230152949,444.9382186573335,8364972
2018-02-08,438.86029052734375,442.9783665225845,435.48885059857577,439.57192313298515,5171444
2018-02-09,431.5224304199219,435.06885911521874,430.2625052187955,431.1491266332464,6408952
2018-02-12,437.8570861816406,440.03860804915365,432.8407393772627,433.9723281926966,4381108
2018-02-14,439.37359619140625,442.81504294806587,437.3903895858736,440.92516940845593,3577188
2018-02-15,439.08197021484375,442.0801064198968,437.4720673108888,440.9018369261044,4915224
2018-02-16,438.31201171875,442.1034363344179,437.62373371948445,439.5486108320543,3583520
2018-02-19,438.2186279296875,440.41182668824666,433.75060314626137,439.245234633827,3654552
2018-02-20,434.7188415527344,440.0035091313426,433.6922633539656,439.7468645816504,4084068
2018-02-21,433.3656921386719,435.9671985368898,432.15241911716254,435.8271846827209,2753072
2018-02-22,432.3857116699219,433.97228841793,429.6675746914474,431.639104071597,13253596
2018-02-23,438.7669982910156,439.770250481816,431.7324417160376,433.24901155722256,4076748
2018-02-26,445.99981689453125,446.75810172510415,439.4669014311341,440.52848310518544,4788884
2018-02-27,443.89996337890625,448.3796655698272,443.3049900261073,446.7464366592047,4787328
2018-02-28,439.6185607910156,442.2433930471798,438.1719979623418,440.86683713783816,4066364
2018-03-01,437.32037353515625,441.741774669809,435.83880726879596,438.4753167994861,3909840
2018-03-05,436.29376220703125,438.1719868552214,433.56394812231906,437.27371664657693,3781464
2018-03-06,430.76409912109375,438.6152690342293,429.1891999096829,436.3054111612432,4576828
2018-03-07,427.5793762207031,432.4324112647783,426.62277629332687,429.30593840837923,5628164
2018-03-08,432.3040466308594,433.62230145448046,427.43936306946904,429.2592582130304,5518724
2018-03-09,431.8840637207031,435.1971738230623,430.23915750152895,432.7939827547125,4108108
2018-03-12,435.663818359375,436.1771074892415,432.4323639489031,434.01891211110564,6557116
2018-03-13,434.03057861328125,439.746879742713,432.80565694268876,435.7104597975932,5124200
2018-03-14,435.0221862792969,435.8154745893041,431.1724324184181,433.0389797449048,3680392
2018-03-15,438.8253479003906,440.3885701077409,435.18555733065443,435.18555733065443,5870924
2018-03-16,432.33905029296875,438.8952924721807,430.83415781370024,438.6386478957265,7896336
2018-03-19,430.9974670410156,433.9722770043519,430.04086718042873,432.3390480048731,7838740
2018-03-20,429.189208984375,433.01563654925457,428.1976057562241,430.4957863652178,3657372
2018-03-21,433.7156066894531,434.7188587836978,430.07584511716084,431.1724302735159,5921140
2018-03-22,435.7804870605469,438.6386377587087,432.8290032963986,433.71562470139077,6673224
2018-03-23,429.66754150390625,432.362352127021,428.6642609199748,430.8574597323759,7190152
2018-03-26,441.77679443359375,443.30504162749594,427.7893651705336,429.2826089017404,10501768
2018-03-27,441.5783996582031,443.07164311957445,437.7053199011699,441.85839882791345,6136836
2018-03-28,440.0618591308594,443.2349838951618,437.7170261366285,439.32690042352505,8837508
2018-04-02,450.58453369140625,451.64614392407515,441.08848512900124,441.08848512900124,4596368
2018-04-03,447.0147705078125,449.30127395518144,445.8715045435017,448.8929667165885,4079884
2018-04-04,439.39697265625,449.1263406662515,438.2770326994305,446.326519255459,3714108
2018-04-05,445.3815612792969,446.57147958821844,441.01848950491245,443.60834688940844,4858892
2018-04-06,448.7646484375,449.4762525197797,444.6582499992771,446.15146508135666,3720008
2018-04-09,452.4161071777344,453.1043851447475,447.13143911097467,447.69140903191504,4003536
2018-04-10,448.1697692871094,453.3377790002709,446.4548842599168,453.3377790002709,6067236
2018-04-11,447.70306396484375,447.97138585574766,444.56494247205364,447.0147859884523,2870812
2018-04-12,450.0245666503906,450.9811664480004,444.681569293312,447.0380795697414,4712516
2018-04-13,449.1379699707031,452.6377463600852,447.7613855612955,449.83792524857955,3297172
2018-04-16,453.1277160644531,454.97093735305725,447.93638101004007,447.97138447070256,2847744
2018-04-17,454.6210021972656,455.2042983253093,451.2612108034826,453.4544099411782,2667832
2018-04-18,450.91119384765625,455.78755474957177,450.31624893763126,455.2042586723391,2712720
2018-04-19,452.4044494628906,453.75770779035105,451.0045388405197,452.63776789995245,3169032
2018-04-20,456.3475036621094,457.5374219086095,450.806191183614,452.87105350566594,9361380
2018-04-23,451.6461181640625,461.7371395307657,434.0422552879445,461.7371395307657,15304620
2018-04-24,451.4711608886719,454.5159777848411,449.3712950240734,451.4711608886719,5037416
2018-04-25,448.1463928222656,452.1711359050115,446.10485647594527,449.8146253615098,4020592
2018-04-26,450.3628845214844,452.45107300799754,445.929834498996,447.22476313490813,7847480
2018-04-27,448.7646484375,451.58779558370003,446.2214719988769,451.00449954187144,5777008
2018-04-30,453.6410827636719,456.09092653747086,450.02464671663535,450.30461746970974,4609552
2018-05-02,459.5206604003906,461.5038671094047,454.03767714605743,454.97095089147587,7100048
2018-05-03,459.1473388671875,460.7805678585979,454.0376596120957,459.1823423275398,4152772
2018-05-04,463.9537048339844,464.303682484098,458.7740470048041,459.6373138159161,6881436
2018-05-07,461.3638610839844,463.67371919671046,460.8038911655579,462.3554643940875,5264128
2018-05-08,458.94903564453125,461.9471718163766,456.0442040610086,461.7955091384711,7100564
2018-05-09,461.59716796875,462.0871309546529,456.4058331221249,456.4058331221249,4327332
2018-05-10,464.9336242675781,466.40354176970897,462.4371284580106,463.9770244004192,7171672
2018-05-11,469.3783874511719,470.6033093023555,463.370437419176,464.93365962723186,6057068
2018-05-14,471.7115783691406,473.0298333137092,469.5300565482649,470.6499680244533,4742916
2018-05-15,475.456298828125,481.8025486085794,472.86644152033546,472.94812575425465,9826684
2018-05-16,472.0848388671875,478.06946228308743,470.63827599607004,473.7647486491745,6841604
2018-05-17,473.1114501953125,477.00785661480046,469.5533441095137,472.2015026148247,6615476
2018-05-18,469.4717102050781,472.39983957239724,467.453499979343,472.39983957239724,5217460
2018-05-21,465.01531982421875,471.53655871177347,463.3820907737574,470.39329268019964,4848108
2018-05-22,464.2803955078125,469.891687215967,463.253788617948,466.33358080628494,3960372
2018-05-23,459.05401611328125,465.23695457681464,458.0974162359288,463.790391687282,5726292
2018-05-24,463.3703918457031,464.36199515151594,456.45249485125254,458.9606679188967,4520744
2018-05-25,468.6667175292969,470.36995345564065,464.2803481473317,464.30367429401036,4759588
2018-05-28,476.4828796386719,478.7694116129504,468.0367639842001,468.4567485447829,5103940
2018-05-29,474.2430419921875,478.93273680687713,473.3564490340955,475.502967228691,3351244
2018-05-30,477.9178466796875,479.00275463460133,470.4399793271082,471.23323923365706,4866996
2018-05-31,502.3614196777344,507.186749523889,488.40205509707823,493.09822870378093,39639192
2018-06-01,495.587158203125,502.0208922641919,493.33297223903986,496.8551019789664,21151356
2018-06-04,480.46551513671875,506.4823286484629,478.5283435041968,504.83866786935334,88796324
2018-06-05,484.5511779785156,485.33775260065056,475.0179233679337,481.357757243828,17105460
2018-06-06,483.0835876464844,484.8329005825765,480.18367795665455,483.75275788744796,9782000
2018-06-07,484.222412109375,488.3550674979211,482.10913414789127,486.8053073956329,10563896
2018-06-08,481.2051696777344,483.99936991371237,477.8356423405238,483.47105040743907,6180888
2018-06-11,479.5497131347656,484.398488784009,478.7278828670071,481.8038417591053,7091188
2018-06-12,479.9136962890625,481.99174729390575,478.6340004979173,481.80388889191755,5234256
2018-06-13,477.0020751953125,482.48488073114135,475.27623715283227,481.82740497059245,7897960
2018-06-14,478.399169921875,480.1837100063803,475.48753680338393,476.661580104133,16927576
2018-06-15,476.567626953125,478.75135884802125,474.85354101808844,475.7223215517076,10880816
2018-06-18,474.1138916015625,478.7278873088505,471.75405320269425,476.6850348549972,7487404
2018-06-19,475.1352844238281,479.1739815783252,474.1490995982215,475.4757454875541,10981152
2018-06-20,482.80181884765625,483.2362378131534,475.4875517840795,475.7223604516272,9051712
2018-06-21,483.142333984375,486.2417969096168,480.6650910933606,483.70585185211553,13510704
2018-06-22,489.1886901855469,490.46838603615976,481.322599344813,482.98970658988196,7848980
2018-06-25,491.912353515625,492.5815810764319,486.7700671819346,489.1181536039537,6992336
2018-06-26,491.6188659667969,493.8025979078324,488.3668005142726,489.82260269951917,9161932
2018-06-27,496.056884765625,497.6770418723225,490.7501851913914,491.4546112945369,19126804
2018-06-28,500.3420104980469,502.49048661073454,495.7279863536984,496.62027064565586,37533540
2018-06-29,495.0823059082031,502.49053056948236,494.29573129586834,498.1935206418693,19458120
2018-07-02,486.8171081542969,495.0706105350471,484.4690212947561,495.05891596182084,9864876
2018-07-03,486.10089111328125,489.5760708512574,485.02080564053733,486.8170690131268,6863100
2018-07-04,493.9317932128906,494.9884322363815,485.81914213393213,487.5215050051119,6097992
2018-07-05,498.67486572265625,499.90761112350094,491.348847377188,494.2722035767823,9735968
2018-07-06,496.655517578125,501.4456486698457,495.7632905252457,496.22115595003027,8121344
2018-07-09,499.1210021972656,500.14244279265694,494.91795013907165,498.22877515569695,6182296
2018-07-10,503.99334716796875,504.7447808338839,498.9684641536166,500.11900379924657,10950736
2018-07-11,504.4276123046875,506.1769250389668,501.26944786607766,503.67623619430907,5857920
2018-07-12,508.5837097167969,511.8475838708628,505.3081409930035,505.5194458166074,8020668
2018-07-13,512.0941772460938,514.418817346762,507.9146290115367,509.15906903287544,7161188
2018-07-16,509.2648010253906,514.2427333070914,508.06725389157674,511.74198660444114,9017336
2018-07-17,511.1197814941406,512.1177183593526,507.94986439287914,507.94986439287914,6361924
2018-07-18,510.9905700683594,521.2752003513687,510.3917965486357,513.5265149407402,17460272
2018-07-19,513.3152465820312,515.0528077762041,509.76961280243404,512.5873167884447,5304776
2018-07-20,514.0078735351562,517.2482442871284,509.7930698412642,513.3151995007275,10006964
2018-07-23,506.3531188964844,511.4132569398286,502.0326625213733,504.8386145181963,16880132
2018-07-24,507.1279602050781,509.2999401249285,504.1341500452843,504.1341500452843,5208792
2018-07-25,509.6169738769531,511.13147819651647,507.1866814312297,508.2785187176676,7038616
2018-07-26,514.8414916992188,517.3891312686384,508.3607497419521,508.3607497419521,21281092
2018-07-27,517.0838623046875,519.3849986139951,512.9864626956155,517.036912038443,10554596
2018-07-30,509.51123046875,516.3441846283322,507.0457398190922,516.3441846283322,7169120
2018-07-31,511.7654724121094,513.2682248995334,504.8503688681827,507.1867035605214,8860944
2018-08-01,506.8814392089844,510.7088318045563,505.2377786008778,507.8441776385513,6071560
2018-08-02,500.18939208984375,505.70739555597135,498.11136986116543,505.66044528961123,8905704
2018-08-03,498.18182373046875,504.1459987268376,496.3855602202829,500.9760814785056,13604008
2018-08-06,496.4559631347656,501.88000880497594,494.5305435809291,498.0291696973028,5744632
2018-08-07,500.3537902832031,501.1991244566728,494.97669447395936,498.96844201003967,7428456
2018-08-08,501.63348388671875,505.261266075008,500.8586038740913,501.516079561361,9945380
2018-08-09,497.4421691894531,502.96017295435854,491.8419594592169,502.96017295435854,8944408
2018-08-10,496.49114990234375,498.6866337606767,492.62855898661405,498.61617969879643,5442940
2018-08-13,491.1375732421875,494.0257315928926,488.4020749357039,489.34130969519566,10054252
2018-08-14,490.538818359375,494.27225330415473,490.0926474879071,492.62859260433095,4935964
2018-08-16,487.392333984375,489.97522929677376,485.20860193680744,489.10644870241555,10625160
2018-08-17,487.77978515625,491.46626959535394,486.4413299541072,489.08292733781207,6065328
2018-08-20,492.2058410644531,494.882693854886,487.22790955021725,487.22790955021725,7811136
2018-08-21,492.170654296875,495.9158405860353,491.37227053649883,492.6285196730597,7776320
2018-08-23,488.37847900390625,494.74181622955956,487.6623584959617,494.2721989384067,12574552
2018-08-24,486.01873779296875,491.59544358226884,485.12645340141387,486.2887448269696,9714628
2018-08-27,488.5077209472656,490.39794234111673,486.1126838073722,487.69764244314075,12574788
2018-08-28,491.888916015625,492.6872424831356,488.12022577430554,490.28045385668395,9973532
2018-08-29,488.0498046875,491.70109085225704,486.6996548790068,491.2549199979983,9873692
2018-08-30,485.1381530761719,490.2569355569975,484.1402163581432,489.2473042680545,21827460
2018-08-31,483.987548828125,488.1084518532337,483.2948748175193,485.86601791523304,15771500
2018-09-03,487.23974609375,488.15547698363014,484.52769446802455,485.91304270170696,7661608
2018-09-04,481.78045654296875,487.92068053649166,481.12298077990545,487.67411995955075,7130536
2018-09-05,480.3832702636719,483.75276865428685,477.964758369623,482.2500162267154,5641508
2018-09-06,481.87432861328125,483.47103899314413,477.2720845332553,481.1229523540322,10402412
2018-09-07,482.9896545410156,483.70583240863465,479.18576577083553,481.59255450005327,5919300
2018-09-10,479.2796936035156,482.5317877542872,475.5110032119931,482.5317877542872,8598592
2018-09-11,469.71124267578125,480.8881290039828,468.24368857115485,480.4889657527908,18186536
2018-09-12,472.3997802734375,474.63046246498146,467.1635645375021,470.0634456538761,12246008
2018-09-14,476.567626953125,478.39914587550027,474.0669091155928,474.2782426317384,10334672
2018-09-17,467.78582763671875,475.0061943430665,466.7996426738019,474.6187829625287,9338220
2018-09-18,467.0813903808594,471.93019510209257,465.14421887209676,468.41981698481396,9325736
2018-09-19,460.5419616699219,469.14770483101194,459.40314539633374,468.4080518159874,16712264
2018-09-21,462.63177490234375,469.5821056940648,448.5315030219591,463.48883226720335,22610148
2018-09-24,452.1710205078125,463.08962308700353,449.65857933657696,461.9273316970658,13390792
2018-09-25,458.4404296875,460.69458707203876,449.65858014421724,452.17102131996546,16682552
2018-09-26,462.1504211425781,464.4515576152414,459.12141217562197,460.9176756029017,14726724
2018-09-27,464.01715087890625,466.3300105055273,459.08616889470886,462.43219238398564,18352208
2018-09-28,471.03790283203125,473.2450812069738,464.25192712831097,465.07375740162604,14460716
2018-10-01,477.9412841796875,479.4792923957831,469.1007609012587,471.91846487224274,12449588
2018-10-03,476.9316101074219,481.87431514672244,471.2609752998059,476.7672268493777,15332148
2018-10-04,459.6966247558594,473.79689535359336,456.23319724205584,471.49575916729185,17970584
2018-10-05,461.4694519042969,467.2692141014966,455.564008616562,458.804350792834,15729180
2018-10-08,456.7028503417969,462.3382582637522,453.1807203905748,461.39902361009297,20128020
2018-10-09,455.669677734375,461.39901474423954,453.1807116826373,456.56196210347264,12459364
2018-10-10,461.9038391113281,465.4494439747444,454.47213964591634,456.7028218089937,15939932
2018-10-11,454.9534912109375,457.4776840871296,450.2690416521059,452.0066313181174,14359904
2018-10-12,465.35552978515625,468.9363617939593,455.9984105636386,456.70283653258343,9600320
2018-10-15,471.507568359375,472.1532922115992,462.6435409333883,467.26926033678166,12585968
2018-10-16,467.91497802734375,473.89084722487723,466.68223250751254,470.3217668993951,9406004
2018-10-17,463.6532287597656,472.6698880954119,461.04685806027885,471.0497024184867,7940796
2018-10-19,462.0447692871094,465.12075719069026,459.7553847105375,459.96671825023935,9867348
2018-10-22,469.3590393066406,474.3134963327304,466.94049862740013,472.90464436342523,20331160
2018-10-23,466.0599365234375,469.35900947380196,463.27745979354967,463.27745979354967,19428564
2018-10-24,467.79754638671875,471.6836411210028,463.18355054917953,470.55654810339286,18072336
2018-10-25,462.29132080078125,470.4626453160439,460.8002628162647,463.41838521848933,29847056
2018-10-26,460.5067138671875,464.26365227495785,457.6420597965287,462.2912825414107,15155712
2018-10-29,452.31195068359375,461.38728281239014,445.00937814516374,461.18770117631914,17044280
2018-10-30,449.1302490234375,453.65031557353615,445.97208411993347,452.0066550098639,13828704
2018-10-31,448.89544677734375,450.33952574009624,442.61431524796285,446.6178142861617,23449404
2018-11-01,449.00115966796875,453.18076576045746,445.1972704050919,453.18076576045746,19629052
2018-11-02,457.7477111816406,460.2249539038894,448.95413870624316,452.24145980555664,30092868
2018-11-05,459.28570556640625,460.1427628457249,455.05914999370924,457.8533785771807,5705296
2018-11-06,457.06683349609375,463.9819374446653,456.22149934349414,459.05095531595174,8485588
2018-11-07,459.7435607910156,461.3872212551715,457.8768435862755,460.4597386013776,958760
2018-11-09,456.7967529296875,460.20147835086425,454.65999994972,459.8022864484134,10101620
2018-11-12,451.0792236328125,460.6946275592636,450.16346405334843,458.2291364331819,7907764
2018-11-13,452.65240478515625,454.9887395409306,448.0618839107078,450.59782896263255,13350420
2018-11-14,459.6966247558594,460.2249442071176,454.7304161813997,455.18831023705553,26110636
2018-11-15,463.7823181152344,464.287162453352,453.46246058661814,460.6711034535279,10392524
2018-11-16,470.6270446777344,472.66986871062005,464.92118233831485,465.15599101626344,15813216
2018-11-19,472.88116455078125,474.5483002986628,470.06346064005197,472.2002137063884,12286428
2018-11-20,472.5406799316406,474.21956759599294,469.394266794337,472.6698361608857,5705168
2018-11-21,474.0199890136719,475.24098259750536,470.5565612301664,472.61113703394085,6545604
2018-11-22,470.9087829589844,477.83563865446683,469.6525623197253,472.7285501332213,12974552
2018-11-26,481.310791015625,481.8273585897824,472.4467643164221,472.88115459421346,18184436
2018-11-27,484.6451110839844,485.5608419970674,479.185809323954,479.2562633925767,12895440
2018-11-28,490.5739440917969,492.7694277748746,483.72929526438793,484.8798346533735,13021108
2018-11-29,500.3890075683594,501.8800081671653,491.68933522905434,493.3329958530292,31908636
2018-11-30,499.77850341796875,501.9152852507264,495.4462949111455,500.1424683226256,13040924
2018-12-03,496.22119140625,502.96018900940925,494.7183814690562,500.3772935476429,10799856
2018-12-04,489.7052917480469,495.6811616489392,488.07338276165257,494.36621000914886,8157420
2018-12-05,492.9102783203125,494.3426339336235,487.4509775211916,487.93234669132573,11798844
2018-12-06,492.405517578125,493.48560303074004,489.5760617273358,490.67965097675415,11730252
2018-12-07,494.88275146484375,497.3247385821171,488.4724636240853,494.6713892764455,9903920
2018-12-10,490.45654296875,494.2252330765761,485.0911426561311,485.0911426561311,10915056
2018-12-11,483.6002197265625,486.35922166731183,477.1312292427723,482.76663746217514,18905780
2018-12-12,489.646484375,490.7031232893499,483.72931791990663,485.3377227603968,11370488
2018-12-13,493.4034423828125,498.9683960880337,491.0553558129864,491.9241363785556,7064236
2018-12-14,492.0885009765625,497.32474559898566,490.29223764466326,494.24872919945005,6158284
2018-12-17,500.18939208984375,500.7529672651627,492.8633734213578,494.0374167120233,8437324
2018-12-18,501.42205810546875,502.2556401750445,493.70862930362364,498.733510861054,7413968
2018-12-19,498.6044616699219,507.04582193895976,496.27987875429153,500.8703997440556,9009896
2018-12-20,501.8917541503906,502.5961801237921,493.7204013936671,496.04504150169146,7980476
2018-12-21,495.71624755859375,504.6272814901696,495.2231838002918,501.08164802301764,10220308
2018-12-24,488.5546569824219,494.03746258950883,487.77983419969684,494.03746258950883,5601488
2018-12-26,498.3461608886719,499.4379981798304,485.81909648992433,487.69756568853205,7601916
2018-12-27,494.2839660644531,502.0678499745957,492.73420602536993,500.8468564452462,11639868
2018-12-28,498.4753112792969,501.9622430199572,496.7377500216206,497.17216899920794,9415612
2018-12-31,498.1934814453125,501.7860651128367,497.0194382419601,501.7860651128367,5866528
2019-01-01,504.39251708984375,505.07343928898837,494.4131488100753,499.5906340212171,6373440
2019-01-02,499.79022216796875,504.2515866129729,497.72389453870045,503.14799739973824,8134232
2019-01-03,495.8689880371094,499.73157940573066,493.8026601622232,498.78059277467264,12771664
2019-01-04,497.195556640625,499.7902036474953,495.5284496476997,496.6789890840331,7287120
2019-01-07,497.947021484375,501.39875506048674,497.3248013914514,499.6024342007335,5387012
2019-01-08,493.8025817871094,498.6161590227897,492.3115239567449,498.2639460543253,8343460
2019-01-09,497.0429382324219,498.1113290045613,493.70866702568554,497.32469713380436,8568628
2019-01-10,495.09405517578125,498.68663910687155,491.3723150175811,497.0899287679056,7691540
2019-01-11,495.8923645019531,498.7335720946062,494.9766336984133,496.33853533229933,6408040
2019-01-14,493.485595703125,495.422767141627,492.73421945891204,495.422767141627,4855160
2019-01-15,498.240478515625,499.3206212947151,493.5678090578374,494.2839869444297,5087556
2019-01-16,497.84130859375,498.96840162504026,495.035356576937,497.806110225345,5252452
2019-01-17,500.6824951171875,501.52777186013464,496.23288267155743,499.02708267187825,8240228
2019-01-18,500.2011413574219,502.25571710528124,496.51465690938636,501.3164824776884,5207976
2019-01-21,504.4042053222656,508.7129672088491,499.3206207106474,502.478785755401,17561512
2019-01-22,501.51605224609375,504.08719536612466,499.91934204292727,503.89933699051784,8796976
2019-01-23,494.3662109375,501.5161816685662,493.43872804360694,501.0817626457637,7624288
2019-01-24,493.6265563964844,498.1818219397706,492.6051156896022,495.44632369917093,10111572
2019-01-25,492.15899658203125,495.4463181240868,490.75014449257884,491.4545705373051,11262236
2019-01-28,489.3764343261719,493.57954363735365,487.6388732134737,490.7500878854749,15360436
2019-01-29,483.142333984375,489.106451168911,482.0621911904821,487.9911100056597,14762788
2019-01-30,477.7651062011719,483.06005225304835,476.19189985134625,483.06005225304835,18514160
2019-01-31,488.39031982421875,490.691456435109,474.7831678008328,476.896445995792,16579404
2019-02-01,490.8558044433594,497.0899864998272,487.60373854959147,488.39031324909945,15654188
2019-02-04,494.24871826171875,496.1506913103842,489.0242256532682,491.92413549231185,7938288
2019-02-05,496.39727783203125,497.5595692775353,492.39377856299734,494.9766739202663,8690288
2019-02-06,498.4165344238281,499.4379749335605,496.2915621028741,496.9137820654196,10875684
2019-02-07,497.1485595703125,500.1423695287593,494.47176418505444,498.9800783042742,7217308
2019-02-08,498.4165344238281,503.6527785364931,494.65959620147885,495.91584535010804,12235644
2019-02-11,502.4083251953125,503.1714533384242,496.2211514154218,496.2211514154218,7036364
2019-02-12,500.072021484375,504.36903168325665,498.9214819124664,502.02094494357664,9772388
2019-02-14,495.4931945800781,502.4905037138832,494.4131092015377,502.4905037138832,7441388
2019-02-15,493.25079345703125,495.00016385197443,487.9793504544424,494.8240573552755,8416524
2019-02-18,490.7265930175781,497.3247392593423,489.81086217893676,494.6948937464669,7138744
2019-02-19,489.3529968261719,495.01185110732234,487.97934324169034,490.6796428178283,5268636
2019-02-20,495.0588684082031,495.6810884356774,488.8481334002276,490.39789350919574,4892500
2019-02-21,496.8315734863281,497.78255993410147,491.5953867276558,493.4973022968749,5261544
2019-02-22,491.090576171875,499.69634823145043,490.5388101990573,497.6534669631564,8890708
2019-02-25,499.0623779296875,500.13076895829164,491.95941489871836,491.95941489871836,8140596
2019-02-26,495.59881591796875,498.9683427157799,493.356439344707,495.739724027619,9607428
2019-02-27,491.27838134765625,498.8392081566859,490.31564298468345,496.8785903912916,7030092
2019-02-28,487.82672119140625,494.4718174369422,486.8052806356382,491.47800715607855,11645376
2019-03-01,489.1886901855469,493.3095366902935,487.6976321254993,489.8696124322691,9352928
2019-03-05,494.7653503417969,495.704584981655,486.05392612657954,490.49178686937597,11837276
2019-03-06,494.09613037109375,495.5167342511141,490.8792631451005,495.4462801867686,8458044
2019-03-07,499.32061767578125,500.1424479893788,491.9241448534031,495.3523742349434,10204852
2019-03-08,499.7197570800781,500.1424241150189,495.31709489596705,496.6320462654871,7053460
2019-03-11,499.77850341796875,503.3593356442223,498.31094922688123,500.6120856637736,9224108
2019-03-12,509.76953125,510.7087657617457,501.7860379001612,504.13412417952554,15097292
2019-03-13,522.813232421875,524.5625454703749,510.02791237377454,510.70883455598266,57166348
2019-03-14,522.3905029296875,527.7323992963131,519.0679837244925,527.1101793533685,15379864
2019-03-15,529.0239868164062,530.644143872125,523.1655213748528,523.858195555882,12763088
2019-03-18,531.008056640625,538.0992670271777,527.6150828158658,531.1137090771234,14358720
2019-03-19,532.4872436523438,534.4009109591718,528.5541992994932,532.8981587339848,11957992
2019-03-20,539.8251342773438,540.0599429481907,530.9141566839658,532.7808741519325,11711992
2019-03-22,534.459716796875,541.7035870004752,533.2035248422408,540.0599263550467,30403880
2019-03-25,535.6690673828125,537.2070757429473,529.0239700969745,530.6676309006491,9199260
2019-03-26,542.7249145507812,543.5819430639602,533.6260807305962,534.4009032980963,11786848
2019-03-27,539.9307250976562,546.6462752480446,535.1406516895488,544.4155931295608,13885300
2019-03-28,540.7174682617188,545.9302097671302,537.2070897760112,539.778233492227,19554328
2019-04-01,542.8306884765625,547.5738120902938,541.1400775374341,545.988853586173,9647076
2019-04-02,538.8507080078125,544.7561232234284,536.6434720782605,544.7561232234284,10910496
2019-04-03,538.3575439453125,543.8168451760304,537.3009049974316,538.2049412500402,7659452
2019-04-04,536.2911987304688,543.1124014022787,535.3637160385626,538.3575262927257,9211552
2019-04-05,541.3748779296875,543.2885456082115,535.8333705361161,537.1952722507735,8351180
2019-04-08,537.5709228515625,545.4487648536463,535.3872481763427,544.5212821126408,6398132
2019-04-09,537.0661010742188,540.7643374243855,532.3112257668615,539.2615849491364,10777600
2019-04-10,525.3491821289062,536.3029832655077,523.8581241967372,528.3194887685606,108128700
2019-04-11,530.08056640625,531.3720140763428,525.255236828182,527.1219542678673,8793300
2019-04-12,531.9003295898438,533.5322383500043,528.8126185686696,528.8126185686696,9170444
2019-04-15,537.4300537109375,538.3927347875293,531.6889936396315,533.0156395917834,10219780
2019-04-16,541.2457275390625,542.3845151744359,535.4342130500812,537.934902414806,8273776
2019-04-18,538.5687866210938,543.5937256555237,537.2421408035731,543.1123565029128,10614856
2019-04-22,532.7103881835938,545.9301270258738,530.9023729916132,545.9301270258738,20980420
2019-04-23,527.2158813476562,537.7118166974003,526.3471007946778,534.7884604256,15282400
2019-04-24,535.3049926757812,536.2794255933057,527.6267616756458,528.3194356927329,12354128
2019-04-25,531.4776611328125,539.7781703680324,530.1862134757891,536.9839128597633,18086636
2019-04-26,535.5868530273438,536.5378396569926,529.9396927464303,532.0529708894993,11707568
2019-04-30,544.1573486328125,544.7561222151697,534.9880584725012,536.5378186472684,12536836
2019-05-02,553.1622314453125,554.0662103557893,544.1690486474902,545.5779005533736,17169300
2019-05-03,556.01513671875,558.3749751395048,553.3265891153252,555.1346042726722,12351520
2019-05-06,546.740234375,552.2464862028912,544.0634384764508,551.3307553234757,13748092
2019-05-07,545.307861328125,553.6787663106451,544.2864208261558,552.2464106937296,9924204
2019-05-08,541.7623291015625,545.6484242364069,537.2422619934446,545.3549133852304,12064208
2019-05-09,537.9232177734375,540.0599998337511,533.3914558098189,540.0599998337511,9027724
2019-05-10,539.2380981445312,545.9066412872851,538.0288564526202,538.0288564526202,10594200
2019-05-13,537.0543212890625,543.1946017505849,535.3637105106106,539.1324007274973,11071632
2019-05-14,537.21875,542.6428533775367,534.3188972304139,539.28507782603,10494744
2019-05-15,536.9368896484375,541.7504666252297,535.8802507998734,539.1206214007353,8956348
2019-05-16,542.560546875,544.5212218981783,535.3636851780278,535.4928413919106,8050136
2019-05-17,554.6416015625,556.3322125798328,542.783763316484,543.1124725353436,14758780
2019-05-20,571.136962890625,572.6279637359428,558.8447045470468,565.4193481299533,17699632
2019-05-21,564.40966796875,575.1404142312072,563.4117309809418,572.4636179473885,10325176
2019-05-22,564.8909301757812,569.645805510317,562.1906306030819,566.3232859231374,11386660
2019-05-23,547.5973510742188,572.9096811721073,544.5448382034723,565.6541158175606,33081996
2019-05-24,557.2831420898438,560.2886470009946,549.4874489133429,554.0779695658612,13692800
2019-05-27,565.50146484375,568.6830763572027,557.0248492032421,558.5863038771777,12049024
2019-05-28,567.3447265625,568.2370110202788,560.5000764057456,567.4151806324396,7364840
2019-05-29,567.509033203125,570.7729080061649,565.9358266303697,565.9358266303697,7475216
2019-05-30,572.8274536132812,574.7880714451217,566.6050243878411,567.297698440124,9359200
2019-05-31,569.4932861328125,578.8034278737546,553.3971387727183,576.8780080576577,19785080
2019-06-03,576.9484252929688,577.5823972579152,569.3992919040638,569.8806611589381,8480860
2019-06-04,575.8212890625,578.9794540779587,573.1796916343841,576.4552609799813,6442988
2019-06-06,569.0235595703125,579.9773600595282,566.6754730923387,576.0325633112662,15634924
2019-06-07,574.7294311523438,576.2791913398175,565.654098782773,569.5636402958801,7970932
2019-06-10,572.9801025390625,579.9656604407216,571.0781867162606,579.9656604407216,7077140
2019-06-11,574.9054565429688,577.6057559278509,573.0152928346142,575.6333862642075,7103292
2019-06-12,569.892333984375,574.9054641652375,569.0939501946361,574.107137701828,7308620
2019-06-13,574.0366821289062,575.7507967001718,567.2859335950034,571.9821064881531,11107948
2019-06-14,571.7826538085938,577.3828065699671,569.4110631511193,573.6258675965989,11956920
2019-06-17,568.7066040039062,572.9096563052752,567.6030147099586,571.7591167421601,12810020
2019-06-18,567.5911865234375,571.0546139724894,564.4799720353061,567.7672930038977,12419652
2019-06-19,570.1976928710938,574.0837307448697,567.4621372963798,569.8806782159634,10744276
2019-06-20,573.2691040039062,575.7853360926836,570.492953942729,573.7416401845322,11171492
2019-06-21,570.3984375,574.0605930629467,568.37833370133,573.1864126263846,13250260
2019-06-24,571.284423828125,574.2732498136112,569.4061040256472,569.8668152703848,6915000
2019-06-25,573.8243408203125,576.8485841311103,567.7522619975663,571.7334026797203,8899800
2019-06-26,583.0859985351562,583.5821845991668,572.2413162344866,572.879228543472,10533636
2019-06-27,581.7628784179688,589.3706987108626,580.3097951825828,583.2867959280184,19879236
2019-06-28,577.3801879882812,584.7635663513028,575.7972032037782,582.1646171675192,12756844
2019-07-01,587.2562255859375,588.0713390472844,578.8687074918521,580.2744912415147,8524160
2019-07-02,589.4888916015625,590.0795618336282,582.9206270844641,587.8350149517786,7246828
2019-07-03,588.224853515625,591.4499476980156,586.6536937198789,590.4339833290284,7463256
2019-07-04,586.8426513671875,590.1739965875495,584.0546765687225,589.4416001706891,7993964
2019-07-05,584.149169921875,589.4770265894634,581.2194688430377,587.1498206429052,7583060
2019-07-08,569.3115844726562,584.6690095602119,566.3464085538394,584.6571846197711,14607140
2019-07-09,562.1171875,569.5951069485533,560.6641618602692,567.9530553055912,16482688
2019-07-10,564.3853759765625,566.5708557160846,559.0693441777252,562.0226951770793,11569148
2019-07-11,568.7327270507812,570.351186589512,566.0156439332255,567.7522375205458,9097596
2019-07-12,565.6021728515625,571.2962570473821,563.5112348081819,571.2962570473821,8976272
2019-07-15,565.802978515625,567.752190154733,561.6919370407426,566.0983136124595,8233184
2019-07-16,564.9641723632812,571.2961678946699,562.7905177523176,571.2961678946699,12770568
2019-07-17,566.44091796875,569.7841460349224,564.9878922956555,565.377711569128,7759736
2019-07-18,569.85498046875,573.895187861456,567.4922995800656,567.7522175508764,10802584
2019-07-19,561.2902221679688,571.9341103479861,559.2465264182437,570.587393874127,8939228
2019-07-22,542.766845703125,555.1945697595224,538.9865564306252,554.0486465007414,22171296
2019-07-23,534.7927856445312,542.1170959405243,529.7248469923792,542.1170959405243,27802864
2019-07-24,538.90380859375,541.7626752650182,531.839416494355,533.197957873672,17363740
2019-07-25,540.1206665039062,547.0669251202459,538.7503000762736,539.8725734784717,19462008
2019-07-26,538.0534057617188,541.9163549467917,537.0020241553588,538.2660239984579,12829828
2019-07-29,530.2565307617188,537.1673729785956,525.2358334246715,537.1673729785956,9976492
2019-07-30,532.134765625,536.6120340567686,529.2168318602072,532.7845028235653,10394136
2019-07-31,531.9930419921875,535.6197803845661,527.8820001430158,529.2405417121429,13891840
2019-08-01,526.1087036132812,530.4183410722914,520.2362032749215,527.8373106620138,18241676
2019-08-02,524.3446044921875,526.6296425415806,516.6842985727197,523.5513217893141,27825536
2019-08-05,516.0331420898438,520.9466158530028,512.066843991872,520.24808536213,19822440
2019-08-06,518.3656005859375,523.3737689389926,513.1324317569491,513.1324317569491,24890940
2019-08-07,517.1578979492188,521.4201883169321,512.658813672188,518.5786614051232,18750136
2019-08-08,528.7962646484375,531.1287076436796,516.9210739126851,520.4729823454337,19711600
2019-08-09,540.3636474609375,542.0212046617379,530.3709570411706,532.0758614569354,30436112
2019-08-13,525.7653198242188,538.3035443330222,521.5622284123144,538.3035443330222,15440068
2019-08-14,527.920166015625,529.3290782043871,521.6688299760862,529.3290782043871,14254052
2019-08-16,527.5057983398438,528.7608176645286,521.9174965746467,524.2617332329899,15247560
2019-08-19,522.5686645507812,530.8919473810793,521.3491412250062,530.0631686942667,8498200
2019-08-20,525.8245849609375,527.5294895678886,522.5686686656784,523.1369509309908,10270592
2019-08-21,527.0676879882812,530.7024394084053,524.3090045626948,526.8426875504603,10472712
2019-08-22,514.813720703125,525.8838372395332,513.144311887837,525.8838372395332,13992044
2019-08-23,512.1141357421875,515.5002999406553,506.6442315548242,511.71159769028765,20099616
2019-08-26,534.2426147460938,536.6105541023887,513.1324585091314,519.7389861887867,25280244
2019-08-27,535.1423950195312,538.2088646472811,530.442070507641,534.20707062032,20660832
2019-08-28,532.1942749023438,534.526717874484,527.1861071861758,532.7862596352718,13662588
2019-08-29,527.328125,533.6623613560201,525.7534688059901,531.8390600232175,14783716
2019-08-30,527.5650024414062,535.1542591387406,526.1560901797707,528.879220259459,19233320
2019-09-03,523.5394897460938,525.9192801310417,520.0349282757688,525.6824862183307,11428676
2019-09-04,532.2534790039062,538.46931876538,520.7097765897407,522.6041277551423,15060704
2019-09-05,529.2698364257812,538.0904087668968,526.8664015834106,532.5494549038609,17296252
2019-09-06,531.8153686523438,534.3491094966399,525.9902737081954,527.5767811917681,12870004
2019-09-09,532.6915893554688,535.3673142208179,524.7589935745563,531.8391081769959,10643404
2019-09-11,533.0940551757812,538.4692645037454,530.6905626902726,538.4692645037454,15209116
2019-09-12,537.7235107421875,541.9739501576969,532.3482423655698,532.9520784399274,18132300
2019-09-13,534.5504150390625,536.9183542031692,529.944784927078,533.0231058404166,15371340
2019-09-16,531.4010009765625,535.781688072286,530.6551233252083,533.2361536788251,11030184
2019-09-17,523.6342163085938,532.431086609831,520.4966971190984,532.2889871447702,10656556
2019-09-18,518.0458374023438,526.6651119497242,516.2106847387084,525.0431084755679,12959884
2019-09-19,521.44384765625,524.2853743327779,513.3691528927131,520.8992101477138,10623310
2019-09-20,568.1160278320312,572.9940062796818,523.5040712040752,524.7353881700677,46150034
2019-09-23,595.4182739257812,607.4710605618943,582.0394182977014,596.5075490128261,41920410
2019-09-24,593.7843627929688,597.6440568283388,581.3526839635703,591.9847061618342,23379048
2019-09-25,587.1067504882812,591.9373805534856,582.5603193412131,591.9373805534856,15608976
2019-09-26,588.4328002929688,603.8244027151188,585.5202239647298,587.1541364469159,30671560
2019-09-27,589.2379760742188,593.6423661754355,586.1123078464277,591.1560299788491,14873170
2019-09-30,581.3053588867188,587.2489092784182,576.119595271932,581.9447487061157,18218458
2019-10-01,591.41650390625,594.3527253212801,578.2980863579686,583.2234113411605,18768352
2019-10-03,579.4584350585938,589.0485889890971,576.0485678633604,587.225229523867,16298876
2019-10-04,563.4273681640625,587.0594103434742,561.3436281460217,585.6623494935137,18403632
2019-10-07,562.1013793945312,577.7060745025601,559.3782495057151,568.8736503444584,22513220
2019-10-09,581.6369018554688,582.4656805535213,563.5695146757208,566.9319766884739,17427270
2019-10-10,568.5658569335938,580.5949408157695,566.9792915533363,578.6295976927835,11556858
2019-10-11,567.7371215820312,579.6715119387164,563.0722351431893,574.6514924334763,17186318
2019-10-14,570.38916015625,577.7297710855158,567.0740455430332,572.5676524827331,12267802
2019-10-15,579.2215576171875,580.1450306640453,571.5494008924131,571.6204506216349,8400374
2019-10-16,578.2980346679688,584.8809164640575,573.0885690152525,583.2944089411139,10586816
2019-10-17,577.7772216796875,582.4420508007167,574.5094536997867,581.3291308293577,12243614
2019-10-18,582.0394897460938,584.3363793435877,577.9429431258723,580.358229690361,11233806
2019-10-22,586.9174194335938,595.2999008800527,583.744346293607,595.2999008800527,20006228
2019-10-23,588.0066528320312,591.8664053050052,583.933808954648,590.4929890015461,10190214
2019-10-24,585.4019165039062,593.950200126325,580.7844350714618,591.0376233528876,13107494
2019-10-25,582.0394897460938,590.4930216273137,577.7771989342834,587.2489562938619,12993542
2019-10-27,586.1596069335938,588.1487104141279,584.8809429761882,587.2251795017689,1750082
2019-10-29,588.4328002929688,595.4655670682729,586.1595558877563,586.3016553422095,14232568
2019-10-30,591.2033081054688,597.9992813530005,588.6696249825086,590.516628932025,12011366
2019-10-31,582.6787719726562,598.5676667088752,581.1396115333599,595.6313874919168,13217706
2019-11-01,587.2725830078125,589.0248347687501,581.3763801259324,586.7752926862162,11512260
2019-11-04,585.757080078125,591.9847714358326,582.0631297909731,590.3035115605496,9935176
2019-11-05,587.0120849609375,589.5221234546789,582.0631155174988,587.7224666692404,12367810
2019-11-06,595.1340942382812,596.2470139570956,581.5894953166282,588.4091130876647,12130336
2019-11-07,598.4728393554688,601.3143659637454,591.9847100576397,597.194175506147,16963034
2019-11-08,594.6369018554688,600.0358149890019,592.6715006861584,596.2471121319285,13251496
2019-11-11,598.9701538085938,600.7461080104378,592.2215278415865,593.1924059296649,14286610
2019-11-13,595.5604248046875,601.4565704218174,593.6897181077103,597.6441650990677,9293496
2019-11-14,603.3035888671875,604.7716996769483,595.3946368864457,598.5203630239588,11055218
2019-11-15,605.1978149414062,608.5602765022916,601.9773950230616,608.015639011703,9279012
2019-11-18,597.6915893554688,605.931971974306,596.1050237556977,604.7717048271187,9130292
2019-11-19,602.3562622070312,603.824372648918,597.241491455486,599.2305946637553,10570578
2019-11-20,603.0430297851562,607.5894612252192,600.0357587364853,602.8772856129011,11054258
2019-11-21,607.7788696289062,609.5074765987112,600.6750528853315,601.5748812350528,12019526
2019-11-22,598.9701538085938,607.9209745480895,597.6677873939082,607.9209745480895,7688010
2019-11-25,601.9774780273438,605.9556273541223,598.6860657393921,598.6860657393921,7893556
2019-11-26,603.8480834960938,606.0739227957121,600.0119764739786,605.4582355965813,8716002
2019-11-27,605.4346923828125,608.9155513650649,602.0248253261254,604.2980700305835,9580666
2019-11-28,599.230712890625,607.6368969919056,597.6678499051358,606.2871254085217,12366040
2019-11-29,603.8007202148438,606.1450144249826,592.9319037301365,600.3672087914863,15567626
2019-12-02,599.4437255859375,603.3271222125159,596.05756143599,603.3271222125159,8946204
2019-12-03,594.5421752929688,600.9829582398772,593.784446324688,600.6040648502295,6991906
2019-12-04,592.7661743164062,595.2525102365593,584.5020326190057,593.1687123793719,11395614
2019-12-05,589.9010009765625,596.1286926245755,587.604111518524,594.6368793688133,12772494
2019-12-06,590.1141357421875,596.7206628132138,586.3964250464844,591.4874941935019,13774650
2019-12-09,588.64599609375,591.9137638268414,586.0886679479555,591.7480196412462,8265350
2019-12-10,591.7479858398438,593.7133868708223,589.6641878529149,592.4583675755458,9788900
2019-12-11,591.3927612304688,593.8790971635698,588.4328375005865,592.0320931939212,11054642
2019-12-12,598.425537109375,601.19601419843,593.4055179530598,593.4055179530598,12913148
2019-12-13,598.5439453125,602.5694417190632,596.365452937033,599.0885828591198,11775186
2019-12-16,595.4655151367188,601.4564114269116,591.1321758858915,601.1012206327617,11327576
2019-12-17,601.9774780273438,603.7297876816821,594.5184697187642,596.7206646863573,12427354
2019-12-18,612.0411987304688,615.1905692499555,603.1851297494278,607.6131642399483,17447172
2019-12-19,610.3600463867188,618.2689403855899,609.0813245005367,618.0321464597432,13018376
2019-12-20,614.101318359375,615.4747346337728,606.2161272088615,610.33631822104,15026044
2019-12-23,616.8008422851562,617.5585713012363,610.3600589319482,615.1906319940997,10195782
2019-12-24,610.5258178710938,616.1851698274687,609.4838898641705,615.0012001452966,7179208
2019-12-26,601.669677734375,611.8044695700078,598.9229028141689,610.7862441018287,14949758
2019-12-27,603.8245239257812,605.7188753733915,601.4565846162684,602.4037603400735,7092992
2019-12-30,607.210693359375,610.3363617097099,603.3746432107359,607.1396436173409,9334190
2019-12-31,602.4510498046875,607.1158782349886,600.8171949621751,607.1158782349886,8357056
2020-01-01,605.5293579101562,606.1923924015477,601.7406554576465,604.345388393747,3673698
2020-01-02,609.3890380859375,609.9810227741888,605.7187330187791,605.7187330187791,6137166
2020-01-03,600.6988525390625,608.5603994443895,598.4256076891043,607.234330313411,10855550
2020-01-06,587.6987915039062,597.5731439576414,585.3545548818191,596.720662743602,10890186
2020-01-07,597.0047607421875,602.1431767378965,593.050314229868,596.1996846178865,14724494
2020-01-08,595.4419555664062,597.7388448014235,587.2725661329978,590.5402756575533,11332110
2020-01-09,602.11962890625,604.2034270944675,598.1888264645892,599.0886549789353,9546316
2020-01-10,607.4711303710938,609.4602340876271,603.871874164867,608.1341649432716,9214580
2020-01-13,609.033935546875,614.0066076489296,604.2980573544421,607.4710726189669,7451568
2020-01-14,610.6915283203125,612.1359943771557,605.0084741599063,610.4547343969623,7886290
2020-01-15,608.2051391601562,609.9573909159484,603.3982113725496,609.2233645040944,11787448
2020-01-16,609.8153686523438,611.4018762888768,605.8845666176381,607.163288419645,7150400
2020-01-17,605.3162841796875,608.513001967246,602.3563603023184,607.0211887708494,16918814
2020-01-20,594.3053588867188,617.9610470531414,593.1687365718038,617.9610470531414,22178450
2020-01-21,589.3090209960938,591.9848038717975,586.4911964540704,591.9848038717975,14984804
2020-01-22,587.6514892578125,594.3527690930574,584.5968706605863,591.0613565639217,18368310
2020-01-23,589.545654296875,590.4928297250134,582.9864760192163,587.2487654458392,11508920
2020-01-24,589.4037475585938,593.8791293563715,586.8226592396154,590.0904267767455,11831756
2020-01-27,574.5567016601562,584.8809389292223,573.8700224675994,584.8809389292223,18888552
2020-01-28,579.2926025390625,581.4711527758164,574.5804268199824,577.2088623646235,13412158
2020-01-29,585.2835083007812,588.1960850182678,578.8427253732511,580.2871913795456,13788350
2020-01-30,580.6423950195312,586.7516319136959,576.4510963819321,586.7516319136959,12111984
2020-01-31,580.7608032226562,586.2070634943107,577.8955736075096,583.1997343998446,11178268
2020-02-03,564.8955688476562,567.3344998460584,557.744346592457,566.8846145462204,13077010
2020-02-04,582.4183349609375,584.4073807174176,567.3582188812532,567.3582188812532,20897704
2020-02-05,589.4511108398438,591.0376185260882,581.2343734585951,584.8336294451086,18020682
2020-02-06,587.1541748046875,591.3690599560683,585.9228002816666,589.4510640616896,11827550
2020-02-07,588.2907104492188,590.5639548915685,583.2706916009547,590.0903671169963,6815448
2020-02-10,587.3910522460938,588.6460138398753,580.6424251679804,588.6460138398753,9219834
2020-02-11,587.5330810546875,594.3527577254539,586.3254667116565,588.8118029491535,11613520
2020-02-12,591.51123046875,593.3582346641225,589.1669937125963,589.7115734966399,6297930
2020-02-13,587.9119262695312,596.6733008644125,584.2179181807978,596.6733008644125,9112140
2020-02-14,577.4693603515625,591.2271111621104,575.4092646698865,588.764419540286,14688858
2020-02-17,576.4273681640625,583.9337227869158,575.1486464932532,580.1450206114938,10152690
2020-02-18,574.5803833007812,577.06671918566,569.9629023717208,576.3089902877083,10529116
2020-02-19,581.1869506835938,582.513019706518,574.8882673522369,578.9611110497709,10012268
2020-02-20,576.4037475585938,582.5130422467998,574.9829840409186,582.5130422467998,11123414
2020-02-24,573.0175170898438,575.2907615812694,568.3053417555244,572.5439293050475,16568084
2020-02-25,568.4474487304688,572.5676393882633,567.3581736866331,570.1997004329769,13886680
2020-02-26,567.9501953125,570.5312258169903,561.5094124980089,567.1214166243225,13814786
2020-02-27,568.0449829101562,569.4894491279878,559.307309289109,565.9375398818672,20655098
2020-02-28,557.720703125,561.201562010712,554.1450919894718,556.7024777583055,24313056
2020-03-02,558.6441650390625,568.8500053945262,552.2744321654279,568.4000622917009,14664898
2020-03-03,559.6862182617188,561.367420664914,553.150681943118,556.4657973314758,22369550
2020-03-04,544.0813598632812,558.833632138287,536.6223516377066,558.0522006667385,34288870
2020-03-05,545.2653198242188,551.7298050681208,541.1924761730429,546.0467512820113,19549708
2020-03-06,537.4747924804688,540.316319210145,521.4201548955959,532.786261814301,23053566
2020-03-09,524.40380859375,529.6606217571953,504.3710209743091,525.6824725647729,34420590
2020-03-11,527.4820556640625,530.4182765706771,517.1578196564101,523.3144603666055,35538240
2020-03-12,483.67523193359375,511.4748425848141,475.2217009586306,509.10690349877325,59000770
2020-03-13,506.6442565917969,512.1615082677355,435.32191586076743,464.13972221452224,66342364
2020-03-16,473.3509826660156,491.11052428680165,471.2198376715213,490.16334873369306,31986322
2020-03-17,461.79547119140625,478.3236976526971,452.1342970177646,477.37652201378086,42676838
2020-03-18,415.2891845703125,470.2727207173597,409.6534777648702,466.4840180328291,61181406
2020-03-19,424.12158203125,435.67713682679727,376.50233075855004,401.1288983050212,67220048
2020-03-20,418.10699462890625,433.14340788887984,390.4968305499615,414.38934181029646,88637464
2020-03-23,365.39666748046875,397.2217739590976,362.294673119177,376.31286067374276,50276954
2020-03-24,363.5733642578125,383.6061226600706,349.86299150015697,376.62070252521124,61057272
2020-03-25,405.746337890625,410.8137330098405,357.6771773468276,364.8757175147829,47228042
2020-03-26,426.74993896484375,444.08326913612314,398.2873248177175,412.0687177171039,57043156
2020-03-27,428.3365173339844,468.2126182809355,413.0159337363424,447.51682439119236,55235936
2020-03-30,393.85931396484375,420.0723877005265,392.13070689519276,416.75727302870723,39268444
2020-03-31,408.1853332519531,413.72628734505696,396.8665733565511,404.3492547580676,35211092
2020-04-01,392.9121398925781,409.10881994288405,388.3420059433593,409.10881994288405,29103504
2020-04-03,385.429443359375,399.70812797666855,383.6061417785563,399.2345401473123,34996280
2020-04-07,424.38201904296875,429.68620822188024,400.3474380216403,413.9157401505629,60412638
2020-04-08,420.9722595214844,447.5405268551247,410.1744332094615,416.7336424013843,56219352
2020-04-09,438.0924072265625,440.86291331760424,421.4931599122434,432.3856797751441,44457146
2020-04-13,424.0268249511719,448.3455758120512,419.6935139266889,442.33100497402285,34158056
2020-04-15,408.8483581542969,440.6734653560616,399.23453121457277,440.6734653560616,57978752
2020-04-16,416.6388854980469,421.8246779187658,405.50957170526016,409.6534651387446,53854396
2020-04-17,431.10699462890625,435.70080234780517,420.1908009598806,433.3328632046106,55883462
2020-04-20,447.4694519042969,455.0942333496393,442.8046233171163,450.38202863591187,66232986
2020-04-21,436.48223876953125,442.33103695724475,430.0177532732101,438.06874645123276,33178006
2020-04-22,439.77362060546875,441.85741849282465,429.6862062216211,435.29823900880433,38289354
2020-04-23,452.252685546875,453.93391649352765,432.1725508137539,442.8046029436081,40901222
2020-04-24,444.24908447265625,453.88661472749504,438.5423565641276,441.8574715705519,33284568
2020-04-27,440.2945861816406,453.4129741043949,438.684376089416,447.61152351828474,27421072
2020-04-28,441.0997009277344,446.9721724701217,436.6479639199274,446.9721724701217,29441436
2020-04-29,462.7426452636719,470.1306325655098,442.3783690959177,442.80460969418954,55877778
2020-04-30,474.4402770996094,482.5859934672033,469.84646941798604,474.2508593129951,43793134
2020-05-04,437.12152099609375,454.64426885834234,434.5167882057595,453.46029940819045,26722324
2020-05-05,431.6516418457031,447.06692023148156,430.0414316301239,444.22539319611195,29672858
2020-05-06,448.2035217285156,449.9084263081122,428.9048181789834,435.22720397595276,33785846
2020-05-07,438.0687255859375,446.7353767542662,436.34011851196357,445.4093366633235,21831730
2020-05-08,439.9867858886719,447.0432564098975,438.16348422991985,446.11975432207817,20807484
2020-05-11,433.71173095703125,451.8027919285637,432.85927864015434,443.7517987809897,28550784
2020-05-12,426.9631042480469,430.680786073331,412.5423489795209,426.7026367214937,49568418
2020-05-13,439.32379150390625,454.6443472689425,436.6953557468504,450.38205651329616,44346966
2020-05-14,423.2454528808594,431.43851662513083,421.4931721145625,425.2818747852552,39554890
2020-05-15,420.61700439453125,422.62975248836386,414.3893134361181,421.7299241312722,24349628
2020-05-18,396.2272644042969,420.5459875978959,393.6935522032802,420.5459875978959,46649964
2020-05-19,393.3857421875,410.7427187976263,391.23089443858925,407.6880715158529,47460692
2020-05-20,405.912109375,409.1798768985452,394.11978998824173,396.13253822530055,40014306
2020-05-21,407.0724182128906,418.65164657168174,403.63890640560027,407.97224666252146,48478908
2020-05-22,397.26910400390625,412.16344570269695,394.5223006173569,402.54961939702196,42047432
2020-05-26,403.68621826171875,412.8501298572319,401.9576113751942,405.8647103959251,38005152
2020-05-27,427.9576721191406,430.8702200526852,405.9358370990581,407.2382036862673,56025754
2020-05-28,447.65887451171875,449.9084165946922,432.83558193554217,435.7007823864388,75488806
2020-05-29,450.6899108886719,452.27641870096875,437.3347270893843,447.06695209813034,53025166
2020-06-01,467.739013671875,471.21987252480557,457.53317320786255,461.7481162931512,39190230
2020-06-02,474.0614013671875,475.95575262140204,461.842841558605,467.2891014144718,41623594
2020-06-03,484.1251220703125,495.49122911818483,480.90473085451634,483.05954953457444,50546088
2020-06-04,474.3929138183594,492.03403078925146,469.3728657021748,486.87196992255116,54275882
2020-06-05,489.3819580078125,493.667950866198,474.91385601288056,475.0559265765521,35195984
2020-06-08,481.1178894042969,505.152471843992,476.6188050067185,502.0031012034842,49812664
2020-06-09,467.5732727050781,486.25631893617447,463.9029669132541,483.05960098845674,61844146
2020-06-10,469.72808837890625,473.51679110565817,463.26363169469056,468.85196243554805,36497730
2020-06-11,458.7171936035156,468.0942564370716,457.0122888549651,466.4840461369333,30897714
2020-06-12,465.4184265136719,467.2654305596224,439.4894935687484,439.4894935687484,42644876
2020-06-15,449.8373718261719,461.27452905224675,446.5933068750192,458.43300217923496,32009936
2020-06-16,469.0413818359375,470.72261279198466,450.85559824373564,461.748117949204,45399970
2020-06-17,463.7608642578125,473.0668763129085,460.9193373897534,468.37834541840857,36957838
2020-06-18,483.0359191894531,485.3801847591436,460.3273766683835,464.11607935701215,40870126
2020-06-19,489.3819580078125,493.9520919935411,479.34191943493755,482.088722986111,47877752
2020-06-22,487.2034606933594,495.34914792027973,484.85919524719657,492.2708271479766,29694474
2020-06-23,493.62060546875,494.89926945201995,481.4256902585646,492.0577425460753,28830512
2020-06-24,488.97943115234375,500.81912682189204,487.81916410113365,496.5568363808547,39429246
2020-06-25,487.2034606933594,496.79361386861143,476.90292580142204,483.95939574936546,70646790
2020-06-26,500.3218688964844,503.42389248729955,486.84831747595854,493.00495962302807,39969138
2020-06-29,509.6042175292969,512.7061831896528,491.1105892829066,491.1105892829066,46005956
2020-06-30,504.7735290527344,510.7881286085143,500.25080039283444,508.6332810624773,35746130
2020-07-01,513.6533813476562,519.0522945133749,502.6188188972583,504.77360897345386,34846718
2020-07-02,515.9266357421875,526.2745191114437,513.9375320069659,516.3528763862364,36954496
2020-07-03,508.609619140625,518.9575593169845,506.7389703650845,517.63149028882,27597254
2020-07-06,522.3673706054688,530.3710164045095,520.9466071314738,524.7116072131548,35558216
2020-07-07,523.3856201171875,526.4875858251261,517.65521873679,525.3983684647952,24349850
2020-07-08,525.8482666015625,532.7389930603082,523.3145831233048,524.261758839365,30056350
2020-07-09,532.7626342773438,535.0121765882539,524.3801523695173,529.471221809998,20114484
2020-07-10,523.36181640625,530.4182855168448,520.7334390530152,529.4237627937017,17562978
2020-07-13,511.59332275390625,527.103326290301,507.3547342248576,525.6352153803581,29922114
2020-07-14,501.4584045410156,506.21798480933654,497.2671642899165,503.23435869919393,26612674
2020-07-15,498.7590637207031,511.0012982756692,497.3145976308273,506.8337020049916,20974394
2020-07-16,503.2107849121094,504.60784592235433,489.7371761133544,498.9958415538396,23662456
2020-07-17,520.2125244140625,522.8409599731156,501.1980194464601,501.553210316007,28405738
2020-07-20,536.5986938476562,545.9994003595516,532.3837507560095,537.5221669572308,65124096
2020-07-21,539.2034912109375,548.3910496179376,537.0486432832329,545.5969274404998,47512422
2020-07-22,533.4255981445312,542.0212281345551,529.2580602600719,539.1797013815561,24718012
2020-07-23,535.3436279296875,541.7370628385348,528.6423494074719,532.7862424039471,20149122
2020-07-24,529.9921264648438,531.7917833346723,521.5385953018364,531.7917833346723,19598440
2020-07-27,511.23809814453125,522.3674129258156,509.2726969507391,520.8755995950568,37970094
2020-07-28,514.6242065429688,518.2945120793429,501.7662859081783,511.00124822550674,35596450
2020-07-29,504.18157958984375,515.5003400046988,499.89564452262283,511.9484313689292,33592086
2020-07-30,497.5751037597656,513.2035033624112,495.7043969995043,508.6333688861004,26956266
2020-07-31,489.12158203125,500.9138739086736,483.08330769965335,500.9138739086736,37726696
2020-08-03,474.5350036621094,486.3509968464558,470.27271321005446,485.8774090184497,31783542
2020-08-04,493.3127746582031,502.50039012196834,475.0085934673722,477.3765326172594,60306168
2020-08-05,486.6351318359375,500.01398621879076,483.0595210800113,496.2962760087325,33221360
2020-08-06,492.8628234863281,499.63515246884197,486.0195025792882,491.11057166842573,33646888
2020-08-07,494.3546447753906,495.94115244366236,483.34372772806677,490.0923543054588,24836784
2020-08-10,497.5751037597656,503.8974902186321,494.33103843475357,494.4257328836954,22172854
2020-08-11,505.1524658203125,507.2125612998036,496.55683522207664,496.55683522207664,20136148
2020-08-12,503.7553405761719,504.84461568563995,496.32003493297435,504.37102786604737,20666432
2020-08-13,501.5532531738281,507.37834924554534,500.3455809897671,505.76813893713694,19892740
2020-08-14,489.9029235839844,504.7972960094688,486.5168167379499,504.7972960094688,20924512
2020-08-17,489.09783935546875,495.84646604229073,483.1543177737902,495.84646604229073,19561012
2020-08-18,500.34552001953125,502.78450879716246,484.006740615202,486.8482674681288,24040824
2020-08-19,505.1287536621094,506.6442693619533,500.2271313221259,504.3710247176938,17715624
2020-08-20,501.52947998046875,506.24165546400184,498.2143653819199,499.61142626690406,19216734
2020-08-21,514.1506958007812,515.642509191707,504.1816477574561,504.56054118757146,28924302
2020-08-24,529.0213012695312,531.8154231788657,514.1506320521144,514.3163762281067,36779740
2020-08-25,530.2763061523438,533.7335206706247,523.8828700129884,529.9448177732289,27601738
2020-08-26,529.6842651367188,535.983006159888,525.445677344286,530.8919371815633,25190062
2020-08-27,526.677001953125,535.1068882558171,523.906524774149,533.1651897600997,20645996
2020-08-28,527.8135986328125,532.7862704907259,518.5786366109733,526.6059266286294,38696610
2020-08-31,528.4529418945312,544.0576947927252,521.2780750696418,534.9174270102438,38501166
2020-09-01,533.8755493164062,541.5949957589843,524.7352816648081,534.2070376515376,28877884
2020-09-02,537.1196899414062,539.4165795299666,530.7498984552532,532.3601087623225,19761682
2020-09-03,535.5805053710938,542.7079677503818,534.207089058651,538.58777662407,19833362
2020-09-04,530.0869140625,532.975788442155,523.0304433964122,525.6825238464066,23661370
2020-09-07,525.919189453125,530.181479147027,520.4729303998058,528.6660214913745,17615466
2020-09-08,526.8427734375,529.8501024928822,522.3673914403189,527.5768577194156,14624918
2020-09-09,519.2890014648438,525.6824365033987,516.8026656165168,521.4201464776954,15728872
2020-09-10,516.4712524414062,523.2435240032332,513.3692289025056,522.3673980437857,15188088
2020-09-11,510.8355407714844,523.2435191909366,507.2125821936125,519.2653697291756,20794730
2020-09-14,501.0322570800781,518.10512268416,498.3801766066042,515.2635955030769,21650590
2020-09-15,506.97576904296875,509.6515518289854,501.10326842319205,505.7917994749095,16505110
2020-09-16,517.9393310546875,519.0522508698061,505.9575360808241,506.83366198587436,18710112
2020-09-17,513.1796875,518.1050117885272,510.5276075941795,513.3691341670599,18318686
2020-09-18,500.7243957519531,517.2525634487629,495.94111280255106,517.1578690147392,23481778
2020-09-21,496.93572998046875,507.37830687889436,493.2417218055749,499.63515746988145,19842878
2020-09-22,490.35284423828125,501.1269672278319,487.5586645161511,499.185268712797,18620678
2020-09-23,495.96484375,499.63514934948677,489.8555493189743,495.37285897588924,16079828
2020-09-24,487.98486328125,495.8464089187146,485.4274776902411,491.58411887070275,19809510
2020-09-25,494.4256896972656,498.19068978463525,485.7353646637358,497.26721664954874,20321544
2020-09-28,499.2562255859375,501.529470104583,493.78632129264906,496.76988968598556,16152422
2020-09-29,503.2107849121094,506.69164399047804,497.74082220966153,501.05593710544423,12644446
2020-09-30,510.8117370605469,514.7425385212819,498.2143144364275,502.00301644735094,18813842
2020-10-01,524.238037109375,525.6825031478362,516.2580935562258,516.2580935562258,21203080
2020-10-05,527.7425537109375,536.1013899485746,526.156046142108,526.629633942416,16940126
2020-10-06,541.8318481445312,543.6788523235131,533.3546140591651,537.5459127845144,19371990
2020-10-07,550.4274291992188,551.6587459363651,538.7534781835764,542.210692302306,21248778
2020-10-08,564.4219970703125,569.7261576245393,550.9483886643206,558.8336375702047,35060674
2020-10-09,584.1942138671875,585.8280685410601,564.3508748418734,568.7789089068822,44972388
2020-10-12,574.7698364257812,588.5512296372209,570.9574315684628,583.247069481048,19220546
2020-10-13,567.5712280273438,578.9373342709433,565.9373733792287,574.6513997281895,18353952
2020-10-14,573.7516479492188,575.0777169789134,556.7024863097868,566.1979452917092,22582918
2020-10-15,553.7426147460938,576.3564354466505,551.2562784387027,575.0303662916343,28246896
2020-10-16,567.9974975585938,569.9628984257118,555.5184710040381,558.8335854942584,25822848
2020-10-19,569.9866333007812,584.8809468387893,564.8008120814739,584.8809468387893,42359556
2020-10-20,579.6477661132812,581.281678713912,571.0995409888332,571.8572699084973,27411978
2020-10-21,590.421875,592.4583256225468,578.5821802433544,582.7971231389221,35640752
2020-10-22,584.075927734375,591.9848218296115,579.1979496780918,587.2252407376943,21913060
2020-10-23,585.2598266601562,591.250666084375,583.0812765302468,588.9064295975948,15866230
2020-10-26,573.467529296875,588.1960996171958,570.4839027686133,582.4183510706442,19571976
2020-10-27,583.9810791015625,585.3544952237552,567.2871098809821,580.6186174306827,24317780
2020-10-28,572.8517456054688,583.4601230411454,569.0156962937793,581.5657719923105,16571186
2020-10-29,562.2434692382812,570.4128596049055,558.1232780908251,568.5895579548477,23060024
2020-10-30,560.514892578125,567.973900810896,557.1050255565358,560.0413047538221,11522716
2020-11-02,575.527587890625,580.1450690524712,557.6496480075795,565.6295910686702,21926080
2020-11-03,591.0138549804688,592.3399239069427,580.3818322989872,580.8317175717145,28164230
2020-11-04,595.4893798828125,598.9939415687415,582.5130611057333,592.9319939059985,23404822
2020-11-05,601.07763671875,604.2980570121856,593.0976935312227,599.562178822435,21433928
2020-11-06,619.287109375,620.4000291628225,599.3253716836275,599.6805625400184,35705724
2020-11-09,634.8681030273438,637.4254307157104,622.8626069068144,622.8626069068144,26288440
2020-11-10,660.0156860351562,660.6550180387974,640.0776500995573,642.6586806298552,41517356
2020-11-11,658.2633666992188,670.0320702645637,649.0521067328153,662.9756001906362,36116194
2020-11-12,649.620361328125,657.6003619970146,644.0794071994167,652.3198464713761,27053948
2020-11-13,643.5111694335938,648.2470477549742,637.9228098899588,648.2470477549742,22472480
2020-11-14,648.6732177734375,651.1595538431708,646.542072570809,647.7734471589163,1835066
2020-11-17,667.0247192382812,668.9901201865498,653.8353104626648,656.2980017294028,31059900
2020-11-18,667.1431274414062,672.0211050279592,662.5730513057764,664.4437000382147,18862776
2020-11-19,650.8753051757812,662.762346002072,647.8680345600171,658.1448654925982,20266882
2020-11-20,664.7515869140625,667.0011291667048,646.4711077495306,650.070363791555,20405362
2020-11-23,660.4654541015625,674.223201145032,651.3488900588065,670.1266556103722,25246636
2020-11-24,681.1140747070312,684.3344954571203,663.993918872267,666.8117436703291,40154400
2020-11-25,664.3489990234375,693.5219963829492,661.6021666174429,687.3180076712156,24152602
2020-11-26,675.64404296875,678.1777261235598,656.8662752328055,670.1267335648304,27943126
2020-11-27,682.3690185546875,684.8080074601961,670.3872810499112,678.0830833467495,17994580
2020-12-01,678.7935180664062,686.2288245105392,675.0995095512586,682.3690718028827,17147574
2020-12-02,666.3143920898438,678.0830962284707,660.5603460504777,677.7042028299456,17892150
2020-12-03,652.22509765625,678.1777323249325,650.7333423290647,676.7569689192239,37933222
2020-12-04,656.2033081054688,663.7096639052261,650.3782122840587,654.0248155752419,26912322
2020-12-07,649.8809204101562,653.5275236928608,643.17964084008,651.1832869841245,24316318
2020-12-08,651.7988891601562,657.718736450316,646.518373815132,651.1832019175762,19457896
2020-12-09,666.4327392578125,667.7825107573249,651.206937503077,652.1304106028376,22069074
2020-12-10,656.3217163085938,663.9701717176157,651.5384905424463,662.075820300447,19727966
2020-12-11,654.8773193359375,660.6550681335584,650.2361351594091,658.3108313387821,21356384
2020-12-14,649.8335571289062,657.3399127257109,647.8681560581934,654.9719735588316,17222050
2020-12-15,658.9027099609375,660.6312591314887,646.9209158475564,653.9300382066189,21561436
2020-12-16,668.09033203125,670.9792640576541,660.4182322709024,664.9173166786283,16832092
2020-12-17,682.81884765625,684.334305346456,665.1540012865726,671.8315770637383,21924478
2020-12-18,668.3981323242188,681.8243349393504,666.0065486123938,679.5984953959074,22995918
2020-12-21,650.0703125,674.3179850066851,647.2524303718895,671.3107140052659,23761824
2020-12-22,650.2833251953125,655.8243365333337,636.9755210391489,655.8243365333337,22851558
2020-12-23,651.4911499023438,654.0011308688444,644.576778722014,647.6313972886575,15467394
2020-12-24,661.6494750976562,664.9172423380148,652.130372293053,658.0028723203482,14952188
2020-12-28,669.1084594726562,672.9682113037708,664.9172193318045,665.3908070948613,11699194
2020-12-29,675.904541015625,679.48015232617,672.4947316976208,672.9920220532118,14495346
2020-12-30,678.41455078125,681.9191122043819,669.1795883098822,681.9191122043819,16216726
2020-12-31,680.2142333984375,683.8608366188828,674.8863702322585,679.5985460859396,22145750
2021-01-01,674.8863525390625,683.3872308658292,672.7788520330828,681.9664673920958,8810938
2021-01-04,670.6004028320312,681.0193356443933,662.549409295206,681.0193356443933,15740192
2021-01-05,675.6676635742188,677.5857172103831,667.2851829805555,672.1157552191057,14386824
2021-01-06,672.7552490234375,681.9665096579522,669.2269848250551,679.5985703883066,22134050
2021-01-07,670.7186889648438,678.4618375541515,668.9664373148993,678.4144903386681,19894842
2021-01-08,678.0120239257812,682.9136463718647,673.962824881487,678.1777681029891,13768764
2021-01-11,687.3889770507812,693.7587675349387,680.2141682562502,686.7022978773078,17331392
2021-01-12,701.3834838867188,704.5564988055578,686.2760225365455,687.862529995965,20388156
2021-01-13,696.4818725585938,708.9135516468576,692.4326739597276,707.0192005476937,16934650
2021-01-14,695.5820922851562,704.6986575797872,689.5438477393617,696.7187145853906,12297166
2021-01-15,694.587646484375,696.9555857845563,684.3344577523865,695.7479136170566,14165236
2021-01-18,702.3779907226562,711.7313489217837,694.75323939848,696.1266554557428,42825632
2021-01-19,712.2050170898438,715.8990251352752,694.7533178392471,706.4983186612751,17360254
2021-01-20,706.593017578125,710.8553078986365,703.751490697784,710.8553078986365,13346052
2021-01-21,698.4473266601562,707.7059336769149,695.2979561553767,706.5930138834698,26333054
2021-01-22,683.647705078125,695.1795566696569,682.0374949646825,695.1795566696569,15392364
2021-01-25,692.7879028320312,701.3835329786784,689.1412998903074,693.853475383822,20344718
2021-01-27,667.5693969726562,697.073942054867,665.9355420753217,695.2269379463488,23556276
2021-01-28,649.5020141601562,663.6386573049136,635.5548755229009,658.2397444156159,42704446
2021-01-29,658.5238647460938,667.1668424746923,646.2105814067206,658.9264028315245,28704502
2021-02-01,699.370849609375,702.0939797162,663.496570375984,667.8772579391374,26370544
2021-02-02,739.0575561523438,747.5584350931389,709.1504713078268,710.8553760372515,42420206
2021-02-03,745.80615234375,749.0738621856243,730.272448092601,747.7951981441097,20237254
2021-02-04,747.8424072265625,752.0573497793404,730.9589923144664,741.6384192408357,24484684
2021-02-05,756.6038208007812,766.3834199558067,733.1138786291295,733.1138786291295,27054716
2021-02-08,760.226806640625,772.7295359697247,755.7040200816045,767.2122266050849,17447580
2021-02-09,763.3524780273438,771.0009325010271,751.4417333862714,762.4763521662492,18421366
2021-02-10,749.0974731445312,764.7732171448926,742.1120533696732,761.6948965661414,19788006
2021-02-11,744.6458129882812,756.698657949199,740.7860606113193,749.2159471102909,13648618
2021-02-12,749.1921997070312,754.1885741389179,744.9536120066047,745.3798525902982,9910106
2021-02-15,765.6019897460938,769.5801386403439,756.177581409158,757.7877914152841,10355244
2021-02-16,770.3616333007812,777.1576069056083,761.7423003535508,767.7805450141519,13897358
2021-02-17,751.3471069335938,768.0647807827121,749.6895494962994,767.2122995476974,12794426
2021-02-18,736.0975341796875,760.5582975853896,733.1139079415677,760.5582975853896,14720560
2021-02-19,728.8990478515625,740.7860913158588,726.0101735308317,731.6932277267678,17139508
2021-02-22,733.114013671875,745.379950915023,729.0648143091637,731.7169525971016,29451838
2021-02-23,724.1868286132812,737.7077262268455,721.1085077743629,735.8370774568311,18239906
2021-02-24,760.795166015625,764.3470748323017,718.0775657714667,722.931841154258,14314332
2021-02-25,760.771484375,774.908069216845,758.6876864081806,762.3579920072215,20109570
2021-02-26,726.6731567382812,752.4836927211386,720.3270684390092,751.6075668233725,27912846
2021-03-01,738.2760620117188,744.7405472981088,729.6567290261943,740.6913483244873,13536018
2021-03-02,742.6803588867188,751.8206264779094,734.53467191637,746.2322673582679,16110038
2021-03-03,751.5128173828125,755.8461574794367,741.1649351223799,750.1631036638017,11222410
2021-03-04,735.031982421875,744.0064482821596,728.8989856058892,733.3744250896104,16291438
2021-03-05,724.58935546875,731.9773138054445,720.3744123616639,725.0629432827818,17445822
2021-03-08,719.6166381835938,736.429004524836,716.3015236937714,730.2723633294515,15117050
2021-03-09,739.98095703125,741.4964149068451,728.496452578125,731.6931703125,15066696
2021-03-10,736.7842407226562,745.9008061309231,735.0793361565595,744.4800426906737,11055016
2021-03-12,734.9845581054688,757.7404748656829,726.9809705885083,757.7404748656829,15631204
2021-03-15,723.9500732421875,733.3034332122131,717.6276870525,733.3034332122131,12230386
2021-03-16,716.1358642578125,729.5147207460253,715.1176388389844,725.0156362632634,13722366
2021-03-17,708.1795043945312,728.8516234041614,705.7405156649922,721.8662033617888,21064428
2021-03-18,706.1194458007812,720.8243708649012,701.4546172951518,715.9463931517981,18065540
2021-03-19,709.1978149414062,715.6859454495183,698.0922028335087,703.2779667365531,21235020
2021-03-22,695.7715454101562,707.9664315664949,691.6276520560606,707.9664315664949,14015632
2021-03-23,710.4528198242188,713.9099764186892,695.7478940590526,696.1741346833069,19761428
2021-03-24,700.3417358398438,713.4363936460627,696.6477274847226,706.0721372637486,16368900
2021-03-25,693.0247802734375,708.2743439839369,686.8207908973509,705.7406026954393,23964356
2021-03-26,706.2615356445312,709.9081387163341,698.0684432741003,707.5401996278873,12021258
2021-03-30,735.8134155273438,740.0047142264807,711.1158555293341,713.5311419893512,25607644
2021-03-31,707.3744506835938,733.1139368392285,704.698667969491,733.1139368392285,30774506
2021-04-01,704.1066284179688,710.0975253674159,693.8060942541276,710.0975253674159,35763762
2021-04-05,686.5128784179688,703.2778984689253,677.704156706419,700.9099594168414,16006586
2021-04-06,682.0848388671875,692.6932173036304,678.4855830970582,691.4381980531808,15075734
2021-04-07,685.3762817382812,689.87536610547,673.228800195683,681.6349841449041,25088180
2021-04-08,678.556640625,691.8644465891563,677.4673655322455,688.123091309579,17613592
2021-04-09,673.323486328125,678.5566548887363,670.1741157477531,675.3362345728195,28157816
2021-04-12,647.418212890625,662.5493196905331,640.7642813018523,659.7077929441834,22549128
2021-04-13,663.1886596679688,666.0775336661652,644.5529914266166,647.8681060041231,18600682
2021-04-15,677.2778930664062,680.4035609465851,658.7606218714734,665.3908509916752,34444984
2021-04-16,676.5912475585938,684.3343968185246,674.1522587343736,679.5748161245511,15606526
2021-04-19,668.8953857421875,671.4053662659722,649.9045275050281,658.2870080077744,24069242
2021-04-20,658.9501342773438,675.5257087311528,655.4218701712806,674.8626741907973,23186270
2021-04-22,673.6786499023438,675.7151005800558,649.3125805575211,653.551168270815,38485312
2021-04-23,669.7242431640625,679.4090911892929,663.1176582311249,667.2852542707776,22713528
2021-04-26,665.2962036132812,676.7570059215569,664.3253254418922,669.179600676809,30170952
2021-04-27,681.3507080078125,682.9135707879716,665.2961287020331,666.4563956250854,20592906
2021-04-28,699.3944702148438,700.4363402266798,677.7041263450838,680.1904622383832,24103940
2021-04-29,697.3580322265625,712.1103036895167,691.9117725521276,703.8461619317026,24078552
2021-04-30,668.8480834960938,688.5019775026257,666.5748388962347,684.3343816732215,35232902
2021-05-03,669.8663330078125,673.3945972912176,652.2725900591925,659.7078964206457,22473700
2021-05-04,657.5055541992188,673.9153816245907,655.113970700858,667.7350382400332,21486328
2021-05-05,664.2542724609375,667.5693872393219,654.3562753461298,663.4965435023666,14421612
2021-05-06,663.44921875,668.1377499432683,660.6550389228186,666.6222341637894,11477044
2021-05-07,670.0083618164062,674.8389344089317,667.8772166471722,669.1558806243075,12048334
2021-05-10,672.4236450195312,677.2305728857831,669.0848856230303,675.8098094461626,11060050
2021-05-11,664.7041625976562,674.4837041655442,660.6786664019221,661.1285516758652,14519034
2021-05-12,662.7861328125,667.0957702739445,657.7424111292165,662.9045297636991,13774926
2021-05-14,656.7952880859375,662.5020447148758,654.6641427937886,660.3471969061856,10604142
2021-05-17,682.0848388671875,683.1977586511666,654.1668607756777,660.726040338843,15120692
2021-05-18,699.34716796875,702.2123976389103,689.0703345571502,690.9409834750115,22165280
2021-05-19,690.5858154296875,700.3654165997244,687.9100901877404,696.2688699233435,10130916
2021-05-20,678.556640625,694.2323856507859,676.5201899075936,690.6567745433202,10684184
2021-05-21,709.10302734375,711.2815196347564,683.3871869956029,683.3871869956029,19341646
2021-05-24,715.0938720703125,720.066543946563,709.6713149106149,711.9208569498711,22146102
2021-05-25,700.4127197265625,716.8935998449266,696.410925563643,715.3544393498013,19236974
2021-05-26,699.5128784179688,704.2250538719275,696.1740613259808,700.9099392941847,12283990
2021-05-27,702.1649169921875,705.172187761946,692.598409375569,697.6421306756245,20439496
2021-05-28,712.015625,716.5384120604125,700.3180283108625,706.0721322104973,17750020
2021-05-31,717.88818359375,719.6167909354306,704.4619786222132,710.3818271820637,15661054
2021-06-01,715.9227294921875,723.1686467192825,713.8152866847665,719.9956312497015,11030162
2021-06-02,712.2760620117188,715.2122832918838,707.0665961326437,715.1175888548506,10624016
2021-06-03,720.114013671875,722.1977539203226,704.5803093860752,714.1704631518745,10287260
2021-06-04,710.8316650390625,720.1613804324387,710.0028862960756,717.959185353156,9424476
2021-06-07,710.3106689453125,717.0119480537238,708.4873674295712,715.1175968039121,8091668
2021-06-08,702.3544311523438,710.9974087636919,701.6203469157421,708.7478666456698,9872540
2021-06-09,701.0519409179688,711.3287715503201,697.1448421394799,702.7568451863816,10223442
2021-06-10,701.4072875976562,705.1722877692647,697.9027260492259,701.9045201388227,11483540
2021-06-11,703.917236328125,708.7478667213167,701.4072555985663,706.1194312271526,7205974
2021-06-14,700.6494750976562,703.7514984338662,692.645887212192,700.0811928397461,8881964
2021-06-15,705.76416015625,708.4872897793995,698.44725238019,703.7514121739222,7569602
2021-06-16,703.0885009765625,707.5402382681639,700.0101799934681,704.6987112068459,7702098
2021-06-17,694.3270874023438,700.3179848535726,691.4382132789289,694.2797401828149,9283802
2021-06-18,700.8153076171875,705.6458804529288,689.0703060798735,695.9373297487107,11938060
2021-06-21,705.0301513671875,706.4983198306301,690.9646164997872,692.0775362938388,7260472
2021-06-22,702.7095947265625,714.1703962636843,700.9099379776212,708.9609305084452,14366824
2021-06-23,703.5147705078125,709.3399243472963,700.2470026908098,705.6459158913771,7844868
2021-06-24,713.3416748046875,716.7514840843272,704.6986968360997,705.6458725038901,14785024
2021-06-25,717.5328979492188,720.8006654850395,713.6968481510871,715.6385466601647,10383176
2021-06-28,714.336181640625,721.2742548134761,712.749673994932,719.8534913437187,9356786
2021-06-29,714.4313354492188,717.3564596471477,709.722512551715,716.7857178673613,10971692
2021-06-30,712.45751953125,717.7370848853583,710.6500735615214,712.5050716754585,9679022
2021-07-01,707.1539916992188,714.4074629441578,705.3703512291518,714.4074629441578,16911442
2021-07-02,704.1337890625,708.3431694594663,702.516609898695,706.321710020015,14827036
2021-07-05,711.2921142578125,715.5966570879147,706.107711679034,708.6761078676606,7373882
2021-07-06,729.9608764648438,732.4817785375456,711.5537277221872,712.029365240718,17669032
2021-07-07,732.243896484375,735.0263641150248,726.6313510263612,729.6278903585783,9629190
2021-07-08,723.1829833984375,731.3877299302179,719.853521037715,725.3471571573934,8420922
2021-07-09,714.4075317382812,721.0664568010882,712.2671629680933,719.4255306350982,10695842
2021-07-12,707.2728881835938,714.4074499339326,705.8459758335259,714.4074499339326,14458978
2021-07-13,714.336181640625,716.3576410548972,705.8936158516059,711.601265962492,18178142
2021-07-14,713.0519409179688,716.9521450358477,709.2230359732336,712.2671274624448,9788494
2021-07-15,723.3019409179688,726.1795710886405,713.2898061320276,715.8344552077314,10438802
2021-07-16,724.086669921875,727.7015029771919,722.3981917888874,726.7502280646762,5170628
2021-07-19,699.662841796875,708.152960521866,697.284654027341,707.2730426593835,25111600
2021-07-20,686.416259765625,691.5769149534121,683.0867973139923,685.8692650363275,24174250
2021-07-22,689.0560302734375,698.4736760969855,687.2961947294137,692.5757594227039,13207114
2021-07-23,686.2260131835938,693.217861311592,682.6825369811414,690.3878413695973,13126684
2021-07-26,682.3258666992188,686.8206182966845,679.2579696824195,680.1616926345283,13167166
2021-07-27,684.7991333007812,689.6268658388828,683.0630447053469,683.0630447053469,22401430
2021-07-28,674.1210327148438,684.2996284750666,667.7950309210904,682.5635980986397,20670342
2021-07-29,674.5728759765625,680.1378114327916,672.2184936053619,679.3292509173456,13702230
2021-07-30,678.4730834960938,680.9939854514296,669.6737898129428,674.9296073725011,11655488
2021-08-02,676.665771484375,682.5398836091144,673.6216795549884,682.5398836091144,13258786
2021-08-03,682.3971557617188,684.8705058077147,670.6489317422132,670.6489317422132,12033120
2021-08-04,696.9515991210938,701.3274405647641,684.9179480591796,685.3935855231096,22053948
2021-08-05,706.2503662109375,716.8095540851317,693.1941393958622,697.8078001562104,18822408
2021-08-06,709.9603881835938,713.4563125026119,701.0897364192333,705.632098166656,13339270
2021-08-09,715.311279296875,716.9522055194989,702.0409808514629,709.6511811858961,10998048
2021-08-10,717.0949096679688,722.8501119757157,708.224258418714,708.224258418714,14838346
2021-08-11,711.0542602539062,722.4220081617676,709.1993204454371,720.5432632537157,12585786
2021-08-12,714.1221313476562,717.0710605291638,708.3669293933626,712.0293148021268,8597674
2021-08-13,725.9179077148438,728.2009908715206,713.9318662953315,714.0269705680195,16658428
2021-08-16,728.0108032226562,730.1036199997209,723.6587081426609,725.8942394054524,6252778
2021-08-17,720.4244384765625,724.8716380293928,715.9772389237322,721.6372794121205,8282666
2021-08-18,719.6395263671875,744.5391374947473,717.4278004141593,740.4248615711514,22985932
2021-08-20,720.471923828125,722.8739164966347,706.8211504103504,706.8211504103504,13150406
2021-08-23,725.156982421875,729.2237066164494,717.5705868776091,727.6540795087693,10843054
2021-08-24,741.447509765625,744.1348732691891,726.5124805626797,727.725379419533,18381314
2021-08-25,740.7578735351562,744.2776027396884,736.2868693056814,738.2369714945701,7727974
2021-08-26,739.521240234375,747.2265448434088,734.122707926727,737.2381569110653,11119002
2021-08-27,736.5008544921875,741.35239176859,734.9788377356009,738.189390820678,6382138
2021-08-30,745.9185180664062,746.750883701105,737.9991419868863,739.9016920090548,9049166
2021-08-31,752.1731567382812,753.100626642032,743.040881869667,743.6592338463132,12062576
2021-09-01,751.0791015625,760.0686611698048,748.8911808584842,749.1289995885123,12422558
2021-09-02,755.7880249023438,757.2149374729586,747.3454588595391,748.701014189379,9618524
2021-09-03,749.6285400390625,760.0687604261853,745.9423492422521,754.4086623001291,10735334
2021-09-06,744.7056274414062,751.959099481168,742.9219867758911,751.4834619703639,7876896
2021-09-07,746.3942260742188,752.4586048427045,739.7114952656328,743.1836726085498,7245496
2021-09-08,749.7949829101562,751.7450850903009,744.6580745740106,747.6783611524173,6724080
2021-09-09,746.0849609375,751.2456161314306,742.4701275979534,748.6534150154891,8250948
2021-09-13,739.8778686523438,753.4097310647218,738.9741458727887,742.9457070221562,8959164
2021-09-14,736.5485229492188,744.134918355455,735.620994925657,741.994549462774,9758506
2021-09-15,735.7161254882812,739.521225577569,730.1035796320939,730.1035796320939,14822998
2021-09-16,741.970703125,744.0397727219095,730.7219225742858,731.411573732443,10260550
2021-09-17,752.5299072265625,755.788012597511,741.6139914023458,746.2752622816204,20498102
2021-09-20,741.9232177734375,752.3158865869241,741.0432999217188,743.8971252102491,8781610
2021-09-21,738.1655883789062,746.1087693954601,727.2259259755568,742.9457684361612,14774996
2021-09-22,729.4852294921875,737.3095014073501,727.7253939209189,736.7625066558845,10582202
2021-09-23,746.7508544921875,747.7021294660628,733.4330048579319,733.4330048579319,13664304
2021-09-24,761.75732421875,764.8013580210053,749.1291243270337,751.0316744840547,20806702
2021-09-27,772.9585571289062,777.9051991730677,764.82516678098,768.4875526262753,16415462
2021-09-28,768.1783447265625,776.2403768870238,752.458502595142,776.2403768870238,12773790
2021-09-29,758.0948486328125,764.1592270047574,753.9568254387971,759.5931184310665,16263036
2021-09-30,758.6181030273438,764.0403828230873,752.9818095541101,754.3611700902277,15975348
2021-10-01,752.79150390625,755.7880436031745,744.4916521396281,752.9342183913312,11128596
2021-10-04,754.2421264648438,761.6620594673581,753.219494280695,755.7879482595848,7051028
2021-10-05,758.8558959960938,759.830976185328,749.7236783800458,757.2149696945492,10257178
2021-10-06,768.1069946289062,773.7908394129953,754.8366970384816,759.1174344507981,18600830
2021-10-07,766.0142211914062,774.19516325999,764.3494898817696,773.6719736034911,11265724
2021-10-08,762.2804565429688,771.4840306228035,761.0913627843023,766.7276555881376,7245562
2021-10-11,777.0966186523438,782.4237357564093,760.5444094069899,760.972494795636,13080848
2021-10-12,775.098876953125,780.7827800509983,772.9109560129631,772.9109560129631,8176946
2021-10-13,779.7601318359375,783.8506027379818,775.2891277080766,778.6185902197064,6225644
2021-10-14,802.5907592773438,803.827405211579,779.094254281992,779.094254281992,14757288
2021-10-18,794.4573974609375,820.4747473854239,792.9115754731099,810.9619966911002,28856456
2021-10-19,803.208984375,804.9926249141711,794.7902242545991,796.9067878032625,8987540
2021-10-20,796.1458129882812,807.9891982795003,791.6748089028501,803.3992848197823,10908568
2021-10-21,797.3112182617188,799.9985238690318,789.9625835542432,795.1708493673277,9738190
2021-10-22,799.4277954101562,812.3889183760505,794.6714200098281,799.1186193968903,12175554
2021-10-25,788.13134765625,803.827385358517,767.5838306159519,803.827385358517,16426766
2021-10-26,786.1099243164062,796.1458645438692,783.0658325252933,784.8019211145486,12090656
2021-10-27,781.3773193359375,791.9602538614304,778.761313048737,786.1098893037489,13249642
2021-10-28,757.9758911132812,784.8018571141539,754.9080525326855,784.8018571141539,17797750
2021-10-29,752.86279296875,761.9712625572553,741.9944878834696,756.2636126504593,12406874
2021-11-01,763.5408935546875,766.252004050304,753.1957780437663,753.885429186674,8122320
2021-11-02,764.2305908203125,771.4840630530865,761.043842637615,763.873862677717,13237722
2021-11-03,752.1969604492188,765.7288832277255,749.3907454269682,763.4457998232535,10207338
2021-11-04,758.142333984375,759.9973317587402,756.3111413083693,758.6417765602017,1096808
2021-11-08,761.1388549804688,763.2554184797219,746.9648352689229,757.2623980202548,18943580
2021-11-09,747.8211059570312,758.4515931319643,746.2990890867115,758.4515931319643,12695476
2021-11-10,739.7352294921875,746.2752451845312,737.2381325914745,745.7996076796335,13714126
2021-11-11,736.4295654296875,739.5687613215156,730.3889343351215,737.2619310557671,7999404
2021-11-12,738.6651000976562,741.5427304410064,734.8838048767004,737.2381874767336,14914092
2021-11-15,740.6865844726562,747.6308811816832,739.3310290495845,742.9934150082311,9533594
2021-11-16,736.2869262695312,740.662768498323,733.2428343419601,739.6163891144192,8245406
2021-11-17,728.1058349609375,734.3842261047051,727.0118455965297,731.0072118067511,7598878
2021-11-18,732.1964721679688,734.1465745535659,725.4661890753654,725.846722348215,9152874
2021-11-22,720.75732421875,738.5223744689714,713.004467265438,735.3356262214785,15261272
2021-11-23,720.8524169921875,726.6789762107248,711.7201424006887,714.4075058157676,11235214
2021-11-24,722.0415649414062,730.7456967746908,720.1390148495992,724.8715849784808,30802286
2021-11-25,725.799072265625,729.2950545918285,716.7857642148182,720.4957602069751,10251652
2021-11-26,708.6522827148438,716.6429574254157,706.321647484638,713.4562095804424,18624936
2021-11-29,714.0507202148438,717.0948115002752,695.3819503441143,710.9828818936928,12990996
2021-11-30,710.388427734375,727.2497542737889,707.058965157582,711.0780789007943,25221542
2021-12-01,715.66796875,716.8095103506997,708.2717824753072,711.0780553091722,8677634
2021-12-02,725.7039184570312,727.15463606218,713.4562527842353,715.596621542588,11203110
2021-12-03,719.9011840820312,730.5554179694886,716.8095402344054,725.7277436410184,8124694
2021-12-06,715.2637329101562,722.3982957810733,712.1958360389292,719.6395749131635,7029532
2021-12-07,725.6801147460938,728.6766542380091,718.165077039117,720.0913740885894,12427534
2021-12-08,739.0455932617188,739.6401401548495,729.6279472500399,730.5792222790491,15295534
2021-12-09,726.2271118164062,739.4736046987022,723.9202815328325,734.9550484079257,11747744
2021-12-10,724.181884765625,726.7740858657247,717.4753496970789,725.2996212566436,7779384
2021-12-13,718.7596435546875,731.3640377223576,716.8808405306988,725.8228490514963,10322142
2021-12-14,714.62158203125,721.0664937719724,712.0531858243114,714.6453871321823,9191100
2021-12-15,713.456298828125,724.5624236009718,711.387287173768,714.8832114257813,10115148
2021-12-16,713.5038452148438,721.5421310623909,710.6024679019197,719.5444766662719,13210432
2021-12-17,700.6378784179688,716.3101116196879,698.0931712139019,712.0293739008451,14994768
2021-12-20,678.0926513671875,693.4795137394923,672.599014710812,690.6256885800706,21156668
2021-12-21,685.7741088867188,690.0310409033746,680.1615636683271,684.680119510879,9118750
2021-12-22,687.391357421875,692.5282661369407,682.8728007403497,690.7684304433625,8577484
2021-12-23,686.8681640625,693.3844332367066,683.4197918766113,691.2202591921077,9779166
2021-12-24,684.3948364257812,690.6256763008242,679.2103758660999,687.5340324330864,5561024
2021-12-27,690.0548706054688,691.5768872980073,676.4278453611157,679.6383983110893,4705098
2021-12-28,694.811279296875,697.7126564182305,691.2915502045277,694.7636690981695,5450678
2021-12-29,691.5055541992188,694.906373869757,688.4377156088801,692.5519915154243,7668702
2021-12-30,695.1442260742188,697.6888751595437,687.2962071004079,693.7173135335258,7215918
2021-12-31,703.658203125,706.2266575074009,695.1442793672378,695.1442793672378,6325736
2022-01-03,722.8025512695312,724.3959253104654,704.1813312029835,706.3216999908345,9069184
2022-01-04,727.0357055664062,729.1047170271323,717.1662276895983,722.9689818191866,8857352
2022-01-05,744.3013305664062,747.7021503050373,726.8216524342752,730.9597335226943,14332638
2022-01-06,732.36279296875,739.4973550044904,727.749132743457,733.9086147431605,9628930
2022-01-07,737.499755859375,745.2050602081262,730.5316548059,734.3843069802756,11179384
2022-01-10,741.5902709960938,747.7022016813078,735.0978070600898,741.0432762210418,8856496
2022-01-11,744.80078125,746.1325314282669,736.191754015291,742.731769713943,8389198
2022-01-12,740.401123046875,749.9138730090968,738.1893970684148,745.7995970381922,21085530
2022-01-13,726.7740478515625,739.6162594300914,723.1592147231823,739.6162594300914,41963896
2022-01-14,734.9313354492188,736.619813831022,722.493402522968,727.7254153127986,11208968
2022-01-17,723.6824951171875,740.0919897485006,722.5647585444003,727.7254140843227,22989372
2022-01-18,727.36865234375,737.6662159084163,724.3959179463994,729.1522929821604,12341152
2022-01-19,722.2318115234375,732.3629145201494,719.8060716409249,729.6279986191973,14317626
2022-01-20,717.7369995117188,727.0119309169397,713.5038140786304,726.9881258170541,15197846
2022-01-21,723.7300415039062,727.6303040191038,706.6070907204011,713.4562826460474,11537694
2022-01-24,707.1065063476562,723.5635523601698,698.0218416410312,718.1888253449379,11868508
2022-01-25,707.7723999023438,711.0780572785832,686.8205449567051,693.7886458927823,13594248
2022-01-27,701.54150390625,706.321683981928,682.5398091003816,689.6743715648455,28617838
2022-01-28,695.9766235351562,707.1303005135713,694.4308015454147,702.7544584132536,24925208
2022-01-31,706.6546020507812,709.4371278413857,697.6650998575648,700.4951197241377,12842546
2022-02-01,712.0294189453125,721.5421700334263,700.8281313145686,717.499250820978,14739484
2022-02-02,728.2960815429688,730.1035271800179,716.1197737442617,719.1400601109066,13969290
2022-02-03,720.75732421875,732.4579959215433,717.7370374956087,727.1308787749581,10564762
2022-02-04,724.87158203125,729.0809624800141,720.1627589609288,726.9643987359728,11579958
2022-02-07,698.3072509765625,722.4934077542481,694.4307934965123,719.211497186438,12268042
2022-02-08,695.3107299804688,703.2063015747357,687.0822353308985,702.2312794492199,13981130
2022-02-09,712.314697265625,713.3135243877856,697.7602016051236,701.0896640531371,11308342
2022-02-10,725.3947143554688,730.3413557953064,714.2410385936968,720.1151499017218,14314530
2022-02-11,722.422119140625,725.3473018389752,713.2185436770776,713.5752718583099,10711104
2022-02-14,700.9469604492188,713.1946260728857,698.8542018984211,708.6998749228623,14656620
2022-02-15,721.9226684570312,725.2996833180713,700.6378889247106,702.0409964179948,13135066
2022-02-16,720.9475708007812,729.9846836790362,716.7857425015849,729.7944170588287,10032264
2022-02-17,716.5479736328125,723.9203557047067,714.407604644198,719.6871698705354,7351208
2022-02-18,719.3303833007812,721.5421093550166,708.9139101230298,712.6477110600987,7796128
2022-02-21,723.9677734375,728.058244021846,711.3396335859223,715.3587469383176,7468066
2022-02-22,718.5455932617188,723.9678727153232,707.7248394554956,708.6048153348694,9536196
2022-02-23,713.8843994140625,725.6801756356834,711.3873023150155,725.3948047223228,9029562
2022-02-24,675.119873046875,701.5415010977686,669.2933137242217,689.6268166665427,23630766
2022-02-25,692.5757446289062,697.2370153028564,681.5171728738023,684.8941874749454,18318654
2022-02-28,678.3779907226562,684.2283552518861,672.5752363928466,678.2590813465437,24880832
2022-03-02,653.6448974609375,665.1315558068055,644.2035037869538,659.4714573982826,38505560
2022-03-03,652.0989990234375,662.0873863170132,648.2463469653018,656.8553739251402,17527922
2022-03-04,649.9586791992188,659.2336109550803,635.8798200435912,646.8670352805982,21219364
2022-03-07,630.1245727539062,633.7156009825043,616.9256323482289,627.1280333292115,27054458
2022-03-08,631.551513671875,634.5004430311901,614.5236674634915,619.3751468768733,39212492
2022-03-09,652.17041015625,653.8588885491644,627.2945441400525,632.5979142059786,23134694
2022-03-10,662.4203491210938,678.7347392382749,656.4986852373013,678.7347392382749,22273206
2022-03-11,664.3704833984375,670.149432575976,652.9075731964616,660.1848501728542,15150780
2022-03-14,686.1309814453125,689.6744580223857,673.0271435183971,673.0271435183971,25018126
2022-03-15,677.3077392578125,689.4364944200837,671.4811804053488,686.5826696760199,18867928
2022-03-16,688.7944946289062,692.052600068531,683.1105913586209,688.2474998619687,13364108
2022-03-17,703.9673461914062,708.6048120871039,699.4487896776494,700.1384408684183,14823954
2022-03-21,707.03515625,710.4359760473683,700.5189456092843,707.2729750042046,12257876
2022-03-22,710.6737670898438,712.5049598135698,693.0989270027054,704.561836957358,10461814
2022-03-23,703.5867309570312,722.398216212513,700.8993676260746,716.7856708144304,31188256
2022-03-24,686.1784057617188,699.0206174152978,682.3257538778879,697.2845290424785,20160044
2022-03-25,680.5896606445312,690.6255995491529,674.929563195763,690.1499620838986,16366462
2022-03-28,681.4934692382812,683.966761144496,666.6535436173285,680.58974632828,15754886
2022-03-29,690.5305786132812,694.5496924552175,680.16165739494,685.3936701441318,12377448
2022-03-30,702.4928588867188,705.2515799115708,691.6008053997855,700.138476229865,20109742
2022-03-31,699.3535766601562,706.1789630767555,697.237013039462,699.6627526430442,14295714
2022-04-01,716.31005859375,718.2126085501743,699.3298234571498,702.2312005284535,14568556
2022-04-04,788.0361938476562,819.0952862089551,743.2073617126769,751.5072124484601,97450970
2022-04-05,764.944091796875,792.7450834429137,761.9713571015661,792.7450834429137,30922582
2022-04-06,737.6423950195312,756.1685102240006,735.9776637926485,755.1696250388968,27027860
2022-04-07,721.4232177734375,733.1238893042467,719.9725000942207,733.1001422646726,40781732
2022-04-08,720.4244384765625,725.7040037554764,712.1721384616357,719.211539479779,41256322
2022-04-11,711.6251220703125,718.2126904332335,710.2457615824013,716.3101402599004,20799066
2022-04-12,710.3646240234375,716.7143731950656,704.0148748518094,705.8460676603825,27435402
2022-04-13,696.78515625,714.5502639320367,695.691224799288,708.6998992573039,28892520
2022-04-18,663.7283935546875,680.9465076399842,661.1599972428315,674.8583237972184,45620376
2022-04-19,638.4006958007812,660.9221802216326,631.1710282718929,656.8079038056561,74096022
2022-04-20,644.1558837890625,646.8194421533099,635.142518406885,644.2271829644586,49325736
2022-04-21,653.6923217773438,656.2845807323623,643.6801882305803,649.2451232049953,52446270
2022-04-22,644.774169921875,654.168010350688,641.706331335433,646.8669864904109,20659148
2022-04-25,649.6019287109375,651.9325641201308,628.9116970441421,642.1106379350289,20935488
2022-04-26,652.5984497070312,657.3072144691479,645.5114394033479,652.5746446077407,17016842
2022-04-27,652.8363647460938,655.904203823752,645.012091944963,646.8670900654843,18054334
2022-04-28,652.2655029296875,655.9041415782432,647.8658558596376,652.5746789306378,20773722
2022-04-29,658.5677490234375,668.1518573977863,652.3607137487355,656.5462894086016,28401476
2022-05-02,667.6522827148438,668.9602857363819,647.8420288557909,647.8420288557909,19494316
2022-05-04,644.9644775390625,667.6048118935288,642.1106524172083,665.8925284326605,29055916
2022-05-05,643.5137329101562,654.0015630179496,640.4458942572139,654.0015630179496,17862912
2022-05-06,626.699951171875,634.9760551888268,624.5120303093106,632.5978677162095,26731268
2022-05-09,627.7701416015625,630.9331425829555,616.1883801102291,618.32874885627,32762434
2022-05-10,637.8536987304688,643.537543685614,625.4871236116026,625.4871236116026,20113812
2022-05-11,641.4447021484375,644.4887936717504,631.9557575251372,643.5375186995411,17102924
2022-05-12,626.9856567382812,638.4133907389254,622.1498973824371,635.6706993369925,22382290
2022-05-13,621.35595703125,634.1790892090257,619.262889083472,630.353829122959,16768238
2022-05-16,627.9719848632812,631.292053906236,618.4448991695826,625.0368734940553,9804356
2022-05-17,632.25439453125,633.6978977151113,624.6519209350625,631.5807479648557,16641444
2022-05-18,632.206298828125,641.5409646353346,630.3297329141748,637.0901630861314,15732384
2022-05-19,619.2869873046875,623.7858941010936,615.0767694162303,618.8779477207698,20537506
2022-05-20,635.5985717773438,637.1623671024004,621.837184664106,626.961633399629,13919350
2022-05-23,627.4427490234375,639.9290287015857,625.0850152898169,632.2544265466233,19486320
2022-05-24,634.6361694335938,637.5472577654566,624.0264559706711,625.5180642227122,12870796
2022-05-25,639.375732421875,642.8160348600121,636.6811460213428,639.9531102298189,12887112
2022-05-26,657.6119384765625,659.6809832899339,644.7647830842534,645.7993054909392,26992428
2022-05-27,669.8095703125,671.0846178237094,659.5606740424182,660.0659236596756,24031718
2022-05-30,674.3806762695312,683.4987815396562,672.8890092715018,678.5668121550864,12624674
2022-05-31,668.3179321289062,675.944488061126,664.0115042012508,671.662083279525,13485388
2022-06-01,671.1568603515625,673.8513881488794,663.6025497657505,664.0115306279351,12091896
2022-06-02,666.4653930664062,667.8607911929586,663.3378029059205,667.4999154052102,11475020
2022-06-03,664.1558837890625,673.995741003826,662.231212745682,672.8169034842749,6957244
2022-06-06,663.2657470703125,667.3797553581381,654.7009952570307,662.2312832633797,6173266
2022-06-07,655.6392211914062,661.2689195958052,651.5492949621544,655.3505322636607,10253966
2022-06-08,657.94873046875,664.4925994985958,652.9445745978237,660.7876316707815,5986588
2022-06-09,662.90478515625,664.9979118561328,653.016823143348,655.4707669191479,7311816
2022-06-10,650.1057739257812,658.2134392480132,646.4970155862447,654.4362839332251,9155430
2022-06-13,638.317138671875,639.9531208031428,629.511803905611,636.8736353918679,10892572
2022-06-14,631.2921142578125,638.0284630380025,627.9239398677174,630.9312384303023,11870356
2022-06-15,629.102783203125,633.1205811087782,624.7482500861813,626.3120453531265,11810470
2022-06-16,616.5202026367188,635.4060350189333,614.9323257189839,630.3296922471587,12169192
2022-06-17,620.5861206054688,625.0369224008559,611.8529139840168,613.4888961209325,14723922
2022-06-20,636.1759643554688,637.547280721459,622.703267102487,627.7795517185277,15936840
2022-06-21,643.1048583984375,651.5012131681581,637.0902607879485,643.2732553842702,13220684
2022-06-22,640.0733642578125,643.2971645111071,636.6811083122385,641.0356997049206,8159698
2022-06-23,642.4310913085938,648.6140847460432,634.4196370457403,640.1936496695923,15372244
2022-06-24,651.4049072265625,655.1820622227635,644.067099221751,644.067099221751,8013432
2022-06-27,652.583740234375,662.0868029953917,650.5387773617512,659.1997965869816,9804164
2022-06-28,647.6036987304688,650.0576425546589,643.9949405371601,646.6894682409041,9770574
2022-06-29,646.6653442382812,649.9373082816165,640.5545375901551,640.5545375901551,9994046
2022-06-30,648.6141967773438,651.5012035879254,642.8401831561805,642.8401831561805,12475822
2022-07-01,651.380859375,654.3881578947369,639.9772068826776,646.6653918015329,11472452
2022-07-04,652.2950439453125,654.4843218717582,645.8473846257052,651.35673163144,8487480
2022-07-05,650.8275146484375,663.6987525096566,648.7585284770123,656.3128389795442,14325718
2022-07-06,659.80126953125,660.835791929005,648.18105675633,648.6141194735643,15049078
2022-07-07,671.6139526367188,672.6724981664967,661.3409744346241,664.0114788767993,17743142
2022-07-08,672.239501953125,678.4465781386755,671.1087694034876,678.4465781386755,12474030
2022-07-11,676.5940551757812,678.3984342696596,670.3869793455802,670.7478551643559,7462880
2022-07-12,669.6893310546875,676.1610141176355,668.5345166503326,676.1610141176355,9876974
2022-07-13,653.3536987304688,670.844136867853,651.6215063626066,668.823255561398,15945610
2022-07-14,650.0817260742188,660.4749379498609,649.215600611124,655.350489555198,10372410
2022-07-15,655.37451171875,656.745827963444,648.0367040425124,651.0199203901375,13595646
2022-07-18,648.3976440429688,657.3232708257327,645.7512213402739,648.6141460423058,20332220
2022-07-19,648.63818359375,653.690444771779,643.3212566690205,643.3212566690205,15792538
2022-07-20,656.8180541992188,659.7290838164299,652.1025868008825,654.3400285637287,20347862
2022-07-21,654.7490234375,658.9592412990309,653.473917137891,654.6528133808986,12640278
2022-07-22,670.0260620117188,672.1913167902127,655.5429251294964,657.2751172050325,12729592
2022-07-25,671.9989013671875,675.8482435588785,665.5994052152816,671.2290446761094,10143126
2022-07-26,670.6275024414062,674.5971360881447,667.0428264609901,671.7101297996077,8527964
2022-07-27,675.751953125,676.5218097245117,666.0564118856013,668.2938535156615,9212778
2022-07-28,681.7425537109375,685.182915066855,678.9277339602053,680.8764869533358,17420406
2022-07-29,690.0907592773438,692.2079091114783,680.9967358477592,691.9192202105274,20019736
2022-08-01,695.8407592773438,696.9474098698968,688.0939701842794,692.4003980885738,13193036
2022-08-02,688.190185546875,695.094931123578,684.7258011854689,693.8439067006424,15036510
2022-08-03,689.8020629882812,690.8365853805471,681.8146902206062,685.6399502739025,10975498
2022-08-04,688.9840698242188,696.1053168364679,679.8659062909707,692.8815166078793,12012206
2022-08-05,686.6504516601562,691.4139653304088,683.8115502270574,689.5133762386452,9268982
2022-08-08,703.4913940429688,704.6702316392747,686.674544464695,687.1076072249125,15357736
2022-08-10,705.5362548828125,708.0383035448924,697.2361116710222,703.154439415044,17353102
2022-08-11,714.8709716796875,717.4211844953526,709.5059977383994,715.2559294113627,18301766
2022-08-12,714.6063232421875,716.6031812290219,710.1795445295438,714.5341363296417,8850370
2022-08-16,722.7861938476562,725.8415975092017,716.0017398840251,719.2496224051965,12563756
2022-08-17,726.5152587890625,727.88657524504,714.8950448985743,721.7516859147646,12384350
2022-08-18,727.3812866210938,728.4398909455316,721.5832502964957,721.7516472669315,8342138
2022-08-19,718.4075317382812,727.5256370949188,716.939946608088,726.563301596116,8063702
2022-08-22,707.4850463867188,716.1460665835506,706.2099399993691,714.4379561754013,8234066
2022-08-23,705.2957153320312,710.1795210324121,697.8857201939286,699.2811184238794,14966884
2022-08-24,708.6878662109375,709.9629724189963,702.1199150712563,703.4191031598855,13455520
2022-08-25,704.838623046875,715.400291243383,701.0614676554292,712.0802217563679,11823040
2022-08-26,704.9588623046875,712.9943990116683,703.0822963230394,708.303013425697,7706176
2022-08-29,692.5928955078125,695.7685910224809,687.3962601301372,691.4380811198513,8653178
2022-08-30,715.0633544921875,716.9158385123882,694.3731420244557,695.9850421787525,10135400
2022-09-01,708.3511352539062,716.6753023262013,702.023767412422,704.7904820543832,22403136
2022-09-02,714.7747192382812,717.1805580778581,705.0069900550793,708.351141283871,12038086
2022-09-05,719.369873046875,721.2704621778411,714.101050906599,715.0633864131738,12131932
2022-09-06,716.627197265625,724.951423073854,715.2317990033503,721.2223729044177,12238696
2022-09-07,713.2349853515625,716.9399535633776,707.9421400567993,707.9421400567993,9776206
2022-09-08,720.5968627929688,721.7516772237872,713.1628440120845,716.9881044068499,11164690
2022-09-09,721.0780029296875,726.0821594471598,718.8887248344994,719.9231885431478,15128888
2022-09-12,718.6481323242188,723.6763119278681,716.9399632796035,721.7516408855068,11080492
2022-09-13,728.0548706054688,729.4021637256475,721.0539154710427,721.2223124269915,13001966
2022-09-14,735.537109375,740.4690789237419,718.0706961615213,718.8887165967504,20219760
2022-09-15,731.7117919921875,741.4554391702014,727.5256559583752,736.1866756721654,13539372
2022-09-16,718.26318359375,728.8247925761237,713.5717978693896,723.2432582308112,20560046
2022-09-19,723.002685546875,728.4880099183553,712.1283056005058,716.4588155669953,12076038
2022-09-20,731.7117919921875,733.299669100902,726.5152154056927,728.4879914821296,10781668
2022-09-21,730.5810546875,732.0967448746909,724.1574768560039,725.6009801321287,9072304
2022-09-22,715.0153198242188,726.6355334380704,713.4515245419652,722.7140042906975,12048144
2022-09-23,695.8407592773438,709.7224372346395,691.438062580459,708.4473309391279,15806252
2022-09-26,686.4580078125,691.1734166960763,682.2958948729614,685.8324662197185,8923486
2022-09-27,680.299072265625,692.881621797613,677.0030846314178,689.2247583187195,12639700
2022-09-28,668.6066284179688,678.7351736760943,666.8503544937673,676.5218139126857,11816132
2022-09-29,665.1422119140625,674.6933797809945,663.434101683277,671.8545371114053,14410388
2022-09-30,683.90771484375,688.7674969815789,656.7939260539112,663.4340639656767,15781756
2022-10-03,679.9862670898438,682.22370896109,674.1641488370536,678.4224718418965,11541112
2022-10-04,699.1367797851562,701.5426186694823,686.2174367235855,687.8293370288237,11538526
2022-10-06,691.4380493164062,703.7559318367181,690.0907561363719,702.4808255656671,12549198
2022-10-07,688.454833984375,690.4516331398249,683.4265958004532,688.1901682297433,13297994
2022-10-10,680.8523559570312,686.1452011270152,672.7687143847188,677.4841817579505,13109302
2022-10-11,673.9476318359375,681.8147129301799,673.3701952846903,674.1641338324686,14521620
2022-10-12,678.350341796875,680.7802037798269,672.3357447059547,675.1745875438293,9225050
2022-10-13,670.555419921875,676.6422042083251,665.9362208884066,674.6213229862772,14714234
2022-10-14,692.4004516601562,696.249793990442,680.9727166171202,681.8147602518703,12849920
2022-10-17,696.0332641601562,701.3501327995798,686.626410721968,690.4757528984051,18410500
2022-10-18,694.7340698242188,703.90033929577,692.8815856653596,701.5666873690876,10561108
2022-10-19,701.8554077148438,710.8773037655702,699.3292768206403,704.4296436407238,12967040
2022-10-20,697.1159057617188,699.0886819198254,694.0845252418784,694.8062769145736,7898078
2022-10-21,692.2078857421875,701.3741545079234,689.9945259278926,698.6555450817992,10492606
2022-10-24,703.0101928710938,703.9484465267632,699.7623104281301,699.7623104281301,2167794
2022-10-25,698.1262817382812,706.2580282452401,695.287380341186,703.0341691638182,13773394
2022-10-27,699.8103637695312,706.0414624275766,698.2946736608377,704.6701461335379,15937276
2022-10-28,701.8793334960938,705.8730490883848,696.442173472227,697.6931978037887,10474278
2022-10-31,720.163818359375,720.7893599900692,705.9934502305936,708.2789972666101,12830528
2022-11-01,728.1270141601562,735.7054053532985,721.222269486996,723.4356291358301,19073756
2022-11-02,728.5841674804688,735.34459771333,727.33314310533,729.931460645262,12720406
2022-11-03,725.384521484375,731.4953288906344,720.3081778321194,720.6449717888227,10332352
2022-11-04,720.38037109375,729.4984772519798,716.7475307718796,723.2914009917648,10818060
2022-11-07,725.9859619140625,727.5256752984809,717.9504248353214,726.5633397491442,9835834
2022-11-09,725.7693481445312,730.38854669658,723.6762802249166,728.9932072410344,9269790
2022-11-10,733.6605834960938,734.743211017239,719.3699237114974,720.3562824334263,12774182
2022-11-11,775.2334594726562,787.6716345011165,740.0360255728266,743.4041999414936,56722338
2022-11-14,777.1099853515625,783.341084117066,768.9060518544665,775.6424002436796,19195390
2022-11-15,779.0106201171875,781.0074781111963,772.3945632755499,781.0074781111963,11030202
2022-11-16,785.6987915039062,790.0774060630871,775.6423742836154,778.8421514086572,13578150
2022-11-17,778.6016235351562,785.0492832742325,776.5566605526772,778.5775416526076,12100930
2022-11-18,776.556640625,780.9352553866862,772.3945278555009,779.9729198902146,10459232
2022-11-21,768.5933227539062,775.6424423049926,765.1529614641645,773.5493742606727,8344816
2022-11-22,767.4625244140625,771.9614309133688,765.537853506441,769.8683630485893,8546314
2022-11-23,769.4594116210938,772.2742311837565,766.9813859856123,772.2742311837565,10185738
2022-11-24,781.9698486328125,785.2658362595581,769.4594860453441,772.7313917879773,17197960
2022-11-25,778.3610229492188,785.1213945985398,776.6528539412901,784.1590590980275,8410496
2022-11-28,769.9887084960938,773.4530928760762,767.0054918764588,771.2638148082744,16105980
2022-11-29,768.8338623046875,775.8107945409757,766.4280236025191,768.5451734076865,12638236
2022-11-30,773.9342041015625,776.0754357204742,768.4729621678146,768.4729621678146,15184806
2022-12-01,779.251220703125,787.6716568638566,777.0859656903655,780.454140154658,20446366
2022-12-02,773.28466796875,778.8180970128258,772.3464143644907,774.6800661706023,7811078
2022-12-05,776.0994873046875,776.893425827618,768.0399276122688,774.6559840761946,11592622
2022-12-06,775.2334594726562,776.4604020366052,769.8684271238768,770.3495948908293,12353092
2022-12-07,774.8966064453125,778.8181354914701,772.0095998448971,776.6769624240152,11674720
2022-12-08,779.251220703125,782.378811277111,772.2742878842332,774.6801267872993,14803634
2022-12-09,784.8087158203125,786.637118107019,779.4917884600618,782.3787950839879,11963384
2022-12-12,790.9194946289062,795.6589852525027,780.1654070879796,781.897599252911,14434808
2022-12-13,793.1088256835938,797.2949616133573,791.5209486143468,793.9267873639345,17031702
2022-12-14,799.8211059570312,801.3849011709643,793.9268009198986,795.3703041942985,14227640
2022-12-15,785.1696166992188,803.2615137057865,782.88406971569,797.319103295872,18182648
2022-12-16,788.94677734375,791.5691183004844,774.1989728568607,779.5159004222755,14647958
2022-12-19,791.400634765625,792.3148652124158,782.4749497572581,791.0397589631783,9604542
2022-12-20,785.939453125,787.3829564457624,779.5880032718654,779.5880032718654,7174698
2022-12-21,778.3368530273438,791.4246495956942,773.0199852301969,789.5961888570239,9269198
2022-12-22,775.66650390625,783.1005222357195,774.1989187571569,780.5503096365309,9747096
2022-12-23,768.7377319335938,771.8653225705988,762.8674496500488,763.613283219548,10693152
2022-12-26,784.038818359375,788.6339941689127,765.0567728667305,769.6278667926638,9907322
2022-12-27,784.832763671875,787.1664156857469,776.3642223890472,785.7469942121562,7926772
2022-12-28,784.2072143554688,785.7469276450677,780.9833552219441,780.9833552219441,8691870
2022-12-29,789.7406616210938,790.7992071900476,775.1612551160126,779.5398699494827,11012896
2022-12-30,783.4132690429688,791.5209337293505,779.4917402076278,791.5209337293505,7122640
2023-01-02,783.6779174804688,788.9948447926183,778.7941116415499,782.8599557722763,4381378
2023-01-03,788.8023071289062,790.5585810922254,780.5502688048173,780.5502688048173,8378030
2023-01-04,774.7041625976562,791.8818278494382,773.2365774595456,786.709274515468,10351600
2023-01-05,769.7240600585938,778.5535356487463,764.7680672572426,777.085950452134,10941436
2023-01-06,767.173828125,774.2469701477634,759.3788757825465,770.8306910669477,9092462
2023-01-09,768.66552734375,775.4259581366615,765.0567689994132,767.9437756748827,10729340
2023-01-10,754.6154174804688,769.8684118966518,753.0275403864125,769.8684118966518,16371766
2023-01-11,765.48974609375,768.9060251968651,750.6216516314828,754.4469115539331,15195798
2023-01-12,769.5797119140625,771.7449667913606,762.2419037187744,763.998177755398,9250070
2023-01-13,770.18115234375,774.6319539246812,763.1320332277727,769.2669218933805,9244546
2023-01-16,762.7952880859375,780.1173277789237,760.3894492396894,777.0859473381312,14748094
2023-01-17,774.1508178710938,775.1612584159965,759.0421385172157,764.9605254372576,10786354
2023-01-18,787.8159790039062,789.884965083016,769.724024650822,772.274237215273,19090642
2023-01-19,791.0878295898438,793.92673085957,785.746879693138,787.6715505558279,11172162
2023-01-20,799.195556640625,803.068980550622,790.7510978089086,791.0878917418223,18843404
2023-01-23,805.041748046875,809.6128416563689,799.4121088854909,801.7457607178152,15444400
2023-01-24,815.8198852539062,819.139954334254,805.9559468005266,805.9800286815163,24983940
2023-01-25,793.2772216796875,814.5929177332151,791.6653214666925,813.8471429635326,14704142
2023-01-27,777.4708251953125,787.6715573611841,765.0325926486802,785.2657187620357,35179948
2023-01-30,776.677001953125,782.0420345725445,761.2074457179801,767.4626270039054,18512822
2023-01-31,771.552490234375,780.7908875770869,767.4625643428925,779.3473843212695,18596244
2023-02-01,783.1245727539062,801.1442809848427,772.7553845415359,781.4164037954262,17302790
2023-02-02,771.4802856445312,781.6569951120864,764.4552483744704,773.7658324138648,17497106
2023-02-03,798.1610717773438,798.9790334420251,773.2365593142633,775.1612302770866,14411100
2023-02-06,794.7688598632812,803.2614827057959,792.0983552594887,798.7384939446326,11167672
2023-02-07,795.9476318359375,801.0961617651983,785.5544206626682,798.449739262286,10264588
2023-02-08,795.8514404296875,802.6839988300309,793.9267694733884,795.9717323644562,8444826
2023-02-09,794.1914672851562,799.5324176572361,786.9739509076702,798.738479108453,11777336
2023-02-10,797.3430786132812,798.0167252205403,790.173667284601,793.3494214707791,8172116
2023-02-13,797.9445190429688,799.5805011250109,791.3044393965116,796.3326188427218,5736944
2023-02-14,805.3305053710938,807.1589664647599,797.7521126904261,801.1443690991507,10908592
2023-02-15,803.694580078125,807.3995485525281,797.1747330538742,807.3995485525281,11438712
2023-02-16,800.783447265625,809.2760700053668,799.2196520403804,805.0898752375481,8062500
2023-02-17,796.7657470703125,802.6600524376097,790.5345890116744,799.2196910269881,8956270
2023-02-20,789.2835083007812,803.2854781022144,786.6130625255412,798.7384663515395,8086706
2023-02-21,792.2427368164062,799.8692342574486,786.2281396647481,789.115146297544,12389296
2023-02-22,776.700927734375,790.0533322670238,774.222960909244,788.6339109553685,10359102
2023-02-23,771.4321899414062,778.9383950431011,766.0671578181314,776.1235754720026,27882010
2023-02-24,764.551513671875,778.4813560195853,762.7471345130758,778.4813560195853,17061740
2023-02-27,766.4521484375,769.3872600713753,758.9459430133319,763.0839740657053,14312972
2023-02-28,769.6758422851562,772.4185334208952,764.4311026003177,766.0189795071293,18993992
2023-03-01,768.93017578125,776.1236104242643,767.8234664194171,775.6424426558673,14137256
2023-03-02,762.3861694335938,772.7312753996731,761.2073320156976,766.9813446479279,17391814
2023-03-03,777.5189819335938,779.4917579688479,764.094389910204,767.943731924865,14986234
2023-03-06,783.0043334960938,788.8504748967295,778.5535316356411,779.4917852900815,27004710
2023-03-08,784.568115234375,788.8745431955432,779.4917718675084,779.4917718675084,20099774
2023-03-09,784.6402587890625,791.9780672791738,782.859961535162,784.27938296168,20700166
2023-03-10,764.4071655273438,776.4844644274136,762.6508914747951,774.8965873418113,27387000
2023-03-13,754.7357177734375,771.6968814107662,753.0034668384583,764.0463022356049,26443550
2023-03-14,752.7147827148438,761.9772622068983,750.2849207392273,755.5536842804477,33185612
2023-03-15,741.91259765625,761.6404762620406,739.3623849761033,759.2827424375032,37264754
2023-03-16,746.7242431640625,750.1886274704333,737.1730750713688,740.5171674402086,21753342
2023-03-17,756.70849609375,759.8601097073861,740.9983568458301,749.4187927190782,22950876
2023-03-20,751.4637451171875,754.5191486294086,743.596664030981,754.4469617185391,26503114
2023-03-21,759.9803466796875,761.4479317488242,748.7931969715295,756.371588709314,33050494
2023-03-22,758.2241821289062,763.156151684689,753.1719206327385,762.1697342790129,14177324
2023-03-23,752.1373901367188,765.225129615806,749.9240302046185,754.350750068819,28364178
2023-03-24,750.9344482421875,757.3099208232004,748.1917568712191,750.6216774626521,31477748
2023-03-27,754.2064208984375,759.9804343168659,750.0924715795884,751.6802900278751,31872006
2023-03-28,760.34130859375,761.6404968520089,752.5945190205312,753.3643757274799,39276302
2023-03-29,763.9981689453125,770.8307274292553,761.1592675027767,762.1697080199377,39763612
2023-03-31,774.4635009765625,776.0994241800914,766.2114631109374,767.7511762682442,34711228
2023-04-03,774.94482421875,777.4227914010955,771.1916918821255,773.5013208179412,40025398
2023-04-05,795.7311401367188,796.8137675382653,777.5670581774376,778.8180825386323,43365392
2023-04-06,801.7938842773438,803.1652006446278,792.5314049071793,793.2291334002176,44637344
2023-04-10,797.99267578125,804.0313548734133,795.8515026694348,800.3023046039525,31813286
2023-04-11,800.3263549804688,803.2614665555587,794.4560730939902,798.2573101275717,42361542
2023-04-12,810.7196044921875,812.3074229248433,802.4916471991853,802.5878572606912,26955504
2023-04-13,814.3523559570312,816.5657746530499,807.4716921966794,812.3555567321653,35330086
2023-04-17,801.938232421875,827.6085198214015,795.5146547856368,827.6085198214015,32405148
2023-04-18,798.5459594726562,807.0385817236702,797.0062462186185,803.5501156527228,29637226
2023-04-19,801.4810791015625,803.6944976892919,797.3671301762054,801.1442851788886,24741168
2023-04-20,804.4644165039062,807.1348624191324,801.8179937357015,804.3681477069183,32922716
2023-04-21,805.7634887695312,806.8942212156402,800.3022466466929,803.0689611623811,20128618
2023-04-24,812.2833862304688,813.8712046366431,805.5229555378388,811.7300315452851,35675852
2023-04-25,800.7353515625,812.0668172386956,799.6527240862603,812.0668172386956,50353068
2023-04-26,804.416259765625,805.955973055451,796.3326181532963,798.738456878835,27392750
2023-04-27,808.8429565429688,810.8879194015693,801.5532536644629,803.7906953628967,47790392
2023-04-28,812.0186767578125,813.6546588421882,803.5501361717647,810.6232785465422,27916272
2023-05-02,811.8502807617188,817.5040017864336,809.3241500911014,812.547950500037,32221184
2023-05-03,814.689208984375,816.0605253605099,808.1934441893474,810.7435980893194,29407270
2023-05-04,831.3616943359375,834.5614130090665,811.7781309061464,811.7781309061464,56854638
2023-05-05,782.2103881835938,799.1955750303342,780.5022191249311,788.6339660930405,62770416
2023-05-08,791.2562866210938,794.0951881063704,784.3034360962322,786.7092748572636,37244524
2023-05-09,791.2803344726562,796.8137633850524,789.0909977997552,793.878651970084,43688938
2023-05-10,794.937255859375,796.1642571593527,785.7950682892969,791.2803925786036,46340550
2023-05-11,795.4664916992188,812.2111527020498,793.5659026029952,801.2164814876731,35734618
2023-05-12,802.4916381835938,804.8974770572269,791.1601135942614,792.4833249747595,22478760
2023-05-15,806.3409423828125,808.7226992609494,801.1924121940802,804.5124814304968,18512260
2023-05-16,801.7174072265625,813.641207320555,800.1113205928083,813.641207320555,32722086
2023-05-17,797.4102172851562,803.0314612780545,791.0346460503185,803.0314612780545,30466868
2023-05-18,800.5980224609375,804.953835962047,798.1645938212387,802.0580796447568,49646942
2023-05-19,801.5227661132812,803.0314800422937,794.0521518021368,802.0581085513332,30460332
2023-05-22,798.6756591796875,804.4428733296279,794.6117857136817,800.5980440930408,28334032
2023-05-23,796.8018798828125,802.8367950174272,794.9768083346355,802.5447954516952,22470074
2023-05-24,786.3868408203125,795.6095118101778,785.3160965486113,792.1053982534182,33588112
2023-05-25,783.3693237304688,788.455225154943,777.407423655138,786.3380947431477,29776930
2023-05-26,786.3868408203125,787.944211421121,779.7922252930767,787.944211421121,26635066
2023-05-29,795.9744873046875,798.6512587386072,790.7912725552128,792.5676872978805,21816292
2023-05-30,796.5828857421875,799.4543434930372,792.5920864341458,795.0498137776772,37125928
2023-05-31,783.9777221679688,795.706836766176,780.9602943063138,793.249109394473,43334270
2023-06-01,780.6439819335938,788.3822976265084,778.6972388365025,788.3822976265084,50366938
2023-06-02,781.860595703125,785.9001108734474,779.1838242892643,784.7563519232599,17859710
2023-06-05,780.838623046875,786.7275086936293,779.889550195903,785.7541372012771,18697242
2023-06-06,778.4051513671875,783.4909933701617,774.9253365920524,782.4203085516023,32182852
2023-06-07,782.4446411132812,784.8051144822347,776.7504417142903,780.3762267164857,24949026
2023-06-08,782.9312744140625,791.350960923385,780.278861070367,780.278861070367,37395522
2023-06-09,783.8560791015625,787.7009085166137,782.1040222342899,786.4355374130215,18212578
2023-06-12,779.0865478515625,786.3868338718737,778.4294745818307,784.8051052341397,13408292
2023-06-13,780.4005737304688,783.0773452649356,773.8789730190645,773.8789730190645,27926108
2023-06-14,779.5488891601562,784.5374180278894,778.7945024942541,783.7830313619872,20113968
2023-06-15,769.961181640625,781.5929230405386,768.4767664026215,780.6439096325554,35377476
2023-06-16,780.0355224609375,783.1746215295391,770.9101653895649,772.4432372595309,15779272
2023-06-19,780.7169189453125,785.6324328940507,777.8941179716442,784.0507042851576,24829146
2023-06-20,782.3473510742188,784.0507512165266,774.1467079853705,780.7169656771292,20005626
2023-06-21,796.023193359375,796.8262367213268,784.0507359035319,786.4841646307309,24308946
2023-06-22,799.9166870117188,806.7059888717916,797.7023024946114,798.1646301932708,56596140
2023-06-23,799.8680419921875,807.8497002925832,795.2688853504051,796.9722855006775,21339218
2023-06-26,795.9988403320312,803.3964393933287,792.6649956756461,800.5979965482512,16130314
2023-06-27,807.2169799804688,814.1766100290189,797.4589662553369,799.6003360457688,33831864
2023-06-28,815.75830078125,817.5833722744769,808.1416572008739,812.7651716503821,59562950
2023-06-30,828.047119140625,831.6486054517263,819.2137611926184,829.3124901661796,40699016
2023-07-03,837.0021362304688,855.3501643562647,832.232592346636,833.4493066629323,44104116
2023-07-04,841.0902709960938,850.2399866599931,834.0820438772298,838.778513734139,38795188
2023-07-05,814.3712768554688,837.0994772709068,812.0595195781218,835.2744057361592,37165754
2023-07-06,815.1986083984375,821.4525082286525,808.0930085295972,814.2252369257229,52156544
2023-07-07,808.093017578125,815.1986175265295,806.0976179186929,810.3317601084606,19926336
2023-07-10,806.1705932617188,816.0503378295722,802.8854644229833,808.3850372058562,38398442
2023-07-11,802.2528076171875,815.6853225262156,800.841407050649,809.3584077333511,50670426
2023-07-12,794.7334594726562,810.9644765133695,791.9107178120092,805.6352319869237,70958358
2023-07-13,798.6998901367188,806.65718944724,797.2155343981111,806.2921751723549,41913546
2023-07-14,800.3546752929688,804.7835035114284,795.7311609024043,804.7835035114284,24727214
2023-07-17,817.0966796875,818.6053935606003,794.7577929158504,803.0314502823962,49252928
2023-07-18,816.415283203125,829.3124545920268,812.7651403572094,826.3923403152943,81076818
2023-07-19,820.1141357421875,821.8905505906512,815.1986216073076,818.1673927652148,32935134
2023-07-20,821.8905639648438,823.4722926593728,817.6320636334198,818.1917641303833,56210948
2023-07-21,815.5636596679688,822.4016183376864,814.3469452719253,817.6320741412428,42154248
2023-07-24,816.8533325195312,819.8951183000274,812.813817239081,816.9019892100436,32179444
2023-07-25,825.7110595703125,826.879117291901,816.853402383876,819.8951884245319,55992596
2023-07-26,822.8395385742188,827.1710534459679,821.5255108693627,827.1710534459679,24794358
2023-07-27,814.2982788085938,828.8258366410838,811.5241343729674,827.317122690067,59741302
2023-07-28,799.8680419921875,812.2298721075693,798.6999842928814,808.6283856221597,41015684
2023-07-31,803.615478515625,806.3409662159895,797.5319067020986,803.0558374366854,34565006
2023-08-01,808.9933471679688,811.5240891764785,803.0314470309211,805.1971747453257,35394188
2023-08-02,798.407958984375,803.7615021412346,794.830830666086,799.1379875966741,28116322
2023-08-03,792.6407470703125,803.6884896703888,789.8909607409018,798.1646183703506,57673946
2023-08-04,804.1021118164062,806.1948841477191,792.932698459204,795.8041560498854,37388304
2023-08-07,803.6398315429688,809.4070457041624,801.8391180613743,809.4070457041624,28300918
2023-08-08,802.9828491210938,805.7569341954113,799.1623777784342,803.8588478451442,43773828
2023-08-09,803.2748413085938,805.2215843350914,793.8331257481036,804.4915557001548,33361236
2023-08-10,796.1448364257812,805.099865704745,793.7844225264857,801.5957522263969,50781118
2023-08-11,787.8468627929688,797.385890968424,786.5814324003055,797.385890968424,28225822
2023-08-14,784.0020751953125,785.9974748594191,778.8188601509507,784.0507318876311,31304410
2023-08-16,781.714599609375,783.3937010320665,769.5961724006356,770.4721710730195,34137542
2023-08-17,777.3831176757812,783.5153458133944,775.7770310495571,777.529087744607,52884040
2023-08-18,774.1953125,776.8964420218484,771.6402124587459,772.6379419530916,25633366
2023-08-21,773.5869750976562,778.9405181779168,772.3702607612333,778.9405181779168,21837270
2023-08-22,770.2774658203125,777.7237811054864,768.963438139342,776.9207377849476,32273570
2023-08-23,772.1755981445312,774.0980425006611,765.6783552717781,768.9634840803492,36498588
2023-08-24,768.622802734375,776.8477441031978,767.0897307917666,775.4364030038525,43145792
2023-08-25,759.9597778320312,767.746749618975,758.4510639302869,766.3110504597091,30069756
2023-08-28,767.868408203125,770.2531801549441,759.9597651143588,759.9597651143588,28867238
2023-08-29,773.9763793945312,775.1200790359981,769.6691629379135,773.6843204138314,35538932
2023-08-30,768.3307495117188,780.6195643753474,765.8973208258516,780.6195643753474,28084204
2023-08-31,764.8023071289062,770.4965661172561,760.7384929502665,768.4768083488655,100075772
2023-09-01,766.384033203125,768.4768057096691,758.9134187598048,764.5833196769412,43226776
2023-09-04,771.1779174804688,774.5360015777221,766.4813881806992,773.8303310146484,25073638
2023-09-05,766.4813842773438,773.0516417713671,764.38861183011,773.0516417713671,38712082
2023-09-06,776.507080078125,778.6971658570981,766.4813659496907,767.4060807161218,56320910
2023-09-07,783.9777221679688,785.510794150052,772.4432937501639,776.5071078478363,34208342
2023-09-08,790.0856323242188,794.7091467964383,782.3959739643648,782.7366896240351,34502210
2023-09-11,794.173828125,796.4612273788786,790.3776555229446,792.762427572447,31573022
2023-09-12,796.6559448242188,799.576059429664,790.888730360441,798.164658821722,39033340
2023-09-13,800.0626831054688,803.8101394610018,792.6163676755281,793.9304547919241,46420094
2023-09-14,799.5759887695312,803.0314455319658,795.7798163539742,800.2330026157181,23538848
2023-09-15,808.7500610351562,812.7652185519548,803.0315033597159,803.0315033597159,173411202
2023-09-18,792.83544921875,805.4649207376626,791.3996906023217,804.8565635467733,37056288
2023-09-20,761.0304565429688,778.2104866731253,759.4244292708094,778.2104866731253,115474648
2023-09-21,755.9932861328125,763.5855718328563,748.0603441770149,755.8229580049356,72841442
2023-09-22,744.4588623046875,761.3711919566923,741.5874045249608,758.7430770496563,61704250
2023-09-25,745.1158447265625,749.8366724935371,742.195730377536,742.195730377536,40208754
2023-09-26,748.3523559570312,749.4960555884529,742.1957693327212,742.1957693327212,27575308
2023-09-27,743.0961303710938,745.8459167585748,737.3289160778081,741.2224021033014,39338538
2023-09-28,741.5630493164062,748.3279930851168,738.9592924506106,746.5759362770035,55354188
2023-09-29,742.8284301757812,747.2815569377753,740.8816873168103,741.5629997895483,32053782
2023-10-03,733.9464111328125,743.1690816035621,732.9486816600946,743.1690816035621,38971694
2023-10-04,744.41015625,747.0625696224938,724.7966982477518,727.5951410981291,54649430
2023-10-05,747.4276123046875,755.1172706279191,745.8945403681716,747.0869560565192,48512674
2023-10-06,746.6002807617188,751.9294658332841,744.5561650144963,751.4427800948807,17759356
2023-10-09,737.9371948242188,744.6291232191622,735.8687805930545,743.6557518162614,16454972
2023-10-10,742.1227416992188,744.1424994102023,737.426212407623,740.0300286548502,33266292
2023-10-11,749.3013916015625,750.5424640657517,743.8991914942775,744.6778768359782,31333360
2023-10-12,754.2899169921875,755.3363032633498,745.4079018281694,747.5979877590232,22025336
2023-10-13,747.4276123046875,753.7788848660191,744.6048112974557,749.4960266639874,39745300
2023-10-16,744.4345092773438,746.794923276397,740.0056808464606,745.3592240817852,17856084
2023-10-17,750.0800170898438,757.1613181665532,747.0625893528261,757.1613181665532,32902558
2023-10-18,739.640625,750.0800099587005,738.8375816778204,750.0800099587005,31216200
2023-10-19,737.3045654296875,742.8041382598725,731.5860077723223,732.6567520860139,30252364
2023-10-20,741.125,743.1690561547468,732.4619708663353,732.4619708663353,21094010
2023-10-23,732.9730834960938,744.0208260452915,730.0772676931944,741.4657259067877,22376136
2023-10-25,728.3252563476562,741.1251158897211,725.8674694399969,740.2490577379119,28311996
2023-10-26,712.2158813476562,726.1350808000519,710.6828094760561,725.7700665168079,55561798
2023-10-27,715.0143432617188,719.3215000369331,713.9193003827721,715.1846713831347,31940532
2023-10-30,722.7770385742188,725.1374527205985,711.485952264384,712.1429661841146,23310982
2023-10-31,718.5914916992188,731.9753494856925,717.3747773549939,731.9753494856925,32634824
2023-11-01,717.6180419921875,719.0537409979071,711.6561423554264,711.6561423554264,33877466
2023-11-02,718.7131958007812,725.4051249981815,714.041024388573,722.7283533192214,45225154
2023-11-03,722.1199340820312,725.8430917067044,721.0979059562075,724.18834838353,18095340
2023-11-06,727.3518676757812,729.0552678342725,721.7549814407384,729.0552678342725,25593730
2023-11-07,723.8233642578125,727.1084929912065,718.9321488241404,727.1084929912065,41952848
2023-11-08,725.9161987304688,726.8408541843154,720.7816399888761,722.2173392755413,31399546
2023-11-09,723.044677734375,726.4271198457463,721.9982915168673,723.2150058605088,22116740
2023-11-10,725.8917846679688,728.0818705084018,720.3192566823748,720.3435553235623,14015186
2023-11-13,724.5777587890625,728.0575143276742,723.1663582507371,726.1837860969108,20605914
2023-11-15,732.1700439453125,735.3577999173147,730.2963157159859,732.0240144584016,41245460
2023-11-16,734.0924072265625,739.2756221207742,731.8536647558356,734.7494210785321,29713838
2023-11-17,732.5106811523438,733.6787387876133,724.6750527726409,725.16173850318,23701874
2023-11-20,732.559326171875,736.3554985735485,730.7829708116128,736.3554985735485,19331452
2023-11-21,738.7645874023438,740.7356883923068,735.9174877356371,739.2756311878541,24959972
2023-11-22,736.1365966796875,739.7623819588872,731.7564246812467,739.7623819588872,29123650
2023-11-23,740.3950805664062,741.6360936254299,734.1654789893513,734.1654789893513,13046220
2023-11-24,745.6512451171875,746.1622889319527,739.6893445243804,740.3463584220192,16469192
2023-11-28,743.9721069335938,748.1575920701932,742.5850645710412,747.1598626215828,28489338
2023-11-29,758.8161010742188,760.6898293348779,746.0892567948611,746.5272858530379,34042488
2023-11-30,758.645751953125,765.2889647471237,750.542422535641,763.6829374580863,69491440
2023-12-01,756.9910278320312,762.028213465217,755.3849410922298,758.2077422076743,22153536
2023-12-04,783.2720336914062,784.5374047202694,765.873018667368,772.8569470817542,50662456
2023-12-05,790.2315673828125,797.6778825457567,786.7274540178253,796.4611682648754,52230820
2023-12-06,792.2271118164062,797.4102676843459,786.8005536561491,797.4102676843459,38613060
2023-12-07,793.5167236328125,795.2444817359088,786.5814519897668,790.86431017188,20450386
2023-12-08,804.5888061523438,805.4648642096952,793.5167060552014,793.5167060552014,33728038
2023-12-11,803.5181884765625,809.6990738547369,801.5714454396721,803.0558607692541,23187620
2023-12-12,795.5364990234375,806.0732571804058,794.1981132379304,805.0755276490755,36581476
2023-12-13,793.7357788085938,796.2178641804811,786.0461204150259,794.4901060535459,29346914
2023-12-14,803.1044311523438,807.3872297272943,800.5979878797419,801.0846735866597,35172366
2023-12-15,806.2192993164062,811.7918273650013,801.3767404796611,803.0314839042278,138837130
2023-12-18,805.8055419921875,810.1857135762941,803.4937847672423,808.2389706500245,18014754
2023-12-19,804.44287109375,807.2413140972394,800.135714179051,803.0314705665357,24008446
2023-12-20,806.438232421875,812.2541029714071,800.3303029144753,806.9249181384845,34232520
2023-12-21,820.892822265625,822.3772375517154,803.1531506256655,806.4382794041677,36589240
2023-12-22,813.1788330078125,820.5034769444852,811.3537615362043,819.3840760112807,48578850
2023-12-26,818.8244018554688,820.5278019503709,812.059517577905,814.3469167985355,18045856
2023-12-27,828.9718627929688,830.5292334309963,816.9506891067552,818.3620896655261,27009078
2023-12-28,829.9208374023438,837.7808237889657,828.3391087868577,831.8919383640549,44076470
2023-12-29,831.8676147460938,834.6174011041943,825.4190285852712,825.9057143332578,25011426
