Price,Close,High,Low,Open,Volume
Ticker,HINDUNILVR.NS,HINDUNILVR.NS,HINDUNILVR.NS,HINDUNILVR.NS,HINDUNILVR.NS
Date,,,,,
2016-03-10,712.47802734375,715.4128466708385,705.2048155649526,712.0101696355431,1140147
2016-03-11,724.4299926757812,729.8317741633215,707.3315596274648,716.2635877406198,1527676
2016-03-14,729.1511840820312,731.5755707283616,718.8155317040298,727.3647474661858,825367
2016-03-15,715.2427368164062,728.8534456118497,710.7767229929013,724.8552895190414,1330602
2016-03-16,718.0925903320312,719.5386867664855,706.9062670229985,718.7305923780809,1511400
2016-03-17,722.771240234375,727.3223005278627,717.1142682397524,721.4526611939044,1970969
2016-03-18,721.665283203125,724.7702469306873,712.8608766759577,723.0689083228688,1848223
2016-03-21,748.2913208007812,751.1410423789979,720.601991688386,720.601991688386,1587554
2016-03-22,740.2098388671875,749.1418656327318,733.617152445,745.2287560877705,2024654
2016-03-23,743.144775390625,746.3347856763346,732.0435499805035,740.0823862846398,1373555
2016-03-28,734.6806640625,745.2714567863286,731.7458441845001,745.1864106127741,2033190
2016-03-29,732.5537719726562,741.2305559162879,730.384524066023,731.8306720302033,1389839
2016-03-30,732.9791870117188,747.695754792734,730.6398465519388,733.276900483762,1453623
2016-03-31,739.656982421875,744.9311426519284,727.7476118020863,727.7476118020863,2635929
2016-04-01,738.2108154296875,744.2505986716396,728.1729279749276,737.6153365296733,1096484
2016-04-04,741.9537963867188,744.2931370327942,732.6814799667071,734.2126743690823,960124
2016-04-05,738.8064575195312,751.0135440228568,733.5322962584436,740.2526060473571,1096886
2016-04-06,741.5284423828125,742.5492559313489,734.1276090568413,739.2316248787891,1041648
2016-04-07,731.5755615234375,744.2079792302882,727.3647383142436,740.0822540992915,848064
2016-04-08,723.4091796875,734.1275918947267,719.4960698297119,732.4262533271839,712487
2016-04-11,735.2334594726562,738.2533250783183,718.9005986647555,725.6209068469893,943737
2016-04-12,742.2090454101562,743.8253380251904,731.7458222601551,737.4453175775386,867406
2016-04-13,763.6458740234375,765.2621146109032,743.0596656888939,744.3356696940838,1897529
2016-04-18,764.8792724609375,769.8131436981198,754.1182857426794,765.7724647841009,1091523
2016-04-20,769.0902099609375,770.7065026442717,759.77542125034,764.8368628161015,1424850
2016-04-21,769.0475463867188,771.4719849688322,762.1996691186275,769.8556925807566,1162870
2016-04-22,752.1618041992188,769.2602363326251,751.1409906567616,763.7308858917769,1078366
2016-04-25,752.1193237304688,756.2450492940935,744.7610131124623,749.0143598463998,828061
2016-04-26,753.4804077148438,762.1997689105278,749.1845377050204,749.9501089990274,1214609
2016-04-27,758.9671630859375,760.4983574483309,749.354610339026,752.3319529017431,778693
2016-04-28,745.3991088867188,762.8803557780304,740.933094254302,759.8179665126704,2715410
2016-04-29,738.2958374023438,748.0359584426243,730.895004798223,745.1862373216151,1581281
2016-05-02,734.935791015625,737.5303221337939,727.3222899935338,737.5303221337939,787156
2016-05-03,723.9195556640625,739.2316026698828,721.3675478297591,734.9357331996187,1305303
2016-05-04,725.9612426757812,728.0879160467312,717.9649300327146,723.0689461229946,568460
2016-05-05,723.1965942382812,733.1919594541517,720.34682066259,730.7249974836415,760873
2016-05-06,725.9612426757812,728.5982968874646,720.3042707407596,721.3676074262346,411253
2016-05-09,719.2410278320312,739.8272391310647,713.8818206226355,723.9197098581415,3215773
2016-05-10,733.6598510742188,738.2960097936453,719.3260402062804,722.0481927322434,1523285
2016-05-11,733.744873046875,737.3602179597285,724.0046981328039,727.3223295270124,697299
2016-05-12,725.6209106445312,733.2769343207339,722.5159469408891,730.2145456185463,730642
2016-05-13,707.5867919921875,725.5784704549525,699.2077192242883,725.5784704549525,2369627
2016-05-16,719.8790283203125,721.7930345994507,694.9969466915159,708.607658009832,1940183
2016-05-17,709.500732421875,723.3666318845455,706.9062013929671,723.0689183923249,1434067
2016-05-18,702.2276000976562,709.9261478974983,700.1009265661673,709.2030996650882,1428456
2016-05-19,693.3805541992188,705.9279268906319,689.3398748579162,702.7379168843404,1866764
2016-05-20,691.0839233398438,698.3996602797129,685.767238958908,697.5489907787631,1624617
2016-05-23,697.2085571289062,702.4401942394011,691.6366834412785,694.9968376549691,1118741
2016-05-24,700.1858520507812,701.3342867122783,693.6782633185575,696.698128828601,946784
2016-05-25,714.6473388671875,715.795773704321,703.5461136326674,704.3542599430784,1127694
2016-05-26,723.3665771484375,726.4715406842914,707.7568171537828,714.7323153993003,2479387
2016-05-27,732.596435546875,736.6371148542635,723.4942633545054,724.2173115149019,1531278
2016-05-30,726.769287109375,737.700418637806,722.8562291438504,734.9782665257861,776274
2016-05-31,721.5376586914062,731.4904991689205,718.8155067432621,729.7040626151087,12132028
2016-06-01,727.4500122070312,734.4680352782697,719.7088889396433,724.89800381749,1223721
2016-06-02,738.5510864257812,743.4424348331061,710.3088556723853,727.3222414369933,3409326
2016-06-03,752.7147216796875,755.3943507869214,739.5719223157595,741.7836417637336,1752265
2016-06-06,748.0360107421875,758.7969979045301,744.3781432216373,755.0540323035243,1941227
2016-06-07,763.0928955078125,764.5815668029587,748.9292826235761,751.991671376726,2185954
2016-06-08,763.2205200195312,772.4077382400011,758.4567407017337,761.3490371418513,1470489
2016-06-09,745.5692138671875,764.7517986550887,743.8678750492675,764.7517986550887,1376923
2016-06-10,744.0379638671875,752.6722265722358,741.0606211577082,745.1863467154064,793113
2016-06-13,743.6551513671875,749.3971694427257,737.8280352047551,737.8280352047551,1071858
2016-06-14,736.4243774414062,744.5057352871311,731.8307427397548,741.8686294692458,826228
2016-06-15,744.0379638671875,745.6967275544512,734.1276452230545,738.3809919508822,863255
2016-06-16,748.1211547851562,749.3120606981097,730.8525777210795,741.6560367062863,803719
2016-06-17,749.7373657226562,752.587139026052,742.2089631966343,751.9491370519575,849716
2016-06-20,748.07861328125,750.58804621352,740.5501587222371,744.3356475424571,526386
2016-06-21,740.2950439453125,747.7384011811889,736.8073201802263,745.6117276852243,1214022
2016-06-22,739.0049438476562,746.3154379095765,737.0698130665596,742.1871694086603,723156
2016-06-23,747.69140625,750.8306389682823,734.7475437631048,739.6498848942987,574726
2016-06-24,738.8758544921875,741.5420659605389,728.5551578260527,738.4028330604118,1157925
2016-06-27,738.660888671875,751.5617603549871,735.5647004654406,737.9298602740112,815766
2016-06-28,763.5164794921875,765.4086175661411,738.7898123162929,740.5099282937465,1607560
2016-06-29,760.1193237304688,769.0209563913353,754.270939261179,765.3657095363068,857945
2016-06-30,772.8052978515625,776.5465825795126,765.9248321381324,766.3118688332704,2029009
2016-07-01,771.9880981445312,777.9655121950218,762.0974303970563,772.8481562095291,1099564
2016-07-04,768.0748291015625,776.417402664114,763.7315464588571,774.0522430326255,674938
2016-07-05,765.623779296875,770.7841282215983,762.7425529843008,769.9240700674778,631452
2016-07-07,789.7913208007812,791.2534300289383,764.2475854413086,765.451687745386,1689043
2016-07-08,791.8555908203125,796.6718957159235,785.6201689051053,790.3934813897135,1579861
2016-07-11,799.338134765625,804.0684549998886,792.4146240640814,797.2739740295219,746028
2016-07-12,795.8117065429688,803.2082373006197,785.7920617142207,803.2082373006197,813346
2016-07-13,797.6608276367188,799.6389506000556,789.0602473667532,793.9195437230181,598072
2016-07-14,802.39111328125,804.154221664219,793.016460180917,797.2737577355412,757072
2016-07-15,809.7448120117188,818.3024017770898,801.6172513552228,804.1544335963431,1284879
2016-07-18,792.9305419921875,814.1309417571745,782.6528376365562,811.89481179001,3013256
2016-07-19,769.8810424804688,779.9867253296278,763.7316059619785,777.5785206131009,2602482
2016-07-20,779.9866943359375,782.9108603138684,771.6441204549094,773.5792511363643,897886
2016-07-21,782.6958618164062,785.7921024663854,774.482317476846,780.0726951154905,876194
2016-07-22,776.8043823242188,786.9530560455045,771.4720123200191,783.6848462022122,967993
2016-07-25,780.0296630859375,782.0507785166527,770.354009972088,774.4822781352416,1297630
2016-07-26,776.37451171875,784.2870572914228,773.1922860272226,784.2870572914228,1094799
2016-07-27,777.3634643554688,782.1798210361986,772.5471601685174,774.052261788662,1168069
2016-07-28,782.13671875,785.2329063646632,769.8378481010786,778.2664579847853,1760367
2016-07-29,793.446533203125,795.5536858969588,776.2453724269745,778.696569333842,1284438
2016-08-01,795.5536499023438,799.8969323030557,787.9421576007878,799.8539399018159,1270582
2016-08-02,797.6178588867188,809.1855976978319,794.8656626199607,798.9079459654698,1442265
2016-08-03,785.9208984375,797.1016511363086,782.2656523628896,797.1016511363086,1067729
2016-08-04,789.5762939453125,793.1885483073273,781.663749269894,792.9735337916571,685515
2016-08-05,795.9838256835938,798.6930298803546,788.1573174388376,792.2425936916707,936293
2016-08-08,799.4240112304688,803.5952720559447,793.3176196623691,796.8868293136062,640018
2016-08-09,803.5093994140625,804.9285164876102,794.8228323098042,799.4241228315452,912239
2016-08-10,795.5108032226562,804.4553765637593,793.6616571866472,804.154377206169,675289
2016-08-11,804.71337890625,806.8204792474373,793.4465863469727,795.4677543698112,859803
2016-08-12,804.154296875,814.4749937332888,796.4137742312835,803.9822747619395,664203
2016-08-16,796.5857543945312,811.8087919575871,792.4144414710421,800.9290369282461,847402
2016-08-17,785.405029296875,796.1557550250577,782.9108399304254,795.4677190772096,685242
2016-08-18,779.9866943359375,788.4152530275186,778.5675775053588,785.2330276303702,1047855
2016-08-19,783.2119750976562,787.555258255305,775.1274074921799,781.7928581530005,1232642
2016-08-22,799.8969116210938,803.2081663313368,784.2868908228838,784.2868908228838,1405730
2016-08-23,792.715576171875,801.2731649265145,790.4364011665141,800.7141061534919,923109
2016-08-24,790.7373657226562,795.5106772417655,781.1476977883552,792.1134375591249,929753
2016-08-25,783.3408203125,792.9734804654996,780.2446324925742,792.1134224606564,1760911
2016-08-26,777.9224853515625,786.7810725301109,774.0522242304105,786.7810725301109,753284
2016-08-29,778.5245971679688,780.9327493323522,774.9123426745036,779.2126331443955,488018
2016-08-30,795.3818359375,796.671923274929,780.5888239695558,780.9328682570522,921470
2016-08-31,788.7161865234375,796.84374520589,784.2438743786269,795.5536581926046,2185015
2016-09-01,796.241943359375,799.4241694870759,785.5342072983638,788.759425841211,654587
2016-09-02,791.8985595703125,796.8868864546756,789.1463629291444,794.263719536447,968873
2016-09-06,806.60546875,808.2396001388544,793.2315757827713,794.9086995779049,811241
2016-09-07,802.4342651367188,807.5086292899738,797.6179604270882,805.874497784679,728867
2016-09-08,818.3882446289062,820.1513531706756,801.1440908532575,802.4341779560807,1528195
2016-09-09,799.8111572265625,820.4955470491165,797.6180192505034,817.055314147443,888951
2016-09-12,789.92041015625,795.4247507627707,784.7600613098839,795.4247507627707,677577
2016-09-14,781.3197631835938,795.1236846905529,778.352552347161,788.6732491738637,1349809
2016-09-15,786.0932006835938,791.9845784001737,779.2127350320962,782.8249899978898,964711
2016-09-16,784.1150512695312,798.6500029793872,782.1369279591704,788.028305480116,1542460
2016-09-19,784.3300170898438,793.4036198040222,781.8788199388954,787.3402205254146,793036
2016-09-20,776.5465698242188,788.5013473086657,774.8264534241152,784.5021081746972,1133099
2016-09-21,785.27587890625,786.5659657953662,774.5251548302821,775.7722493218483,1102665
2016-09-22,782.78173828125,789.4901795704576,776.8473176251608,785.2328823601127,1250220
2016-09-23,783.1259155273438,784.8030393705084,774.9123709291266,783.5129521825021,1498875
2016-09-26,767.687744140625,786.0070214005359,762.4414113768277,781.7927162341075,1153660
2016-09-27,771.7301025390625,774.869335519844,764.9356752222253,769.7519794593195,849724
2016-09-28,763.0005493164062,774.7833030582578,757.9261856292912,774.0522746852336,1877866
2016-09-29,755.3890380859375,767.8598808554673,751.2607695989184,766.3117867345579,3307074
2016-09-30,746.4013671875,756.7220639187556,743.9502227113381,754.3569042511762,3104818
2016-10-03,747.1754760742188,755.1310135173111,739.8219898012517,755.1310135173111,2066037
2016-10-04,739.9939575195312,749.9706097712714,738.6178331612996,749.9706097712714,1465854
2016-10-05,749.067626953125,751.4327867731486,741.714140556899,743.9502706619542,1781339
2016-10-06,760.6784057617188,762.7425137291067,751.6907880149575,751.6907880149575,1360160
2016-10-07,754.4859619140625,765.1936956682532,746.6594542670399,765.1936956682532,1088191
2016-10-10,753.5398559570312,761.6243698566678,752.0777468228471,756.5930514322604,734544
2016-10-13,741.4130249023438,752.3357725388452,733.199481096731,747.8204678165486,2130773
2016-10-14,724.384033203125,735.8227969894391,719.8687275642809,735.1347609146585,2077909
2016-10-17,730.4044189453125,731.9095207800541,721.5888224846832,725.8891134410877,1136539
2016-10-18,735.86572265625,737.069825048241,730.1893599369389,731.3074250187689,1146943
2016-10-19,727.609130859375,736.1667191974343,725.9320071157306,735.3496535280917,1171167
2016-10-20,722.70703125,730.5765862615625,721.2449215355166,729.8025127380724,818580
2016-10-21,732.0813598632812,732.9844102395651,719.9115185021583,722.4487000307828,1247395
2016-10-24,729.6302490234375,735.3496562361189,726.1040319033257,732.5974598894619,1639740
2016-10-25,715.8692626953125,730.8772854490561,713.4611107691983,728.55511832632,1925999
2016-10-26,724.9000244140625,728.2972647631794,710.8810864163984,714.7943406819796,1928005
2016-10-27,722.70703125,731.0496078620081,703.8717846143038,731.0496078620081,3193498
2016-10-28,719.4385986328125,728.4262162513688,717.1164312705674,723.3088600719609,1396899
2016-11-01,724.4257202148438,730.887235280618,721.303403655013,724.2088912055008,891827
2016-11-02,729.4994506835938,735.8742549080939,721.6502516403233,724.2088443724656,1085441
2016-11-03,728.0250854492188,735.917640024926,723.9486895841784,726.9409404285574,1975240
2016-11-04,735.4840087890625,751.4426452488165,730.7137705245109,736.3513248371629,2273336
2016-11-07,726.5072021484375,738.736335455592,723.8184910322123,737.2185325943683,803129
2016-11-08,732.53515625,734.3999070380922,725.1629694063936,727.20119400169,797363
2016-11-09,718.397705078125,724.5122712086794,692.9853613626897,711.1989941394312,2122893
2016-11-10,709.9415893554688,730.1934522319001,705.8218378439809,728.5455304525952,1017007
2016-11-11,695.37060546875,706.8625425095495,692.2048808828038,706.8625425095495,1758762
2016-11-15,698.57958984375,702.3523927670846,679.325166618131,697.3219712237183,2007604
2016-11-16,701.44189453125,705.5616459983578,692.1182464741113,701.6587235558346,2677282
2016-11-17,703.9569702148438,707.7297731987353,696.4546665178732,701.4417329344084,665671
2016-11-18,696.324462890625,706.6888971991949,689.9930681922104,705.1277393599188,1462211
2016-11-21,691.9012451171875,698.8831273824752,687.4779552920826,696.3245349422924,993597
2016-11-22,711.1122436523438,713.3672435514823,696.2811117508008,699.3167170425093,1226008
2016-11-23,721.3466186523438,723.3414345631877,706.9491434685267,711.502551779626,1254013
2016-11-24,715.7958374023438,723.7751546678804,711.6760866717597,718.8314432038268,1588843
2016-11-25,722.9945678710938,726.810779295082,716.0994482928261,719.8722515691147,788448
2016-11-28,726.6807861328125,730.2368139681133,719.005059686025,720.2626786407438,930063
2016-11-29,722.2140502929688,729.4127625704604,720.089115486474,725.9434985392097,1157881
2016-11-30,732.0147094726562,737.478789726153,720.7829566013323,724.4256944159196,2734453
2016-12-01,735.5706176757812,742.1622504934502,729.3259853409287,732.01464354417,951938
2016-12-02,721.1300048828125,735.8310238330373,718.2678722490779,732.8821278244772,623704
2016-12-05,732.7953491210938,738.4329034253327,721.6069509425882,722.3875565594218,760110
2016-12-06,725.0761108398438,737.045059976881,722.6476368454361,733.2289016818869,611314
2016-12-07,723.081298828125,732.0146422876477,721.6502063740659,728.4152600163859,394177
2016-12-08,731.1473999023438,734.4431901686423,725.0761878035105,725.0761878035105,609858
2016-12-09,732.92529296875,734.61656956632,725.3796340281191,728.4586478320272,463868
2016-12-12,722.1271362304688,733.6190709357517,720.1756756201377,732.8818736576627,317031
2016-12-13,720.8698120117188,725.4232216271845,715.4490862790216,723.3416417711188,716723
2016-12-14,712.76025390625,722.3440847920708,710.1583059949811,720.7395714214946,418711
2016-12-15,707.7731323242188,714.4081201593897,705.6916059182863,709.4644089230625,552176
2016-12-16,708.5538330078125,717.2703484200005,705.6482925792374,709.030846231379,907271
2016-12-19,702.3091430664062,709.2910263990087,700.7913400403288,708.5971841744413,709550
2016-12-20,695.0670166015625,704.9110313615896,692.5084239871205,701.441767596045,1057366
2016-12-21,691.0772705078125,698.1892711867562,690.2967179915227,695.5873235922713,1024157
2016-12-22,682.6209716796875,696.0210129843078,679.8455501994382,690.3834596081109,1147406
2016-12-23,684.7459106445312,693.3323593244684,678.1976861142571,682.143962915673,893290
2016-12-26,695.4139404296875,698.102651722993,680.8863978011823,683.4449905231081,686679
2016-12-27,699.7072143554688,701.2250174234849,690.9039353862668,695.5007527416747,552306
2016-12-28,702.7859497070312,712.2397126652802,699.0565025265603,700.7911340464773,811567
2016-12-29,709.8980712890625,712.8903217615062,699.5336355924807,703.6100309508271,1295881
2016-12-30,716.70654296875,719.39525428408,709.898133661789,710.7220944348218,709395
2017-01-02,715.8391723632812,718.1375807226663,710.4184478711113,718.1375807226663,439748
2017-01-03,719.7421875,722.3007803800458,710.7654877495006,716.7933447552304,617599
2017-01-04,712.5867309570312,726.2903646935897,708.2067961959596,719.7420872193082,1298675
2017-01-05,722.604248046875,724.8592481646964,712.9336547907633,715.4488920225151,800848
2017-01-06,723.1246337890625,758.7279410032586,721.346646776094,722.387436446561,545826
2017-01-09,720.7828369140625,727.287705882549,718.4410734980556,726.8106927455451,323290
2017-01-10,720.34912109375,725.0326475493838,719.004792202315,723.1678974202367,337793
2017-01-11,729.8463745117188,732.8819803474776,719.95895147197,721.6935833781179,867646
2017-01-12,716.3162231445312,731.7544355806235,715.2754334769467,731.7544355806235,985100
2017-01-13,718.09423828125,724.7291734155725,715.6223561068148,719.8722253589405,567779
2017-01-16,717.7039184570312,721.0430635494679,713.3239836809904,718.1375764138029,472383
2017-01-17,729.1091918945312,731.1473632508327,717.0534787279073,717.0534787279073,1081184
2017-01-18,750.1849975585938,752.6134718125829,726.4638727927019,729.1525842005354,2032995
2017-01-19,746.1519165039062,759.7254325745537,744.6341135602706,750.5752597017037,1350359
2017-01-20,746.2820434570312,756.299532410203,741.1215028033469,741.7286345749744,1032081
2017-01-23,747.9733276367188,751.7894862137506,738.5629174248526,741.2082205952788,1615902
2017-01-24,746.1951293945312,747.9731691387947,730.3666160012745,742.4223268289229,1843785
2017-01-25,753.8711547851562,754.5216418515947,742.3792166114092,743.2898879170685,1360342
2017-01-27,742.3790893554688,759.5085791687409,740.5143389099513,753.6975517839743,1272497
2017-01-30,740.2975463867188,748.6671667938075,738.216019790466,743.2464419023684,600766
2017-01-31,741.902099609375,748.4069693641798,738.3027171703435,742.4224680150531,1210100
2017-02-01,740.7311401367188,752.4399048867626,736.5246791604818,743.2897326509326,1750447
2017-02-02,733.1419677734375,744.850729997347,730.1063627524239,743.7232301483206,1617828
2017-02-03,737.0017700195312,739.3435338037693,727.3311754576895,732.8820190250119,999913
2017-02-06,746.3685913085938,747.6262097894421,737.2184203260159,737.261775528096,1007603
2017-02-07,741.77197265625,748.7538555268131,738.0858798368532,748.4936713269146,866921
2017-02-08,739.7769775390625,745.8048325725287,734.919977590213,745.8048325725287,995337
2017-02-09,737.8689575195312,742.5090761305811,731.5809176229499,742.4223657205039,884351
2017-02-10,737.9990844726562,744.503953405239,735.1803079352037,735.7006762751068,648644
2017-02-13,747.8865966796875,750.011531525193,739.3435550206013,741.5118450799399,688095
2017-02-14,735.6139526367188,752.8735061320997,732.8818865594567,748.4935717169362,1294385
2017-02-15,737.2619018554688,739.3868364890363,731.4942826349438,735.9609279496229,863541
2017-02-16,733.8359375,739.3867802507801,732.057950551265,738.9531223151491,529692
2017-02-17,729.6295776367188,735.4406053654285,726.3771426695416,734.6166445863902,917969
2017-02-20,741.078125,744.1570860390323,735.0502685525406,737.8256901833957,1511663
2017-02-21,748.2767944335938,751.6159394815137,738.996503695051,740.254122340275,1061217
2017-02-22,749.4911499023438,753.6976113687625,738.9532392246095,751.0956633433237,1996095
2017-02-23,744.3739013671875,756.2994954758957,742.6392694968299,755.3454691219044,1313518
2017-02-27,751.4860229492188,755.0419976781209,740.9047562584369,745.0678628265293,1194357
2017-02-28,751.0089111328125,753.2205562440311,744.2872124410752,750.6619635740168,1409380
2017-03-01,759.3350830078125,764.0186101199728,748.4502788701529,753.1771611906779,1199589
2017-03-02,761.06982421875,765.8400624332265,757.4704414822098,761.5034822382479,1116347
2017-03-03,760.7662353515625,763.0212357317323,755.3455104600326,761.5034327621039,909059
2017-03-06,757.2535400390625,765.9701077466217,751.3124469149318,760.6360934423031,620823
2017-03-07,756.3429565429688,758.858194281725,752.9604556844153,758.1209438715794,581168
2017-03-08,755.6923217773438,759.8988355914704,748.7104394741464,754.5648217115637,689050
2017-03-09,754.8250732421875,756.2995209690445,747.7998351051399,753.6108626540671,649123
2017-03-10,759.0750732421875,761.2867187446061,752.3100181431762,755.4323349775585,1533750
2017-03-14,792.5099487304688,793.5940936671726,762.4140747002187,764.2788251660551,2763421
2017-03-15,781.01806640625,795.5022543494996,779.7170923922473,789.2575684949334,1247829
2017-03-16,785.9617919921875,791.3391619314614,776.5513813642659,787.5229502489394,1052674
2017-03-17,782.7960205078125,790.1248510638701,780.584375364965,787.1326003709512,2071209
2017-03-20,779.239990234375,793.8108869407729,777.115055666684,781.0613324713889,849554
2017-03-21,783.57666015625,786.74233183204,770.4368014244352,779.5436195333216,1016256
2017-03-22,784.8775024414062,787.5228052417056,775.4237383403429,775.4237383403429,928431
2017-03-23,782.3189086914062,788.3901197344659,778.9797637924271,784.9208562812889,737393
2017-03-24,780.7579345703125,785.0945149079206,777.982512566889,781.4517768369755,809976
2017-03-27,779.5435791015625,792.1630158105754,776.3344994422813,780.4542502778647,2830764
2017-03-28,783.2730102539062,784.920931727266,778.4160621273162,780.5843519939662,565803
2017-03-29,791.4691772460938,793.5074015361337,780.8879118326291,784.2271100766992,1067420
2017-03-30,797.23681640625,801.226448524372,788.5636570740165,790.2115255850828,2105056
2017-03-31,790.775390625,798.1475768825405,785.0944812138963,797.2369056380805,1454650
2017-04-03,798.4944458007812,801.7034724473147,784.4005616969702,792.7267735928236,832000
2017-04-05,811.2440795898438,813.0654751318888,796.326285265129,796.326285265129,2246395
2017-04-06,810.6369018554688,812.0245862487172,798.7980175541454,807.3410587821623,1588953
2017-04-07,801.8336181640625,808.9456197399991,798.971486036498,802.8744079204766,770117
2017-04-10,803.0911254882812,806.3435599403343,794.4613221548155,800.3590593738533,460843
2017-04-11,801.1395874023438,802.9609293447924,795.5453900980323,800.4891005747902,715100
2017-04-12,801.1831665039062,802.8744433155442,796.5864022252565,798.10420524705,2006885
2017-04-13,801.269775390625,805.9099472312927,796.6296564867189,799.5351435855368,1200252
2017-04-17,792.77001953125,801.2263488279584,791.0787430845569,800.5325067550671,449115
2017-04-18,791.6425170898438,798.7545174226202,790.1680696040506,793.5939776907226,605252
2017-04-19,788.0,796.5864502152841,785.7883546223576,793.2472516041084,1245002
2017-04-20,794.201171875,795.8490403056338,786.0050261187407,790.9920924913562,1955164
2017-04-21,786.1351318359375,801.3131596785804,783.6198946187383,797.4969486462976,761841
2017-04-24,784.5306396484375,789.1708117883214,779.3267438976059,789.1708117883214,789135
2017-04-25,801.39990234375,804.0018500786323,783.2296234078028,786.6555318460836,1105317
2017-04-26,816.4478149414062,819.6135392040421,798.1908255284994,801.399904999508,1296199
2017-04-27,821.6084594726562,824.8175393508599,811.9812727748143,816.2310895330676,1096343
2017-04-28,810.8971557617188,820.0473295495606,808.4686813964142,818.7463554677792,3585324
2017-05-02,804.9559936523438,812.8919565743499,801.4000190714316,806.7773890941135,1615426
2017-05-03,810.0730590820312,812.6316516011738,800.1856365437984,809.2057431729498,977037
2017-05-04,829.7611083984375,832.6232401992705,809.8995536814801,810.2898564126755,1234682
2017-05-05,827.3326416015625,832.146234162726,823.3429567794753,826.9856940738122,571239
2017-05-08,828.1566162109375,832.623314541779,820.5242464149908,828.2867347785406,672197
2017-05-09,825.72802734375,830.8885671319733,821.7817508951406,830.021251299894,1292861
2017-05-10,864.1502075195312,866.4486159136271,827.50610939906,827.50610939906,2928370
2017-05-11,848.885498046875,863.8466983955939,846.4570239399433,862.4590140307087,1354465
2017-05-12,850.14306640625,856.9081199235573,841.5132625059023,848.4951450009229,890243
2017-05-15,852.7883911132812,857.6453391633248,845.2427319089079,851.0971144565964,734446
2017-05-16,867.6629028320312,869.4842451634032,851.7476232906721,852.5715840355366,1503815
2017-05-17,875.46875,877.7237503182064,859.5968256043201,870.7852226477067,1999387
2017-05-18,858.859619140625,875.1217931965571,852.5715785056647,874.2544772469074,2690943
2017-05-19,874.2544555664062,887.04736550649,867.315928141276,867.315928141276,3059815
2017-05-22,883.4479370117188,891.7741483115774,875.1217257118601,877.1598968616582,1788720
2017-05-23,888.8253784179688,895.0700105608445,879.4583243301321,883.6214300709697,2640069
2017-05-24,900.3174438476562,902.0086677502727,887.6979533100039,890.3433095408024,1992083
2017-05-25,905.0008544921875,910.6818167460659,893.5957335812926,900.1873141277948,1918721
2017-05-26,902.83251953125,908.0364153680183,895.4170314879742,903.7866518001496,716421
2017-05-29,929.9794921875,934.0992427940662,900.9244089622434,902.8758697758801,1771026
2017-05-30,930.2831420898438,932.321313562602,913.5440064241418,928.9821680595466,890684
2017-05-31,925.4259643554688,931.88742475625,920.2654776627786,924.3852277384004,2226704
2017-06-01,950.014404296875,953.5703781415109,920.3955465586489,925.4260208866339,1782269
2017-06-02,942.251953125,956.6493749458555,907.2990822984241,954.0908355580993,2216247
2017-06-05,952.0960693359375,955.1750832600628,943.6397389546801,947.109002700837,612171
2017-06-06,946.71875,955.6087383224941,942.7724201513356,952.2694872781502,1203091
2017-06-07,959.5549926757812,966.4068099452303,946.6753718242934,958.5575581455114,2392047
2017-06-08,948.4099731445312,967.0572657120734,944.1168016237405,959.858501115658,935574
2017-06-09,950.014404296875,958.7309710229557,945.3742856292698,946.2416014876453,691085
2017-06-12,953.7440185546875,958.3841377755463,939.3031866162141,950.5782941194558,1059705
2017-06-13,956.4326782226562,962.1569424038962,949.7543876567981,950.5782954722569,1040661
2017-06-14,965.9298706054688,971.0470566238822,949.0172071389874,958.3842631006102,1139136
2017-06-15,957.5167236328125,972.6947514077892,955.4351443632547,969.225487916366,1051935
2017-06-16,946.9356079101562,963.4579134315886,944.0300147440041,957.5168202775797,1550451
2017-06-19,950.2747802734375,954.9148996191326,945.6346609277424,949.1906352920352,859068
2017-06-20,948.019775390625,954.9148950902285,946.3284457035389,953.0501445563539,1272735
2017-06-21,974.3861083984375,979.1997545011562,948.8002866466358,949.0605237935254,1411671
2017-06-22,957.4092407226562,977.842933331665,955.659029675642,977.4928697573813,1000211
2017-06-23,960.7784423828125,965.0226831018512,940.738503137148,957.2780200455579,1600881
2017-06-27,955.7026977539062,975.6988371177725,951.2396810567907,959.5531833291361,1809437
2017-06-28,953.8649291992188,966.947712791964,948.833072921333,958.2404563973803,1084236
2017-06-29,952.2021484375,957.934131441316,948.8330140687693,957.934131441316,1771369
2017-06-30,944.7638549804688,956.2277154052555,931.1122308553639,949.4894459380356,1501780
2017-07-03,960.6470336914062,962.7035101895872,946.0765061903736,956.4902826916028,823810
2017-07-04,952.2021484375,973.1171885123094,948.4829505497506,966.4664089485058,938993
2017-07-05,959.7279052734375,960.8655848522835,946.9076985488873,951.23942689839,364842
2017-07-06,956.0526123046875,959.72801211194,950.7144909372455,959.72801211194,653440
2017-07-07,960.6031494140625,971.2794993282774,953.6899022526973,954.7399859969988,780216
2017-07-10,959.3344116210938,966.9477867988388,953.865002204782,964.8038210374057,123910
2017-07-11,968.260498046875,973.9486841511257,959.9907932866124,964.366321059113,1088867
2017-07-12,990.3131713867188,996.2201335770137,966.9915881890436,971.3671157374102,1749266
2017-07-13,992.9821166992188,997.532729158209,989.7442692466497,992.9821166992188,1390586
2017-07-14,997.007568359375,1001.951828129226,984.7560934547715,993.2445726232077,1430776
2017-07-17,1008.9527587890625,1011.621873069739,988.9129299810188,997.6201862452443,1177146
2017-07-18,1013.2407836914062,1023.6983574983723,1004.008485655071,1009.2153201460985,3322231
2017-07-19,1010.1777954101562,1045.7946456985237,993.6820816459903,1041.3753211437504,4799441
2017-07-20,1008.9091186523438,1016.0412496042586,1001.9957640681295,1011.1405735082495,1295206
2017-07-21,1013.9408569335938,1018.7976276358435,1001.9956472844954,1014.1596332757956,1690899
2017-07-24,1014.5534057617188,1018.8852415079464,1009.9154113203001,1016.8724563946218,1102676
2017-07-25,1006.021240234375,1015.9974640890179,1000.245565420971,1011.2281819442858,1686360
2017-07-26,1019.1039428710938,1021.2479081747849,998.8014353577382,1009.8715390177393,1563285
2017-07-27,1025.5361328125,1043.5194863219635,1017.0038543871956,1018.4477997932808,2090566
2017-07-28,1009.740234375,1022.6480376181972,999.0201943933615,1022.6480376181972,860381
2017-07-31,1011.4033813476562,1017.3978338415053,999.4581675489446,1015.07878244368,955459
2017-08-01,1027.329833984375,1029.911458738576,1009.8715258129408,1009.8715258129408,1359063
2017-08-02,1022.779541015625,1028.248950325869,1014.8597936046315,1027.3738448362299,587711
2017-08-03,1023.7857666015625,1032.2742457358966,1013.3719916096096,1019.9352817107081,597333
2017-08-04,1043.2130126953125,1046.8885190708327,1016.8723643804535,1016.8723643804535,1116836
2017-08-07,1038.1376953125,1044.0883486060093,1025.054804018911,1026.4987494559161,868190
2017-08-08,1042.2506103515625,1058.002508744785,1033.499555688661,1034.112086785305,1329938
2017-08-09,1037.306396484375,1046.188739645495,1029.4304461231793,1040.9381060713645,833002
2017-08-10,1024.4859619140625,1035.7748441825947,1020.5479871802304,1028.1176710890322,699787
2017-08-11,1008.8217163085938,1028.074038323457,1000.72699000689,1015.1662315180373,861457
2017-08-14,1011.359130859375,1023.785689948346,1003.9207359683933,1010.3090472515747,526828
2017-08-16,1038.1810302734375,1041.9002273649053,1007.2460828892785,1007.2460828892785,1366648
2017-08-17,1030.2615966796875,1036.9998653110258,1019.497757879616,1036.9998653110258,961319
2017-08-18,1052.0516357421875,1055.639653227761,1023.3919348022806,1023.8732854867511,1407292
2017-08-21,1042.6444091796875,1057.1274479891003,1034.6809704645177,1052.1393893500385,965962
2017-08-22,1049.7764892578125,1056.558556578024,1039.6690852816837,1055.6397599389563,916218
2017-08-23,1039.7567138671875,1046.1449204919506,1035.2498987755982,1045.8386549045324,831796
2017-08-24,1032.362060546875,1041.1131167753792,1028.5116812658666,1039.6254799463002,780599
2017-08-28,1049.8638916015625,1052.620494939553,1031.5304764466457,1033.8057290913216,630713
2017-08-29,1041.7691650390625,1048.857604132012,1035.2496726368277,1045.8822244518637,1002082
2017-08-30,1053.8896484375,1058.5276437219563,1038.9690561957243,1047.9388880137965,666156
2017-08-31,1067.41015625,1070.0792713114463,1045.1387593597144,1051.7457431680625,1425125
2017-09-01,1064.2593994140625,1069.378744378658,1056.3834512148744,1064.3468885847321,622867
2017-09-04,1047.63232421875,1063.1216451948956,1044.6569448538721,1063.1216451948956,586791
2017-09-05,1054.677001953125,1060.1902087896706,1043.3882275749272,1046.9761384065307,699191
2017-09-06,1055.7271728515625,1060.6277417124186,1050.3890512919802,1051.8766877378937,670064
2017-09-07,1057.7835693359375,1069.159938644204,1053.364244682589,1058.0023456687888,781792
2017-09-08,1056.7333984375,1066.1844711418858,1051.9640106804134,1059.0961399075034,663219
2017-09-11,1067.541259765625,1078.1300153370903,1055.3772715069244,1055.3772715069244,794869
2017-09-12,1093.706787109375,1098.2572925239408,1070.2539193281114,1071.1290247404809,1164498
2017-09-13,1094.7130126953125,1101.7576536073855,1089.681156850799,1093.8817053290165,848136
2017-09-14,1092.0003662109375,1104.4706194648986,1076.4672437367053,1104.4706194648986,1239363
2017-09-15,1090.381591796875,1099.832775129696,1081.2804720734948,1086.9686585475556,1333125
2017-09-18,1120.1785888671875,1125.3416247093614,1090.3812104896258,1093.8816317111014,781532
2017-09-19,1119.5224609375,1126.785772181816,1114.4906045279834,1126.785772181816,563558
2017-09-20,1102.0640869140625,1121.316407859103,1098.3448885496798,1120.135036802356,1179496
2017-09-21,1099.7449951171875,1104.2956076297492,1092.131620301575,1103.507991346383,913615
2017-09-22,1084.4305419921875,1095.8507099080473,1079.9675259280123,1095.8069119093802,1208698
2017-09-25,1091.387939453125,1101.7579191541497,1082.9431492877366,1085.0434240330555,1271436
2017-09-26,1065.309326171875,1103.5951798332976,1051.0451750737832,1103.5951798332976,1751337
2017-09-27,1055.2894287109375,1065.4406281149618,1039.6250235733671,1065.0030754956126,2299025
2017-09-28,1052.576904296875,1061.4591393768526,1043.2570096565632,1055.2022207124896,3007522
2017-09-29,1027.2861328125,1058.702434440575,1022.9980954785527,1058.702434440575,2274339
2017-10-03,1038.1810302734375,1042.994108862396,1024.7481868491268,1029.5612654380852,1970990
2017-10-04,1047.9385986328125,1054.0643357438184,1031.4865762335025,1042.3379033378744,2448425
2017-10-05,1039.3189697265625,1054.064474636171,1035.4246865267958,1053.9331874587601,2305862
2017-10-06,1056.5150146484375,1060.2779045662562,1043.2571436814944,1044.0009620632623,508700
2017-10-09,1067.8472900390625,1070.560095225402,1054.5457316144668,1065.4407503565324,720819
2017-10-10,1058.177734375,1076.6862406768394,1054.5023332875014,1071.216830234477,802675
2017-10-11,1065.9222412109375,1068.0662068439547,1048.9013760322237,1063.2531268458868,1096016
2017-10-12,1086.005859375,1089.5062811618654,1064.3469995687701,1067.6724429960504,982442
2017-10-13,1092.65673828125,1096.507223960117,1077.429880765606,1083.3806410715283,840717
2017-10-16,1121.2725830078125,1126.6981937157561,1093.8379434721935,1093.881741471608,1276141
2017-10-17,1122.0164794921875,1127.7046649446131,1112.2590323127627,1124.5105086718333,654497
2017-10-18,1106.089599609375,1122.410339222308,1102.6329754715878,1117.5097695850932,697765
2017-10-19,1100.6201171875,1111.383957298974,1097.1196952747473,1107.0084299080333,67835
2017-10-23,1093.837646484375,1118.0343254009654,1083.9052243334422,1107.883126961138,791883
2017-10-24,1111.4273681640625,1114.883990869116,1097.381887401783,1098.1695034226852,1055569
2017-10-25,1113.52783203125,1123.1103003292974,1107.095828656851,1121.0100259883288,1332232
2017-10-26,1114.6217041015625,1124.5104378411274,1096.9446177695356,1124.5104378411274,2321903
2017-10-27,1102.76416015625,1114.6217749733473,1090.3813966067912,1114.6217749733473,875032
2017-10-30,1080.054931640625,1110.9023938400705,1076.3795320657616,1102.6326913844389,1063165
2017-10-31,1082.899169921875,1093.7942966028884,1076.7734319215022,1086.00583692325,722440
2017-11-01,1108.0458984375,1112.4498964440083,1090.4299064114666,1091.0464231245849,1243886
2017-11-02,1093.5130615234375,1110.732742350643,1090.4743449160567,1110.688659348413,762274
2017-11-03,1091.751220703125,1096.5956190200811,1085.1452229981846,1096.5956190200811,656886
2017-11-06,1092.7200927734375,1100.559231653661,1087.74355293513,1091.3108347490086,532305
2017-11-07,1087.0828857421875,1102.937279452688,1080.168629989006,1087.8756269316102,949224
2017-11-08,1088.0518798828125,1099.149934267059,1082.1504575575805,1092.4998537231122,872203
2017-11-09,1103.5540771484375,1132.752611657859,1093.2486551053742,1100.559336361919,1417669
2017-11-10,1136.80419921875,1144.3790554340985,1095.9791530148411,1105.095408766083,1933002
2017-11-13,1126.9832763671875,1158.251667387926,1117.955078959791,1140.635672446665,1413270
2017-11-14,1130.8590087890625,1135.3510667579794,1126.7632677658223,1132.7967255538445,1131348
2017-11-15,1114.211669921875,1131.8276647032485,1108.530554612682,1130.858806494173,1195740
2017-11-16,1124.3408203125,1133.589217189336,1097.60857084383,1118.6156222458872,911479
2017-11-17,1125.794189453125,1142.749584150948,1119.7607328437732,1129.18524688879,1134503
2017-11-20,1122.57958984375,1128.4369312946635,1115.2249314141957,1127.4239897999216,707096
2017-11-21,1125.089599609375,1131.8277395628136,1120.3773421975868,1123.0197415895623,828746
2017-11-22,1119.0118408203125,1124.7811213731295,1113.0224678806826,1123.019522122741,646368
2017-11-23,1116.4136962890625,1123.9004942523422,1111.5692976069404,1123.0196944919564,891839
2017-11-24,1115.04833984375,1118.6156216449826,1103.6420267095775,1118.0871633276322,971523
2017-11-27,1110.0718994140625,1115.8851559013415,1101.4841023816407,1110.688416193208,763155
2017-11-28,1116.721923828125,1121.213980978004,1111.9216082745336,1112.450066612255,975006
2017-11-29,1124.03271484375,1128.3926309567644,1112.8905755866458,1116.7220333101297,819468
2017-11-30,1120.7735595703125,1124.0325830427078,1108.0460466370105,1121.2580424236203,2308732
2017-12-01,1101.43994140625,1126.3225310461753,1096.8157433315737,1120.773450348769,470360
2017-12-04,1117.38232421875,1122.1386634484084,1093.2483942545036,1106.8568122593454,833814
2017-12-05,1110.688720703125,1122.1391198856313,1105.4039210804297,1122.1391198856313,862459
2017-12-06,1123.5478515625,1129.4492728863074,1105.931861078549,1108.2660013215673,1516859
2017-12-07,1137.948974609375,1144.0265132165323,1120.4211489793213,1124.9571808016788,1407824
2017-12-08,1168.5130615234375,1172.3445191014985,1137.3768104877158,1141.8688679074944,1267860
2017-12-11,1166.2230224609375,1170.5829384790725,1155.301083397111,1170.5829384790725,597953
2017-12-12,1157.943359375,1166.1788151533394,1152.658561119018,1161.8628750737216,873443
2017-12-13,1158.2955322265625,1177.6290400254713,1150.5003699176161,1162.1269889007597,917877
2017-12-14,1164.0648193359375,1168.6890175913923,1148.7829666051418,1157.3707633652723,834383
2017-12-15,1166.663330078125,1175.8676442858966,1154.3761092834384,1169.966329078928,1420357
2017-12-18,1173.0048828125,1184.6754776668386,1145.8762117659417,1162.6554873756336,918171
2017-12-19,1188.8153076171875,1190.8411899273765,1168.3807976617343,1174.1940541560016,1227087
2017-12-20,1200.2216796875,1204.8898533795805,1174.5463480628432,1185.732460750884,1198943
2017-12-21,1187.7144775390625,1202.4238990852393,1184.763819637846,1202.291757607974,557871
2017-12-22,1194.8048095703125,1197.4472087068484,1181.4166969529956,1181.4166969529956,561400
2017-12-26,1187.406005859375,1192.5146869197688,1180.271550082921,1189.4318880949254,913529
2017-12-27,1191.237548828125,1201.4108286917822,1182.605776007581,1189.7843152928867,569851
2017-12-28,1193.0433349609375,1217.9700124311948,1188.0228190840764,1196.126134276082,2608574
2017-12-29,1204.802001953125,1211.011683638687,1189.0797468048295,1197.0069451168617,799006
2018-01-01,1184.2353515625,1204.0533474049369,1180.3158353925771,1204.0533474049369,746852
2018-01-02,1179.03857421875,1188.9035963519186,1170.1866008647632,1184.6757143634884,695988
2018-01-03,1189.3878173828125,1195.0690397875123,1175.8675639010323,1184.4112777245766,832810
2018-01-04,1191.0614013671875,1194.4965417213969,1181.5487215431458,1189.167660497092,640189
2018-01-05,1194.848876953125,1200.485909021824,1187.5381964297574,1189.9603956066028,568451
2018-01-08,1205.2862548828125,1207.5763124543207,1187.8463789161585,1187.8463789161585,801796
2018-01-09,1199.032958984375,1211.8926161503143,1194.364676459432,1210.219074819513,708386
2018-01-10,1202.9964599609375,1206.6957762672369,1193.4837787168658,1199.076836175954,939525
2018-01-11,1214.314697265625,1218.0580965127053,1195.2453595971845,1195.2453595971845,629248
2018-01-12,1210.2188720703125,1219.3792110920667,1195.2452761276666,1216.2083534551716,872539
2018-01-15,1204.2294921875,1211.6282323102148,1201.4109757214712,1211.6282323102148,1324592
2018-01-16,1217.26513671875,1223.8711342045608,1201.1905428366101,1206.0790239839064,896453
2018-01-17,1207.75244140625,1225.1923175466288,1203.3925261308998,1223.4307182403072,1409691
2018-01-18,1195.201171875,1239.1971836827656,1189.6081149939148,1233.1196439337634,2465412
2018-01-19,1200.0455322265625,1209.2058707934275,1189.1237017440087,1207.0479544931236,1491194
2018-01-22,1193.5716552734375,1202.291593831499,1185.9527163434268,1200.5299944266178,1014403
2018-01-23,1205.2421875,1208.7653861231706,1189.1236183106876,1198.5040486292883,1284895
2018-01-24,1203.084228515625,1208.4570847207633,1175.9115816057936,1204.9338862230352,1819330
2018-01-25,1209.1177978515625,1213.7419963135699,1197.4912847263133,1205.7267404833228,2125894
2018-01-29,1230.7415771484375,1233.1196935496243,1204.229417721517,1206.695700116418,1406390
2018-01-30,1233.3397216796875,1241.927518349123,1224.3995836429926,1230.7414056951925,1310365
2018-01-31,1206.1229248046875,1233.119454363032,1200.1775274354372,1233.119454363032,1491912
2018-02-01,1207.7965087890625,1219.7313869429593,1189.9603160430436,1209.3379081621754,1563429
2018-02-02,1208.63330078125,1213.6539235640423,1190.8411899160417,1190.8411899160417,1699619
2018-02-05,1194.14404296875,1199.1645576190228,1181.3724489263036,1190.9291029645137,1585136
2018-02-06,1167.3680419921875,1187.7585797143977,1144.1589878005211,1145.039787637165,1540401
2018-02-07,1156.1817626953125,1171.4636161844967,1151.249305815277,1164.4172184931615,1561287
2018-02-08,1171.06689453125,1178.1132897869288,1149.663425934342,1167.6757307988873,1146084
2018-02-09,1174.1500244140625,1180.271539015339,1155.4330317244535,1161.7747462397253,810004
2018-02-12,1184.19091796875,1188.9913400521734,1174.2379475151827,1180.2714029592507,1166428
2018-02-14,1188.55126953125,1191.898244253653,1173.2253315343326,1188.903610954531,857401
2018-02-15,1196.2581787109375,1201.807152516364,1179.170642389222,1191.7220385827206,844856
2018-02-16,1190.92919921875,1201.4107366804908,1187.3179421153238,1201.4107366804908,1091144
2018-02-19,1176.6605224609375,1197.006977169407,1170.4068651290027,1197.006977169407,495950
2018-02-20,1173.0491943359375,1183.2223673207354,1169.5699706804096,1173.357452756173,688130
2018-02-21,1171.9923095703125,1179.3910501340563,1165.2982519248367,1179.3910501340563,1406451
2018-02-22,1168.3367919921875,1174.8107562069292,1156.7102782341847,1171.5517326017834,2173259
2018-02-23,1165.43017578125,1172.8728904378456,1162.8317520849405,1168.3808333514005,896708
2018-02-26,1174.3704833984375,1178.86254113101,1159.352802943201,1159.352802943201,1109668
2018-02-27,1185.8646240234375,1191.2815635427057,1175.0748279765628,1180.2715675765069,1316559
2018-02-28,1160.673828125,1178.9504222692563,1154.7284300298804,1178.8623638013762,1862621
2018-03-01,1166.399169921875,1170.5829690965995,1157.591171659297,1162.6557706602794,961945
2018-03-05,1144.819580078125,1163.4924934832127,1139.5347810933442,1162.6557766517599,842790
2018-03-06,1139.0501708984375,1151.9979914760365,1135.526971968941,1145.0396520863812,738512
2018-03-07,1139.622802734375,1151.7338000163445,1137.2006032779811,1138.9182274042191,917890
2018-03-08,1139.0062255859375,1149.928164060504,1131.1230032607314,1145.0396824085747,739272
2018-03-09,1145.7003173828125,1147.6821168939496,1132.7965790619535,1140.6357186321293,852176
2018-03-12,1166.35498046875,1169.6579795157497,1139.7989541464724,1149.4436683559115,874857
2018-03-13,1163.1400146484375,1172.740644766945,1157.106451062336,1166.9714716017259,1067772
2018-03-14,1159.9248046875,1167.0592586515907,1154.8602079046723,1160.365204407746,760665
2018-03-15,1144.9954833984375,1162.6555597186266,1139.9749683074488,1157.2827032571583,536838
2018-03-16,1144.291015625,1154.4641882160965,1128.3925371448634,1147.6820731553655,3646692
2018-03-19,1153.3192138671875,1161.0701871535603,1147.902273902134,1152.086072713594,1244199
2018-03-20,1156.71044921875,1163.0962483863386,1150.3246500511611,1150.3246500511611,1249242
2018-03-21,1158.7799072265625,1165.3859040838736,1149.4434531721256,1156.7100497151678,1698614
2018-03-22,1155.477294921875,1163.096235347212,1153.011119782716,1156.0498363447298,950972
2018-03-23,1146.49267578125,1157.370527961008,1130.7704264144406,1136.2313402356929,1301609
2018-03-26,1166.4432373046875,1171.3756947617935,1143.278159176437,1147.6821582487653,1032138
2018-03-27,1173.9298095703125,1180.2715240049317,1163.6684722047303,1179.390724360152,1040328
2018-03-28,1174.4141845703125,1179.7430654276961,1164.5932470295697,1167.9844116767165,1337677
2018-04-02,1190.224609375,1198.3720061328604,1158.2515390904123,1158.2515390904123,708747
2018-04-03,1187.6702880859375,1193.9239441945672,1179.0824913645083,1186.5252055152841,979726
2018-04-04,1195.6414794921875,1197.8875616781309,1179.8752512768704,1187.3179655456768,912607
2018-04-05,1217.44140625,1218.8507719058957,1200.2658106339336,1215.5036897523992,588716
2018-04-06,1210.9234619140625,1217.2210937084615,1200.045499681205,1217.2210937084615,633937
2018-04-09,1225.7210693359375,1229.9489516912795,1204.493814115753,1204.8901310467786,923543
2018-04-10,1225.6326904296875,1235.5857692993977,1221.6690920775973,1232.0625707642064,969036
2018-04-11,1241.1787109375,1251.175764354707,1220.3918630019225,1226.9537766604062,1015714
2018-04-12,1244.35009765625,1247.2126974208106,1230.5655572860774,1240.166298000354,510556
2018-04-13,1242.4119873046875,1245.3185616332908,1232.4148252777752,1243.6891037873254,534981
2018-04-16,1250.29541015625,1253.5543266536065,1237.3916706116363,1240.9589530777957,325041
2018-04-17,1273.2401123046875,1277.6000280274882,1250.5595189081293,1251.1760357208182,1176082
2018-04-18,1277.5999755859375,1282.5765154366552,1268.3515786582213,1277.5999755859375,765225
2018-04-19,1280.85888671875,1292.9259071768463,1275.7062299535662,1278.39271205892,682820
2018-04-20,1292.8377685546875,1296.6692255261469,1269.408411862201,1270.1130945896025,674146
2018-04-23,1279.581787109375,1295.6563819224855,1277.1595878909611,1295.6563819224855,395622
2018-04-24,1285.659423828125,1294.555480126077,1273.3722023524767,1289.4908813774973,1218174
2018-04-25,1285.262939453125,1288.6100214777503,1276.322908094836,1285.086822512671,504777
2018-04-26,1313.492919921875,1319.9667780232849,1285.835780104108,1288.6103214388622,1321586
2018-04-27,1298.2547607421875,1318.9976380580124,1294.6875862327634,1313.4926395686216,818770
2018-04-30,1329.038818359375,1333.1345588674367,1298.783367219638,1299.1796841154642,612159
2018-05-02,1296.492919921875,1333.5305858728332,1290.0631473946792,1331.7689866840976,1047583
2018-05-03,1279.09716796875,1293.8505616361904,1269.7607134801174,1290.8999044065993,1243694
2018-05-04,1289.6666259765625,1295.6561057751549,1275.089458298866,1281.5633133262068,586841
2018-05-07,1319.349853515625,1322.9611106760221,1290.3715227299417,1296.889461823056,887065
2018-05-08,1317.720458984375,1325.4274565043743,1302.262380950749,1315.9147765576051,906975
2018-05-09,1317.6763916015625,1330.8883875066585,1309.0885942632503,1318.4691328597678,759263
2018-05-10,1309.3089599609375,1327.2332151709304,1303.5837610105534,1315.9149587498423,932116
2018-05-11,1324.8109130859375,1326.4844541535113,1308.0757174492066,1311.5108580574888,591179
2018-05-14,1324.3262939453125,1339.8723210147891,1315.958697667233,1334.4114064516255,1479249
2018-05-15,1334.8519287109375,1358.5454618494941,1330.4479302658337,1347.6235242017383,3239290
2018-05-16,1386.4666748046875,1393.7773547347622,1327.0126998343364,1329.1266404482906,2420630
2018-05-17,1382.6795654296875,1406.1088185444778,1374.2678843538959,1386.4669400480727,2082393
2018-05-18,1414.3880615234375,1420.289375922578,1376.9540779719898,1376.9540779719898,2041908
2018-05-21,1390.474609375,1426.367200801692,1385.5421520570735,1420.7300606442736,1510806
2018-05-22,1386.642822265625,1399.5464501013573,1372.4618630072976,1379.111942846314,1137466
2018-05-23,1381.1820068359375,1397.2126261054855,1374.9283503848512,1380.21314865667,891664
2018-05-24,1375.0162353515625,1384.3087141481103,1365.2834642740825,1382.943431759031,915840
2018-05-25,1387.920166015625,1401.5725617467003,1371.6694541048212,1379.3323687009163,968884
2018-05-28,1394.1737060546875,1396.6839635560916,1388.140249949351,1396.0674468081988,563972
2018-05-29,1385.233642578125,1407.34180102216,1377.3064452930273,1387.7440077340016,944652
2018-05-30,1396.772216796875,1404.699414150956,1371.4051422560176,1382.4151385811301,1089156
2018-05-31,1419.3646240234375,1424.825646638453,1391.3992337362788,1404.8755120635576,3315162
2018-06-01,1399.45849609375,1430.7709665179761,1392.6322988370034,1420.7298290493159,1444570
2018-06-04,1376.8660888671875,1400.4715645350748,1372.2859732991487,1400.4715645350748,857157
2018-06-05,1376.513671875,1385.4977848784974,1362.641078034036,1377.5705883979467,1531015
2018-06-06,1383.868408203125,1390.7826640346748,1371.8013883416686,1375.0163286066345,1085135
2018-06-07,1411.966064453125,1415.1808974845142,1387.2595887691507,1387.2595887691507,1479204
2018-06-08,1405.4036865234375,1410.3802252937862,1392.9844348491008,1409.1911674508287,760059
2018-06-11,1410.5126953125,1424.2531494620378,1395.539100049139,1405.75635531318,905198
2018-06-12,1443.146240234375,1448.9155213362478,1400.8238787277098,1413.5074160414824,1707972
2018-06-13,1427.9525146484375,1448.695391811681,1426.455198078138,1448.0347919978135,845842
2018-06-14,1417.7352294921875,1448.0347618275146,1407.7822570156561,1424.9578518183548,1348038
2018-06-15,1428.0406494140625,1434.7347058776504,1400.4715747770051,1400.4715747770051,2101892
2018-06-18,1416.810302734375,1443.6306087419507,1412.362221548333,1435.6593289988816,846403
2018-06-19,1410.160400390625,1419.8491976450266,1400.2073202033032,1412.4504582377654,1118708
2018-06-20,1411.393310546875,1424.7814215539677,1406.636971169269,1406.636971169269,1535703
2018-06-21,1414.1002197265625,1429.231211306479,1409.2636842935044,1414.588358163631,1185462
2018-06-22,1427.1011962890625,1429.408533099799,1403.051443061497,1412.8133443098693,1098709
2018-06-25,1433.357666015625,1445.6487649105616,1426.4799631745832,1434.1119730481691,1082199
2018-06-26,1439.215087890625,1447.246514941394,1432.5592450300242,1433.2248293160842,759142
2018-06-27,1428.166259765625,1470.186787622941,1418.448665363113,1445.6488949045413,2251405
2018-06-28,1422.353515625,1438.105675913469,1416.3632574871315,1428.7874965878957,1177218
2018-06-29,1456.431396484375,1459.8480404447953,1424.7495229486042,1424.7495229486042,1722592
2018-07-02,1458.4725341796875,1462.2885938698412,1442.143620615382,1456.2096127333803,1099574
2018-07-03,1458.5169677734375,1474.1359899970385,1450.9736795312263,1459.848136286769,1381265
2018-07-04,1487.3587646484375,1493.0384379218385,1455.1001400765397,1457.1856154849252,1244751
2018-07-05,1498.008056640625,1501.86842303513,1480.6141458955458,1490.0210468599582,1449303
2018-07-06,1489.400146484375,1506.5721989384567,1484.1641952415077,1498.8957720454266,1458899
2018-07-09,1501.46923828125,1505.1077435895772,1485.583940311882,1492.683505140135,773248
2018-07-10,1497.1209716796875,1507.6371820908312,1489.2226828837454,1502.6675075854362,1093651
2018-07-11,1524.7646484375,1527.2938466801443,1490.0655478461308,1495.3458057269281,1158397
2018-07-12,1546.24072265625,1552.4972570767218,1524.8533067018484,1526.4063364045855,1471465
2018-07-13,1546.507080078125,1553.074199114517,1529.956198147787,1545.9302187781004,976456
2018-07-16,1554.1390380859375,1578.7656523939372,1547.571919270986,1552.8522853552997,2218046
2018-07-17,1492.4169921875,1579.6529245556521,1489.3109330661825,1568.1161335336164,6188478
2018-07-18,1458.73876953125,1508.3913097154596,1443.8740550736693,1502.445467264734,2372869
2018-07-19,1462.0220947265625,1482.0340347557149,1458.6498667117978,1465.971292332597,1457149
2018-07-20,1469.4766845703125,1483.3208134113263,1445.4713475675599,1469.5211001798812,1734748
2018-07-23,1499.472412109375,1511.275373058836,1473.647767979712,1481.102224019053,1382893
2018-07-24,1480.1705322265625,1517.2656931657668,1475.333888726664,1508.6575142111021,1084438
2018-07-25,1466.9029541015625,1490.4202591815695,1453.8575489555178,1482.9213882525073,1526620
2018-07-26,1481.98974609375,1490.5980334685858,1459.8924371736366,1468.7224776191629,2088548
2018-07-27,1472.2720947265625,1486.2937770562585,1456.697382761079,1482.0339952943698,1030665
2018-07-30,1498.6292724609375,1501.5578861385459,1465.1726182120208,1478.7061629895697,1237254
2018-07-31,1536.7449951171875,1541.8921139295644,1492.4170281617157,1499.782869016403,1877744
2018-08-01,1539.096923828125,1546.8176570975124,1525.163963123168,1537.8987856218753,1191134
2018-08-02,1551.6988525390625,1561.6826169606034,1543.2681181386502,1546.1523167493174,1127209
2018-08-03,1564.566650390625,1568.4270172265701,1550.2787973708512,1556.5796396966286,758933
2018-08-06,1535.54736328125,1561.9044576721574,1522.0138161338066,1561.9044576721574,1629015
2018-08-07,1535.3250732421875,1545.9300032386504,1529.9559848354957,1535.9906573423189,863577
2018-08-08,1559.375244140625,1564.566779855158,1527.6046445299178,1533.506180141641,1423256
2018-08-09,1556.7569580078125,1566.341413388042,1542.557829047921,1563.2353539280657,939345
2018-08-10,1555.42578125,1565.0989594677271,1545.4864343641693,1553.0297215832882,730724
2018-08-13,1534.2603759765625,1558.7982696355557,1531.5093161534644,1543.2679709059103,691024
2018-08-14,1547.927001953125,1561.2831016875482,1534.393456429384,1534.393456429384,850399
2018-08-16,1541.8480224609375,1554.7602910710698,1535.8133489885354,1545.0428049866011,638454
2018-08-17,1583.868408203125,1587.2850518243154,1536.8337951566111,1545.131389188289,1420289
2018-08-20,1576.99072265625,1605.078395629137,1573.618386276062,1588.5275146621764,924623
2018-08-21,1555.24853515625,1576.9909540500178,1553.0299209834166,1576.9909540500178,1169476
2018-08-23,1573.263427734375,1582.759051264159,1559.6854682347964,1566.29689388591,1375102
2018-08-24,1580.4962158203125,1587.640196313222,1563.9010262453749,1573.6629279555177,866648
2018-08-27,1590.5687255859375,1595.6271219617447,1578.4993792668938,1589.4150030219605,627163
2018-08-28,1571.843505859375,1589.3705553718726,1568.8705849499884,1587.640079891548,991764
2018-08-29,1558.2213134765625,1579.1207003989289,1554.1390854393478,1575.2159181469478,777922
2018-08-30,1573.3079833984375,1579.4757956034853,1557.4671003685348,1557.4671003685348,1586926
2018-08-31,1579.7418212890625,1588.4831383977603,1566.3414149856483,1576.990761716429,1335542
2018-09-03,1507.8587646484375,1589.8587579792754,1504.9745665108808,1589.8587579792754,1744229
2018-09-04,1465.35009765625,1506.8381785012202,1441.0784827211198,1505.995148532931,3852609
2018-09-05,1430.2957763671875,1462.110782145901,1416.3629262520178,1458.0728620501663,2693195
2018-09-06,1427.544921875,1452.304674937893,1418.7148817880352,1440.723466920017,2008264
2018-09-07,1454.30126953125,1459.5815267656706,1420.8002029104691,1430.4733802366584,1571003
2018-09-10,1429.053466796875,1455.765553462269,1423.462517069603,1448.9321584255208,1423511
2018-09-11,1411.615478515625,1441.2117699830515,1398.6587933826704,1431.4498676001613,2381214
2018-09-12,1443.7408447265625,1452.6597162896483,1408.8198822254262,1419.8685365521494,1789295
2018-09-14,1445.9151611328125,1463.3977961413104,1431.0060317027674,1453.5471716357415,1920969
2018-09-17,1424.7496337890625,1442.9866859754895,1415.4758696992042,1437.6620118574988,904395
2018-09-18,1477.5526123046875,1482.8772862791745,1435.8870817866352,1439.4368644362933,2932792
2018-09-19,1461.7115478515625,1489.5773598661178,1452.8815079365204,1482.9215182223907,1589108
2018-09-21,1438.8155517578125,1470.4085925106754,1425.5038681542953,1465.1726419604736,3032792
2018-09-24,1411.437744140625,1454.966992085174,1388.053575357588,1439.4811104330995,1817390
2018-09-25,1447.29052734375,1455.4106756453612,1399.546022616763,1419.9128542881572,1229970
2018-09-26,1429.452880859375,1463.3976722254288,1418.1379504040237,1459.3154444723937,980726
2018-09-27,1437.75048828125,1442.0989930649505,1422.7526370872238,1428.7873100520433,1572603
2018-09-28,1427.36767578125,1444.140421062659,1419.9575259030992,1437.7507470679077,1735076
2018-10-01,1457.4517822265625,1466.4149600750154,1421.3326855207536,1425.6811901197304,1721675
2018-10-03,1436.6414794921875,1457.2302851564798,1425.8146850605717,1457.1858695382516,1213562
2018-10-04,1396.7950439453125,1422.3979377308392,1386.278834610329,1419.9130465670396,1544573
2018-10-05,1383.12841796875,1397.5937166137894,1356.5493565823913,1383.9714479776296,1638027
2018-10-08,1383.8382568359375,1393.6445739216954,1364.0925924907478,1376.428107837715,1998863
2018-10-09,1342.21728515625,1393.2898315495008,1324.5127857246052,1387.0777112814458,1562134
2018-10-10,1355.706298828125,1369.506012974019,1322.7820885807441,1342.2614762592764,2294071
2018-10-11,1354.3306884765625,1366.6662038003935,1310.9345776118137,1322.2939244562249,1823960
2018-10-12,1392.9346923828125,1399.9455347937337,1366.7550452979217,1380.4217301880526,1728063
2018-10-15,1354.50830078125,1413.656465023388,1331.1684375112468,1375.2744417418137,3913322
2018-10-16,1372.1683349609375,1382.240929123689,1354.6857000806067,1362.8501562181623,1374834
2018-10-17,1386.1898193359375,1400.2115010456414,1372.0351074707912,1382.7287603487832,1223188
2018-10-19,1400.744384765625,1407.267089321454,1369.3731993641388,1376.6057955170904,932433
2018-10-22,1406.5125732421875,1411.03852420083,1390.272275197382,1409.26363297542,614209
2018-10-23,1377.35986328125,1403.9388132851634,1373.3219428310938,1398.2148330108337,989355
2018-10-24,1407.4443359375,1411.925979645172,1377.6706004223847,1386.1900566975228,690618
2018-10-25,1402.625,1420.653669550536,1385.7565287963357,1404.8116072703274,2397242
2018-10-26,1390.75439453125,1409.7202414003589,1383.3465142921748,1398.6530901434026,1049382
2018-10-29,1385.979248046875,1391.8251250639614,1358.4006583574378,1391.8251250639614,1478828
2018-10-30,1421.81396484375,1431.2298857078626,1376.6528441852765,1386.8721552773554,1366068
2018-10-31,1447.3843994140625,1449.4372173778993,1394.0568909545,1421.769388721055,1478902
2018-11-01,1434.844482421875,1449.8832620886358,1413.3350018316653,1449.8832620886358,1037308
2018-11-02,1462.3336181640625,1471.035594545399,1435.3798477214807,1437.5664546171818,1332970
2018-11-05,1463.7618408203125,1469.9647450110865,1436.941857600394,1459.2546193643755,764645
2018-11-06,1456.5323486328125,1476.212247139525,1445.9561218563522,1472.6422054293932,656676
2018-11-07,1467.1531982421875,1469.919958690482,1458.7190185475918,1463.717054994353,114827
2018-11-09,1492.8128662109375,1499.4174649295987,1462.1998250047052,1472.6421530558557,1125863
2018-11-12,1476.4801025390625,1501.1579296820978,1471.9282120184805,1492.2774941547486,805817
2018-11-13,1491.4739990234375,1498.167826535914,1460.6378323187055,1467.3762199785224,673435
2018-11-14,1531.1016845703125,1552.5219354765716,1488.7521070873413,1492.2774798027178,1780843
2018-11-15,1522.66748046875,1542.6150670224702,1514.277860538938,1533.1098090421253,997169
2018-11-16,1507.539306640625,1533.3328791921606,1502.3628116495538,1521.6410146505234,1071547
2018-11-19,1518.517333984375,1523.5153708217517,1496.7400567475559,1511.2880209741484,910054
2018-11-20,1511.91259765625,1526.103534618861,1503.9246732612287,1518.160170373838,740827
2018-11-21,1508.298095703125,1522.6229329958603,1498.2573524462648,1508.3874339135268,932133
2018-11-22,1495.044189453125,1520.5699657897287,1484.2448351125265,1510.9309185799411,808599
2018-11-26,1556.5380859375,1561.893148159762,1497.7216307398512,1497.7216307398512,2314140
2018-11-27,1546.98828125,1554.3068227675458,1525.5233630866653,1551.9863175753255,1592918
2018-11-28,1546.0064697265625,1560.1081776118165,1532.2172276402093,1544.935500827262,1205956
2018-11-29,1578.40478515625,1588.6686556845489,1550.7369602538786,1558.2340700817472,1936534
2018-11-30,1565.463134765625,1605.001386366963,1554.9761382813058,1580.5911414336113,2373749
2018-12-03,1629.3670654296875,1640.7020135815812,1560.152944989579,1579.2972506764318,4310053
2018-12-04,1613.3463134765625,1650.2069245913533,1607.411098015575,1637.7564491163687,3155914
2018-12-05,1649.4486083984375,1655.4284940277255,1595.8087499467458,1609.1964072449566,2847336
2018-12-06,1607.8575439453125,1648.4667686189243,1604.4214005704277,1642.2191955922149,2399579
2018-12-07,1628.20703125,1635.748701777611,1599.4681263240404,1607.679288709618,1774240
2018-12-10,1602.77001953125,1619.9061734893849,1597.5934162787873,1603.6625298196739,1216028
2018-12-11,1601.967041015625,1624.2798024400195,1579.8327381030138,1589.5611238738556,2237806
2018-12-12,1641.4158935546875,1646.726395929323,1602.9040470967757,1602.9487161974384,1449484
2018-12-13,1656.09765625,1666.7184424656746,1639.5862144486998,1649.3591593947265,1586900
2018-12-14,1660.560546875,1665.2907874191305,1635.7487100129606,1639.5418798493022,1573884
2018-12-17,1651.7691650390625,1668.548406285523,1646.7265677930968,1664.5321089716506,1179613
2018-12-18,1642.888427734375,1650.1624088809815,1635.9714725177832,1650.1624088809815,1521255
2018-12-19,1646.503173828125,1658.284267130174,1644.004101213014,1651.099515073495,1687085
2018-12-20,1637.087158203125,1655.51751926887,1625.2613957137198,1641.3265824917796,1500656
2018-12-21,1609.6427001953125,1644.5398392470004,1606.5189134192194,1635.9717601652385,1439522
2018-12-24,1592.819091796875,1619.0142565728945,1586.4822882164162,1619.0142565728945,1023418
2018-12-26,1599.0216064453125,1605.3138483275884,1554.0837297189094,1570.8182996728099,2212019
2018-12-27,1619.8173828125,1627.0466963162532,1600.4052787834937,1608.9286889762316,1516851
2018-12-28,1626.19873046875,1637.667468112837,1620.5312018772122,1622.4947902625502,963189
2018-12-31,1624.0567626953125,1639.4525689111342,1616.559652661279,1633.2942246349983,757071
2019-01-01,1607.50048828125,1628.6530505074106,1605.0460846375347,1628.6530505074106,807345
2019-01-02,1592.774169921875,1614.4175489138106,1580.903845988501,1599.7357951978631,1598707
2019-01-03,1596.165771484375,1609.5979889000719,1590.989167097208,1590.989167097208,1182624
2019-01-04,1590.1856689453125,1608.303672879781,1581.6622603546782,1605.5369125464285,1454134
2019-01-07,1593.0865478515625,1610.088916183558,1590.8552716373392,1598.9325351124412,909032
2019-01-08,1580.5020751953125,1600.71745825045,1571.800098491693,1599.3786926037392,1262707
2019-01-09,1593.1312255859375,1603.8413514722295,1582.7781256856622,1586.437396907005,1324628
2019-01-10,1594.2021484375,1605.7155552217193,1587.7761166713935,1593.1311794594926,1313981
2019-01-11,1579.2080078125,1602.4132794506768,1569.5242912456051,1602.056253481822,1113837
2019-01-14,1574.299072265625,1589.337850294698,1570.907489260988,1580.6358741383744,1018068
2019-01-15,1597.4599609375,1600.6284169196535,1577.4231429855754,1577.4231429855754,1614600
2019-01-16,1582.01953125,1601.8778898862395,1576.8875958720955,1597.5937959042005,2054033
2019-01-17,1563.2320556640625,1587.999220690998,1555.1994616012726,1585.9018429199643,1941204
2019-01-18,1556.6270751953125,1578.7167034565255,1541.6329686540728,1561.8929073584932,3234056
2019-01-21,1559.12646484375,1569.0333086546655,1549.442748636454,1561.0007149243515,1628067
2019-01-22,1562.07177734375,1566.3558711692958,1554.0838522356332,1558.3232769581714,1776472
2019-01-23,1577.2442626953125,1592.2831494022482,1561.3576436760331,1563.678148819409,2321782
2019-01-24,1570.3721923828125,1592.2833682858122,1567.8731194547072,1576.8875624781376,1350870
2019-01-25,1567.9625244140625,1587.553086739682,1561.8934093011628,1572.6035355363706,1131790
2019-01-28,1555.6458740234375,1581.1270935659734,1553.1022407696616,1569.8368134248192,1289774
2019-01-29,1567.873046875,1574.2545183128677,1540.562249191981,1557.4307183032372,1319822
2019-01-30,1547.03271484375,1571.4875189820448,1542.3470357441302,1570.8181362535277,1259978
2019-01-31,1573.718994140625,1584.1167622975013,1548.7287024429431,1549.3088560043016,1880257
2019-02-01,1605.89404296875,1635.5253453457447,1572.1124363981587,1573.7189987344525,2342251
2019-02-04,1608.83935546875,1627.046590892238,1601.7885009482532,1606.4296207733169,1116390
2019-02-05,1625.663330078125,1637.7122227429686,1610.9369057099827,1610.9815748179885,1278708
2019-02-06,1633.24951171875,1639.0508298473544,1624.3690760091922,1631.8661858421183,859789
2019-02-07,1641.3714599609375,1646.6818537960046,1631.8215323499899,1636.864238407519,927434
2019-02-08,1621.958984375,1648.4664962576883,1616.3361260003646,1641.4156432169736,1222765
2019-02-11,1610.802734375,1620.2633223604796,1602.7254720721555,1616.3809241009924,797453
2019-02-12,1601.6099853515625,1617.228918059087,1596.7011779291977,1615.443897178227,990035
2019-02-14,1593.17578125,1605.180002913193,1585.9910287332466,1602.9487268457574,1341658
2019-02-15,1582.2425537109375,1597.593689719694,1559.6619959693662,1597.593689719694,1177218
2019-02-18,1563.5892333984375,1584.2954343015658,1548.5057835155956,1584.2954343015658,1513430
2019-02-19,1551.1385498046875,1570.4614235446481,1544.4447211845418,1561.8933447006684,1598381
2019-02-20,1547.1669921875,1558.2787046233068,1536.9031211692386,1555.3780454224936,1430235
2019-02-21,1566.0882568359375,1569.0335853026422,1549.7107096323996,1550.2908632939075,1225418
2019-02-22,1578.4493408203125,1582.4209685944786,1563.6335807458815,1570.8183331789523,1360163
2019-02-25,1579.87744140625,1584.9201473871324,1569.9259278057364,1581.5285639975923,1490746
2019-02-26,1581.751708984375,1593.934498909398,1572.603476501887,1573.8530129722285,2190515
2019-02-27,1549.84423828125,1587.7759285357579,1542.748824507367,1587.7759285357579,1491740
2019-02-28,1546.4083251953125,1567.8285769955794,1541.9011036327258,1561.0008499444373,1895136
2019-03-01,1548.193115234375,1561.0006170896465,1544.9800997334282,1548.505472070061,761115
2019-03-05,1539.2236328125,1552.7898581900151,1532.886829861686,1552.7898581900151,1406843
2019-03-06,1517.0892333984375,1544.0430041102318,1515.4380019862676,1540.5621917331264,2193045
2019-03-07,1522.0872802734375,1535.117910514746,1517.0892437499385,1522.935121586263,1566441
2019-03-08,1518.6956787109375,1533.332871097952,1512.8943610961899,1522.6227462707254,1419614
2019-03-11,1530.610595703125,1540.4728787439844,1519.9451404988445,1525.0770750601296,1427771
2019-03-12,1548.3270263671875,1552.0755263244187,1534.0468605125639,1534.1360897593513,1861116
2019-03-13,1559.751220703125,1566.8020749578507,1553.9499028522416,1561.000757106967,1744331
2019-03-14,1550.558349609375,1563.4104121116022,1544.22143865875,1562.562570817713,867427
2019-03-15,1515.8397216796875,1558.7694511644368,1512.3142401453138,1557.4306855321743,3571762
2019-03-18,1515.081298828125,1527.040852810733,1505.5760398621535,1526.1930113840244,1621113
2019-03-19,1516.955322265625,1525.657298660553,1506.7360128221674,1515.125632367082,1456211
2019-03-20,1506.1558837890625,1531.994014825949,1502.4965041971157,1521.7301458073075,2312268
2019-03-22,1497.6768798828125,1520.7035791370035,1493.794373106839,1506.155727321733,1636228
2019-03-25,1493.9285888671875,1506.1113782499485,1481.5673409747642,1494.062487223949,2039945
2019-03-26,1502.809326171875,1509.726283019535,1494.0626790945714,1499.3285131942116,1452899
2019-03-27,1500.1314697265625,1524.2292496563387,1494.9548660138917,1502.9874593238171,1520533
2019-03-28,1502.8984375,1510.1277506868857,1493.5270773450281,1503.880177250238,1852958
2019-04-01,1508.3426513671875,1536.3228320154653,1504.7726095888036,1526.192860259107,1283162
2019-04-02,1505.7991943359375,1514.590401452616,1499.5069513867033,1511.154257629229,1227869
2019-04-03,1491.2064208984375,1505.308019858469,1489.2875017473475,1501.2024938055235,1233102
2019-04-04,1487.4134521484375,1505.3082227226134,1479.7824436153173,1488.7075488240948,1212398
2019-04-05,1480.7640380859375,1491.831189248571,1472.6422149327805,1490.4924235986323,1468074
2019-04-08,1485.940673828125,1499.19443225501,1478.8005902097054,1485.940673828125,1647502
2019-04-09,1499.86376953125,1502.8983267667002,1483.5754542715385,1489.4214411361415,1232434
2019-04-10,1512.046630859375,1521.4179907715613,1494.9550336106763,1503.6123415689883,1720236
2019-04-11,1526.5499267578125,1531.994218824592,1515.5274442642028,1519.9453275026394,2026954
2019-04-12,1536.5904541015625,1539.3125452788088,1526.3711453029018,1531.904774799941,1437818
2019-04-15,1536.947509765625,1545.1138924043848,1528.9594766703262,1539.580371749299,1035378
2019-04-16,1551.674072265625,1554.7531897104113,1531.6818165782802,1540.4730226407405,1625738
2019-04-18,1552.878662109375,1556.6271617157831,1543.3734058121856,1551.6737950179586,1475552
2019-04-22,1552.8343505859375,1557.4308013884379,1544.132373328896,1552.9682489489296,717781
2019-04-23,1556.7166748046875,1560.1082580757682,1546.809830653623,1554.7531954050276,802947
2019-04-24,1564.2138671875,1566.3559141590629,1548.5057043110965,1557.0737832483135,1169461
2019-04-25,1547.7916259765625,1573.1389453187824,1541.5440526361788,1567.2483979590845,1704890
2019-04-26,1559.5283203125,1562.607547143713,1540.6071398370805,1551.1833682855824,772993
2019-04-30,1568.7655029296875,1572.6033412694896,1557.3859952105129,1561.8932163573252,1171594
2019-05-02,1538.286376953125,1573.049614209521,1535.341048989463,1567.694551693063,793819
2019-05-03,1511.510986328125,1541.3654147363166,1501.2024479365862,1535.1178421230252,1442888
2019-05-06,1489.5107421875,1505.6651598723165,1477.997335357769,1505.6651598723165,2373878
2019-05-07,1515.03662109375,1526.9962839572877,1492.723857896493,1498.3467178018175,2212617
2019-05-08,1507.1824951171875,1515.0366313956438,1494.955144381563,1515.0366313956438,1243338
2019-05-09,1520.61474609375,1528.8704681194974,1496.7400905057777,1499.5068512327077,1204995
2019-05-10,1506.066650390625,1525.30029333914,1498.0787257868615,1525.2556242389526,1000696
2019-05-13,1519.052734375,1532.440390670902,1507.1823022130234,1510.127630177732,1160287
2019-05-14,1515.928955078125,1526.1928249535435,1499.5959707402396,1517.2677207140491,1442817
2019-05-15,1491.4298095703125,1519.9454782814125,1487.7704291280756,1517.2679466109228,1235429
2019-05-16,1506.736083984375,1517.2677507752499,1492.455916918255,1494.6871930223363,714690
2019-05-17,1550.1121826171875,1554.9316518552484,1504.0585565505837,1508.4318795157028,1502484
2019-05-20,1581.9747314453125,1585.6786715062028,1548.3716920877125,1570.8183511107193,1279236
2019-05-21,1593.354248046875,1604.2428317330093,1582.3317660061923,1582.3317660061923,1337466
2019-05-22,1578.2261962890625,1593.13107650646,1559.5280378928635,1593.13107650646,1162653
2019-05-23,1565.3294677734375,1610.8921708975972,1557.4307718948944,1593.9790321027292,1551172
2019-05-24,1561.5362548828125,1570.6399268034766,1541.4547698432984,1565.4633226359012,1603085
2019-05-27,1581.483642578125,1585.053683913733,1549.3979396539526,1561.0005739946791,1373845
2019-05-28,1585.90185546875,1594.0236788511418,1565.9095994089184,1584.2060638078256,2863139
2019-05-29,1589.4271240234375,1597.0134624233099,1580.100433923204,1584.2059599733302,899619
2019-05-30,1592.4615478515625,1599.3785028723555,1589.5608892944558,1595.808461571301,1038433
2019-05-31,1596.2548828125,1608.8839270187418,1574.3883775684933,1594.648320480269,1329926
2019-06-03,1641.951416015625,1646.6817649362456,1599.378711526153,1601.1637324095527,1415582
2019-06-04,1620.44189453125,1647.1279778423152,1612.8555559716945,1634.1865767701322,842283
2019-06-06,1640.2110595703125,1651.0550831959388,1617.3181450159968,1626.287918509188,1626007
2019-06-07,1633.96337890625,1646.4585242317655,1619.9063404150452,1635.9715272621365,698970
2019-06-10,1653.375732421875,1664.4874447767552,1637.7567983774038,1642.0408924377882,814577
2019-06-11,1642.0408935546875,1657.2135723510655,1635.168497201023,1655.696239102005,591026
2019-06-12,1648.55615234375,1654.0451138070573,1626.1988292869662,1640.4343284378099,709916
2019-06-13,1647.1280517578125,1649.9840416464338,1627.0912355368487,1648.5114865486003,697830
2019-06-14,1627.0020751953125,1654.0451886336093,1621.1115273129333,1644.8969554305904,632971
2019-06-17,1622.6287841796875,1634.9900330135213,1610.6244523923608,1634.9900330135213,669276
2019-06-18,1615.0867919921875,1622.7177994631738,1600.271141197564,1615.8900731389792,995083
2019-06-19,1616.96142578125,1628.7871913434467,1608.3041164587332,1621.5133170436743,600455
2019-06-20,1622.66943359375,1626.6247738064137,1610.4884693754027,1617.2306761966786,603514
2019-06-21,1588.1495361328125,1628.9173971664818,1582.441155501733,1627.119475094554,2512357
2019-06-24,1586.171875,1597.993235457006,1579.204926448648,1590.2621919150563,762144
2019-06-25,1578.9798583984375,1590.891090545884,1568.686799795786,1590.891090545884,941132
2019-06-26,1583.0703125,1586.6661564806927,1569.9455039177612,1575.8786245386145,1075017
2019-06-27,1595.1163330078125,1606.9376914578324,1582.3960136070148,1589.3629609755444,1235049
2019-06-28,1606.9825439453125,1609.724418689057,1584.643386678889,1597.6783202241133,1008229
2019-07-01,1600.3299560546875,1617.1405886862576,1593.5428679252936,1617.1405886862576,553283
2019-07-02,1608.421142578125,1616.3320440855866,1591.1611334991594,1603.7465887923731,763979
2019-07-03,1604.375732421875,1615.2981310611842,1597.363902115786,1611.8371529867247,815571
2019-07-04,1612.376708984375,1616.9613889370319,1600.645331729324,1600.645331729324,646633
2019-07-05,1610.39892578125,1632.5133467469393,1605.54451392623,1618.129969242561,1098940
2019-07-08,1576.373046875,1604.4205851383235,1572.0129983978359,1604.4205851383235,776755
2019-07-09,1564.4168701171875,1578.5755057754814,1549.898628113933,1574.9796617987718,1462668
2019-07-10,1544.9544677734375,1577.586798399583,1531.0205712351672,1563.2932954872267,648476
2019-07-11,1556.0115966796875,1566.5743882927823,1535.4253680992174,1535.4253680992174,813618
2019-07-12,1540.099853515625,1562.6188691765612,1535.6500407138562,1552.325810207873,1107445
2019-07-15,1543.470947265625,1550.4378945742196,1530.0315250616875,1541.7180173212655,725180
2019-07-16,1565.3609619140625,1573.7212340596568,1539.6955793590205,1549.3594109036765,1259786
2019-07-17,1582.80078125,1587.160830419276,1551.4720085381862,1564.1923301820746,1278232
2019-07-18,1563.42822265625,1587.5653063002148,1536.3245234807855,1587.5653063002148,1006299
2019-07-19,1546.5723876953125,1583.9241480548146,1536.4590773519824,1571.3836871236613,983217
2019-07-22,1510.8836669921875,1550.4379498975352,1491.421249669964,1548.2805313464012,1729722
2019-07-23,1522.2554931640625,1529.6270387495806,1498.8376264056683,1512.9512693373515,1556691
2019-07-24,1553.9891357421875,1557.0006334959407,1508.9960885528726,1514.7494615708201,2621818
2019-07-25,1561.1805419921875,1573.0917744746077,1553.4045078959982,1555.2024297801372,1297267
2019-07-26,1555.7869873046875,1565.9901734334405,1545.5838011759347,1556.1914758888902,771408
2019-07-29,1540.1895751953125,1564.0120362817945,1528.2333527177157,1554.3032157934883,688427
2019-07-30,1546.123291015625,1559.1132356308567,1532.728748044366,1541.7183594698463,747251
2019-07-31,1552.1910400390625,1575.9236325001355,1529.177660276018,1545.3139664088012,1371879
2019-08-01,1556.3714599609375,1568.4174514042998,1537.2235438534394,1547.1121163577598,1072498
2019-08-02,1561.89990234375,1565.9902191989288,1533.627619950271,1548.1907457175826,1051529
2019-08-05,1565.270751953125,1576.2830235182148,1535.1555603261447,1553.314637238608,1539739
2019-08-06,1567.8778076171875,1582.1713090037722,1553.0000693885938,1556.5509213295634,1409075
2019-08-07,1597.6785888671875,1606.3535852877212,1564.1922884393903,1567.8780069418692,2507314
2019-08-08,1620.9166259765625,1624.4225959727155,1600.6001284612173,1600.6001284612173,1761732
2019-08-09,1655.3017578125,1660.0662948413153,1618.938830522196,1622.6245485466748,1730596
2019-08-13,1640.379150390625,1652.2903841172592,1620.0626529249398,1652.2903841172592,1907934
2019-08-14,1653.2344970703125,1666.8087880796836,1625.9509391993681,1641.5030105211258,1910376
2019-08-16,1643.8848876953125,1660.875270817586,1632.5580021926098,1652.2901502446446,1468390
2019-08-19,1636.9180908203125,1658.5830287609022,1628.0183550601594,1645.233479988897,905742
2019-08-20,1657.144775390625,1662.8081640061107,1629.8163382840214,1637.906987508818,1231835
2019-08-21,1663.0780029296875,1668.2470291550096,1650.4925477723818,1656.6954011900602,1933855
2019-08-22,1682.94482421875,1690.046637889084,1655.7962465897915,1663.482297106408,2543055
2019-08-23,1672.0675048828125,1687.6644567041867,1663.6622412544825,1685.327179988738,1278546
2019-08-26,1686.9453125,1693.3727958762915,1663.0778539980427,1678.809671535862,855849
2019-08-27,1673.3260498046875,1698.1373517903853,1655.8411922781563,1693.6425467300614,2510386
2019-08-28,1643.3907470703125,1661.639701096212,1629.3669760102885,1649.5936005400715,2519453
2019-08-29,1647.75048828125,1657.3694366317968,1630.805095715588,1633.4121045110242,2837369
2019-08-30,1691.7548828125,1695.8002076830528,1642.5367635541068,1648.8743733427634,1766858
2019-09-03,1655.7513427734375,1686.2711354292567,1649.5934816964118,1674.7643904089457,1195923
2019-09-04,1660.0213623046875,1671.2134926076956,1633.6818708203457,1660.3809686523352,1147464
2019-09-05,1644.8736572265625,1657.638857727462,1634.44573304797,1655.8859279198405,1059065
2019-09-06,1635.3450927734375,1657.0999073094347,1630.8951695253054,1645.9977597683928,631575
2019-09-09,1648.739501953125,1670.2695744787627,1631.9738569896726,1635.210094713062,1175372
2019-09-11,1639.974609375,1660.8754527929793,1633.6818823244255,1645.9976042288265,1055039
2019-09-12,1622.984375,1648.3350338616392,1616.7815215272487,1641.5029515200201,862635
2019-09-13,1623.1190185546875,1640.603765475727,1612.3763691525814,1623.5235070954318,1299932
2019-09-16,1632.7828369140625,1640.3790131378648,1618.1297293591763,1619.0286903199312,945889
2019-09-17,1646.177490234375,1655.8863138191036,1628.91748134648,1631.389624323137,1424258
2019-09-18,1644.37939453125,1657.6390690976073,1634.8954219544703,1653.6387365975909,751391
2019-09-19,1629.591552734375,1657.324477636819,1625.5462282344138,1645.0986299842261,644684
2019-09-20,1770.728271484375,1790.7301519466303,1627.3440047998934,1638.8057565254553,4539742
2019-09-23,1833.65576171875,1888.4024006797629,1783.5386842750336,1783.5386842750336,3783357
2019-09-24,1843.274658203125,1858.9614847767832,1806.1026403875644,1838.37536432969,1784798
2019-09-25,1844.2186279296875,1854.0622077133055,1808.5747996955754,1834.7795367314122,1874109
2019-09-26,1828.8463134765625,1865.3441087904246,1813.159377900526,1847.3648884647337,3907951
2019-09-27,1807.7205810546875,1838.0605128612788,1802.866170018344,1821.2948693379035,1458672
2019-09-30,1781.6956787109375,1814.0133919342582,1772.2117061696542,1805.0237820924078,2169407
2019-10-01,1789.2021484375,1815.8113724804978,1782.639689146666,1788.0334552257782,1080409
2019-10-03,1763.806640625,1784.707485850138,1760.4804187688005,1784.2130133588303,1423468
2019-10-04,1747.759765625,1777.515459676418,1743.175086909522,1767.3571574506152,1723988
2019-10-07,1744.0294189453125,1764.6155390830888,1732.8822800419484,1747.5352792310418,880275
2019-10-09,1751.17626953125,1764.3909541593073,1745.1082819443218,1752.9741917792287,1066739
2019-10-10,1769.829345703125,1782.1900585937499,1740.0287686777115,1751.1759062499998,1492290
2019-10-11,1802.1019287109375,1813.1141993606043,1775.8971974217902,1785.201420472385,1934337
2019-10-14,1810.7322998046875,1826.1943860114532,1803.5406113854558,1818.0588543290712,2135148
2019-10-15,1855.8148193359375,1867.4115467869162,1821.11505980913,1842.8698699895526,5761733
2019-10-16,1861.748291015625,1869.8389402764367,1845.2074958715734,1856.624257045026,1661705
2019-10-17,1891.279052734375,1895.0096528291115,1853.6124578373901,1858.6017349260853,2001245
2019-10-18,1893.9759521484375,1902.2013569946805,1879.457601222993,1887.8179818945316,2202270
2019-10-22,1912.4046630859375,1931.867079847127,1898.6055247264458,1905.7972123201064,1737401
2019-10-23,1927.6761474609375,1931.471364005892,1895.8230668571648,1915.205961144391,1535786
2019-10-24,1927.766357421875,1942.811764937455,1913.940722599829,1934.679064526089,973453
2019-10-25,1938.3839111328125,1948.6852426724242,1924.1064606413352,1940.597768630564,1612038
2019-10-27,1933.549560546875,1941.0045360694883,1928.805485214303,1941.0045360694883,85187
2019-10-29,1952.029296875,1955.417922941448,1907.9319322075514,1929.257773831203,1229516
2019-10-30,1960.3421630859375,1969.9207651435506,1935.5826967603143,1969.9207651435506,1195298
2019-10-31,1965.7191162109375,1976.472266034203,1951.2157551972064,1956.3664217460507,1752830
2019-11-01,1969.33349609375,1973.8064372046276,1939.5585997145392,1956.4567204212613,1609685
2019-11-04,1950.1763916015625,1976.1108474389478,1942.6311848567395,1969.3335967386477,1523698
2019-11-05,1962.8271484375,1966.080316834897,1936.62178054679,1945.9744742290936,2167085
2019-11-06,1969.4237060546875,1973.535282014942,1947.3299142592489,1957.2698813389945,1093243
2019-11-07,1932.1943359375,1978.957369672922,1922.9320925406291,1978.957369672922,1970785
2019-11-08,1885.3409423828125,1938.4294132174612,1882.2686765714623,1929.2576209697897,1537851
2019-11-11,1880.7774658203125,1897.6753662819442,1868.7590974744896,1880.7322400275762,1050170
2019-11-13,1889.4976806640625,1893.0217631285925,1872.7352348309937,1883.1722460563876,868433
2019-11-14,1869.6630859375,1889.1364335333767,1862.795382546053,1889.1364335333767,1291198
2019-11-15,1859.406494140625,1896.7265995114815,1852.9456032595863,1863.5180704347558,958290
2019-11-18,1858.0509033203125,1875.355614836199,1841.6048200023865,1861.3040717188549,1200573
2019-11-19,1841.3792724609375,1861.530344813766,1834.3761124258144,1861.530344813766,1413218
2019-11-20,1831.2132568359375,1855.0240874044282,1822.673964527825,1847.0268428189765,989673
2019-11-21,1851.2286376953125,1861.4397401262588,1822.628726342973,1831.6650611290065,1397175
2019-11-22,1832.8851318359375,1855.3404040158746,1814.496210725854,1852.4488207111558,835864
2019-11-25,1863.6536865234375,1867.7652631690532,1827.23732179055,1827.23732179055,862520
2019-11-26,1859.9940185546875,1880.2353197905775,1836.4543228253062,1860.581292057575,3188224
2019-11-27,1891.53076171875,1897.5398360508311,1857.7349581747487,1863.7892583030732,1259986
2019-11-28,1886.0185546875,1896.1394262893807,1867.810428068143,1895.7778405243732,1026831
2019-11-29,1839.165283203125,1883.6240067130573,1835.2796150799807,1883.172189968823,1298616
2019-12-02,1846.3038330078125,1863.2921861017878,1833.6981904204913,1841.604983159769,1600494
2019-12-03,1832.97509765625,1855.2497929886808,1825.4750067367515,1844.3157407729475,1199012
2019-12-04,1850.6414794921875,1854.2560136318207,1827.1470075845718,1831.6651752591133,1046309
2019-12-05,1841.1080322265625,1850.4607272060348,1831.9362404381827,1850.4607272060348,961085
2019-12-06,1830.8067626953125,1851.5451081440337,1827.1470027658547,1847.026940481408,657658
2019-12-09,1814.631591796875,1836.2284539930292,1799.3149381531716,1834.3759612394924,964222
2019-12-10,1830.174072265625,1844.8581165210937,1817.206953707545,1820.731146390222,1610623
2019-12-11,1816.7098388671875,1834.375917068083,1805.459646454202,1832.4783088704107,967708
2019-12-12,1813.90869140625,1838.4423630905733,1809.0742742233117,1816.3033422521762,955318
2019-12-13,1812.869384765625,1828.9541043116462,1807.2669014937214,1823.9388945372739,1212988
2019-12-16,1784.4500732421875,1817.2067842967663,1778.4861148080959,1807.2668168043424,1683941
2019-12-17,1772.341552734375,1802.703616436967,1762.0853345153555,1788.290706156866,2189167
2019-12-18,1742.70263671875,1777.0858292773707,1723.5455380682688,1771.1218695331672,3986106
2019-12-19,1763.0792236328125,1776.9048597083467,1744.0578054635328,1745.7295053049593,2035095
2019-12-20,1755.8502197265625,1771.0313065450032,1745.3228674625168,1762.0853128950941,2169685
2019-12-23,1762.4468994140625,1772.9290265412176,1757.0250981096551,1761.4076987693518,807062
2019-12-24,1758.832275390625,1775.4591539364014,1753.4104743630996,1763.8926009549507,790621
2019-12-26,1757.52197265625,1765.9258085248068,1751.6935805681658,1762.808316999892,862164
2019-12-27,1761.994873046875,1766.1063390295544,1747.6270792378991,1759.2839727171367,937907
2019-12-30,1750.56396484375,1765.92573405389,1741.7535383849931,1761.9949504644244,1117498
2019-12-31,1737.687255859375,1759.0129848319575,1735.0666965946857,1753.0490256719645,706593
2020-01-01,1749.931396484375,1752.9585464714542,1733.1689519143017,1744.0125532818572,543035
2020-01-02,1751.2867431640625,1764.4345428611718,1744.0124502204703,1753.0487841594365,663275
2020-01-03,1741.70849609375,1753.049141622339,1733.8469280865274,1751.1515331695784,1598825
2020-01-06,1730.8643798828125,1743.4701307440587,1727.0691641027302,1741.6176383354468,683129
2020-01-07,1735.6087646484375,1744.9162335279432,1733.1689983980295,1734.2985402374443,808935
2020-01-08,1743.425048828125,1749.4794586901126,1722.731822255726,1725.9397648943532,1889685
2020-01-09,1748.5760498046875,1759.6455601892274,1744.9162900038039,1754.4496675597493,1544334
2020-01-10,1765.69970703125,1768.862424009044,1745.5035221058429,1753.8621312614412,1003336
2020-01-13,1802.6131591796875,1805.3240595199252,1768.4106552817188,1772.0251890687025,2040089
2020-01-14,1815.218994140625,1820.776251844296,1791.3630480049512,1803.2006246319752,1610737
2020-01-15,1826.83056640625,1831.6649832498629,1804.8722296870894,1817.342415284334,1559491
2020-01-16,1851.7708740234375,1856.695632273982,1821.815402664098,1827.1468621570773,2468958
2020-01-17,1861.75634765625,1865.0092962435976,1843.4577672812786,1856.9670454600664,994719
2020-01-20,1864.060546875,1875.8527881483874,1852.4487675742541,1861.936919798415,829399
2020-01-21,1857.3280029296875,1875.0393058229097,1854.3911943783985,1861.2588964668619,750000
2020-01-22,1853.98486328125,1864.647783022915,1831.8458418690566,1864.1959662594008,983169
2020-01-23,1858.6834716796875,1862.253000137968,1838.8939882578907,1854.0298478664015,708017
2020-01-24,1873.864501953125,1878.6538030051067,1852.493660693488,1858.7738685817721,914993
2020-01-27,1862.7049560546875,1869.3917555390137,1858.5481538150411,1866.90676347727,429312
2020-01-28,1862.0272216796875,1866.0031207132329,1845.8520501537466,1863.2922202957318,777052
2020-01-29,1874.3165283203125,1884.79876497978,1863.3374697355785,1863.3374697355785,873433
2020-01-30,1859.768310546875,1877.750530072558,1851.9517479163455,1874.9491778024424,952768
2020-01-31,1838.2164306640625,1868.9399693847597,1825.3848792034416,1865.0995270446726,1930834
2020-02-03,1968.9722900390625,1983.972695293676,1874.949174542717,1874.949174542717,4012542
2020-02-04,1947.872314453125,1991.7887668843957,1933.7755446671088,1967.2099816543437,1932121
2020-02-05,1952.119384765625,1973.5354533926256,1946.3359983215682,1958.5350498878688,1514368
2020-02-06,1948.59521484375,1984.6050985019838,1928.3991382414133,1957.2701847946712,1302116
2020-02-07,1951.8031005859375,1962.6919281961264,1935.2215585147135,1956.3664938050706,908152
2020-02-10,1951.2154541015625,1978.5503617808383,1944.3477526871138,1951.9384048736522,1389847
2020-02-11,1945.20654296875,1969.6046471857771,1940.7336013183574,1959.9810387678522,777506
2020-02-12,2042.5279541015625,2053.0551955339124,1947.3300820315055,1949.2278005193104,4753325
2020-02-13,2063.3564453125,2068.3716548732764,2017.858635373308,2038.5969780619848,2950407
2020-02-14,2037.7386474609375,2076.188294728624,2029.7866290097584,2053.9588237013604,1728651
2020-02-17,2035.524169921875,2068.416329111866,2027.0298857434893,2031.3673690884557,1420851
2020-02-18,2019.07861328125,2044.877393945596,2007.9640976719277,2035.524919546509,1194605
2020-02-19,2071.262939453125,2085.7662977544805,2025.2680936367183,2033.3555673893138,1299800
2020-02-20,2031.59375,2069.275217886617,2026.3978580562662,2062.272059179845,1555224
2020-02-24,2001.683837890625,2044.0191593886823,1997.120664799369,2021.2476372794995,1409245
2020-02-25,2018.35595703125,2060.0133307299548,2011.2623455184305,2024.0486718249554,2237493
2020-02-26,2020.705078125,2038.3259304118396,1990.117218190129,2023.0546133420328,2896154
2020-02-27,2037.6483154296875,2041.9405745520069,1987.993698758428,2025.901079937024,2446802
2020-02-28,1965.1771240234375,2014.560610822404,1947.330360855504,1979.9516212712183,3837330
2020-03-02,1951.35107421875,2025.9008286762144,1935.4472589693296,1978.95711832542,1707337
2020-03-03,1957.857421875,1978.595987056875,1935.3118103184522,1962.6014977193367,1753148
2020-03-04,1966.1710205078125,1974.484404505962,1944.619273492468,1969.0173777602638,1515878
2020-03-05,2004.2591552734375,2040.9917697610083,1971.592891641922,1974.4392489956992,2272645
2020-03-06,1977.96337890625,2033.175476765204,1951.170732535674,1974.4392963253204,2479414
2020-03-09,1917.0582275390625,1960.5230816316132,1908.4737103759132,1933.7754451725636,2485118
2020-03-11,1947.330322265625,1960.3877830880149,1866.9069354063952,1866.9069354063952,2861629
2020-03-12,1857.8250732421875,1918.4137377687734,1835.8668474678293,1899.7988011964096,3655780
2020-03-13,1837.267578125,1915.7030096228534,1706.1503800466116,1780.1579853570856,3667035
2020-03-16,1754.7657470703125,1842.6892119863692,1747.536679765059,1807.2668263133526,2948679
2020-03-17,1810.927001953125,1886.7870002993204,1763.8476020622545,1767.100771342724,3732382
2020-03-18,1738.4100341796875,1864.9187141921495,1725.352464951455,1838.0356196895013,3910994
2020-03-19,1661.1495361328125,1716.0000464163336,1587.9552213567604,1711.7530130150215,5095006
2020-03-20,1853.98486328125,1878.5636510936893,1671.722025002371,1671.722025002371,4252245
2020-03-23,1689.5234375,1793.7576454465739,1671.7219024453366,1762.085248523463,3574673
2020-03-24,1832.4332275390625,1871.379810531216,1744.0127088930767,1784.676217649651,5788124
2020-03-25,1886.9219970703125,1932.8266179399377,1808.7578182313187,1816.3483608571291,3959038
2020-03-26,1983.3848876953125,2033.175176940506,1861.48482866553,1887.690197612763,3201540
2020-03-27,1934.272705078125,2049.1243889288685,1916.1548095376972,2023.2353777669907,2918646
2020-03-30,1973.851806640625,1999.7408166312698,1900.205680768303,1918.4138064655153,2809606
2020-03-31,2077.00146484375,2090.104149742699,1974.4390692554248,2019.4400587552316,2809269
2020-04-01,1969.6043701171875,2100.857116006285,1950.0860218574417,2072.2119825408195,2774626
2020-04-03,1946.51708984375,2036.8804435227012,1922.8869404885104,2018.7173211877696,4121436
2020-04-07,2209.293701171875,2222.938656782145,2006.066592705838,2006.066592705838,8510114
2020-04-08,2223.706787109375,2362.369316057193,2184.443731505274,2197.6368700396306,9791862
2020-04-09,2143.64453125,2259.083708768047,2119.020518824428,2259.038482971143,4770068
2020-04-13,2120.330810546875,2189.5040000274685,2091.911580711345,2151.5513925156424,3249551
2020-04-15,2247.833740234375,2274.0843396713904,2152.0033556269723,2192.169823852599,29485531
2020-04-16,2201.341064453125,2282.7130627118554,2187.786565605329,2228.359610577629,5388243
2020-04-17,2155.165771484375,2257.999301894281,2127.1983604173993,2257.999301894281,4540936
2020-04-20,2111.384765625,2186.7929323299313,2097.333221461889,2186.7929323299313,2985268
2020-04-21,2094.080078125,2148.8403536847077,2062.091542097772,2062.9951755518027,3227335
2020-04-22,2156.205078125,2168.675265070233,2056.3535721912003,2094.577314965513,2837815
2020-04-23,2094.1708984375,2180.4679084917743,2085.631604916121,2158.780701776564,4095570
2020-04-24,2063.085693359375,2112.69508333246,2060.2843413165137,2088.2969792905537,2169013
2020-04-27,2096.8359375,2104.923411761869,2063.2208214096745,2082.8748465342383,2013715
2020-04-28,2069.275146484375,2113.282046523126,2048.536805216834,2113.282046523126,2164023
2020-04-29,2016.684326171875,2070.85711742676,2006.9702647822266,2069.320984399504,3642151
2020-04-30,1983.4754638671875,2053.055240959567,1951.8482924615603,2053.055240959567,8448047
2020-05-04,1881.9522705078125,1951.8484118344759,1866.9068605787163,1924.7394061145526,8474573
2020-05-05,1844.767578125,1916.6064331144378,1837.177035536452,1898.714447749061,4304136
2020-05-06,1816.484130859375,1873.2323623211166,1807.2671127073002,1852.4035647244327,5127656
2020-05-07,1800.0830078125,1813.5922833891605,1718.7107737948097,1762.1755194619066,185669922
2020-05-08,1888.09716796875,1895.8232793165348,1839.7979965149975,1874.9944808619389,16100226
2020-05-11,1850.6414794921875,1912.5856024328823,1839.7526512738114,1882.2686532139778,11158755
2020-05-12,1817.7041015625,1832.433262161862,1793.712586820084,1825.3397608949974,14881008
2020-05-13,1803.4266357421875,1875.039593719173,1785.037715282018,1875.039593719173,8432979
2020-05-14,1812.7340087890625,1831.2584953550304,1789.7816960557182,1796.4233801533715,8510002
2020-05-15,1836.2735595703125,1841.288769471327,1812.688747971627,1820.821449233713,5491136
2020-05-18,1812.0108642578125,1850.5056248008052,1796.965346178551,1844.767574807293,7675561
2020-05-19,1785.1728515625,1829.676792625196,1778.4407171364476,1823.5320419191994,5963193
2020-05-20,1798.9986572265625,1816.3032600993204,1784.676088903561,1785.1731314307935,3926496
2020-05-21,1780.971435546875,1810.339526742917,1766.784322231149,1806.363516950394,4261625
2020-05-22,1796.3331298828125,1802.7941317323582,1769.3144650708753,1784.6762351966183,5339946
2020-05-26,1787.2064208984375,1825.3397113393307,1784.6762029184051,1811.7399827336017,4628932
2020-05-27,1805.5501708984375,1811.8756057368932,1772.0253883159874,1798.2307612181617,4261645
2020-05-28,1816.2581787109375,1820.8215721833092,1798.230733818752,1807.2670691645749,5500796
2020-05-29,1859.090576171875,1868.7141852537573,1807.267103727038,1815.3998056938096,8778345
2020-06-01,1905.356201171875,1936.4863268864062,1871.6054062959067,1875.0392572511867,6592547
2020-06-02,1904.317138671875,1920.2211764256115,1888.5940041080132,1917.510275941246,3268728
2020-06-03,1916.155029296875,1941.9085866347486,1884.0760368233834,1911.1850445474608,4895117
2020-06-04,1916.2451171875,1926.9078150441958,1902.3742559559787,1911.1846817940364,3264730
2020-06-05,1886.4254150390625,1922.9321208166243,1884.0758796535065,1919.3175867549392,2981853
2020-06-08,1908.2027587890625,1919.7693113539324,1877.8408064966245,1903.9557255931918,4298456
2020-06-09,1903.50390625,1938.1131123045463,1893.1573471320148,1897.6302886897697,3127904
2020-06-10,1915.3411865234375,1924.7388843801377,1894.0153528923797,1911.9975669000712,2421659
2020-06-11,1903.865234375,1932.1490055839772,1893.6993580261083,1911.1847535916565,2566927
2020-06-12,1904.181640625,1914.7993339586546,1866.0031262976036,1866.2290346664047,2338438
2020-06-15,1883.443359375,1926.2754992842963,1858.5934379771986,1911.0494070869236,2830788
2020-06-16,1876.2596435546875,1915.7031604765818,1858.774245802042,1906.4861422234367,2806772
2020-06-17,1877.9761962890625,1896.7265901651592,1863.5632870467894,1875.9430210494859,2293301
2020-06-18,1866.3192138671875,1883.9400640618876,1856.1081129649726,1870.746929004002,2326907
2020-06-19,1903.9852294921875,1910.5812839247849,1871.4598576348965,1891.475471085537,4673528
2020-06-22,1911.309326171875,1927.7765853220528,1898.7540322772772,1919.6794480618375,2487234
2020-06-23,1961.4844970703125,1976.086840662044,1912.036969296769,1924.2282081032336,4308814
2020-06-24,1938.1480712890625,1980.5446417925202,1933.3260841611839,1976.0867081402782,3023015
2020-06-25,1977.1331787109375,1992.3723394829078,1921.4989582329256,1923.5915441359214,8208033
2020-06-26,1959.8924560546875,1983.3198220779548,1945.2447993078317,1983.3198220779548,3176048
2020-06-29,1986.049072265625,1997.8309450002614,1946.9731829476111,1957.2995080693659,3295039
2020-06-30,1983.3653564453125,2001.5158344347951,1974.2673502230862,1995.920649455843,2373109
2020-07-01,1974.631103515625,1994.1009693326134,1965.260335172837,1986.0946797498932,1532931
2020-07-02,1957.66357421875,1981.2273225139434,1951.5224197510022,1972.2203848089673,2588838
2020-07-03,1977.633544921875,1990.6437380910263,1961.848637582901,1970.1732243309496,1946252
2020-07-06,1966.625244140625,1983.3654878509099,1958.8008694233986,1983.3654878509099,2375516
2020-07-07,1959.8465576171875,1979.2708861427311,1957.5720564839507,1979.2708861427311,2014667
2020-07-08,1988.8695068359375,1996.1023766757899,1933.3261396700334,1959.34652385636,3349938
2020-07-09,1979.589599609375,2019.711670269419,1975.2225125807195,1986.0945846417337,3039571
2020-07-10,2023.214599609375,2030.6749200351094,1971.947247435506,1974.2672833674676,3179516
2020-07-13,2060.925537109375,2069.7960917884684,2033.4040725921875,2037.0432745118158,4556662
2020-07-14,2033.1771240234375,2065.202064392337,2025.762337130793,2060.516679612712,2403256
2020-07-15,2069.9326171875,2084.3530446461396,2033.449748673682,2035.4512654450352,2474512
2020-07-16,2081.48779296875,2084.6265612201983,2036.134135464667,2070.0242143503056,2495150
2020-07-17,2123.974853515625,2128.9332219377375,2075.2549911281963,2078.8941932169787,3088712
2020-07-20,2120.699462890625,2131.9355880820253,2093.0871505726204,2123.9748335875056,2816219
2020-07-21,2108.917724609375,2138.0313428956133,2099.8197188949257,2136.2117417527234,3037810
2020-07-22,2045.6864013671875,2119.8351412877682,2039.09034781597,2119.8351412877682,6950011
2020-07-23,2011.887451171875,2062.6541420489134,2006.6105637781257,2056.1491572354544,3936886
2020-07-24,2010.022216796875,2019.757037372975,1972.4929475213637,2001.5610280272724,4203314
2020-07-27,2021.122314453125,2034.2688905306559,1987.6871377454265,2017.7105617278498,2209409
2020-07-28,2040.2734375,2042.4113356987275,2011.6147177916778,2029.7196613946148,1567837
2020-07-29,2030.0384521484375,2058.151206396074,2015.2086555415808,2033.4046704900375,2404978
2020-07-30,2006.0997314453125,2044.8858636451926,2001.0744317403582,2038.7184503709307,2044966
2020-07-31,2019.1651611328125,2030.1751796218375,1990.018514541387,2007.8354847129008,1715659
2020-08-03,2014.231201171875,2031.1802087168383,1999.657878737056,2019.0738066231538,1683773
2020-08-04,2008.109619140625,2027.3883605483236,1987.3688832731516,2019.1651436174195,1981720
2020-08-05,2005.1402587890625,2019.1652792105062,1992.805432564385,2011.9472108696116,1715477
2020-08-06,2028.8043212890625,2036.6164208144662,2002.8555965412793,2010.1193924593206,1824483
2020-08-07,2019.7589111328125,2041.9159093970843,2014.6878834111058,2031.1343151124208,1777905
2020-08-10,2016.2869873046875,2034.5608016226183,2009.0231907271145,2026.5660078585236,1476289
2020-08-11,2019.8505859375,2040.271665638485,2015.6020127176437,2018.3888144206608,1665204
2020-08-12,2005.642822265625,2018.388764680142,2000.982909823348,2010.1655472425118,1170430
2020-08-13,2008.8861083984375,2025.6524231400886,2001.8507341316947,2010.1196801570568,1453227
2020-08-14,1986.272216796875,2024.7386863012387,1978.1861875634884,2013.77439738625,1341664
2020-08-17,2006.5103759765625,2013.4542910039734,1981.2466959216495,1992.7592872212306,1559579
2020-08-18,2023.2308349609375,2025.4693322791045,2000.0686894168873,2013.7740481840199,1339001
2020-08-19,2004.2720947265625,2029.763977122502,2000.9827188378479,2015.6017706649739,1585107
2020-08-20,1997.0535888671875,2008.1093348478294,1988.3277986342516,1997.3277406732125,1768939
2020-08-21,2011.9927978515625,2018.06875222379,1998.652823427304,2009.2059963987303,1374411
2020-08-24,2005.0030517578125,2020.7642184466563,2002.0792857394888,2015.6019545269153,1665474
2020-08-25,1991.023681640625,2008.2008899677185,1987.2774601892042,2005.0029722156899,1774886
2020-08-26,1994.4041748046875,1997.3279405338412,1973.5719814972997,1993.7646359059706,2148146
2020-08-27,1983.8511962890625,1999.1555175500146,1978.140628654379,1993.7648309304925,2172203
2020-08-28,1966.216796875,1994.038636051864,1959.8666906728736,1990.9321766788773,1939520
2020-08-31,1934.6033935546875,1980.4249000538011,1919.3445780379,1966.2626920026667,3534275
2020-09-01,1975.079345703125,1987.1857470691334,1929.486270541007,1964.3892094880744,1738003
2020-09-02,1956.8056640625,1996.4142464636573,1952.145975177616,1983.6225762345994,1667810
2020-09-03,1954.521484375,1968.5009975048617,1944.3796508616335,1967.1761905272772,1590711
2020-09-04,1941.272705078125,1956.1201777947927,1931.5419891098786,1932.4556797385965,1590491
2020-09-07,1975.9476318359375,1986.3636167717127,1922.176843966647,1942.5064623995684,2362992
2020-09-08,1957.35400390625,1983.9424938871223,1947.2119473810026,1968.089870189783,1804209
2020-09-09,1948.216796875,1959.135355015407,1927.8871808682143,1938.851468152773,2009898
2020-09-10,1949.724609375,1958.5875881378524,1935.3797091609977,1957.125593704858,2137794
2020-09-11,1972.886962890625,1981.7954486556746,1941.13620593314,1941.5930513569888,1934110
2020-09-14,1940.221923828125,1982.4343835142379,1932.455553989397,1979.9674635910276,2096908
2020-09-15,1941.0899658203125,1952.556827554283,1926.9734905531038,1952.465369265966,1224058
2020-09-16,1958.4962158203125,1972.612693965741,1930.3544947673788,1941.5929361409676,2087841
2020-09-17,1944.5166015625,1959.9123798644803,1939.0801862360988,1950.7297432508285,1741644
2020-09-18,1917.5626220703125,1943.9226879186072,1909.6135576165257,1937.0242785392509,4475166
2020-09-21,1861.9189453125,1917.836771305606,1847.5739344615906,1917.562619482945,3483963
2020-09-22,1851.868408203125,1877.4060193828475,1827.4271812808759,1864.431655686524,2345687
2020-09-23,1875.39599609375,1882.2029475767627,1851.0003861146429,1859.3606787954911,2410295
2020-09-24,1883.0250244140625,1901.3902962241305,1859.406254287477,1867.583741221587,3798089
2020-09-25,1899.60888671875,1928.8012629246684,1892.1166668342246,1902.3042299427568,2528873
2020-09-28,1885.21826171875,1911.7610239242313,1882.2030374817914,1903.217925764355,1523704
2020-09-29,1857.7161865234375,1890.6547861896279,1849.9955434758724,1886.7716000877524,2298844
2020-09-30,1889.740966796875,1916.0095768756423,1858.4470573986916,1862.9697821723585,2417367
2020-10-01,1914.18212890625,1926.8823411544354,1891.3398600648866,1909.6136751379772,2131531
2020-10-05,1928.8468017578125,1940.0395128612984,1902.4867357681173,1918.750474883313,1646110
2020-10-06,1933.2781982421875,1955.298234881315,1926.1058595864968,1936.1107288380872,1679499
2020-10-07,1954.70458984375,1964.4353080723945,1930.62874695673,1939.765655366369,2428544
2020-10-08,1974.3031005859375,1978.1405572841818,1961.0088549982333,1961.6941230896714,1617365
2020-10-09,1954.9781494140625,1979.9219492751797,1938.0293659704546,1964.434937059605,2001026
2020-10-12,1953.8359375,1962.2420696803651,1940.0393429446608,1960.049078345444,1741166
2020-10-13,1953.653564453125,1967.4046551881825,1944.333963190736,1953.4251417600808,1679160
2020-10-14,1971.881591796875,1978.1404626267934,1947.0749773014766,1948.536971720868,2123033
2020-10-15,1966.7650146484375,1991.571628603769,1956.2575713112801,1973.5719659356607,2344437
2020-10-16,1964.9376220703125,1984.4447850965353,1958.998632391641,1984.4447850965353,1640399
2020-10-19,1989.835693359375,1996.4142219253702,1966.3538864841719,1967.6786934135214,1605969
2020-10-20,1985.5413818359375,2017.885943916752,1948.4911787318347,1993.7645982702825,5855290
2020-10-21,1976.4500732421875,2007.1501719277603,1951.64345839886,2000.982759313438,3954242
2020-10-22,1991.2520751953125,1998.4701430737823,1967.3589276419789,1973.572069511656,2632958
2020-10-23,1958.8157958984375,1999.9773813658574,1955.2979976563593,1999.9773813658574,2805684
2020-10-26,1979.739501953125,1984.5363785587574,1957.3998069464164,1964.4351813542028,1646050
2020-10-27,1988.8306884765625,2000.0691297536735,1966.6736869249287,1970.831024613373,2334808
2020-10-28,1990.3480224609375,2008.3721534587794,1971.7260132497295,2008.3721534587794,1555483
2020-10-29,1951.4949951171875,1986.3479550793236,1945.88531154993,1969.7950554536626,1934367
2020-10-30,1904.77880859375,1949.5635489910767,1901.744065713937,1947.9082142827199,2414313
2020-11-02,1905.4224853515625,1919.8142207856058,1890.7087982059907,1905.4224853515625,1486077
2020-11-03,1890.4329833984375,1923.6308317879243,1878.7540384389963,1923.6308317879243,2227402
2020-11-04,1894.4332275390625,1917.3773383155772,1885.1451228096294,1885.1911479841406,1479878
2020-11-05,1933.332763671875,1942.2068671754753,1895.5829119995867,1919.216729069705,2083827
2020-11-06,1925.79150390625,1953.1957889504895,1918.2968099143377,1935.7693120180636,2127821
2020-11-09,1961.1044921875,1965.7943449037289,1938.5741604445257,1949.5633998002272,2194404
2020-11-10,1964.828857421875,1971.8177232915618,1924.2741721603827,1967.9554257697582,2471703
2020-11-11,1959.8167724609375,1966.668011651334,1935.4014310178502,1964.828801025835,2759942
2020-11-12,2015.8670654296875,2026.810279766589,1952.55214451652,1957.8398755095589,3010512
2020-11-13,2009.6597900390625,2040.0525694936434,2003.1305017660213,2027.7299466976137,2799165
2020-11-14,2011.8206787109375,2020.3730537911767,2006.578972859512,2020.3730537911767,258276
2020-11-17,2002.5325927734375,2041.8457193815805,1997.3827132838908,2041.8457193815805,2733542
2020-11-18,1960.6907958984375,1995.543751335439,1954.9890627127606,1995.543751335439,3315051
2020-11-19,1959.44921875,1974.7605589540242,1944.5056309031443,1954.8972168931039,2704650
2020-11-20,1949.7933349609375,1969.7947522633312,1931.6311284449707,1963.3575145108366,2827038
2020-11-23,1958.2076416015625,1967.9555486101733,1926.5733057655668,1967.9555486101733,3244576
2020-11-24,1983.910888671875,1987.2673587275333,1951.770498886737,1960.5988009287835,1989749
2020-11-25,1964.1395263671875,1996.4635703705871,1956.920533278954,1988.1871207467568,1786536
2020-11-26,1981.013916015625,1988.186883068062,1951.9084947898023,1967.9555641839281,1630887
2020-11-27,1966.3004150390625,1993.2449008154424,1955.0812729566924,1992.7850980701562,5687861
2020-12-01,1961.564453125,1985.4281696876023,1958.3918592200962,1985.4281696876023,2226742
2020-12-02,1967.31201171875,1977.059694917828,1951.494842659206,1972.5537179547607,1634682
2020-12-03,1956.6904296875,1983.0370351286924,1949.655538039487,1979.9104665102516,3469163
2020-12-04,2008.602294921875,2018.9018316537438,1962.0703911739304,1968.8753820914878,3712143
2020-12-07,2074.767333984375,2077.940151766919,2011.1767195566804,2013.2458314080761,4147649
2020-12-08,2078.30810546875,2095.044878052663,2060.0538493389577,2077.848302790549,2768211
2020-12-09,2107.91943359375,2111.413978984223,2062.9047945802954,2078.3081848886513,2123890
2020-12-10,2161.486328125,2168.337343010545,2092.148175242093,2105.8962301828224,3041370
2020-12-11,2183.832763671875,2193.2587183313703,2145.439241034418,2176.0161183444884,2611218
2020-12-14,2180.154541015625,2199.1443030598116,2166.728212130443,2189.5344713606637,1575632
2020-12-15,2133.53076171875,2173.9013529196377,2121.8057917226697,2171.188561627078,2207176
2020-12-16,2155.509033203125,2165.5786674341416,2117.85123696218,2130.8177629120614,1748634
2020-12-17,2129.162353515625,2153.715771939572,2124.2884001624298,2153.715771939572,1912868
2020-12-18,2145.85302734375,2155.462858206632,2126.127537780356,2135.3235911444576,2229891
2020-12-21,2120.56396484375,2161.0726264246564,2082.9982200666973,2154.6353888140297,2003069
2020-12-22,2125.208251953125,2145.715498940788,2097.620087713145,2124.288646478459,1764488
2020-12-23,2179.786865234375,2186.1780782005326,2118.0812498184664,2133.48464108492,1559556
2020-12-24,2209.1220703125,2216.249012156572,2170.3147673673866,2190.959863677607,2489444
2020-12-28,2196.84521484375,2223.05396832129,2185.0284203520478,2211.6509513503106,1532477
2020-12-29,2192.61572265625,2209.8123028318487,2164.9355037144182,2202.455457878601,1749013
2020-12-30,2213.122314453125,2220.5249578745415,2184.982301073484,2197.8567759114594,1924886
2020-12-31,2202.822998046875,2222.686567311736,2195.0984013955785,2203.3748511704257,1709836
2021-01-01,2195.604248046875,2210.7317142505094,2190.5003924062867,2202.823016815267,830096
2021-01-04,2231.422607421875,2234.64122647235,2207.696742090053,2211.6510903975313,1614486
2021-01-05,2253.5390625,2259.42444726687,2211.6509915413803,2211.6509915413803,2356303
2021-01-06,2222.962158203125,2253.033209608352,2208.524398456405,2249.170911865916,1641627
2021-01-07,2178.406982421875,2237.1236428229145,2174.8664124104253,2236.479964051651,2403881
2021-01-08,2198.960205078125,2207.052776829102,2171.004293043497,2197.856723592314,2797948
2021-01-11,2233.813232421875,2245.630025334436,2208.983890340178,2230.042761041305,2787672
2021-01-12,2184.890625,2237.4922393875277,2181.3042533431517,2234.457496324699,2036708
2021-01-13,2181.626220703125,2205.214012221284,2174.499278003077,2190.4082737101526,1702740
2021-01-14,2205.7197265625,2212.5707423542117,2162.1302929404587,2175.786523861207,2120413
2021-01-15,2162.130615234375,2213.490677766344,2154.4520431872,2200.1563965749806,2042957
2021-01-18,2145.072021484375,2183.6034046866707,2134.0825554195,2183.6034046866707,1733797
2021-01-19,2173.165283203125,2190.5919841171044,2136.473119709546,2153.7157199439393,1495269
2021-01-20,2166.544189453125,2183.0970858297046,2157.67008758978,2167.509819977697,1380562
2021-01-21,2177.303466796875,2206.9607386488874,2161.0725225497413,2184.9822610971,1521133
2021-01-22,2215.6513671875,2227.284285728472,2167.50993454253,2169.3491453482516,2548089
2021-01-25,2206.685302734375,2236.802380882162,2193.2589735106008,2225.445163897549,2124424
2021-01-27,2199.052490234375,2230.0431480489833,2147.278660080155,2230.0431480489833,2460297
2021-01-28,2115.460205078125,2217.6744815770653,2105.8963985754003,2177.533570538317,3867335
2021-01-29,2081.89453125,2135.5996201826633,2070.031711645958,2128.9785063452205,4472694
2021-02-01,2067.824951171875,2101.2985004993343,2047.225653920854,2093.619705013951,2717591
2021-02-02,2051.134033203125,2092.1025029435996,2027.7301182376427,2088.470106137804,4215607
2021-02-03,2053.3408203125,2075.5491988960125,2039.3168392388784,2052.0992633302844,2353429
2021-02-04,2065.066162109375,2077.3887857744385,2047.2256810341107,2058.9966761172946,2908003
2021-02-05,2087.090576171875,2101.29843535074,2060.8357958954084,2065.0660707345937,4036942
2021-02-08,2056.83544921875,2104.700958009853,2050.9960892927293,2104.057279094558,2780672
2021-02-09,2038.0753173828125,2073.4340975014693,2032.7875867229359,2066.3531813464997,3131481
2021-02-10,2055.778076171875,2060.835906374937,2034.8570512410272,2041.5241910541545,2055520
2021-02-11,2081.06689453125,2085.6649212535904,2054.444364711504,2061.7551822974206,1824480
2021-02-12,2061.34228515625,2089.5741363861175,2052.5600054632255,2085.665812002955,1222094
2021-02-15,2037.10986328125,2079.917540102402,2035.0867762779333,2070.0317819257243,2449407
2021-02-16,2019.5455322265625,2049.8464856062656,2013.981874589266,2047.9612496117384,2396356
2021-02-17,1989.9339599609375,2024.5572366687063,1986.3475888418511,2019.4533819892154,2447956
2021-02-18,1974.2550048828125,1994.2103977877746,1970.898310359427,1990.0261481835782,3205806
2021-02-19,2005.7513427734375,2017.6141621256654,1977.151526239827,1979.8182919816372,3364030
2021-02-22,1993.3367919921875,2027.7299447879086,1987.819159489363,2027.7299447879086,2678023
2021-02-23,2004.0501708984375,2016.097092062505,1995.7276966983031,2009.3379022200693,2062144
2021-02-24,2003.682373046875,2012.5564756061076,1982.2555217098945,2012.5564756061076,924143
2021-02-25,1989.3824462890625,2009.337838963344,1986.3477035060976,2001.9809956170252,2099460
2021-02-26,1960.6446533203125,2006.9466485033672,1949.5633638261481,1984.5083675173717,3413194
2021-03-01,1971.0821533203125,1980.8300605077861,1956.9203197588527,1963.5414338328724,1229276
2021-03-02,2002.8548583984375,2008.326466506517,1968.4617007078753,1988.1871948101998,2095135
2021-03-03,2017.1546630859375,2027.7301263298345,1998.762553096551,2027.7301263298345,2031893
2021-03-04,2020.281005859375,2026.3504912817712,1999.2221320837625,2009.337791445732,2290915
2021-03-05,2024.1435546875,2032.281927845838,2000.3716650698236,2008.970065445504,2129837
2021-03-08,1999.72802734375,2037.9376777603409,1994.624172318335,2032.327994847174,1440724
2021-03-09,2021.752685546875,2027.730121278535,1988.2331100773317,2001.0615618603592,1711842
2021-03-10,2048.743408203125,2057.0656592013165,2016.87893972842,2032.788161374661,2696085
2021-03-12,2027.4998779296875,2059.8239158982524,2023.1317525548532,2056.237544869387,2038930
2021-03-15,2033.1094970703125,2039.178757431345,2007.7743257818606,2028.741371831373,1632022
2021-03-16,2063.640625,2066.813218853807,2036.2823632598884,2042.7656264908264,2633605
2021-03-17,2047.3173828125,2080.1472480582966,2040.834120359582,2072.7904054480105,3703365
2021-03-18,2037.10986328125,2069.020126167546,2027.7299329836615,2058.0769115725325,2597091
2021-03-19,2126.173828125,2138.312575176948,2015.315346091939,2026.902464581055,5382214
2021-03-22,2164.015625,2167.050368062853,2116.9318681437253,2124.3807625240865,2471516
2021-03-23,2149.3935546875,2182.1773944693514,2145.8069592394504,2173.027366457755,1970612
2021-03-24,2132.197265625,2161.9003417632807,2129.3924241269233,2149.3938424716484,1762743
2021-03-25,2057.20361328125,2135.324058816384,2051.6859800543343,2132.1974897930268,2495833
2021-03-26,2131.553466796875,2138.0827555545443,2068.0088624041427,2073.710371516343,1929236
2021-03-30,2205.9033203125,2212.570459060709,2138.0824261496873,2138.0824261496873,3327203
2021-03-31,2236.0205078125,2242.5497958926344,2190.1780892742186,2194.17846252956,2709756
2021-04-01,2206.225341796875,2250.090473218725,2199.7420790098367,2250.090473218725,1532653
2021-04-05,2182.407958984375,2222.8706052725206,2157.854534434867,2207.0534338988627,2545447
2021-04-06,2214.685791015625,2217.1686807617334,2186.224048000533,2190.776049953906,3683538
2021-04-07,2211.880859375,2239.2391196666144,2195.420012735847,2222.686222683453,1713970
2021-04-08,2216.156982421875,2242.917589593707,2203.006804700945,2212.5706111367194,1814515
2021-04-09,2276.943115234375,2283.380353443842,2229.1236313926192,2229.1236313926192,2604858
2021-04-12,2264.068603515625,2288.208246424758,2241.6303204834026,2245.2166919103975,2261945
2021-04-13,2257.07958984375,2304.4392718442073,2251.9299338874557,2271.42552507047,1811781
2021-04-15,2262.826904296875,2296.25464989857,2226.456690874267,2296.25464989857,3352379
2021-04-16,2261.217529296875,2279.6556616625726,2243.8370778027124,2271.3331882541825,1225517
2021-04-19,2240.75634765625,2261.953296457031,2219.9734008847304,2243.8371154683555,1746316
2021-04-20,2204.7080078125,2258.5509509972294,2192.155483415311,2258.5509509972294,1589508
2021-04-22,2160.52099609375,2197.8570678890533,2144.519950760365,2197.8570678890533,1721265
2021-04-23,2122.219482421875,2161.07281277929,2115.0925401669647,2151.876758256825,1949756
2021-04-26,2170.8662109375,2179.280734331391,2125.2078965608607,2137.162765732341,1946867
2021-04-27,2188.522705078125,2194.591965189659,2163.785188455141,2173.0272663780975,1668456
2021-04-28,2213.076171875,2248.434950633692,2176.062058679496,2188.660606342817,1951215
2021-04-29,2214.041748046875,2252.0672914285765,2192.4768247557226,2237.3996322071725,3151150
2021-04-30,2164.521240234375,2246.503972974839,2142.910513035009,2216.2490447009427,4010778
2021-05-03,2214.41015625,2220.847395076308,2151.8769790801493,2154.6357957199957,1692239
2021-05-04,2214.088134765625,2223.7900178794494,2181.4881640675335,2215.5135682205964,1453111
2021-05-05,2202.133056640625,2238.3196201737965,2178.2233154226633,2238.3196201737965,1256857
2021-05-06,2197.857177734375,2222.272749025627,2185.9483312346197,2207.053232871339,1377740
2021-05-07,2217.352294921875,2229.1232878792866,2204.431795318486,2215.1453319668053,1169518
2021-05-10,2237.30810546875,2250.228607498083,2221.7668625023307,2228.204100928455,988495
2021-05-11,2208.984375,2230.9628557855767,2201.7653823019855,2230.0432503215266,1019077
2021-05-12,2141.71533203125,2196.9376910174133,2138.1289601391313,2196.9376910174133,2053932
2021-05-14,2185.76416015625,2190.8677904582896,2139.0021362881585,2141.6689021128827,1388970
2021-05-17,2185.212158203125,2202.454758083739,2176.246006265206,2193.258704814078,811243
2021-05-18,2183.373291015625,2214.7319274034026,2176.6601261701207,2208.98439320572,1153722
2021-05-19,2170.038818359375,2188.660827500927,2155.5550334715012,2170.2687197068017,1323590
2021-05-20,2155.693115234375,2172.1081630030208,2151.8768422637886,2170.268952026727,856235
2021-05-21,2172.337890625,2175.924261936701,2151.8766701502805,2151.8766701502805,771492
2021-05-24,2148.7041015625,2170.222778711057,2138.312515353154,2165.6707767580597,1194864
2021-05-25,2155.601318359375,2179.281159997357,2150.0376601787125,2165.670953687283,1098457
2021-05-26,2164.75146484375,2179.6490298521244,2156.7049162807157,2166.360774556357,811095
2021-05-27,2139.369873046875,2163.831466038069,2136.1512542066143,2163.831466038069,3755182
2021-05-28,2135.047607421875,2161.072482647424,2132.886669647037,2145.761144011745,1215325
2021-05-31,2151.9228515625,2156.474853792628,2133.622567775573,2138.0827441653987,1178704
2021-06-01,2168.705810546875,2173.0279117234395,2143.2327817487962,2158.3142229432556,1141451
2021-06-02,2169.165283203125,2182.821288816127,2161.072710702991,2166.59034315585,1113091
2021-06-03,2173.257568359375,2180.4305357345133,2156.4747689845485,2178.545299669252,868532
2021-06-04,2153.76171875,2179.464642948839,2146.312825734713,2179.464642948839,1283795
2021-06-07,2151.232666015625,2164.7508186637274,2143.5998973258916,2164.7508186637274,1128300
2021-06-08,2169.349365234375,2172.108181722592,2147.4166843478283,2151.2331818643643,1106664
2021-06-09,2166.59033203125,2181.2579933238453,2157.0265256339503,2172.1079644557776,1072858
2021-06-10,2187.5576171875,2207.007183786271,2165.900862671928,2173.947410829609,1944339
2021-06-11,2176.246337890625,2196.523683342776,2170.268902354479,2189.5806171635654,1128097
2021-06-14,2190.23291015625,2199.9586331566993,2164.2976488217178,2184.489921379292,1761632
2021-06-15,2215.56591796875,2218.3910541002247,2185.97197815304,2185.97197815304,1215463
2021-06-16,2230.33984375,2240.4825647487182,2207.87805405588,2209.128594658817,2153668
2021-06-17,2239.4169921875,2247.012272975136,2210.4250318046466,2221.1697297932656,1555777
2021-06-18,2299.80908203125,2312.5915053570707,2227.653574380543,2241.5474636178437,3937751
2021-06-21,2328.93994140625,2342.509548414385,2285.0814772393387,2291.518933538718,2506277
2021-06-22,2306.6171875,2347.0946730801456,2298.6512671835317,2332.4135990761306,1945883
2021-06-23,2297.58642578125,2328.616115466262,2276.930796076852,2311.017186988195,1035668
2021-06-24,2306.5244140625,2320.094247952419,2291.6581337964762,2306.3855656280107,759681
2021-06-25,2268.084716796875,2306.339270647295,2264.703960848163,2304.533110261853,1112942
2021-06-28,2278.783203125,2283.2292932236933,2257.571954507064,2269.4281193910674,694906
2021-06-29,2308.747314453125,2313.3322520675624,2264.7036461682446,2273.9662377681143,1354397
2021-06-30,2289.06494140625,2320.279838517275,2281.3769430211773,2308.7479540084423,1447245
2021-07-01,2295.2705078125,2300.828063521489,2281.3766185400273,2300.828063521489,735043
2021-07-02,2303.885009765625,2308.886719981417,2271.1880083011542,2295.270752271721,860231
2021-07-05,2314.768798828125,2328.0604866841963,2301.801166107528,2314.722440626609,761700
2021-07-06,2290.17626953125,2313.749525035621,2286.9343617685163,2306.385808344919,461782
2021-07-07,2298.6513671875,2307.126775707618,2265.491464208337,2276.7454245704653,623145
2021-07-08,2267.066162109375,2287.6290748581196,2258.6371114028316,2280.635771399949,1114426
2021-07-09,2270.67822265625,2282.76595125314,2258.6368522499642,2260.0725993336014,538094
2021-07-12,2263.916748046875,2278.5053331199697,2250.810268420349,2272.1142339239163,543898
2021-07-13,2257.015869140625,2274.475946457303,2250.8099773934214,2273.966458642325,994396
2021-07-14,2236.77685546875,2261.32272137051,2231.358149333561,2259.886974552535,1377829
2021-07-15,2234.4619140625,2246.1790048078196,2223.9487796055982,2246.1790048078196,693792
2021-07-16,2239.139404296875,2250.810363302352,2228.5801374919583,2241.547769214688,545405
2021-07-19,2231.034423828125,2238.7687796161094,2221.632982171799,2223.0687293473416,463873
2021-07-20,2255.34912109375,2278.5983245348853,2225.8015340883453,2225.8015340883453,1061476
2021-07-22,2202.78369140625,2323.058564391675,2200.3291944626894,2269.3355194416285,3546044
2021-07-23,2184.212158203125,2215.380693370321,2181.062740882705,2206.349665143976,1517589
2021-07-26,2175.50537109375,2185.9721473658497,2165.5944409073545,2183.4249340585375,1311535
2021-07-27,2169.669921875,2185.4626898271626,2160.0369145976797,2175.505401305754,1656945
2021-07-28,2187.268798828125,2193.7989726528413,2170.318433166684,2176.709532402551,912373
2021-07-29,2162.583984375,2196.531298578877,2158.1842525297143,2187.26870522038,1012663
2021-07-30,2161.240966796875,2182.7764964872226,2147.0691536441072,2167.446859157554,1708251
2021-08-02,2160.777587890625,2179.858392442542,2153.182307393745,2169.2991276221856,1229936
2021-08-03,2210.842041015625,2216.5384451019368,2154.571790058691,2158.1841107762275,1733476
2021-08-04,2201.811279296875,2218.1596670224376,2192.9654569234995,2210.8423083201424,1588974
2021-08-05,2183.841796875,2214.686280895408,2180.4146822366333,2214.686280895408,921757
2021-08-06,2196.623779296875,2205.1916772342547,2183.6561499862464,2183.8413566060394,1432661
2021-08-09,2208.665283203125,2218.391005775418,2199.7269714845506,2203.9876285479936,921476
2021-08-10,2206.164306640625,2217.464624159466,2185.1382670859966,2217.464624159466,1061370
2021-08-11,2214.1767578125,2218.3912833486684,2188.009929522479,2213.759986306187,1300594
2021-08-12,2215.89013671875,2235.5267883685665,2202.1350958567505,2218.3909915652443,1226064
2021-08-13,2227.190185546875,2231.9603298415414,2211.9069091644574,2223.948278435453,1033159
2021-08-16,2247.475341796875,2257.154931817926,2216.2140922755675,2226.727225162182,1146309
2021-08-17,2300.643310546875,2304.02406714814,2251.7831236374636,2253.5892843715305,1921902
2021-08-18,2302.7265625,2315.6478321760455,2273.0399120640063,2301.7539451829894,1545643
2021-08-20,2426.24365234375,2436.062091914466,2293.418151931641,2306.3857828391706,5779927
2021-08-23,2439.906005859375,2475.7524240479847,2403.179912642669,2431.4308231593777,2163220
2021-08-24,2438.8408203125,2461.997303604491,2417.5368556838685,2439.76707964418,1482854
2021-08-25,2449.95556640625,2469.8237808760714,2427.4010645932194,2437.914196892722,1746570
2021-08-26,2469.77783203125,2498.8625112053965,2436.988341607171,2436.988341607171,2117291
2021-08-27,2480.47607421875,2491.637544132798,2455.6061474254425,2472.186098620981,1176229
2021-08-30,2489.507080078125,2506.2261057021647,2474.5944410025118,2493.1196270374535,1168190
2021-08-31,2523.223388671875,2535.5888163061054,2478.345938645937,2489.692616595776,2535891
2021-09-01,2531.37353515625,2570.369135742693,2514.7935868617697,2542.581361302231,1775792
2021-09-02,2594.498779296875,2602.788755193561,2528.8268561612495,2545.3606758974756,1946183
2021-09-03,2562.681640625,2601.6308906416407,2552.7707110310143,2595.563846808455,1561823
2021-09-06,2575.55712890625,2616.682958219345,2570.6479085712817,2584.2638773210524,1444978
2021-09-07,2572.870361328125,2601.584399058342,2565.7382100871555,2582.966723180294,1219915
2021-09-08,2594.35986328125,2602.788914277167,2561.1999576677576,2583.244750480066,946711
2021-09-09,2603.390380859375,2615.431750694497,2576.853144716203,2576.853144716203,879454
2021-09-13,2580.882568359375,2614.320391817803,2570.369435348978,2591.2102686085645,1341412
2021-09-14,2558.837646484375,2597.2310488223798,2548.18566465076,2595.378530242621,1755061
2021-09-15,2570.786376953125,2579.632198660778,2546.3332214316033,2569.443346170556,1362350
2021-09-16,2564.1171875,2591.0250641361094,2549.065474577802,2549.065474577802,1259196
2021-09-17,2521.509521484375,2577.779777129586,2499.973991546084,2565.8311219414204,3095032
2021-09-20,2593.849853515625,2601.8619045609703,2510.2086085793862,2519.424841725112,2671330
2021-09-21,2605.057861328125,2648.4531989598404,2590.4229195074095,2602.788571324403,2277437
2021-09-22,2579.169189453125,2630.483867572612,2569.4434661673436,2619.368755246005,1580594
2021-09-23,2577.131103515625,2609.920589836455,2568.377999010595,2592.599587445084,1054473
2021-09-24,2544.109619140625,2575.0004524332644,2529.984167018464,2565.8305772483,1635284
2021-09-27,2509.699462890625,2561.1068517780323,2505.068166594462,2561.1068517780323,1465932
2021-09-28,2522.99169921875,2551.3351005254744,2510.07019997538,2524.0568070492764,1078052
2021-09-29,2487.2841796875,2542.0723276242175,2479.5961821581964,2514.7476778768632,1503894
2021-09-30,2502.5673828125,2505.8092903117777,2484.181045540162,2487.2841046016215,1620199
2021-10-01,2504.6513671875,2512.01508298867,2482.4675034040956,2506.457527495332,956111
2021-10-04,2488.11767578125,2523.130322398871,2482.0969903570235,2500.9000992940355,1025005
2021-10-05,2508.912109375,2514.7475880689644,2487.9324271291607,2488.117633757735,562784
2021-10-06,2487.97900390625,2532.3930950755503,2478.670052092967,2495.3890788003996,862471
2021-10-07,2472.55712890625,2504.837364373174,2469.407936921099,2499.048242240482,1082816
2021-10-08,2445.370361328125,2481.0313363740047,2431.800529946365,2473.574905455099,1579941
2021-10-11,2450.048583984375,2468.9441833966657,2441.156404180046,2447.362296310919,1086252
2021-10-12,2478.808837890625,2489.8314596996006,2431.4307631886486,2431.4307631886486,1174337
2021-10-13,2451.576904296875,2494.972244762773,2447.733018496922,2489.8778184007692,1660007
2021-10-14,2454.170166015625,2479.364371617675,2426.7991607876374,2451.576594967435,2158809
2021-10-18,2458.292236328125,2481.3560029509467,2448.1497419973066,2475.705956779055,1758177
2021-10-19,2358.9970703125,2530.5402357987336,2334.6364071488683,2473.0194467188758,5431133
2021-10-20,2295.872314453125,2393.4538132784373,2287.860262692624,2379.559925043462,4864654
2021-10-21,2265.39892578125,2320.279795188401,2248.9578214440867,2318.7976896945383,3254632
2021-10-22,2273.1328125,2314.027066072662,2250.809875135222,2277.6713921635846,1845622
2021-10-25,2274.754150390625,2281.8863022686014,2232.2850680802235,2273.133196503015,1560381
2021-10-26,2271.02587890625,2300.894739501823,2252.573195528012,2300.894739501823,1595060
2021-10-27,2233.51513671875,2288.1273600782697,2228.4358188382043,2287.941015276972,3083879
2021-10-28,2227.037841796875,2251.5948551727492,2206.861182553423,2236.683630966307,2015791
2021-10-29,2230.299560546875,2238.5474220344486,2211.520829511968,2236.6835191018636,2453400
2021-11-01,2243.300537109375,2246.84177077252,2207.0941304776456,2230.1599300044363,1941114
2021-11-02,2254.297607421875,2262.7784578919227,2238.547716580065,2250.6630872359938,1350154
2021-11-03,2247.261474609375,2268.3700863328436,2223.8227564696685,2268.3700863328436,1591607
2021-11-04,2257.978759765625,2264.642121911803,2255.322607006816,2263.710170421304,245719
2021-11-08,2266.412841796875,2282.349304019993,2236.776965073115,2282.349304019993,2555533
2021-11-09,2265.7138671875,2279.7397831949247,2252.0142252258966,2273.775384424244,1696949
2021-11-10,2236.822998046875,2255.3223238213272,2232.9554908578098,2246.9814045341204,1794509
2021-11-11,2214.503173828125,2243.160683294713,2205.183658554438,2239.1998893033965,1282647
2021-11-12,2241.296630859375,2249.3581475501583,2214.503026233296,2225.5000990287467,1651974
2021-11-15,2259.749755859375,2264.6425020056836,2240.505045361464,2240.505045361464,1007999
2021-11-16,2242.880859375,2268.975499896391,2236.776759417656,2268.975499896391,1245209
2021-11-17,2228.435791015625,2246.0498112993123,2224.7546280088463,2240.4114590852705,956809
2021-11-18,2236.124267578125,2242.6015123206575,2208.7249853529866,2227.364014765248,1236943
2021-11-22,2226.0126953125,2245.9097223780036,2215.3883121997865,2245.443746650092,1629290
2021-11-23,2231.2783203125,2236.6836847226928,2177.5047622310713,2225.313921497465,1932539
2021-11-24,2213.15185546875,2242.2753402496314,2205.9292312430916,2242.2753402496314,999070
2021-11-25,2189.201171875,2224.5686931500422,2181.6989152342894,2224.5686931500422,1363272
2021-11-26,2176.199951171875,2204.065208890729,2166.97349517647,2184.4942281775343,2450902
2021-11-29,2170.887939453125,2182.8636083774177,2129.229748948553,2175.5476973960804,1724612
2021-11-30,2159.84423828125,2200.337485337394,2145.352346991394,2163.9913769391906,3931035
2021-12-01,2185.28662109375,2196.3767532135435,2165.156377173381,2180.766565193462,1263139
2021-12-02,2221.1201171875,2225.5002438537936,2185.4263282400107,2196.6097465508337,1673117
2021-12-03,2184.168212890625,2227.270973138719,2178.8094913462674,2221.120229273713,1890178
2021-12-06,2149.54638671875,2203.086961164305,2144.420652867914,2184.494572065359,1079171
2021-12-07,2163.618408203125,2182.303851293236,2154.671583971605,2169.4895198574186,895313
2021-12-08,2181.325927734375,2184.913804749343,2160.4967192105473,2160.4967192105473,839769
2021-12-09,2180.53369140625,2188.7815538324444,2163.5722182949253,2181.698630871688,716666
2021-12-10,2174.056396484375,2187.29006162018,2162.1273723727386,2187.29006162018,724539
2021-12-13,2147.542724609375,2191.9501265969234,2144.4205957906124,2191.9501265969234,1804894
2021-12-14,2160.54345703125,2166.74084420982,2147.216503539423,2148.148455146862,1219031
2021-12-15,2163.012939453125,2166.601043989555,2143.9545754528085,2158.399824711456,755122
2021-12-16,2152.34228515625,2167.0671663860862,2147.1699081147017,2163.0130857928384,926493
2021-12-17,2078.485107421875,2151.8296546545043,2074.524313023694,2146.284588002501,2439222
2021-12-20,2114.69140625,2119.584152010436,2051.3651148145655,2074.5242024248582,2175705
2021-12-21,2118.18603515625,2146.004650617717,2099.4537191954882,2134.1689121996083,1591415
2021-12-22,2122.659423828125,2159.7044991096,2114.5981336771406,2143.488632638794,1661605
2021-12-23,2144.09375,2148.147829322175,2119.816599720729,2142.5094782343526,1423081
2021-12-24,2140.646240234375,2155.604109325939,2127.9251915598893,2152.8082544500303,895503
2021-12-27,2144.793212890625,2151.03747031701,2123.218625451306,2140.6460739855556,584302
2021-12-28,2151.96923828125,2160.6362049622685,2141.3914980470654,2152.8079035964406,783710
2021-12-29,2149.872314453125,2163.8515863397383,2142.603047566644,2157.3743416771713,1410236
2021-12-30,2167.3466796875,2171.4471756176845,2140.366499496552,2150.944240912281,963711
2021-12-31,2199.545166015625,2209.0512530102455,2171.4469202685295,2180.7664349477936,1123597
2022-01-03,2200.61767578125,2216.181224239122,2192.882430880847,2216.181224239122,879278
2022-01-04,2237.8486328125,2244.23259186494,2195.0721481873306,2207.746552600195,1484275
2022-01-05,2251.40869140625,2255.322842569724,2229.2281981102396,2240.225272352185,1202512
2022-01-06,2228.669189453125,2247.8674853555435,2206.5819798164034,2234.820161642866,1198901
2022-01-07,2251.734375,2257.0930957663277,2225.5000330418175,2225.5000330418175,1026186
2022-01-10,2243.25390625,2259.9823901894633,2238.547505663955,2259.9823901894633,919447
2022-01-11,2240.08544921875,2253.738677143737,2229.228303716983,2252.6667962505976,1321335
2022-01-12,2248.938720703125,2251.5948735474635,2235.285721938573,2243.3936546615473,1487554
2022-01-13,2249.91748046875,2257.093462197997,2239.7126560755087,2253.4589420121,1586299
2022-01-14,2202.853759765625,2256.254627305183,2200.1511913716477,2255.322675786263,1596037
2022-01-17,2226.9443359375,2231.277818591339,2185.4258588701596,2203.1329340592997,912205
2022-01-18,2208.25927734375,2244.79173391548,2196.982572171275,2244.79173391548,1667579
2022-01-19,2152.715087890625,2207.4208333573997,2148.1952587731157,2203.133764631897,2145255
2022-01-20,2107.88818359375,2167.3000983532907,2090.3674479317615,2166.7874794656022,2829711
2022-01-21,2167.159912109375,2175.501059998497,2096.8908605059737,2110.6837881160795,4596050
2022-01-24,2129.136474609375,2185.37961076667,2112.4544063472613,2179.741258721451,2231103
2022-01-25,2168.884521484375,2174.8955642434294,2088.4104038625874,2128.1116359693074,1843543
2022-01-27,2139.155029296875,2167.3465629989905,2120.1897247045604,2152.808028161554,2620474
2022-01-28,2128.15771484375,2160.915716310477,2123.031982023641,2138.4558235605014,1967721
2022-01-31,2119.025146484375,2154.532596739286,2116.4622793473404,2134.169361385033,1639875
2022-02-01,2148.753662109375,2162.1272557582415,2123.357986368249,2146.5637128278354,1270508
2022-02-02,2169.489501953125,2174.2425449482425,2140.272963036894,2165.948268770932,1246111
2022-02-03,2141.764404296875,2173.2644127905533,2134.1690900310223,2170.5152011712885,1448039
2022-02-04,2149.6396484375,2155.371059758247,2127.6454996986613,2149.0803864674167,1014561
2022-02-07,2103.973876953125,2159.0520761690627,2084.775584316431,2139.061761243759,1207402
2022-02-08,2110.264404296875,2113.665936155022,2093.675622608205,2113.665936155022,1190660
2022-02-09,2122.659423828125,2125.1758751143198,2102.1100735239675,2113.246849392447,1049611
2022-02-10,2127.78515625,2129.5093576817767,2102.343060169074,2124.8495997875057,1195100
2022-02-11,2104.346435546875,2123.917416568347,2095.9588722519584,2123.917416568347,2100036
2022-02-14,2076.900634765625,2084.076616065637,2056.8170337202287,2068.9324036515213,1661501
2022-02-15,2134.26220703125,2147.355943497787,2071.308838117581,2094.9803150499783,1533070
2022-02-16,2130.907470703125,2146.9836368389783,2120.190026612556,2134.2625876902075,995668
2022-02-17,2150.524658203125,2155.6037482046927,2121.1215438451713,2126.7132526602286,869374
2022-02-18,2155.1845703125,2169.3968312380184,2137.896823812407,2137.896823812407,890713
2022-02-21,2138.642822265625,2147.263375553507,2129.2766621068504,2141.6250222219246,737919
2022-02-22,2115.4833984375,2124.8495571223684,2096.9842964850354,2124.8495571223684,902667
2022-02-23,2106.583251953125,2119.2112413168115,2098.987937617553,2115.5300780960574,1324411
2022-02-24,2023.639404296875,2089.435271474628,2013.2948791212511,2050.2933083158705,2997629
2022-02-25,2022.9873046875,2046.5657258136623,2015.0190729544972,2045.6337742081005,2193728
2022-02-28,2024.2919921875,2031.5610320381818,1975.7372268746428,2016.7430938475127,2334036
2022-03-02,2002.8572998046875,2008.1693784861645,1978.5799148133701,1984.0783383117457,2034688
2022-03-03,1948.710693359375,2020.4243197114147,1944.6101975454092,2011.0581611173682,2372998
2022-03-04,1882.0760498046875,1936.5485693455835,1840.8371960270904,1933.7993579325212,6320118
2022-03-07,1811.6673583984375,1845.404076272768,1795.8708234896958,1844.7982849495863,2976453
2022-03-08,1816.37353515625,1824.7610989409632,1772.152480485624,1793.5873657132247,3211938
2022-03-09,1861.9461669921875,1870.47354708001,1818.237613199455,1830.3529842766425,2879079
2022-03-10,1958.9154052734375,1970.1454663272466,1909.5686189709218,1912.271187303623,4879791
2022-03-11,1951.87939453125,1966.6042757278608,1929.1398658671947,1957.0984146478786,2481643
2022-03-14,1919.167724609375,1952.4383468764809,1906.865896838671,1952.4383468764809,1730325
2022-03-15,1899.503662109375,1939.2048903709785,1887.2019467765758,1905.8409783496777,2391023
2022-03-16,1931.143310546875,1938.4592212147568,1893.7721899619114,1919.820190241538,2808685
2022-03-17,1959.0086669921875,1972.661665253573,1940.6492682202406,1955.3275041272914,2995889
2022-03-21,1911.6190185546875,1967.2564818852334,1906.772915886816,1963.1559859802433,1674982
2022-03-22,1857.845458984375,1913.9955412034915,1835.012645467888,1913.9955412034915,5356303
2022-03-23,1843.9127197265625,1879.3268773775708,1840.8372342145824,1875.0864524691758,3212162
2022-03-24,1832.1236572265625,1855.8417797344202,1818.5637160592823,1835.9446360005397,3054664
2022-03-25,1820.1015625,1842.4684019777267,1812.6459493407579,1840.5113262761513,2233647
2022-03-28,1840.69775390625,1846.009946779364,1799.878338281253,1826.5786630980408,1794533
2022-03-29,1851.8343505859375,1859.1035043300467,1839.7189805821397,1845.2640467322778,1249125
2022-03-30,1878.720947265625,1881.6099740024572,1859.2897823224812,1863.9028964858417,1476829
2022-03-31,1909.242431640625,1914.2284633911195,1880.6782079470688,1881.9829628559494,2540524
2022-04-01,1936.7349853515625,1943.9111941702524,1899.6900257155633,1915.0671122310337,1714996
2022-04-04,1983.6121826171875,1987.3399887260887,1929.3260061563153,1936.5952735741182,1693019
2022-04-05,1994.1898193359375,2011.1512907403526,1982.2607949048795,1998.5699457797434,1277652
2022-04-06,1996.2869873046875,2017.1159692259162,1976.9489914398225,1989.7166829632235,1736115
2022-04-07,2017.488525390625,2026.9943845853077,1989.8096130927636,1994.3294410662043,1824732
2022-04-08,2034.496826171875,2044.2356741218994,2016.277128316722,2029.5107944923936,1693462
2022-04-11,2015.85791015625,2044.7950522139772,1993.3511429881326,2039.1100565664012,1380107
2022-04-12,1987.1539306640625,2017.6753475848025,1980.397281116723,1995.2152215268802,1370233
2022-04-13,2005.699462890625,2017.6751314716864,1985.7091473937317,1992.2328083268965,1071601
2022-04-18,2029.4642333984375,2034.3569791120044,1989.7632332675512,2001.8319605222355,1828131
2022-04-19,1969.2603759765625,2056.677481654838,1958.076956764687,2036.9665687775598,1775996
2022-04-20,2017.62841796875,2021.0765931219128,1950.2949199729485,1970.518222654477,1511804
2022-04-21,2048.383056640625,2053.7884216449033,2020.4711505960977,2036.3143284374878,2244813
2022-04-22,1982.2144775390625,2040.042121791504,1975.7374592041976,2033.5184603696034,3520828
2022-04-25,1957.7972412109375,2014.8792743058655,1907.704844821511,1957.0982775403875,2437310
2022-04-26,2002.1580810546875,2011.1046788714114,1976.6691167095207,1996.4264428562417,1447088
2022-04-27,1999.12939453125,2005.9324589388564,1960.3601183884512,2001.6456182531135,2214481
2022-04-28,2089.295654296875,2096.8909683491133,2017.6750873225915,2078.2519375193438,5865359
2022-04-29,2082.772216796875,2134.169258809261,2071.3091661021863,2091.672172950454,2678692
2022-05-02,2078.718017578125,2098.75497672537,2055.791917496427,2068.9325259015636,1543544
2022-05-04,2023.77978515625,2097.6836014034825,2002.43795444081,2089.3890946525435,1608395
2022-05-05,2019.16650390625,2052.110857695376,2007.0511326482238,2029.7906615370018,1101451
2022-05-06,2002.9500732421875,2022.3347095116133,1962.8761596435704,1980.3968929549208,1585602
2022-05-09,1972.615234375,1993.8171329659476,1966.5575490633007,1977.1352905800113,1341414
2022-05-10,2032.0267333984375,2048.3358828330197,1974.8050086788392,1988.7842796227667,2162232
2022-05-11,2016.2774658203125,2040.6945544052185,1972.009760885501,2036.3144270013324,1858636
2022-05-12,1993.2581787109375,2017.5355640190824,1965.6723196324838,2017.5355640190824,1531515
2022-05-13,2044.7952880859375,2067.068842401175,2007.563636157033,2022.335161411429,2057239
2022-05-16,2066.369384765625,2070.7495111435505,2024.4782119397046,2050.2932220021985,1396818
2022-05-17,2092.2314453125,2122.053897985106,2070.144236807303,2085.6144976148626,2055096
2022-05-18,2135.473876953125,2145.3526552558214,2083.9371337639604,2083.9371337639604,2137455
2022-05-19,2110.450927734375,2128.3909950691245,2092.650562121211,2092.7904913700295,1734602
2022-05-20,2167.672607421875,2188.222184085362,2127.365703903267,2134.1689955517377,2599505
2022-05-23,2217.8583984375,2225.5003558289523,2149.4066009213248,2151.8761815783296,2363306
2022-05-24,2152.48193359375,2218.0448200199444,2145.3992379117153,2218.0448200199444,3078655
2022-05-25,2142.277099609375,2171.400587139213,2130.9073355831756,2171.400587139213,1884260
2022-05-26,2125.035888671875,2139.760768735695,2104.3466096712536,2134.3087611319856,2299127
2022-05-27,2172.006591796875,2176.01380184294,2125.3157234370588,2140.6929255579585,1011303
2022-05-30,2189.107421875,2204.065288897061,2172.378938020739,2182.816749274554,939562
2022-05-31,2193.114990234375,2206.767989463334,2147.1230901219974,2199.4056632117813,3123979
2022-06-01,2151.36376953125,2249.544968174599,2145.3527268143075,2208.725439856607,2197599
2022-06-02,2129.322998046875,2149.965634363882,2103.5544005546167,2138.8288585795585,1460335
2022-06-03,2135.986328125,2166.740729542921,2111.009980861968,2128.5773587434023,1845303
2022-06-06,2125.315673828125,2145.3059906132307,2094.654556477287,2117.580429860595,2131405
2022-06-07,2061.10400390625,2106.0706632466377,2056.8635791262204,2096.8908500698885,2034730
2022-06-08,2047.544189453125,2067.9538372977217,2037.246079365342,2064.2726741968127,1506843
2022-06-09,2048.150146484375,2058.0755683193356,2023.0340943995625,2047.497825818652,1497867
2022-06-10,2050.199951171875,2058.5410988636936,2015.6246880950494,2015.811032883909,1641981
2022-06-13,2047.4044189453125,2066.1367374814163,2009.2876887730868,2020.471108191119,1519441
2022-06-14,2023.2667236328125,2063.293995391315,2013.015257046004,2041.7660520753516,1592475
2022-06-15,2018.142822265625,2029.7539040767374,2003.522981724058,2029.5659140401,1432377
2022-06-16,2018.283935546875,2034.549092032727,2007.3309326652916,2016.6856757902954,1353485
2022-06-17,1984.202392578125,2031.164327197499,1974.377559676475,2030.788347095803,3252189
2022-06-20,2064.540771484375,2071.1220302134116,1982.0399924168078,1984.7195967137795,2022000
2022-06-21,2073.09619140625,2098.481042729592,2042.211197148429,2063.694394619827,1606187
2022-06-22,2071.0751953125,2091.8059765846137,2055.2801285283426,2058.2416031283337,1741378
2022-06-23,2117.848876953125,2122.314730513193,2060.9680052933136,2075.9167706589064,1585753
2022-06-24,2166.079833984375,2180.0886486860836,2124.8530934793994,2129.5069369044973,1930048
2022-06-27,2181.827880859375,2192.3580768959264,2160.5799578297406,2177.3152020277726,1450391
2022-06-28,2179.007080078125,2184.977312138698,2141.5881169672216,2181.827618777099,1404108
2022-06-29,2099.84423828125,2162.319131452292,2091.8997659761017,2158.8405125801264,1682914
2022-06-30,2097.1650390625,2114.464254622484,2080.9937637575617,2091.8058308665695,2387212
2022-07-01,2145.819580078125,2155.832403701725,2071.7804166278365,2092.8403535281464,1235612
2022-07-04,2233.115234375,2236.029883855692,2139.8494349622497,2139.8494349622497,2410245
2022-07-05,2257.841796875,2267.713684806371,2229.7305125801013,2241.8587402242088,2463079
2022-07-06,2348.94482421875,2359.0049304386744,2256.43123538249,2256.43123538249,4770394
2022-07-07,2325.017578125,2379.5950611316607,2318.013284559506,2355.1503864617976,3333262
2022-07-08,2347.48828125,2354.0224856648147,2306.073310639798,2328.308473518328,1346970
2022-07-11,2341.61181640625,2373.953908533825,2331.6458190748067,2338.227077435098,1587197
2022-07-12,2303.01708984375,2341.611510086488,2298.222081851227,2326.944615844926,1116476
2022-07-13,2348.333984375,2368.641958908877,2314.1583584470563,2316.6029176258635,2528792
2022-07-14,2348.380859375,2371.9792317094325,2320.5514489287234,2353.0347029011564,1663307
2022-07-15,2414.851806640625,2419.928685725884,2352.3769050877404,2378.6548844854124,2996964
2022-07-18,2400.74853515625,2449.1677830750073,2381.5219088316385,2426.603473365295,1566888
2022-07-19,2414.334228515625,2420.962540796665,2371.8381552601113,2397.410995220736,1473121
2022-07-20,2448.698486328125,2461.3909146504247,2383.9201847050513,2420.963179994211,4012897
2022-07-21,2451.4716796875,2472.5786694816798,2436.6638484047844,2460.4504423407425,1990695
2022-07-22,2482.638427734375,2485.0827570556153,2454.856073705363,2460.45009660779,1905780
2022-07-25,2466.65576171875,2495.237135205847,2455.749584460314,2487.2456070787753,1253821
2022-07-26,2394.732177734375,2467.9720959286383,2386.2705591197623,2467.9720959286383,1685576
2022-07-27,2427.4970703125,2435.5356531176712,2373.953879221046,2383.684831490896,1404133
2022-07-28,2463.365234375,2467.972023671418,2430.364830929758,2467.972023671418,1442054
2022-07-29,2479.630126953125,2486.7755852886153,2440.7067748239115,2482.0746862616047,1463059
2022-08-01,2437.88623046875,2480.194321626133,2425.663893023284,2479.724231724384,1559918
2022-08-02,2477.60888671875,2481.2286708636548,2443.52736802278,2444.4675478488757,1359934
2022-08-03,2469.2412109375,2504.638887179492,2442.492913066802,2458.805123759822,1767904
2022-08-04,2470.745361328125,2485.3181476490777,2458.5700793091246,2476.4334947993248,1189384
2022-08-05,2487.1513671875,2498.6685688858342,2470.3692967201387,2480.1941289964025,1176666
2022-08-08,2491.80517578125,2498.9974581409406,2468.9587648504053,2487.1511029809344,1024511
2022-08-10,2484.70703125,2516.579032217139,2473.8008545899643,2491.80543410414,1098949
2022-08-11,2457.347900390625,2508.164664550663,2450.6727615240234,2497.164606784281,810674
2022-08-12,2439.719482421875,2469.0062203891734,2430.458849279328,2467.877821020509,1473527
2022-08-16,2486.3056640625,2489.9254483733066,2435.583006027133,2451.94204393653,1584117
2022-08-17,2524.0537109375,2532.8444842395543,2486.3055822462884,2492.416751194899,1711381
2022-08-18,2521.609375,2552.5882546883545,2505.2501081322753,2524.382859608925,1465489
2022-08-19,2476.950927734375,2537.498419677946,2469.3824338574036,2528.143675858579,1324508
2022-08-22,2469.570068359375,2507.27136761359,2463.365019819106,2489.5959426572986,1410895
2022-08-23,2437.651123046875,2472.3907199885966,2430.599774701353,2446.394840902538,1305045
2022-08-24,2433.42041015625,2453.8693211659665,2408.08261000775,2421.9032074036513,1242489
2022-08-25,2420.21044921875,2471.1681411857635,2411.9838771449595,2445.5953001893045,1106593
2022-08-26,2417.71923828125,2458.2879019454017,2408.7404759239685,2444.3731959899155,1048791
2022-08-29,2421.715087890625,2451.89472066656,2397.458404013392,2397.458404013392,1450034
2022-08-30,2500.7373046875,2507.4594983673783,2430.928955323504,2433.8433749490387,2227943
2022-09-01,2450.1083984375,2496.177205622242,2438.8262415759305,2491.4763069299215,1702269
2022-09-02,2447.85205078125,2466.091445832684,2430.3646158892443,2458.5700079498542,937600
2022-09-05,2445.031494140625,2465.5272285963338,2431.398888075206,2441.6467553030598,1274074
2022-09-06,2419.1767578125,2463.2710990303262,2409.6808499292847,2436.193874629951,1250776
2022-09-07,2411.184814453125,2441.5524334216634,2407.612085887401,2417.9540620041544,1344964
2022-09-08,2422.984375,2440.706856741082,2409.680922121492,2425.6639793497657,1004533
2022-09-09,2433.84375,2488.656286076571,2428.9078053449557,2442.587469296159,1785443
2022-09-12,2426.0400390625,2449.168555624876,2420.022979723006,2436.0060374756445,1595709
2022-09-13,2431.869140625,2452.9290761411776,2424.723682394824,2442.5870984341814,1342130
2022-09-14,2417.578125,2450.1084362675592,2394.3557310085926,2397.458370100643,1610054
2022-09-15,2407.236328125,2443.3393710668047,2398.3987295990864,2425.663944478888,1199906
2022-09-16,2376.915771484375,2410.4803782368017,2367.984062249821,2402.1596941354296,2516820
2022-09-19,2424.958984375,2433.185558422991,2358.018222028853,2379.5953046246486,1166725
2022-09-20,2429.00146484375,2464.6812408283668,2425.287800698982,2443.1512161388982,1253333
2022-09-21,2466.65576171875,2488.4208318033448,2425.663831511336,2427.5441910706472,1960049
2022-09-22,2531.669189453125,2539.6607178573036,2463.31816300931,2466.1857573439092,2620240
2022-09-23,2521.609375,2560.8148282531884,2514.0408814131347,2536.511087678643,1789791
2022-09-26,2501.395263671875,2565.7505212379992,2484.94211815276,2508.869646729059,2678551
2022-09-27,2518.9765625,2551.4127634540914,2494.6728244634487,2515.9209783521505,1898501
2022-09-28,2540.459716796875,2546.711820129236,2493.403675837528,2510.2328010347546,1526197
2022-09-29,2539.00244140625,2563.8701496087356,2530.1177887752156,2548.9213835651585,2019666
2022-09-30,2535.148193359375,2552.4944676192104,2508.3060097410635,2545.067137790311,1340054
2022-10-03,2465.621337890625,2570.4513776140966,2460.967494141953,2560.109400601019,1683197
2022-10-04,2508.3525390625,2516.3911218993767,2476.5744173397807,2491.4763583162144,1327939
2022-10-06,2457.630126953125,2531.2462550869814,2449.2155632060862,2520.904276740966,1752351
2022-10-07,2444.185546875,2456.6899849751667,2420.963150138176,2455.655695310182,1025923
2022-10-10,2449.732421875,2454.5272008264124,2389.9368986083723,2416.2619313231776,1043728
2022-10-11,2398.0693359375,2454.3862394726934,2392.757412278695,2453.8690947141035,1129783
2022-10-12,2436.3349609375,2448.7923430031724,2401.4071444430424,2410.1038073945497,882873
2022-10-13,2412.877197265625,2451.1895217396013,2409.586568169701,2428.4842727921514,753331
2022-10-14,2421.715087890625,2467.877776693316,2416.449989385028,2435.0655946645825,1001536
2022-10-17,2435.583251953125,2453.8226514425646,2414.382147855039,2419.6472474685497,778918
2022-10-18,2446.582763671875,2483.9549088754325,2441.6468199657447,2463.270954297363,1123374
2022-10-19,2428.484130859375,2460.920330052038,2424.1592124859308,2458.851980648413,1241979
2022-10-20,2445.3134765625,2453.869204299969,2414.5225890372803,2414.5225890372803,1428125
2022-10-21,2495.142822265625,2507.224223264995,2450.1083063011447,2450.1083063011447,2458302
2022-10-24,2419.1767578125,2482.07469520613,2397.458512415012,2453.9634107377374,719908
2022-10-25,2355.526123046875,2431.304698503759,2350.4492444931934,2431.304698503759,2923789
2022-10-27,2368.31298828125,2378.6549663960154,2339.1674135941844,2344.8084925658745,1846329
2022-10-28,2373.2490234375,2398.3047250169825,2361.7318200950776,2374.9884480016117,1164951
2022-10-31,2398.116455078125,2418.1423297660617,2389.98399201212,2392.7574763820476,1324443
2022-11-01,2415.247802734375,2438.0108823159662,2411.272599879386,2431.5273479495604,1280132
2022-11-02,2383.54052734375,2426.7949782049504,2367.5447431708913,2426.7949782049504,1338284
2022-11-03,2410.089599609375,2412.5977001586793,2374.0756881563893,2381.0796063109324,730444
2022-11-04,2385.481201171875,2409.7585267346253,2380.6540197836866,2408.7646680869184,889055
2022-11-07,2397.264404296875,2415.4369242831526,2382.309850478329,2395.6554212130095,1283685
2022-11-09,2374.548828125,2408.716901782784,2359.262910290921,2375.6845673603025,1436444
2022-11-10,2379.092041015625,2402.1862529874106,2367.2135718394065,2370.0056648859245,1459152
2022-11-11,2369.106689453125,2410.5155369158833,2361.487415304746,2408.811812405041,1162847
2022-11-14,2326.278076171875,2379.234029540042,2323.7697445164235,2372.655984654207,2137131
2022-11-15,2325.994140625,2336.8787520663786,2313.358434043023,2326.278133225659,1558333
2022-11-16,2345.255126953125,2350.129447190016,2298.167354098633,2331.7203038169064,1330395
2022-11-17,2328.3603515625,2364.3268935785063,2322.9180458627097,2347.2427399056714,960476
2022-11-18,2350.792236328125,2355.382795630736,2317.8072676554602,2337.8253967395817,1075675
2022-11-21,2367.544921875,2377.577786813517,2337.872662584153,2350.7921309777334,1354881
2022-11-22,2381.07958984375,2388.935485714857,2363.3803121354986,2371.8039621071234,921265
2022-11-23,2373.176513671875,2389.8819325720688,2368.112711008046,2386.095980995717,734152
2022-11-24,2412.739501953125,2423.0089879457746,2376.772962288305,2382.310008851373,999929
2022-11-25,2401.665771484375,2418.6551837521515,2383.4458786822634,2418.276681007505,783480
2022-11-28,2390.0712890625,2406.4455765656708,2386.853322511518,2391.7750135620254,830905
2022-11-29,2493.23828125,2498.680586459523,2391.964079959749,2391.964079959749,2542932
2022-11-30,2540.705078125,2553.6245465024504,2482.6379486567557,2493.049316340791,3698270
2022-12-01,2520.355712890625,2539.427354035937,2505.2119045922373,2536.587889979989,1675569
2022-12-02,2475.16064453125,2517.657859580169,2467.635880729102,2517.657859580169,2101890
2022-12-05,2479.65625,2484.5305699257824,2446.812937224266,2460.8683740217275,1640511
2022-12-06,2512.499755859375,2517.6106986070267,2464.512860680038,2467.304954052851,1484562
2022-12-07,2562.474365234375,2574.2580945547784,2514.108736268077,2517.705436863666,2368561
2022-12-08,2560.67578125,2565.9762062069585,2542.030014827384,2550.832398988402,1314703
2022-12-09,2576.57666015625,2594.8912932696076,2566.1652933597697,2578.8955092729643,1883397
2022-12-12,2571.84423828125,2578.233031586393,2544.7745919949284,2557.5995492152956,1163204
2022-12-13,2565.266357421875,2574.447244394373,2553.435257953151,2571.607780521879,1265839
2022-12-14,2540.989013671875,2574.4474581783043,2528.4009076527564,2574.4474581783043,886858
2022-12-15,2520.73388671875,2539.6636446214534,2506.7258196555204,2525.5610674143977,990722
2022-12-16,2528.353271484375,2543.875581215562,2511.3164886240284,2525.2298150780803,1793864
2022-12-19,2572.649169921875,2574.4474047226445,2528.3534845371473,2528.3534845371473,1546941
2022-12-20,2531.42919921875,2561.2435673627783,2511.268961210893,2561.1961967536704,827567
2022-12-21,2523.5263671875,2550.927149742802,2508.2880483822364,2544.11248206692,779092
2022-12-22,2503.791748046875,2544.6326066965603,2500.6209212915423,2533.274752398491,852567
2022-12-23,2480.83935546875,2507.7668881453783,2468.4876430131476,2491.155980434474,1189702
2022-12-26,2477.384765625,2496.69325788262,2467.25739107319,2480.6974733525367,605144
2022-12-27,2454.47998046875,2493.901112828227,2437.4431966459647,2484.5309741561628,870960
2022-12-28,2445.34619140625,2463.8027051583895,2440.140508040262,2454.2430850922087,822651
2022-12-29,2430.62841796875,2445.0623591572944,2403.511399647527,2442.1755247043534,1345863
2022-12-30,2424.003173828125,2448.0438769468897,2418.466126517221,2441.8917048575186,696432
2023-01-02,2421.494384765625,2441.9859850401717,2402.2334959680034,2436.1649462089254,681703
2023-01-03,2406.019775390625,2424.902164059462,2399.3469890283905,2413.591679103535,821843
2023-01-04,2400.38818359375,2421.494680028095,2391.822421426849,2414.0175176499197,1672649
2023-01-05,2445.440673828125,2453.249198788592,2401.71298026474,2401.760350873668,2008493
2023-01-06,2438.578857421875,2472.131809376192,2437.111754869187,2441.9389358938606,991782
2023-01-09,2483.6318359375,2488.7427786109756,2432.4741142837315,2450.788749169992,1267078
2023-01-10,2502.372314453125,2511.3639501772454,2475.1607852880243,2483.6318064128836,1413088
2023-01-11,2454.47998046875,2506.1583171616658,2449.605659749921,2502.5142459691024,1471687
2023-01-12,2451.451416015625,2463.329887238485,2435.0771265627877,2447.7128344396174,1703829
2023-01-13,2483.58447265625,2498.0184144275945,2429.3032942856776,2451.593132547807,1348015
2023-01-16,2458.123779296875,2487.3227919121446,2445.7246955692203,2487.3227919121446,930068
2023-01-17,2524.8037109375,2531.854999206043,2462.5721347887907,2466.026723011459,1892865
2023-01-18,2542.4560546875,2549.3654633986735,2517.658114958408,2525.230019063546,2038075
2023-01-19,2507.9560546875,2535.924815466746,2472.131398932238,2527.2171738989255,1649842
2023-01-20,2412.361083984375,2465.601029437684,2400.340733626147,2413.5441938833374,4569549
2023-01-23,2457.4609375,2464.6543375207593,2415.436969797611,2423.008872524249,1388360
2023-01-24,2461.342041015625,2470.3336770047226,2442.6962736534674,2464.654749011608,1462462
2023-01-25,2482.022705078125,2500.6211003928256,2455.1896799466276,2461.3418514653836,1591810
2023-01-27,2472.368408203125,2504.9277323557003,2440.2351884893287,2494.4689942843343,1581382
2023-01-30,2430.72314453125,2470.333761061501,2394.803969967833,2470.333761061501,2744039
2023-01-31,2438.86279296875,2451.593009512975,2405.215100575178,2430.581023515572,2366794
2023-02-01,2436.496826171875,2463.7083572012784,2410.563146421281,2461.058144485787,2014615
2023-02-02,2493.853759765625,2498.4914580898353,2425.848511065157,2432.0006824744128,1980667
2023-02-03,2507.010009765625,2515.244408886857,2490.351729068288,2498.728240030675,1638238
2023-02-06,2496.456298828125,2503.4602160759227,2460.6316433812403,2490.2093869549158,1697446
2023-02-07,2462.004638671875,2503.981475595175,2456.420451677146,2503.4608609589454,1495745
2023-02-08,2444.58935546875,2467.967563837129,2440.377529906776,2453.95949463252,1061956
2023-02-09,2448.2802734375,2460.773867852963,2428.688019572779,2448.564266030701,1102484
2023-02-10,2439.57275390625,2448.233026441154,2418.6081377046994,2446.6714137139306,1523011
2023-02-13,2442.88525390625,2452.1135108708318,2413.5441291983484,2423.0090081363815,1146525
2023-02-14,2441.560302734375,2462.7615394676645,2432.663177743183,2446.671245013033,1944364
2023-02-15,2412.076904296875,2434.1774879256877,2401.239664678217,2413.5440066730207,2009134
2023-02-16,2391.86962890625,2424.8072224749017,2387.847055391145,2423.0089879221355,1982857
2023-02-17,2380.890380859375,2409.9948846206253,2372.750492255035,2389.8820161677286,1395341
2023-02-20,2377.057373046875,2406.9191173161125,2373.9812868764943,2383.256916005494,632091
2023-02-21,2381.505615234375,2407.8180270371454,2377.8617751925913,2392.7215901185214,862797
2023-02-22,2360.588134765625,2388.5095271243335,2349.8927755451964,2381.505378192057,885515
2023-02-23,2357.3701171875,2381.268937894084,2347.3848541888447,2358.647968348811,757215
2023-02-24,2351.264892578125,2376.8674331957154,2339.6704172942436,2358.8367948043333,732783
2023-02-27,2336.073974609375,2353.915363623792,2324.574239268208,2353.915363623792,853991
2023-02-28,2328.9755859375,2341.942656293586,2305.313386128832,2337.588719098323,1780454
2023-03-01,2334.27587890625,2337.825208676508,2317.0024740243284,2326.467353411683,967339
2023-03-02,2323.959228515625,2337.825184242716,2313.216498092793,2334.275854509554,827174
2023-03-03,2338.771728515625,2356.660258371258,2324.2430460274054,2334.0392887573985,1176008
2023-03-06,2351.880615234375,2365.131446197715,2343.125601919311,2349.1356616034195,1214503
2023-03-08,2352.117431640625,2367.545001247968,2335.1751577199375,2353.915666418115,1448340
2023-03-09,2329.68505859375,2358.6003080932005,2325.4258633473014,2351.8803831278155,1038910
2023-03-10,2333.5185546875,2338.2983648138043,2314.2576645034133,2318.895362798551,772024
2023-03-13,2323.72265625,2355.3352613192606,2314.1630355336915,2334.039282464656,1314549
2023-03-14,2311.74951171875,2339.71827763631,2309.19404039773,2330.2533978724096,1250763
2023-03-15,2277.344970703125,2327.887339724695,2264.9458849201847,2320.6939381737066,1738040
2023-03-16,2327.74560546875,2337.1631158659206,2278.906726987984,2295.1862761228404,1628035
2023-03-17,2316.4345703125,2350.3188859263596,2309.2414003707813,2339.3869036341953,2127178
2023-03-20,2376.820556640625,2381.97886988922,2295.233339409627,2316.434577619481,1561128
2023-03-21,2330.8212890625,2388.2256900843777,2327.177218069935,2380.4171645941583,1595161
2023-03-22,2343.835693359375,2348.6152729843475,2323.0600965250096,2340.286363295578,1063244
2023-03-23,2352.117431640625,2366.2673810880165,2334.039418330145,2342.5578103678467,1578627
2023-03-24,2348.04736328125,2364.2321686543496,2337.82524715941,2339.907474443672,1449326
2023-03-27,2365.273193359375,2370.9521205943315,2332.146117822129,2352.0223631444765,1387736
2023-03-28,2349.940185546875,2378.9973176293265,2339.623328873672,2375.495358642555,1412387
2023-03-29,2395.419189453125,2403.8902106335704,2347.3375539976164,2352.0226232693785,2613254
2023-03-31,2423.3408203125,2431.007235027009,2381.8845966679137,2421.873717590059,2146167
2023-04-03,2400.38818359375,2432.4740326839024,2380.464566021321,2432.4740326839024,918048
2023-04-05,2444.541748046875,2450.0314243612925,2368.112846234936,2378.0509696903587,1489612
2023-04-06,2427.978271484375,2446.6714089414713,2416.3837938211127,2437.2065292163593,797414
2023-04-10,2396.649169921875,2431.4799697869917,2389.8818740752467,2427.9780108798127,853322
2023-04-11,2411.41455078125,2418.27658806637,2397.4538542356613,2404.0792695454325,913184
2023-04-12,2393.620849609375,2419.223396954351,2383.8719767162715,2419.223396954351,1109809
2023-04-13,2400.482666015625,2425.233464279976,2389.8820473081432,2389.8820473081432,1261711
2023-04-17,2415.29541015625,2440.992466020651,2405.404426043704,2435.3135382206806,1566977
2023-04-18,2405.0732421875,2423.009142554852,2394.6145041655373,2423.009142554852,1474786
2023-04-19,2396.12890625,2411.6512156786957,2375.9212967650888,2411.6512156786957,1320243
2023-04-20,2359.2158203125,2396.8858536854373,2347.289980400972,2383.0672690594097,1401364
2023-04-21,2364.279052734375,2375.2110325723156,2352.6372070767775,2358.6474967803188,1206288
2023-04-24,2365.983154296875,2370.8574746055406,2342.6523197332685,2368.112752095522,1735797
2023-04-25,2357.1806640625,2365.9830474479513,2345.444306932658,2357.55939785529,1701098
2023-04-26,2376.442138671875,2383.2568061198904,2349.372489190163,2356.7551418739185,1245903
2023-04-27,2336.831298828125,2387.0425290910475,2325.5208144237527,2379.4232551362525,2743893
2023-04-28,2325.8046875,2335.74281012788,2289.554155889742,2305.691820276909,3761927
2023-05-02,2320.50439453125,2345.397073120602,2318.895411277431,2339.5288942134157,1760370
2023-05-03,2352.968994140625,2356.7549458608837,2321.4035292425083,2325.4734735570173,1258140
2023-05-04,2372.608642578125,2375.0696036515333,2347.4319709544525,2353.8681351589257,1150227
2023-05-05,2366.9296875,2385.1495801259625,2361.2033893166094,2366.219821553534,1354871
2023-05-08,2381.64794921875,2391.633444457032,2363.522564242109,2371.6624539804684,972810
2023-05-09,2381.17431640625,2389.881958912603,2366.2671319100623,2389.881958912603,1651327
2023-05-10,2387.704833984375,2399.3466806619854,2371.756652484432,2386.095850867402,2025658
2023-05-11,2453.67529296875,2459.9222059298563,2388.5571062375384,2401.1925818470027,1749356
2023-05-12,2483.016357421875,2498.728149580762,2447.9963038103265,2455.189704550188,2170011
2023-05-15,2519.787353515625,2527.832500479615,2482.685074908687,2496.787651862166,1561055
2023-05-16,2532.70703125,2535.073251142074,2508.761070803139,2527.1228447351696,1477905
2023-05-17,2519.31396484375,2530.9084406845823,2505.4006400499766,2529.0154650370996,839404
2023-05-18,2486.9443359375,2526.3654646700757,2481.5494011052074,2522.863505643931,1434067
2023-05-19,2500.1005859375,2507.246616279918,2461.483830796552,2487.985493784788,1174757
2023-05-22,2496.9296875,2513.3511130385637,2482.6849991537706,2493.9954827369143,768232
2023-05-23,2487.654296875,2508.0037875682942,2484.530840460333,2491.1562560348934,703864
2023-05-24,2475.018798828125,2496.835393879189,2468.44075331195,2479.7986095388455,628872
2023-05-25,2458.265869140625,2485.6192789214074,2442.4595663272125,2470.3335907044107,1072231
2023-05-26,2510.41748046875,2514.5345645266775,2463.8029475598632,2464.418072314996,947073
2023-05-29,2508.4765625,2536.161329545742,2503.5075017482,2527.1223252010545,698267
2023-05-30,2514.392333984375,2522.3901100693683,2508.997399476377,2513.398475530659,948051
2023-05-31,2524.8037109375,2536.5874384568956,2496.8349487497353,2514.392344585625,3388305
2023-06-01,2553.529541015625,2585.0950040215016,2512.452059743735,2524.2831581603095,1541080
2023-06-02,2571.32373046875,2591.6732211002904,2547.6141614479334,2564.9823075104314,1509260
2023-06-05,2551.54248046875,2576.340420668472,2540.5157562606664,2571.0873658806017,1000190
2023-06-06,2547.140869140625,2562.9945417736317,2527.2646228544672,2555.5173796488234,655372
2023-06-07,2570.850341796875,2581.072457149329,2535.972401951196,2546.0524054755024,1428490
2023-06-08,2536.492431640625,2575.9137851180244,2531.759992885315,2562.14234212485,923536
2023-06-09,2495.131591796875,2545.058833244845,2479.8932738110634,2545.058833244845,1413808
2023-06-12,2501.99365234375,2514.8186109331446,2492.1028989789124,2503.4607549560283,775484
2023-06-13,2532.70703125,2552.67801956957,2486.8971065699093,2488.884823709716,1787924
2023-06-14,2554.334228515625,2557.5050554214995,2510.0859190452757,2528.069189204348,1536248
2023-06-15,2545.768798828125,2572.0812121817794,2534.8368159061,2568.721133472249,1830192
2023-06-16,2570.329833984375,2578.23310056672,2539.6163471183318,2545.76851861381,1748145
2023-06-19,2560.406005859375,2587.2671552212655,2552.5337056457015,2578.297597254088,1068263
2023-06-20,2553.58349609375,2557.6864481081543,2526.8653856788046,2547.762671710834,1129279
2023-06-21,2554.060791015625,2582.9258945459865,2546.2837721045807,2562.9825923287567,1201840
2023-06-22,2532.8291015625,2555.3962681763737,2527.437629105136,2546.4742350703746,830052
2023-06-23,2520.6630859375,2538.7454756382135,2507.160757581509,2529.918956603175,991214
2023-06-26,2530.68212890625,2551.7702109107204,2521.187471642475,2521.187471642475,758700
2023-06-27,2529.966552734375,2539.747289419602,2515.3192099764915,2530.6822163942697,687747
2023-06-28,2539.4130859375,2564.556827714489,2521.044386302254,2531.493028592996,1397573
2023-06-30,2555.53955078125,2562.93474232793,2529.9666876744527,2543.898134552068,1160181
2023-07-03,2577.390869140625,2581.971162655144,2537.6953026326682,2563.984058120481,980665
2023-07-04,2576.38916015625,2582.7823755535815,2552.533704969618,2577.391135866774,721907
2023-07-05,2629.682373046875,2633.069661354906,2572.667834439286,2576.3414348058154,1717547
2023-07-06,2630.875,2638.41323032986,2610.40683395817,2633.5466244954214,1265020
2023-07-07,2574.576171875,2642.850296475034,2567.801129592601,2627.0581719224147,1178930
2023-07-10,2534.928466796875,2587.2196720077654,2529.632509066761,2585.835869213727,1518183
2023-07-11,2561.598876953125,2592.372415333359,2524.861474545714,2535.453390243356,2476367
2023-07-12,2551.24560546875,2581.1126841590863,2521.5217992981634,2581.1126841590863,2395826
2023-07-13,2533.1630859375,2564.413732937298,2529.8233221359947,2562.028187364794,1495067
2023-07-14,2554.3466796875,2563.5072678557194,2529.680278287794,2533.449393693257,1419016
2023-07-17,2558.927001953125,2579.4426940677295,2547.7626951625157,2547.7626951625157,912701
2023-07-18,2559.9765625,2577.4388016680173,2554.728362545665,2562.6006624771676,1215904
2023-07-19,2549.289306640625,2573.43083950197,2539.0789860492114,2559.928745844099,1166542
2023-07-20,2579.490234375,2591.9428279236045,2536.5026597850565,2546.8560199797525,1430764
2023-07-21,2484.7841796875,2553.8219592785504,2473.333561347926,2528.678216655866,5198952
2023-07-24,2462.121337890625,2486.644697318208,2457.1116926919326,2484.784018551376,1777469
2023-07-25,2450.575439453125,2468.180952061506,2444.9934026192527,2462.0738156481693,1653775
2023-07-26,2465.031982421875,2479.8223648804947,2454.5355819673705,2461.4059065812685,1300033
2023-07-27,2452.197998046875,2464.7458755402995,2436.1193264631765,2443.7530728837423,2276136
2023-07-28,2466.272216796875,2475.003219305642,2447.760245711061,2452.3405392252525,966450
2023-07-31,2443.56201171875,2464.6500941483187,2437.0732813698723,2457.159621060771,2003252
2023-08-01,2434.30615234375,2455.9668589723788,2428.4853281165274,2452.3407832060807,1758897
2023-08-02,2451.33837890625,2455.6323600716078,2419.896941188143,2421.8053772616354,2082908
2023-08-03,2434.496826171875,2443.800453185906,2421.042256996987,2440.842283719155,1475310
2023-08-04,2429.439697265625,2441.796777177096,2418.991053879893,2434.4971006515216,1359318
2023-08-07,2451.57763671875,2456.157931201794,2422.521735757014,2423.714508645127,803823
2023-08-08,2448.380615234375,2466.844595767983,2438.552122170893,2451.5771061046025,1002061
2023-08-09,2435.35546875,2451.3386224534675,2424.668272269319,2448.380686023708,1212549
2023-08-10,2420.565185546875,2434.5921460549325,2411.881939976849,2432.3498731332065,1313334
2023-08-11,2387.262939453125,2420.517301160485,2384.59108212417,2418.942934447687,1472199
2023-08-14,2417.130126953125,2423.7141391062746,2374.190309528014,2387.2630517958637,1060479
2023-08-16,2435.737548828125,2438.0753369006125,2408.8284083521016,2417.9889965520374,1155882
2023-08-17,2426.8154296875,2443.418733131073,2417.034693167576,2435.7374630154354,1532873
2023-08-18,2437.788818359375,2450.193654307578,2416.175870450372,2416.175870450372,1970819
2023-08-21,2445.4228515625,2457.016510263372,2422.8079253400365,2437.7891054645584,977004
2023-08-22,2448.3330078125,2457.1117683143766,2436.1189687404285,2455.7759560723107,960025
2023-08-23,2456.20556640625,2465.222882398685,2445.1842988761878,2457.1120271633886,1136112
2023-08-24,2463.07568359375,2473.0949745100634,2449.4303169912287,2466.6540017781476,1143934
2023-08-25,2446.18603515625,2462.5507835787557,2434.6876596204243,2449.478041248532,802955
2023-08-28,2438.695556640625,2450.4324878127904,2422.7601583164624,2447.5698330373084,619841
2023-08-29,2410.498291015625,2441.748938080361,2406.6338935508866,2441.748938080361,958564
2023-08-30,2416.03271484375,2419.897345130354,2404.629853993885,2410.4982027140945,1227377
2023-08-31,2390.364501953125,2423.5235865317863,2377.053203801286,2416.1283950070488,3235414
2023-09-01,2390.125732421875,2399.3816021309085,2385.5454385871035,2390.3642869657338,813413
2023-09-04,2386.881591796875,2398.90483571016,2377.912032851917,2398.90483571016,1143301
2023-09-05,2392.27294921875,2407.9220355882544,2387.549615397008,2395.087846509409,844088
2023-09-06,2407.969970703125,2410.4510315619104,2392.6547198188596,2398.380029834401,1094146
2023-09-07,2392.654541015625,2406.395423804144,2385.5456615369335,2395.0878441830814,1894798
2023-09-08,2398.7138671875,2405.631949453119,2387.0246937042134,2389.362481808183,1018234
2023-09-11,2420.1357421875,2422.664327057058,2394.181055537206,2398.7135916733873,1121083
2023-09-12,2384.4482421875,2432.302191730767,2374.0948815324236,2432.302191730767,3946716
2023-09-13,2391.795654296875,2394.1334422731693,2377.9117330190265,2379.820169401867,1231305
2023-09-14,2386.308837890625,2398.904471098458,2378.961404599674,2396.0418165983406,2081195
2023-09-15,2356.632568359375,2376.003243807194,2353.102007722305,2361.499174212782,3750697
2023-09-18,2374.71484375,2378.818028280448,2349.2850239024633,2358.207056557156,1499641
2023-09-20,2353.9130859375,2366.4609611550345,2333.0633266226046,2337.500347739406,1795159
2023-09-21,2360.115478515625,2369.323590181349,2331.059350412711,2353.1018821535267,2223720
2023-09-22,2368.798828125,2376.003221836102,2345.4682406719435,2355.010422285743,1176741
2023-09-25,2362.501220703125,2385.259184966629,2347.3767690666537,2368.7989210371984,1122778
2023-09-26,2365.459228515625,2375.049168294878,2348.5696124812252,2360.735894882093,1263548
2023-09-27,2387.21533203125,2390.125744073198,2355.9646866334188,2362.6442138940242,1086791
2023-09-28,2347.7109375,2386.499815729826,2340.888137313114,2385.5455974908296,1612346
2023-09-29,2352.720458984375,2359.5907833495717,2338.3116711512257,2352.67270148226,1249567
2023-10-03,2355.869140625,2384.5912006529666,2349.0943314136016,2376.003237145213,1585626
2023-10-04,2393.0361328125,2396.0895843663584,2352.290830548836,2354.103984851398,1587335
2023-10-05,2404.20068359375,2409.2103295004617,2381.1086481021675,2402.7215986857464,1909928
2023-10-06,2384.972900390625,2404.6298886978925,2379.820215243073,2404.5821311947166,1083342
2023-10-09,2396.328125,2401.290012866647,2367.41526800006,2371.232140661084,1468771
2023-10-10,2401.003662109375,2405.440916284318,2388.742098661599,2397.1867895098962,1092373
2023-10-11,2439.36328125,2446.5676751580454,2401.0515142086524,2403.0554655876986,1697398
2023-10-12,2439.935791015625,2450.002839014336,2422.950661481965,2438.0273547301217,1625010
2023-10-13,2451.81591796875,2458.7339999485785,2426.290581008693,2436.1668326066474,1531977
2023-10-16,2441.17626953125,2463.7911924431783,2435.737272825355,2442.7983937469157,954899
2023-10-17,2439.12451171875,2452.34052563565,2429.868642708837,2441.1762204190168,1253538
2023-10-18,2431.5869140625,2453.53393614567,2423.285260997646,2452.388920716632,1084689
2023-10-19,2431.443603515625,2437.4549920889817,2409.4010688685216,2409.4010688685216,1272343
2023-10-20,2380.91748046875,2427.1017817460606,2371.280016297584,2404.6298962420647,3608160
2023-10-23,2369.801025390625,2395.0400515265787,2366.7953310865787,2379.820317022033,922707
2023-10-25,2363.884521484375,2376.003044637436,2352.14759238204,2361.737530781389,1435836
2023-10-26,2363.02587890625,2376.0033397303096,2343.225851075164,2348.331011677226,2650560
2023-10-27,2368.417236328125,2380.7743149372195,2351.050512366958,2354.3425184342077,1784812
2023-10-30,2365.41162109375,2377.911973852754,2349.667019340712,2357.873389803433,875135
2023-10-31,2370.27783203125,2377.9115770619464,2354.8195449367718,2357.1095752606166,920414
2023-11-01,2359.06591796875,2379.772406079239,2353.8654754309146,2371.232199879601,1267131
2023-11-02,2390.353759765625,2399.196906557308,2367.7651670957143,2379.011355660792,1595123
2023-11-03,2411.932861328125,2415.05681541772,2389.3923779852994,2400.1579574519587,1125583
2023-11-06,2400.542236328125,2420.1030879528025,2394.4867595025,2417.4597423101177,1338677
2023-11-07,2399.629150390625,2408.0397956975985,2388.8635713321037,2399.1966498520997,1473411
2023-11-08,2421.64111328125,2427.071893153558,2400.8306332753555,2401.1190451871635,745022
2023-11-09,2380.645263671875,2424.188425464951,2377.136916718744,2422.314099905442,1823094
2023-11-10,2390.11328125,2392.0838222948596,2369.7355354324045,2380.9336154108005,771062
2023-11-13,2382.0390625,2390.738120537505,2375.1664569890236,2381.125953572758,760809
2023-11-15,2389.968994140625,2405.973392229623,2379.972434809914,2404.8678522745317,1457029
2023-11-16,2394.5830078125,2408.6168655699284,2379.3478638462443,2384.0096240608077,1420578
2023-11-17,2430.724609375,2435.242280505872,2369.3989427459933,2369.3989427459933,1756043
2023-11-20,2409.24169921875,2436.2038762493526,2403.041898056177,2436.155768476979,944231
2023-11-21,2408.088134765625,2419.38243097698,2401.1193136990446,2407.8478305909152,1088806
2023-11-22,2424.09228515625,2426.3512382545014,2406.8866002136365,2410.4911628137966,816610
2023-11-23,2422.169677734375,2429.715322104033,2409.0010569157093,2409.0010569157093,1023670
2023-11-24,2417.652099609375,2422.0737901202465,2410.2026704841705,2417.5561187464655,735137
2023-11-28,2413.1826171875,2433.5603641585562,2403.041734135041,2433.5603641585562,1880641
2023-11-29,2427.1201171875,2430.580356278902,2410.827542118069,2414.576193135095,1265214
2023-11-30,2446.8251953125,2455.4280377646614,2418.565283786909,2418.565283786909,3095684
2023-12-01,2464.222900390625,2481.81321151669,2443.412654382418,2448.6993458061406,1345599
2023-12-04,2501.3740234375,2507.237303937237,2475.1327631308727,2477.055196344955,2188039
2023-12-05,2463.8388671875,2534.728603442285,2457.1584576206137,2534.728603442285,3108717
2023-12-06,2468.068115234375,2483.4956911373406,2463.5985511777303,2470.3270684848876,1573754
2023-12-07,2420.583740234375,2460.522337513956,2401.6959276222537,2452.159799899551,3925967
2023-12-08,2424.476806640625,2435.6748867600672,2411.019773521691,2421.304744756755,1605805
2023-12-11,2406.550048828125,2431.8300944655984,2402.0804851315706,2424.4768807268692,2012243
2023-12-12,2405.68505859375,2420.3436130412797,2400.1580626545174,2403.0417127097694,1677929
2023-12-13,2414.47998046875,2419.093867268127,2401.1672708282504,2410.5872408203054,1513205
2023-12-14,2418.757568359375,2426.879801973957,2404.19499556596,2423.5636515244564,2166569
2023-12-15,2425.0537109375,2433.80087747022,2409.7704580639183,2422.266276155195,2543337
2023-12-18,2437.164794921875,2445.81574469679,2417.459853767902,2422.410025603624,1969036
2023-12-19,2461.387451171875,2467.395055289173,2436.684229975954,2436.7323377432995,1656220
2023-12-20,2458.311767578125,2473.162519005037,2448.21899199276,2473.162519005037,1468642
2023-12-21,2454.17822265625,2479.9388749584405,2437.6453437575988,2443.652947621355,1945695
2023-12-22,2475.70947265625,2479.6984275224845,2448.0263887172355,2459.9453802254166,1174984
2023-12-26,2484.504638671875,2491.1369394280136,2467.4911515683684,2475.7096005380354,893776
2023-12-27,2507.141357421875,2510.697811982238,2480.803881224971,2485.70617985684,1073278
2023-12-28,2531.65234375,2537.6118397726373,2505.747603153392,2512.4761193952136,1635216
2023-12-29,2560.63330078125,2563.661274331084,2519.5893927061984,2531.652709789761,1305681
2024-01-01,2551.789794921875,2565.8715243869406,2535.689416707376,2560.536959940054,526353
2024-01-02,2512.427978515625,2551.020730868022,2505.891658746745,2545.30153907226,1310629
2024-01-03,2505.45947265625,2526.6543481330496,2494.8860888029035,2498.2022395315885,1008270
2024-01-04,2492.00244140625,2521.2714434435734,2487.6769661887524,2505.459475416242,1376844
2024-01-05,2518.435791015625,2527.903634441405,2494.357266422686,2494.357266422686,1150738
2024-01-08,2478.2568359375,2524.1549311245517,2466.9625402631996,2523.145606704356,1189828
2024-01-09,2479.69873046875,2488.589984759606,2471.816800626399,2482.390184107417,1017205
2024-01-10,2477.439697265625,2493.684399436957,2465.5207046868295,2479.93895442184,881278
2024-01-11,2437.83740234375,2488.589683850302,2433.6562510941385,2479.938734775504,2399600
2024-01-12,2445.33544921875,2455.9088336296804,2414.4324241047198,2435.242673190135,2979841
2024-01-15,2473.402587890625,2478.7373871269424,2432.839292997883,2447.2575424625093,1391204
2024-01-16,2469.4619140625,2484.3607728897164,2457.206401156241,2473.402761723246,1599406
2024-01-17,2463.501953125,2471.624421207969,2441.2498824973773,2450.141136129861,3047652
2024-01-18,2449.179931640625,2470.326697141447,2439.13526496214,2470.326697141447,1273095
2024-01-19,2465.9052734375,2474.1237233073075,2433.800728938802,2465.520880619284,1323064
2024-01-23,2283.41845703125,2384.298106226015,2273.710074159049,2355.942212602283,4369332
2024-01-24,2346.95458984375,2351.039760693699,2275.343947885817,2295.3854093361483,1551469
2024-01-25,2334.12255859375,2372.2828146337984,2326.3366094581024,2359.5948011333753,2364765
2024-01-29,2349.59765625,2354.0193462775947,2316.5319005835045,2316.5319005835045,1587091
2024-01-30,2363.295166015625,2397.8029837268405,2352.385498102803,2358.825602569055,1793711
2024-01-31,2385.30712890625,2389.4882803625414,2347.050660838892,2354.9806978827833,1445004
2024-02-01,2377.66552734375,2414.143651172756,2372.61914008399,2379.1073522751103,1727534
2024-02-02,2357.47998046875,2390.4495228584947,2347.2909904089747,2380.933572171593,1956115
2024-02-05,2325.663818359375,2369.1588742720683,2319.175605598918,2368.4379617431287,1315445
2024-02-06,2332.248046875,2346.666296218703,2324.2699019704123,2330.902202799705,1557511
2024-02-07,2331.383056640625,2345.272591370095,2318.022238043844,2345.272591370095,1149076
2024-02-08,2323.30908203125,2347.099197510304,2305.9590720909005,2347.099197510304,1758661
2024-02-09,2330.13330078125,2334.266579403876,2312.7835275950797,2323.3088032155542,886474
2024-02-12,2293.12646484375,2335.6124295793047,2289.6181178518773,2330.085433702878,1292460
2024-02-13,2301.152587890625,2307.8329964640893,2287.7917707436964,2297.307721411276,957865
2024-02-14,2295.33740234375,2301.1528103904666,2278.083609283795,2292.501859975465,1397975
2024-02-15,2259.676025390625,2292.213064876257,2255.7349436581803,2276.4973150525057,2553695
2024-02-16,2283.1298828125,2289.618095299179,2266.1645025494804,2278.0353875552187,2363302
2024-02-19,2294.568359375,2302.0658965950224,2281.7362571893896,2296.8273124965353,576683
2024-02-20,2310.861083984375,2315.042235684377,2276.3532648212054,2278.179717292503,1032995
2024-02-21,2313.74462890625,2328.835682964777,2301.2488127974525,2310.8609790349888,1127778
2024-02-22,2295.481689453125,2326.4328201820526,2273.9984023925185,2326.4328201820526,2258516
2024-02-23,2301.2490234375,2312.2068000824784,2291.492533010144,2295.914223752952,1210775
2024-02-26,2311.00537109375,2313.216216553072,2287.6958649071958,2298.365464700586,831596
2024-02-27,2312.014404296875,2315.52275112335,2296.4906149378007,2310.8128835108178,1120424
2024-02-28,2327.63427734375,2330.9504279253597,2307.8812278139335,2317.5896100629743,629152
2024-02-29,2318.742919921875,2334.6029942925143,2304.276562728189,2330.950324169719,2848084
2024-03-01,2316.243896484375,2344.2153970650215,2310.765008083479,2323.212717744194,2326244
2024-03-04,2328.06640625,2333.7374898365565,2311.148901666914,2322.4913035120285,1501261
2024-03-05,2306.776123046875,2326.1445467887092,2298.3654764417506,2311.726295465639,1587199
2024-03-06,2307.689208984375,2315.427050718229,2283.178181979929,2310.7650556348353,1354111
2024-03-07,2325.7119140625,2331.911714844805,2309.803730738692,2311.678056369801,1820704
2024-03-11,2297.16357421875,2319.4156445318367,2291.1078627337656,2315.5707781505157,2040761
2024-03-12,2285.91748046875,2292.501908960792,2269.240510948934,2287.6958252942077,1012157
2024-03-13,2222.90966796875,2282.889491692188,2214.499022473042,2282.889491692188,2322669
2024-03-14,2244.056396484375,2250.880893627091,2212.576552438003,2215.460202274312,2292515
2024-03-15,2237.424072265625,2246.315326766892,2226.0816682377067,2239.6830253861167,2751403
2024-03-18,2210.750244140625,2234.8287687773436,2207.914701884541,2230.791705677831,2487402
2024-03-19,2179.030029296875,2214.546937441648,2159.709715510338,2194.6979075652634,4220638
2024-03-20,2154.999755859375,2177.588348542376,2153.1254302094503,2162.7375973086,2995013
2024-03-21,2155.384521484375,2171.532775508243,2147.3582675733664,2147.3582675733664,3504486
2024-03-22,2169.03369140625,2178.117142705983,2145.483881169579,2152.2123983800566,3507809
2024-03-26,2153.125244140625,2171.5324486759623,2145.435511125837,2145.531726657333,3027027
2024-03-27,2152.837158203125,2175.233555934388,2149.280703079669,2162.737737893227,2168861
2024-03-28,2176.531005859375,2199.1674701311017,2153.2215021979396,2157.9313698937053,3186360
2024-04-01,2197.2451171875,2205.992282853251,2174.2721323808514,2181.961865828706,1427873
2024-04-02,2198.01416015625,2208.8759556978766,2188.738512957842,2208.8759556978766,1221495
2024-04-03,2177.34765625,2193.352052420509,2173.3587014837085,2193.352052420509,1175309
2024-04-04,2177.107666015625,2193.496457295735,2162.0166111185067,2181.961857169728,1890255
2024-04-05,2179.030029296875,2192.0545617880575,2170.523402780724,2177.1075960043618,1153449
2024-04-08,2180.952392578125,2200.176724886131,2179.2702635011747,2188.6902332665027,1127294
2024-04-09,2176.338623046875,2186.3835249561675,2168.2644969116745,2182.9230510856314,1189343
2024-04-10,2173.21435546875,2188.5938199251173,2170.138509511877,2188.5938199251173,2308993
2024-04-12,2145.723876953125,2177.011524419317,2142.167422444592,2173.2145310872115,3388551
2024-04-15,2108.957275390625,2141.3502270656313,2105.064301323637,2141.302119302431,4909564
2024-04-16,2134.670166015625,2144.714833933699,2087.810850316233,2098.336126600455,2821129
2024-04-18,2128.90283203125,2150.9146009846795,2123.3758359077597,2129.1431362105322,3392171
2024-04-19,2145.051025390625,2156.7297130319407,2110.831621088865,2133.9008191335524,2337694
2024-04-22,2154.567138671875,2166.149846333918,2142.600038215488,2162.7374802639833,1804108
2024-04-23,2174.992919921875,2185.3259986487164,2161.4877793956443,2165.6210578207865,1991778
2024-04-24,2172.59033203125,2180.3762821944965,2158.5564724959418,2178.1654365591976,1404398
2024-04-25,2144.330322265625,2152.981272376825,2129.1911595710244,2151.251035420177,4951866
2024-04-26,2136.447998046875,2167.543449157478,2132.5552585254745,2157.931283085826,2307512
2024-04-29,2139.764404296875,2147.357921699967,2133.900889066216,2147.357921699967,1395292
2024-04-30,2143.94580078125,2153.3657716357725,2138.7072165560066,2145.4838414125384,2119102
2024-05-02,2139.95654296875,2156.201009483979,2119.530690414858,2119.530690414858,2140383
2024-05-03,2131.065673828125,2148.9441648375323,2118.5217481219383,2145.4358175173165,2595307
2024-05-06,2168.69677734375,2173.7912720969075,2126.2110519028784,2138.706867307371,1619256
2024-05-07,2287.11865234375,2296.9232492649267,2171.3882691830577,2178.1167852894237,8277810
2024-05-08,2250.25634765625,2280.246261031328,2234.8287730626357,2274.623049604483,1813439
2024-05-09,2235.453369140625,2270.489903158512,2229.49387294917,2249.823745544639,1558987
2024-05-10,2270.92236328125,2279.0445967528176,2230.983765948245,2230.983765948245,2610266
2024-05-13,2269.095947265625,2289.2814965269827,2256.840435214087,2281.928283164871,1170617
2024-05-14,2258.474609375,2280.294179184719,2255.735048205718,2269.0479919382315,689430
2024-05-15,2233.194580078125,2264.4341196671453,2227.763565469436,2258.426515900026,812282
2024-05-16,2252.27490234375,2257.0331129272436,2212.0962304942204,2246.3635132828804,1880021
2024-05-17,2230.35888671875,2260.6850807401106,2225.312499896735,2260.6850807401106,1264582
2024-05-21,2221.083251953125,2234.636500499877,2212.4804099252933,2217.5267973053774,1663959
2024-05-22,2275.103759765625,2281.928492343645,2221.083427058202,2221.3718390084937,1914851
2024-05-23,2290.0986328125,2294.2319112772707,2263.665175350866,2275.103559438179,1614718
2024-05-24,2277.170166015625,2290.819394398735,2272.9887800601164,2286.25361568337,974100
2024-05-27,2292.02099609375,2306.871745716128,2270.874230770176,2277.1702464713717,1116934
2024-05-28,2303.027099609375,2315.571024447078,2286.3020229404683,2297.30790719324,1631747
2024-05-29,2281.3515625,2302.1139365481226,2277.5066958001285,2288.8490994991575,1592495
2024-05-30,2260.20458984375,2280.4382459438207,2243.527622854832,2276.160879064105,1837380
2024-05-31,2238.7216796875,2285.2444715554675,2227.7157960085565,2261.74277145962,5529186
2024-06-03,2264.5302734375,2294.8567065039656,2253.380300797559,2288.6569058773034,1207445
2024-06-04,2399.4853515625,2412.7020814982593,2251.2657798718847,2281.9284994540258,7826048
2024-06-05,2501.806640625,2618.306051895857,2427.072045942993,2435.2904952507906,11061076
2024-06-06,2450.718017578125,2499.1632419376433,2420.343478153456,2499.1632419376433,4102547
2024-06-07,2477.82421875,2495.7989223831146,2427.07193491907,2456.1968450725035,3974253
2024-06-10,2465.857177734375,2493.0594206488636,2447.2575420592607,2478.977690876211,1449122
2024-06-11,2457.2060546875,2476.766670941292,2452.35186410996,2466.481700651621,1402423
2024-06-12,2430.62841796875,2468.4042780366603,2419.3822304588293,2468.4042780366603,1754677
2024-06-13,2390.93017578125,2408.6167027553947,2351.568401318949,2391.4588918675045,3123098
2024-06-14,2406.79931640625,2436.5475426423045,2397.724285194477,2400.2478917119292,1729552
2024-06-18,2413.10791015625,2424.512241154475,2400.3931995365956,2406.944623727065,1820933
2024-06-19,2384.718505859375,2421.600599153089,2379.380308145811,2421.600599153089,986976
2024-06-20,2409.17724609375,2416.7478288529137,2374.6730278925506,2384.7186407596823,2163310
2024-06-21,2369.48046875,2405.1007594830376,2355.1643928006965,2402.189015222162,3646215
2024-06-24,2370.35400390625,2395.2495606319985,2355.6497895105103,2363.3658647573675,1945519
2024-06-25,2360.648193359375,2374.7216246112826,2356.474645665412,2367.5879930137835,833789
2024-06-26,2373.654296875,2394.424646941484,2360.8424310457776,2365.3072008903105,1738656
2024-06-27,2389.717041015625,2410.147828089514,2364.3364306830586,2377.8759946247305,3402726
2024-06-28,2400.29638671875,2417.232984813931,2390.396503797189,2390.5419962243377,2129791
2024-07-01,2431.403564453125,2448.776876762152,2378.0215873536727,2388.6494063118025,3312865
2024-07-02,2412.040283203125,2441.0122329179167,2406.411100622321,2441.0122329179167,1305210
2024-07-03,2436.499267578125,2445.71979146585,2401.5097584861905,2413.496297365214,1406405
2024-07-04,2422.5224609375,2462.219380127531,2419.562140443245,2441.0606594124497,1977010
2024-07-05,2472.07080078125,2478.86487051249,2422.522573421036,2422.522573421036,1754286
2024-07-08,2511.039794921875,2518.6589543648624,2461.6372921032303,2484.6886023792094,2818809
2024-07-09,2513.951416015625,2537.099878087564,2492.453131954424,2511.039671702594,1479529
2024-07-10,2533.654296875,2548.746885802939,2497.3060689912268,2505.0707205854474,1764036
2024-07-11,2532.1015625,2540.060283161406,2513.854583474437,2540.0117066962384,1432671
2024-07-12,2545.107177734375,2561.8497075526293,2524.4823221611628,2524.4823221611628,1912642
2024-07-15,2543.214599609375,2551.9012561227323,2536.760090845706,2550.688029320354,920101
2024-07-16,2609.359619140625,2644.834418084959,2547.3395600466733,2548.698279276291,3298003
2024-07-18,2657.840087890625,2670.2635775618123,2576.8936915714958,2620.5698558354193,5569762
2024-07-19,2646.775390625,2662.3046925135222,2636.050419116571,2658.4223670413917,1668862
2024-07-22,2654.831298828125,2669.050221276368,2626.0534187066073,2626.101995167326,1911629
2024-07-23,2684.96826171875,2728.595853311204,2651.6286919831223,2665.2168331572675,3906259
2024-07-24,2637.1181640625,2676.3295567061523,2596.402322900649,2667.1576101328446,3611927
2024-07-25,2627.557861328125,2644.688764839163,2591.452281427988,2637.118182692761,2166670
2024-07-26,2631.294921875,2646.7756488135715,2608.1950356707994,2643.863904425438,2135309
2024-07-29,2631.828857421875,2639.981647137038,2613.581878057342,2631.440482651685,957011
2024-07-30,2612.222900390625,2673.3211941210275,2606.3994115108435,2635.711161772439,1560399
2024-07-31,2626.0537109375,2629.9360368935118,2596.3540595490326,2625.4229277529967,1751085
2024-08-01,2635.662353515625,2644.7857238415877,2615.910927352041,2634.157904962315,1886392
2024-08-02,2613.339111328125,2678.319491535029,2602.2743407046587,2632.2168729998184,1738872
2024-08-05,2636.001953125,2661.334222675603,2587.764104503914,2597.227273238811,3118731
2024-08-06,2669.1474609375,2690.20903019787,2628.96524828348,2640.0785950237046,2296031
2024-08-07,2663.32421875,2700.012246928229,2655.0256995137474,2699.866517527861,1713875
2024-08-08,2652.793212890625,2678.076907446923,2640.3697227462762,2672.9813547553963,1464161
2024-08-09,2666.38134765625,2676.8636748479075,2638.622859990569,2674.9225119219846,1284031
2024-08-12,2667.837158203125,2682.1046579872973,2642.3108189254185,2657.451984181087,1297178
2024-08-13,2660.751708984375,2676.5236564605643,2649.784328921455,2661.334152597603,1051237
2024-08-14,2641.971435546875,2661.8683564179764,2626.9759986722806,2660.363907692145,946995
2024-08-16,2667.400390625,2672.593096011396,2630.9550108698363,2657.3547781329457,1727926
2024-08-19,2661.8681640625,2678.562117366071,2656.5299661657655,2669.1475248307747,1130327
2024-08-20,2670.1181640625,2675.165140246076,2654.588860754042,2661.8682216798816,1097889
2024-08-21,2709.0869140625,2712.8723239179676,2662.2563587851414,2668.613714717056,1417729
2024-08-22,2710.6396484375,2727.333600307501,2700.2544753582456,2720.490954381254,1552947
2024-08-23,2732.769287109375,2738.010332274373,2689.821056977102,2716.851608794936,2111401
2024-08-26,2738.15576171875,2751.549833114722,2721.1222468451892,2732.7692242402322,1152244
2024-08-27,2685.501708984375,2741.019157279429,2678.368077529086,2726.3632826569533,1357212
2024-08-28,2683.02685546875,2699.9148774708824,2664.9739461905906,2678.804731489039,1723549
2024-08-29,2703.31201171875,2727.333902856005,2664.246107950083,2688.462067987683,2129934
2024-08-30,2696.275390625,2733.448709240914,2678.902076663861,2713.4546356789924,4029712
2024-09-02,2707.0,2726.2658978957274,2697.2456099024953,2711.804330358968,957950
2024-09-03,2712.095703125,2744.7556730503247,2693.363434369963,2698.216341458918,2022116
2024-09-04,2757.66455078125,2760.188157340057,2690.111986931693,2698.216436840079,1640986
2024-09-05,2754.94677734375,2771.0099471964018,2740.582124971867,2756.4998023952226,1945173
2024-09-06,2755.43212890625,2782.123118479223,2744.9014624679285,2744.9014624679285,1672730
2024-09-09,2835.844970703125,2851.7624119394613,2759.5571728010573,2769.166071475763,3342754
2024-09-10,2813.327392578125,2851.180067874474,2802.553844056592,2847.6858799868537,1536584
2024-09-11,2818.714111328125,2863.2153669847785,2812.8422829388005,2825.9451329233075,1913665
2024-09-12,2869.4267578125,2876.2208276163733,2809.056642089753,2825.362457010719,2454564
2024-09-13,2846.666748046875,2869.426835111309,2832.641893822737,2869.426835111309,1902001
2024-09-16,2782.754150390625,2824.3919995176966,2724.810248668883,2824.3919995176966,1489057
2024-09-17,2788.9658203125,2828.177216442892,2775.9601235551504,2782.7541937629762,1098661
2024-09-18,2791.246826171875,2808.42607086622,2777.512956142777,2789.451155662023,464796
2024-09-19,2826.090576171875,2847.9772355641235,2788.8203427591193,2791.6349342197495,1713010
2024-09-20,2890.00341796875,2901.4077499970376,2810.2214332765097,2838.7566700584757,3641632
2024-09-23,2939.45458984375,2945.7147930006277,2882.5784203092207,2892.33281157887,1300470
2024-09-24,2863.749267578125,2931.156104781509,2859.430227331959,2931.156104781509,1929308
2024-09-25,2862.196044921875,2873.260815338254,2819.636191624619,2863.749069984707,1055354
2024-09-26,2898.25341796875,2904.8048428813454,2854.674167856613,2864.2830665701063,1902889
2024-09-27,2878.9873046875,2940.8618738147916,2865.884454754662,2898.253441779502,2977081
2024-09-30,2871.271240234375,2909.706124674832,2856.0331583870834,2876.9975761841415,1627702
2024-10-01,2837.737548828125,2875.541649372102,2806.339143756762,2875.541649372102,1184642
2024-10-03,2808.23193359375,2837.106731735907,2776.9306818262016,2823.1787931428157,1233447
2024-10-04,2764.944091796875,2828.27453567217,2734.1767051525835,2805.9511608195753,2456486
2024-10-07,2750.04541015625,2782.1231747563133,2741.9411971515387,2761.3042498599384,1280975
2024-10-08,2735.875244140625,2801.0982750877915,2716.366460746994,2760.333851126015,1761488
2024-10-09,2687.4912109375,2742.7174325285027,2679.4839147128605,2740.339318628453,1476282
2024-10-10,2673.66064453125,2705.398610217547,2652.793143577846,2688.5105879502285,2065078
2024-10-11,2701.322265625,2707.922266928901,2656.5300261363855,2683.463661587022,679307
2024-10-14,2707.048828125,2722.1897566323278,2683.657720300339,2709.475281759991,874010
2024-10-15,2699.623779296875,2716.9487533001934,2683.9004068922713,2710.9311955846492,1082666
2024-10-16,2699.4296875,2715.2502127006615,2674.5343678170534,2707.09718625598,1170797
2024-10-17,2658.082763671875,2700.1575638443824,2643.3299731877614,2697.68253378276,1368242
2024-10-18,2637.1669921875,2659.3932129429836,2614.212598375217,2658.0828331824578,1137277
2024-10-21,2614.3095703125,2657.451866034502,2601.5948592234436,2635.128493894694,792345
2024-10-22,2602.808349609375,2630.2758533291735,2595.092274110287,2606.1084688697565,1272253
2024-10-23,2581.0673828125,2613.8245078342925,2543.8940646553547,2543.8940646553547,1431962
2024-10-24,2431.403564453125,2569.128970586372,2380.448040858193,2569.128970586372,9216267
2024-10-25,2453.678466796875,2465.276867660535,2426.5507628298415,2428.6859946148834,2761166
2024-10-28,2500.02392578125,2513.417998144498,2445.9625825267967,2469.1593860637768,852829
2024-10-29,2472.70166015625,2509.632330583052,2461.394481395327,2509.632330583052,1695654
2024-10-30,2479.786865234375,2487.8913145923343,2458.870788970481,2481.776604467718,1200637
2024-10-31,2453.87255859375,2488.0855548126483,2449.8447403470686,2479.7870359976687,1901355
2024-11-01,2462.8505859375,2471.0519523196854,2437.4699741899085,2469.1107892962864,118532
2024-11-04,2450.52392578125,2472.0707851149646,2429.850494909821,2472.0707851149646,1097260
2024-11-05,2447.175537109375,2455.813616889939,2433.247599068502,2445.865157420273,702046
2024-11-06,2455.3740234375,2476.386285924596,2449.77738556988,2469.6112066402106,1219166
2024-11-07,2430.630859375,2464.407253718044,2421.401332931118,2455.374054274254,1322446
2024-11-08,2462.247314453125,2469.6605169147483,2422.579669604473,2438.927788649835,1700877
2024-11-11,2445.899169921875,2469.316739128912,2430.189173754933,2463.5237739285594,1175577
2024-11-12,2416.884765625,2451.692178555918,2411.484454346943,2449.7775706822567,1624222
2024-11-13,2420.272216796875,2427.980029788182,2405.985890652603,2417.4740174733843,1262017
2024-11-14,2345.89501953125,2420.026560463074,2340.4947086024417,2415.804451248359,2443393
2024-11-18,2378.984375,2381.0464079817834,2332.6890737165863,2357.62859793872,1374215
2024-11-19,2366.661865234375,2395.970682267616,2361.507022871615,2387.8210740176746,1133370
2024-11-21,2339.611328125,2380.800928160588,2333.0328148891485,2380.800928160588,1291829
2024-11-22,2400.92919921875,2407.6551370493976,2334.7509378705845,2347.613353088314,1696471
2024-11-25,2426.654296875,2460.2835069783887,2413.0554754508216,2425.2306264341637,4368045
2024-11-26,2434.263916015625,2449.7284438602323,2415.80462213737,2441.186181184411,982442
2024-11-27,2441.82421875,2447.7646089278323,2413.4481343744396,2430.2871904428803,948232
2024-11-28,2417.57177734375,2493.1269856575846,2408.7349052669156,2440.9404425567004,2540530
2024-11-29,2450.906494140625,2462.050868133835,2410.600728530422,2410.600728530422,1795164
2024-12-02,2434.21484375,2445.359218749969,2415.9521160801214,2439.9589072851527,1006993
2024-12-03,2437.847900390625,2446.291879693493,2421.3032144140357,2435.0494613734018,1641588
2024-12-04,2419.830322265625,2447.8137526509245,2412.024465943355,2436.12953900783,1321495
2024-12-05,2449.384765625,2469.414913971408,2405.642199026858,2420.910398823739,2071795
2024-12-06,2438.78076171875,2450.5632597319986,2430.1402152325936,2449.777711921342,1308086
2024-12-09,2357.23583984375,2432.054648922866,2340.1021731538126,2420.3212934353196,3385021
2024-12-10,2353.897705078125,2369.2639501866993,2345.0116899782884,2365.0418405006158,2063838
2024-12-11,2357.824951171875,2365.6799489199275,2341.77120363809,2361.4086980082207,1718225
2024-12-12,2302.447021484375,2356.450129788821,2295.623040287186,2341.8202926979993,3231056
2024-12-13,2346.779052734375,2351.1483476463695,2291.155701547438,2302.447261734775,2260902
2024-12-16,2323.262939453125,2349.626373461965,2320.170129749529,2346.975359470951,1247552
2024-12-17,2320.41552734375,2336.861929579234,2310.6950631027157,2310.6950631027157,2131569
2024-12-18,2316.43896484375,2339.8076328717684,2307.454906369584,2307.454906369584,988403
2024-12-19,2317.0771484375,2343.685809457716,2293.659340534284,2304.459962428923,1655915
2024-12-20,2291.597412109375,2330.479748587135,2282.515070557055,2309.467724557705,2069691
2024-12-23,2296.5068359375,2309.124022795506,2273.285593186901,2294.641369734494,1066199
2024-12-24,2293.217529296875,2314.229552226785,2288.848234775878,2288.848234775878,683646
2024-12-26,2290.46826171875,2299.403417590653,2282.564122249837,2289.9773243568984,1033769
2024-12-27,2298.814208984375,2303.134361905232,2286.049837508968,2300.5324897599107,556816
2024-12-30,2301.0234375,2316.389681190017,2282.8587549338595,2299.05968803339,924180
2024-12-31,2284.675537109375,2310.00771587375,2281.1406918459334,2297.5870951983143,1878762
2025-01-01,2280.011474609375,2294.7884979654154,2278.1949104183414,2282.8588155253287,559893
2025-01-02,2327.04296875,2336.517963432763,2273.5307992154535,2287.767981935654,1650744
2025-01-03,2362.635986328125,2370.834735922727,2321.9373281379058,2338.678339641274,1274239
2025-01-06,2333.130615234375,2375.10575867804,2318.8442903999216,2374.1730256557257,900419
2025-01-07,2347.46630859375,2358.708727057057,2332.1981075834215,2334.063573808319,922768
2025-01-08,2357.481201171875,2365.3361989267164,2325.0793354331527,2347.662453978323,953351
2025-01-09,2391.2578125,2428.814523921439,2343.1459468882217,2361.458055894267,2425267
2025-01-10,2397.787109375,2411.4842132129756,2370.049149674973,2391.257498926049,1651911
2025-01-13,2406.5751953125,2415.903006147045,2365.3855943599074,2373.2405929574184,2595013
2025-01-14,2325.0302734375,2423.2668904188554,2321.2501994677364,2420.3212661598373,2052741
2025-01-15,2329.989013671875,2341.6732284736895,2307.5041755449906,2330.8726051486196,1215150
2025-01-16,2302.496337890625,2336.861954874067,2283.8898589241226,2333.867188879549,2762596
2025-01-17,2311.3330078125,2336.1744852788183,2300.532386280666,2307.405509073651,1333005
2025-01-20,2302.692626953125,2325.079419305078,2293.315675101929,2313.7387179443335,1382273
2025-01-21,2298.077880859375,2334.2109200503423,2290.173741080801,2310.8422527675875,1842885
2025-01-22,2300.4833984375,2319.1881603751613,2289.928244871017,2300.0907444235577,2658047
2025-01-23,2279.618408203125,2298.8632479151706,2212.9983546557087,2273.0398957567777,3408925
2025-01-24,2325.177490234375,2337.6472505376432,2280.894846953598,2290.5664082907183,1688664
2025-01-27,2349.47900390625,2366.023448998165,2318.353383718259,2322.1336972511494,2477358
2025-01-28,2345.551513671875,2363.3724438998315,2336.321747502455,2357.48119559763,1892156
2025-01-29,2340.740234375,2352.5718729143537,2321.151881289454,2341.9184361178313,699576
2025-01-30,2365.0908203125,2381.0462851096263,2340.7894200830306,2340.7894200830306,1419960
2025-01-31,2424.052490234375,2434.0675649870627,2357.9722699945264,2357.9722699945264,2116148
2025-02-01,2460.627197265625,2554.838028984739,2391.0121355827387,2430.139939176491,2970999
2025-02-03,2397.68896484375,2474.3243359703793,2372.7003007430244,2459.5962149229367,2528480
2025-02-04,2393.85986328125,2405.5932189981568,2359.2979188534423,2405.5932189981568,1992474
2025-02-05,2347.711669921875,2408.538762766955,2343.735029239593,2408.538762766955,1357416
2025-02-06,2329.694091796875,2365.2870502684787,2317.518941198998,2356.499319499281,1132113
2025-02-07,2321.0048828125,2338.776673176707,2293.7578566318184,2336.8620652260356,855602
2025-02-10,2318.648193359375,2354.535765162653,2309.418666146116,2327.9268622556306,1326354
2025-02-11,2273.285400390625,2334.848896170445,2254.924391433907,2328.024914944897,1389260
2025-02-12,2290.222900390625,2297.4886778004043,2263.319627586285,2283.5461040133705,1341909
2025-02-13,2279.42236328125,2303.0856420040236,2271.4201794945166,2287.8665825033304,1334967
2025-02-14,2276.329345703125,2323.1155800749834,2271.4688740822953,2279.9130925334366,1135380
2025-02-17,2287.178955078125,2293.659424337889,2258.311933209394,2276.3294308235972,1409168
2025-02-18,2254.384521484375,2296.1633418095184,2246.5295231516766,2287.17904363718,1035705
2025-02-19,2209.611083984375,2263.9088115608124,2207.2546802120023,2257.084829242589,1521343
2025-02-20,2207.3037109375,2213.587613824965,2186.1442608736543,2209.6109729078917,2206196
2025-02-21,2201.019287109375,2212.7037396655705,2186.045698194655,2207.303428909442,1781509
2025-02-24,2200.822998046875,2210.1999493735907,2178.5836319813607,2189.5805806766357,1627949
2025-02-25,2218.349609375,2228.4629669638985,2197.3864881550335,2202.345003448744,1988040
2025-02-27,2204.259765625,2228.512025036238,2192.6246931729806,2228.512025036238,1699658
2025-02-28,2150.551025390625,2208.8253837386137,2146.230872669716,2204.3578059858905,3683249
2025-03-03,2137.394287109375,2159.1427183773503,2119.3767883663077,2159.1427183773503,1306470
2025-03-04,2118.24755859375,2140.4869254884225,2097.284437084069,2140.437783808497,1800330
2025-03-05,2131.10986328125,2152.1710273429244,2111.0305739051128,2112.9943232761875,1145673
2025-03-06,2178.73095703125,2189.3843940941274,2124.5315180663188,2135.5776091481193,1856868
2025-03-07,2164.592041015625,2186.340470972133,2149.5201676266793,2186.340470972133,1738356
2025-03-10,2207.0087890625,2226.0570617705903,2154.87114820946,2167.9792709376043,1242387
2025-03-11,2176.76708984375,2221.44238913751,2171.170451941259,2199.399349846657,1325891
2025-03-12,2153.153076171875,2189.5315841563634,2145.39636141498,2177.160105947309,1526212
2025-03-13,2135.38134765625,2169.894150742321,2125.2188476629813,2145.3964226012604,1845629
2025-03-17,2131.8955078125,2155.656828338742,2117.412855542962,2121.8312918285837,1111886
2025-03-18,2131.8955078125,2131.8955078125,2131.8955078125,2131.8955078125,0
2025-03-19,2160.173583984375,2172.7416286827006,2153.6931147712576,2166.9975655294597,1341405
2025-03-20,2201.755859375,2208.1380452959766,2148.783764173998,2163.9536812276774,1426689
2025-03-21,2205.487060546875,2214.32393347734,2185.45691112403,2204.308858765917,2152415
2025-03-24,2215.3056640625,2224.9280841258274,2200.3812164721885,2209.4635575040347,1454404
2025-03-25,2230.13232421875,2250.4570850278583,2202.6889709722714,2209.9547487462705,2229340
2025-03-26,2205.241455078125,2238.576053510754,2197.239272084734,2230.8193391946506,1416907
2025-03-27,2203.965087890625,2219.920552767721,2160.124475668381,2203.5232921909783,3752627
2025-03-28,2217.90771484375,2254.3842632873084,2199.6938916027498,2206.2724040098356,2280152
2025-04-01,2193.361083984375,2243.240131281449,2179.7620223282347,2218.0551389367038,2495962
2025-04-02,2197.33740234375,2203.0323238244255,2150.3548394880845,2203.0323238244255,1351493
2025-04-03,2203.866943359375,2212.0654534146915,2180.3510918370066,2185.1130403837997,1310088
2025-04-04,2203.866943359375,2225.959124485599,2181.7256205542135,2189.580618287982,1120226
2025-04-07,2208.62890625,2220.6079696442002,2111.0306546602815,2111.0306546602815,3435185
2025-04-08,2247.756591796875,2264.399319536186,2211.5255123036677,2227.18636537145,2774874
2025-04-09,2307.40576171875,2311.480446220256,2248.002336789395,2252.3716316716723,2989089
2025-04-11,2323.262939453125,2351.442937710442,2301.858260794508,2351.1974690128386,3836083
2025-04-15,2318.697265625,2356.4994442091893,2302.692658956642,2356.4994442091893,3042779
2025-04-16,2323.704833984375,2332.934360568433,2308.3874922964587,2308.3874922964587,1131979
2025-04-17,2331.952392578125,2336.763482680823,2300.630685801908,2314.3769314844735,1962402
2025-04-21,2308.387451171875,2329.3994741521456,2306.2273747455256,2325.177604656988,1478430
2025-04-22,2355.222900390625,2362.3906339646264,2312.413305383334,2327.043143182113,2352346
2025-04-23,2379.867919921875,2393.810492567148,2350.0187855371846,2366.3180012661305,2226066
2025-04-24,2283.153564453125,2442.31532877599,2275.102238880822,2379.8682341199365,7065430
2025-04-25,2289.92822265625,2299.4523596993467,2252.8133095091957,2289.633612290894,2859858
2025-04-28,2276.57470703125,2306.423601129874,2273.0398623310593,2302.4961024476606,1555660
2025-04-29,2279.618408203125,2290.22270274414,2270.6834923989963,2285.8042666616752,1896387
2025-04-30,2299.64892578125,2309.8603271969996,2274.0218991661004,2277.949398128391,2083807
2025-05-02,2276.57470703125,2302.4961024476606,2268.1304889782928,2291.7937644248273,1424284
2025-05-05,2306.03125,2312.21686946445,2277.0659434146482,2281.9753174121656,2074103
2025-05-06,2338.629150390625,2346.778758141565,2297.7830679976596,2297.7830679976596,1888125
2025-05-07,2327.82861328125,2343.6366523024376,2312.609555257485,2326.06119085797,1610400
2025-05-08,2312.216796875,2328.9086679425363,2298.5688334765755,2318.8935932451186,2323073
2025-05-09,2290.615478515625,2300.2378988832365,2260.57025538677,2287.768137663965,1805685
2025-05-12,2339.316650390625,2343.7350868761478,2303.5765044828277,2317.2244679630116,1274873
2025-05-13,2317.224609375,2354.5358530852754,2310.155158509844,2332.5419526791165,1929665
2025-05-14,2307.896728515625,2327.0432872078413,2296.1142308588765,2327.0432872078413,1568111
2025-05-15,2312.51123046875,2326.9447405218516,2297.586783068839,2308.976625401022,3236681
2025-05-16,2338.236572265625,2343.735167077532,2306.423924367458,2317.2245472572163,1473000
2025-05-19,2339.512939453125,2361.408794513757,2331.95255175475,2331.95255175475,936655
2025-05-20,2298.6669921875,2351.1972894631904,2296.1140220411703,2351.1972894631904,1617408
2025-05-21,2321.053466796875,2332.6396359970754,2302.496131178057,2303.478005860862,1570754
2025-05-22,2288.45556640625,2320.268454005645,2271.174713619723,2312.3151721769136,2423653
2025-05-23,2316.43896484375,2321.642949192319,2287.3756147859463,2294.5431090059574,844118
2025-05-26,2350.706298828125,2353.8482499032,2321.250058032729,2325.07927344993,892618
2025-05-27,2337.058349609375,2365.8273291751543,2317.5191369873537,2350.706553150472,1865258
2025-05-28,2319.18798828125,2344.716729896539,2309.3692415061387,2344.716729896539,897517
2025-05-29,2323.802978515625,2332.9344618523432,2312.8060289954524,2326.0613384377953,1111275
2025-05-30,2305.736328125,2331.8540504341177,2301.0232817809842,2317.224213784136,3288892
2025-06-02,2328.6142578125,2340.789408851528,2301.121764755519,2305.343634416857,1178205
2025-06-03,2309.6640625,2336.3710082209473,2300.139925202615,2322.2321074614806,1643913
2025-06-04,2321.642822265625,2324.686729845221,2299.6489239802295,2316.733448566607,3287896
2025-06-05,2333.3271484375,2336.861993557662,2306.3255917892498,2321.642934355921,1787978
2025-06-06,2346.484130859375,2353.0626431956043,2327.141247831911,2330.283198828193,997488
2025-06-09,2349.82275390625,2355.517675763248,2335.1929150826363,2350.608301699548,1293622
2025-06-10,2351.786376953125,2356.695750752591,2335.2908330438154,2350.0189544422137,1778782
2025-06-11,2333.3271484375,2359.346830298541,2328.319730852048,2351.7864423801357,1977707
2025-06-12,2290.419189453125,2344.7169112625684,2281.9752104026784,2343.6367531475557,3339584
2025-06-13,2276.967529296875,2282.760494395082,2260.2756586638234,2263.221282893185,1740682
2025-06-16,2285.215087890625,2294.248526930686,2271.1744714100378,2277.94931097458,1105297
2025-06-17,2286.3935546875,2290.8119909000766,2271.1744966219585,2277.949336261707,1119284
2025-06-18,2255.660888671875,2289.1426734843863,2244.0747187940665,2285.5097848886408,2056563
2025-06-19,2252.616943359375,2265.9705354890243,2248.7877278228257,2258.410148058999,1214549
2025-06-20,2264.3994140625,2271.0762100507136,2250.849495086671,2253.402465225416,2685864
2025-06-23,2257.35498046875,2268.169866753373,2241.082750343553,2265.590049100476,842856
2025-06-24,2245.44873046875,2283.053027199062,2242.6705210148793,2277.099825042089,2440747
2025-06-25,2260.9267578125,2272.6347697099336,2253.683647230803,2261.2244663474958,1047270
2025-06-26,2263.010498046875,2273.130892683563,2253.8823037125367,2271.0471751540676,1874722
2025-06-27,2288.90673828125,2292.4787561982344,2261.5221557844948,2263.0104562105053,1050745
2025-06-30,2276.702880859375,2298.928070446473,2270.1542620550413,2291.8833514974594,1403754
2025-07-01,2277.595703125,2284.6404218850275,2268.7652176811503,2282.060604307341,759914
2025-07-02,2289.10546875,2290.9905524746237,2269.7575623951902,2277.099747912196,1128034
2025-07-03,2295.356201171875,2308.750905945756,2286.029614742405,2291.9828168641297,1060039
2025-07-04,2321.05419921875,2323.1376744970185,2292.2803906553454,2299.920284481797,1242346
2025-07-07,2391.599609375,2396.858319639088,2322.7410024796927,2322.7410024796927,2701583
2025-07-08,2374.03759765625,2399.6364137173014,2367.3899041263103,2386.6384929568344,1471046
2025-07-09,2404.498046875,2420.670959786851,2378.4033734605428,2380.2884570863953,1741690
2025-07-10,2389.615234375,2415.0156603181044,2378.8996643467794,2404.4982396768783,1053695
2025-07-11,2499.947998046875,2510.2667843766285,2441.8049629845386,2480.50077507572,7242235
2025-07-14,2496.971435546875,2512.7473238245966,2470.5788099993074,2480.5008132523167,2427712
2025-07-15,2507.19091796875,2510.167518959921,2490.422829279717,2501.0393243676117,1700294
2025-07-16,2497.963623046875,2513.144094156912,2487.9423029182253,2506.5957173853917,1284379
2025-07-17,2490.224365234375,2505.702544596446,2486.652347254296,2493.3993577519996,807474
2025-07-18,2470.181884765625,2495.2843577635995,2462.144965698126,2495.2843577635995,771112
2025-07-21,2445.674560546875,2474.150904552474,2436.2486571651175,2471.471769802211,1169960
2025-07-22,2460.359130859375,2465.6178411005535,2433.470647028656,2450.734836023488,861632
2025-07-23,2431.28759765625,2467.6022267172193,2422.953211758524,2461.6490247227266,1320795
2025-07-24,2418.785888671875,2446.7658880933027,2402.1168755368553,2436.744568380519,693984
2025-07-25,2396.560546875,2409.657784838074,2386.638543712917,2407.1772840475533,769388
2025-07-28,2422.556396484375,2429.204090176368,2393.4848786817606,2396.5605543297306,987995
2025-07-29,2434.462890625,2438.3323751192297,2410.7491567723273,2425.7314790440246,732282
2025-07-30,2418.388916015625,2433.768020676373,2379.7924212132107,2422.9531342933756,1224146
2025-07-31,2501.535400390625,2529.1186177565537,2401.224093298107,2401.224093298107,5505507
2025-08-01,2533.781982421875,2706.2264515000306,2517.112968113841,2530.110889578397,4259653
2025-08-04,2523.85986328125,2563.0517752650835,2515.327086013953,2527.1341727297113,1293028
2025-08-05,2514.93017578125,2533.0874906124764,2497.6659866058358,2517.7083852053106,756361
2025-08-06,2515.8232421875,2543.1087511382634,2506.893439258159,2518.898917854651,885487
2025-08-07,2497.8642578125,2524.1575657894737,2475.539751039598,2515.922254843745,847151
2025-08-08,2479.11181640625,2510.16749263262,2467.2054125664436,2496.3760050794067,839794
2025-08-11,2498.757080078125,2504.8095986608714,2459.168385930271,2470.678006035155,992436
2025-08-12,2464.42724609375,2516.815472347512,2460.7561532932295,2498.3604491802103,1406211
2025-08-13,2475.63916015625,2481.9891454246754,2454.108219033236,2465.6178398482184,969803
2025-08-14,2461.252197265625,2489.430589305409,2453.909769595819,2479.4092692334916,1104362
2025-08-18,2548.06982421875,2576.744317534717,2501.6347992367637,2519.1966970429903,3089136
2025-08-19,2584.4833984375,2594.603793083701,2538.445159023351,2552.13757165593,1400717
2025-08-20,2648.9765625,2659.096957697686,2568.3106250001715,2578.7287287523454,3156954
2025-08-21,2627.346435546875,2646.2975584682295,2606.807937462502,2646.2975584682295,2235686
2025-08-22,2609.387451171875,2637.76447641911,2598.5725648830726,2626.3541730605166,1223445
2025-08-25,2611.074462890625,2622.385449660888,2594.8022322765755,2622.385449660888,667598
2025-08-26,2671.5986328125,2683.901819675416,2604.1290122069813,2604.1290122069813,4348648
2025-08-28,2633.696533203125,2726.5665836002318,2626.1559558246827,2726.5665836002318,3198743
2025-08-29,2639.054443359375,2701.7614547505946,2620.797812241766,2644.0154449288766,1972773
2025-09-01,2628.834716796875,2652.4491325813005,2618.714322099665,2639.054428419475,1096729
2025-09-02,2656.120361328125,2671.400149963799,2624.469266767194,2628.338751273143,1525106
2025-09-03,2643.916015625,2665.9428132100716,2637.5660307805015,2660.0889285014373,1010692
2025-09-04,2645.801513671875,2728.5509248247226,2634.787993044382,2728.5509248247226,2494678
2025-09-05,2612.860107421875,2652.0520182863465,2603.335130123233,2646.793550617698,944879
2025-09-08,2603.434326171875,2623.9730666119685,2598.3742498750744,2609.486845026385,903410
2025-09-09,2621.393310546875,2625.560503547093,2590.9328084136164,2616.4323088236597,1610956
2025-09-10,2622.881591796875,2632.2081780734443,2598.5726835316877,2621.393291290843,1031486
2025-09-11,2601.54931640625,2636.9708204363524,2593.6117136101975,2623.1793324727764,1212707
2025-09-12,2560.372802734375,2608.395199020342,2548.9624996026387,2604.5257148528326,1368380
2025-09-15,2560.868896484375,2573.1720829359647,2548.3670761897,2560.37279634945,752745
2025-09-16,2560.769775390625,2569.7988954313,2552.534706310226,2568.01288636171,1040928
2025-09-17,2549.656982421875,2570.8902135171456,2546.4819900088273,2566.8220955202946,970247
2025-09-18,2566.623779296875,2589.5434608386845,2550.847649216938,2550.847649216938,1550153
2025-09-19,2539.635986328125,2584.384074543658,2534.8733764379313,2579.7207815780857,2214708
2025-09-22,2552.1376953125,2567.0207005828506,2540.231291096219,2548.962702635441,1174161
2025-09-23,2502.527587890625,2555.2135215505277,2498.558786627699,2548.8632941880032,1430474
2025-09-24,2529.61474609375,2555.9080548882134,2490.4228329850216,2502.5276285865116,1882881
2025-09-25,2518.502197265625,2547.474399043097,2512.0528949895665,2526.142091514596,1624258
2025-09-26,2492.208740234375,2525.54652468155,2479.905311279923,2515.2277385461766,885612
2025-09-29,2478.4169921875,2497.7648977229896,2423.945293497526,2475.5397082588324,2403556
2025-09-30,2494.788330078125,2506.5956589551924,2472.1663570938695,2478.4170251763394,1678088
2025-10-01,2516.41845703125,2530.110870187784,2478.4171355140884,2495.780641485965,1483899
2025-10-03,2525.050537109375,2528.721872140129,2488.7361501691885,2516.4184426371576,1242611
2025-10-06,2521.974853515625,2529.714064556161,2500.5432294397424,2515.4262344267695,818923
2025-10-07,2497.566650390625,2539.4374563414676,2488.736164248618,2520.188866616989,1291750
2025-10-08,2480.60009765625,2505.305788537764,2466.7092932841597,2491.414984165673,1225128
2025-10-09,2497.963623046875,2503.3214078814285,2478.814108419605,2481.493000836882,1259173
2025-10-10,2509.17529296875,2515.12849489021,2486.9501026898624,2490.422803810714,1018875
2025-10-13,2473.35693359375,2511.854353327809,2466.0145060992772,2499.5509243788547,1114750
2025-10-14,2482.782958984375,2489.6290444351353,2462.9389521863327,2473.555447376003,1461017
2025-10-15,2499.3525390625,2512.0527512652384,2483.0805511453786,2483.0805511453786,881070
2025-10-16,2541.52099609375,2548.466397996017,2487.545398204978,2498.1618926654496,1446646
2025-10-17,2583.391845703125,2594.603757423401,2540.0327414928897,2545.4898430859407,2050690
2025-10-20,2574.164306640625,2604.228023538072,2565.4331379755677,2588.6505276068815,1011485
2025-10-21,2571.485595703125,2586.3686009360827,2564.9372187424715,2573.7677049527942,82020
2025-10-23,2581.308349609375,2646.396542743126,2575.8512480603545,2580.7129325458322,3386744
2025-10-24,2496.772705078125,2563.845541367595,2455.1996099512826,2563.845541367595,3110800
2025-10-27,2492.208740234375,2505.3057356327795,2486.453930097325,2496.7727162326983,2127832
2025-10-28,2477.62353515625,2506.298027731777,2462.541896386315,2499.3526254379835,2294976
2025-10-29,2468.693603515625,2493.994710552656,2464.6254854896224,2493.002510276694,1870143
2025-10-30,2450.337890625,2477.5240812054235,2435.752352825584,2471.5708795685664,1195631
2025-10-31,2446.269775390625,2460.160579225737,2433.7679550444664,2449.742476349403,1401937
2025-11-03,2440.812744140625,2455.5964317532575,2421.2664466287306,2436.943259855451,1049185
2025-11-04,2426.624267578125,2444.0870900572017,2422.2586830765586,2440.812780562824,1251588
2025-11-06,2417.0,2444.682292267998,2413.6266157779787,2444.682292267998,1329256
2025-11-07,2414.0,2425.0,2400.60009765625,2417.0,817896
2025-11-10,2408.800048828125,2429.300048828125,2404.0,2405.0,780558
2025-11-11,2427.5,2433.699951171875,2403.10009765625,2422.199951171875,1422399
2025-11-12,2424.5,2434.800048828125,2416.199951171875,2430.60009765625,1680827
2025-11-13,2407.60009765625,2431.0,2405.0,2429.0,1256059
2025-11-14,2427.699951171875,2430.199951171875,2392.0,2405.10009765625,975973
2025-11-17,2425.0,2438.39990234375,2416.0,2431.39990234375,920038
2025-11-18,2404.0,2422.89990234375,2401.89990234375,2415.800048828125,1229034
2025-11-19,2441.60009765625,2450.699951171875,2411.0,2412.0,1465143
2025-11-20,2428.39990234375,2459.0,2425.0,2445.10009765625,1396929
2025-11-21,2433.699951171875,2443.199951171875,2413.0,2436.199951171875,1840712
2025-11-24,2424.199951171875,2444.89990234375,2413.0,2441.89990234375,4092327
2025-11-25,2414.10009765625,2424.199951171875,2406.0,2422.0,1240672
2025-11-26,2425.199951171875,2427.699951171875,2409.0,2412.0,1242683
2025-11-27,2451.699951171875,2459.699951171875,2425.0,2426.10009765625,1872248
2025-11-28,2466.60009765625,2470.0,2447.199951171875,2450.0,973225
2025-12-01,2464.5,2488.0,2458.800048828125,2466.60009765625,1924828
2025-12-02,2477.800048828125,2484.39990234375,2460.0,2471.0,2179406
2025-12-03,2448.0,2484.89990234375,2403.10009765625,2478.199951171875,3535932
2025-12-04,2462.199951171875,2483.0,2423.199951171875,2440.0,2587753
2025-12-05,2338.60009765625,2422.0,2286.699951171875,2422.0,4008271
2025-12-08,2314.0,2355.10009765625,2302.0,2350.10009765625,1898154
2025-12-09,2306.5,2330.39990234375,2298.10009765625,2318.0,1471488
2025-12-10,2301.699951171875,2316.89990234375,2295.0,2306.5,2857290
2025-12-11,2305.60009765625,2313.0,2292.0,2296.300048828125,1108032
2025-12-12,2260.60009765625,2309.0,2244.699951171875,2306.89990234375,3203114
2025-12-15,2293.5,2299.0,2252.0,2260.60009765625,1274115
2025-12-16,2281.10009765625,2302.699951171875,2276.0,2293.39990234375,1256042
2025-12-17,2275.60009765625,2286.199951171875,2268.300048828125,2281.199951171875,808100
2025-12-18,2265.5,2278.300048828125,2255.300048828125,2270.0,1057295
2025-12-19,2280.0,2284.800048828125,2263.699951171875,2263.699951171875,1237214
2025-12-22,2289.5,2295.0,2280.0,2280.0,790773
2025-12-23,2302.60009765625,2310.0,2280.699951171875,2289.300048828125,1128801
2025-12-24,2282.199951171875,2305.0,2278.10009765625,2302.60009765625,519380
2025-12-26,2285.39990234375,2290.0,2275.0,2282.300048828125,533626
2025-12-29,2293.300048828125,2298.699951171875,2280.0,2288.89990234375,1086695
2025-12-30,2290.199951171875,2298.0,2283.0,2293.300048828125,1556717
2025-12-31,2315.89990234375,2325.5,2286.800048828125,2290.0,1324220
2026-01-01,2323.0,2326.0,2300.0,2322.0,758866
2026-01-02,2348.0,2357.699951171875,2322.0,2326.0,973413
2026-01-05,2384.10009765625,2394.0,2336.39990234375,2341.5,1344113
2026-01-06,2424.699951171875,2428.10009765625,2367.800048828125,2398.800048828125,1584720
2026-01-07,2399.39990234375,2421.89990234375,2382.0,2416.0,892690
2026-01-08,2386.699951171875,2418.10009765625,2368.10009765625,2389.0,1163828
2026-01-09,2372.60009765625,2386.0,2361.0,2382.0,1189464
2026-01-12,2406.199951171875,2413.89990234375,2361.0,2362.0,1057665
2026-01-13,2389.5,2422.199951171875,2365.0,2415.10009765625,1519683
2026-01-14,2353.5,2398.89990234375,2341.0,2398.89990234375,1027639
2026-01-15,2353.5,2353.5,2353.5,2353.5,0
2026-01-16,2360.39990234375,2372.89990234375,2348.89990234375,2370.0,1367606
2026-01-19,2413.89990234375,2425.39990234375,2353.0,2353.0,1505238
2026-01-20,2379.10009765625,2439.0,2368.5,2423.0,1460806
2026-01-21,2368.0,2400.5,2360.0,2379.10009765625,1020245
2026-01-22,2390.60009765625,2402.0,2365.699951171875,2368.89990234375,1745964
2026-01-23,2409.5,2434.300048828125,2376.800048828125,2400.0,1378097
2026-01-27,2400.89990234375,2421.60009765625,2380.5,2412.0,2060117
2026-01-28,2378.39990234375,2420.199951171875,2340.60009765625,2403.10009765625,1797593
2026-01-29,2352.60009765625,2374.699951171875,2312.0,2370.5,1478536
2026-01-30,2373.0,2385.0,2340.0,2341.0,2090462
2026-02-02,2357.300048828125,2360.0,2303.0,2356.10009765625,1375089
2026-02-03,2368.60009765625,2399.89990234375,2343.300048828125,2390.0,1553270
2026-02-04,2371.0,2393.5,2356.800048828125,2360.60009765625,1232755
2026-02-05,2354.39990234375,2423.0,2351.60009765625,2362.5,1962066
2026-02-06,2424.199951171875,2429.0,2337.5,2354.39990234375,1421995
2026-02-09,2435.0,2439.0,2402.0,2425.0,958484
2026-02-10,2453.60009765625,2458.10009765625,2430.10009765625,2435.0,792532
2026-02-11,2462.89990234375,2470.60009765625,2447.0,2460.0,1137856
2026-02-12,2409.699951171875,2479.60009765625,2350.10009765625,2475.0,4656164
2026-02-13,2305.199951171875,2400.0,2300.300048828125,2400.0,2791519
2026-02-16,2319.0,2327.0,2288.10009765625,2308.10009765625,2036833
2026-02-17,2312.300048828125,2326.0,2303.39990234375,2309.300048828125,1233244
2026-02-18,2323.5,2328.89990234375,2306.0,2312.60009765625,830787
2026-02-19,2279.300048828125,2337.39990234375,2275.60009765625,2336.0,940180
2026-02-20,2314.5,2331.199951171875,2278.300048828125,2285.0,1716316
2026-02-23,2345.39990234375,2350.0,2320.800048828125,2325.0,1300035
2026-02-24,2358.60009765625,2372.0,2330.300048828125,2331.10009765625,1544803
2026-02-25,2374.89990234375,2380.0,2349.0,2368.89990234375,1158620
2026-02-26,2383.300048828125,2387.300048828125,2355.199951171875,2378.0,1470677
2026-02-27,2338.10009765625,2378.89990234375,2330.60009765625,2369.300048828125,3053227
2026-03-02,2320.60009765625,2354.0,2290.199951171875,2303.0,2273224
2026-03-04,2261.300048828125,2311.60009765625,2252.10009765625,2292.89990234375,2648737
2026-03-05,2255.0,2277.800048828125,2228.39990234375,2275.5,1751288
2026-03-06,2225.699951171875,2250.0,2219.5,2245.10009765625,1674258
2026-03-09,2194.60009765625,2200.0,2170.39990234375,2199.0,1512817
