Price,Close,High,Low,Open,Volume
Ticker,ICICIBANK.NS,ICICIBANK.NS,ICICIBANK.NS,ICICIBANK.NS,ICICIBANK.NS
Date,,,,,
2014-01-01,177.51211547851562,178.86242309357826,176.59035437347183,178.02959587332887,3102869
2014-01-02,173.93824768066406,180.7948693235523,173.04882745239195,177.26145420892803,11321513
2014-01-03,172.5151824951172,173.84122423063366,168.98984242818824,172.70924102436916,15567502
2014-01-06,168.31065368652344,172.8709547334848,167.3808039859614,172.38581516921434,14802265
2014-01-07,169.7984161376953,171.28617568426938,165.56962547000208,168.99794330714695,18566515
2014-01-08,170.49378967285156,172.03815595496488,168.71494897397065,170.44528521226655,18955475
2014-01-09,169.93588256835938,172.3211512066477,168.54515896040314,172.19178788101348,19238686
2014-01-10,165.67474365234375,170.54230321584842,164.7287302666295,169.3698904484384,21835286
2014-01-13,170.59078979492188,171.59340962694628,166.5803104668243,166.5803104668243,17981914
2014-01-14,167.6072235107422,171.5772743867226,167.0493136233099,170.12185551888038,16934159
2014-01-15,171.14871215820312,172.83860516203418,168.65024420717367,168.98984324213137,18898968
2014-01-16,171.23765563964844,172.46667497110943,169.64478502585806,172.46667497110943,8986741
2014-01-17,167.29995727539062,171.72279280093233,166.733958859987,170.34823297579564,9672228
2014-01-20,168.828125,169.47498224140077,166.2407231773482,167.29186110532106,10617040
2014-01-21,174.33445739746094,174.6497906415524,169.60435016428124,170.2835482505219,14897789
2014-01-22,175.93539428710938,176.4286088042601,172.9032690819115,174.68210935465328,12788578
2014-01-23,174.56085205078125,176.42862638034606,173.3722622176602,176.42862638034606,10274170
2014-01-24,171.1244354248047,173.67949626598605,170.21885162759375,172.0785508158056,10283619
2014-01-27,163.2975616455078,168.0599960908794,162.88519235202472,167.98722583741036,27904404
2014-01-28,164.7286834716797,166.38623536164692,158.27634364071648,163.4430713786293,26612800
2014-01-29,161.9391632080078,167.90636462297508,161.0012385257034,166.85524026225795,26522925
2014-01-30,157.59716796875,160.46757568927512,155.81025254278262,159.58624408938812,27447838
2014-01-31,159.7237091064453,160.64547020666447,157.09587771796294,159.20622871434065,14484481
2014-02-03,155.81028747558594,158.80197056929114,154.50040910943864,158.64025283447745,19562653
2014-02-04,156.64306640625,157.3465166819009,152.59215747896016,153.602865953842,16988900
2014-02-05,156.25497436523438,158.2602006918082,154.47613383355863,157.66187501950603,16441700
2014-02-06,154.92892456054688,157.5729332250318,152.98837981994546,156.8613942725047,22979121
2014-02-07,155.31703186035156,157.18480622507917,153.70798411134905,156.86138438394696,15640619
2014-02-10,155.3332061767578,156.50563248518648,154.6378444204583,155.75366409919502,8923442
2014-02-11,156.67539978027344,157.4273680441119,155.5676688816483,156.0366311859534,11240361
2014-02-12,161.58340454101562,161.9957738388967,158.03381213942956,158.03381213942956,21465790
2014-02-13,159.06069946289062,163.16820206244424,158.47853737342814,161.79364212895322,24636953
2014-02-14,159.844970703125,160.30584439055045,156.8937043837038,159.4487650895705,15133266
2014-02-17,163.19244384765625,163.9525008126778,159.93393236094676,160.25736778681622,14271416
2014-02-18,167.82550048828125,168.79577953799773,162.40813400840221,163.6533168602707,19122130
2014-02-19,166.70968627929688,168.6259922138978,166.1679536853955,167.51826122761585,11779856
2014-02-20,162.9822540283203,164.94706491597586,162.6830843428948,164.60746579429184,10389857
2014-02-21,165.80410766601562,167.02503836938192,163.49969816910922,163.49969816910922,8404451
2014-02-24,167.5667724609375,168.58556960844044,164.65594867224206,164.96320689360462,10661106
2014-02-25,166.7420654296875,169.4750081748473,165.76369760415605,168.79581000316543,15457821
2014-02-26,167.6072235107422,168.15704479731068,166.25692931117337,166.74206893378744,10073030
2014-02-28,168.80386352539062,169.61242485423878,166.72585358165438,168.9898334453142,15521473
2014-03-03,166.53179931640625,169.96011680977918,165.1734167921034,167.728477713694,18154565
2014-03-04,172.88714599609375,173.35610839872805,166.88760296809374,166.88760296809374,15723317
2014-03-05,177.7870330810547,178.2883362765879,172.33731172936461,173.84123488744063,21977021
2014-03-06,183.3742218017578,184.4900415430625,178.42580322851637,178.64411401640498,23331583
2014-03-07,194.36256408691406,198.90670109173274,184.22317933145578,185.16919257416967,45170196
2014-03-10,193.02037048339844,196.3920815311342,191.18492336626028,191.46791578203457,42221157
2014-03-11,193.7561492919922,199.28671537597904,192.50286428544533,193.85317176713272,44639886
2014-03-12,195.9392852783203,197.77471884711628,192.11477545996107,193.08505457123934,21739498
2014-03-13,197.28956604003906,200.7663879790269,196.31928699393197,196.31928699393197,17975842
2014-03-14,196.48101806640625,197.21680921453753,192.11477563319298,193.45699461928902,24014875
2014-03-18,194.78302001953125,199.06840323763964,193.85317041289878,196.48100153721666,19604816
2014-03-19,195.6643524169922,197.87173925634403,194.54044428528476,195.83415871235195,18888683
2014-03-20,194.17660522460938,197.25723524548974,193.5944431959315,195.42987673478027,16807334
2014-03-21,193.98257446289062,196.31931134827457,192.64844400185694,195.6724676182759,19290540
2014-03-24,200.8795928955078,201.96307164431718,194.70216937891988,194.70216937891988,20422748
2014-03-25,202.5532989501953,203.58825955489777,199.55352820196023,200.20038536563624,16143154
2014-03-26,203.1920928955078,205.16499188395358,202.39969514603658,204.29173528248876,13291063
2014-03-27,203.59637451171875,206.34549406317353,201.51027583527147,203.7742558440298,35664090
2014-03-28,203.62872314453125,205.5369405618195,201.8175417823876,205.2135051399724,11252411
2014-03-31,201.3404541015625,205.86032486850897,200.60466307970708,205.86032486850897,13578647
2014-04-01,197.9283447265625,203.47508834117286,197.06317671168676,202.512897845343,23417124
2014-04-02,201.0170440673828,202.51287842220796,198.93094556940258,198.93094556940258,21486437
2014-04-03,199.5131378173828,201.44560751655615,198.1062371218767,201.3243192299845,27446622
2014-04-04,198.9794921875,201.31624258500693,196.52145350439523,198.9067219304366,13921022
2014-04-07,195.53500366210938,199.82038721681104,194.44343627416075,199.27865460842938,21844784
2014-04-09,203.72572326660156,204.32404883423854,195.99584604864947,197.85554511035232,25150895
2014-04-10,201.71243286132812,205.35097282430507,200.0387033926406,202.30268351246013,21686857
2014-04-11,199.88507080078125,200.814920489423,198.37305907106852,199.7152780626276,16585882
2014-04-15,197.20062255859375,200.74212597577358,196.54567677005915,200.28125227277835,12426375
2014-04-16,197.70196533203125,200.03871585381637,196.09293099105957,196.09293099105957,10880776
2014-04-17,204.218994140625,205.9008123588111,198.47819125993442,198.92290143781523,15660562
2014-04-21,207.31578063964844,208.91673983124778,203.32955307455921,205.2135046881755,17192499
2014-04-22,208.5933074951172,210.00020816913818,205.3752254361534,206.91957802330396,10952617
2014-04-23,210.15383911132812,211.03517079737907,207.2187494530197,208.47203459640969,28399723
2014-04-24,210.15383911132812,210.15383911132812,210.15383911132812,210.15383911132812,0
2014-04-25,205.4561004638672,213.21830701029123,203.16786793136197,210.94625167894577,26271410
2014-04-28,206.26466369628906,207.63922366184536,202.32695375714528,206.1838048327603,19357426
2014-04-29,204.2108917236328,206.91149325983775,202.23799271855393,206.3454948625865,12507649
2014-04-30,201.0736846923828,206.82257624885895,199.71530191052145,205.13268297941602,19888929
2014-05-02,202.52906799316406,204.437271719156,201.66390000841068,202.1409509399087,9145994
2014-05-05,202.53717041015625,206.50722080589907,200.20042004629695,201.5345504542329,14052241
2014-05-06,206.2808074951172,206.99233280740884,204.43727184820355,204.43727184820355,7045379
2014-05-07,205.48031616210938,206.50720182329513,203.22442486151758,206.34548412635877,28329075
2014-05-08,208.44778442382812,209.7091446903202,204.76881471798004,206.16764048058042,16439945
2014-05-09,222.93724060058594,224.92631697838388,207.31579204491817,207.82518386116286,34424511
2014-05-12,226.18765258789062,228.71035916539316,219.95362246699395,223.49512613764938,28438118
2014-05-13,226.52725219726562,230.92583553395266,225.34675089997498,229.30871270009857,22394201
2014-05-14,227.91799926757812,228.59719740200438,222.71084071326385,224.2956363602585,20961468
2014-05-15,225.60548400878906,227.99884092775864,223.9964498253773,227.91798207431086,22401164
2014-05-16,236.95770263671875,257.64076567741296,229.26017937396253,234.4834870981403,64509505
2014-05-19,237.4590301513672,241.52610294118972,233.71539277798183,239.49662441760753,42620820
2014-05-20,234.4673614501953,240.1434684445595,232.9472475623498,239.3268184455664,22394427
2014-05-21,232.955322265625,235.60740566848088,229.8099971671383,235.29205887011864,19602885
2014-05-22,234.72610473632812,240.1434854962081,233.20601788349924,233.20601788349924,17050280
2014-05-23,236.2300262451172,237.67734274461802,233.67495157867535,236.1249015910801,18774596
2014-05-26,235.21929931640625,242.26189099003494,233.67494679425684,235.77722268833764,22024612
2014-05-27,234.0145721435547,235.38911843476743,230.85306953074502,233.67495951355815,10500330
2014-05-28,235.4861602783203,237.5237275365506,233.0766259807818,234.4916153069768,13082932
2014-05-29,232.37319946289062,237.63695130330996,230.73181068621778,235.77725173931768,24559144
2014-05-30,229.31678771972656,234.22477612989354,227.16600742090333,232.94723885248325,17143027
2014-06-02,236.7798614501953,237.7178134170947,228.0311983506734,228.21718188109344,15135730
2014-06-03,235.83383178710938,238.9629800423078,232.8744898492188,236.45643685526923,19736579
2014-06-04,241.4284210205078,244.24624760528047,237.25508573715575,239.86753973732718,12880208
2014-06-05,244.22422790527344,245.5345278295955,239.91776802870146,241.52851603590813,21069081
2014-06-06,248.08839416503906,250.93433073695763,243.6985003713777,245.80163744012856,21390919
2014-06-09,249.0731658935547,252.32805779623794,247.6209906797295,248.06331395401173,21202940
2014-06-10,247.2454376220703,249.12326639273763,246.03529624528812,249.12326639273763,10364431
2014-06-11,245.3509521484375,250.72567906353115,243.69848739668316,246.7029687635092,12749231
2014-06-12,243.59829711914062,246.03527747491617,241.72046849173546,245.36761814839076,11788678
2014-06-13,238.41554260253906,246.86986193629582,237.2888342044705,244.0823681013587,16782672
2014-06-16,236.01194763183594,238.5240402357213,233.85036850106954,237.6226958621954,13089175
2014-06-17,241.94580078125,242.33805868417014,234.8518470047553,236.0202718202174,15687243
2014-06-18,237.27215576171875,243.32286204372528,235.72817084158456,241.33655388063923,13210807
2014-06-19,235.64474487304688,239.6173617883797,233.22444799309096,239.09157755151793,16235054
2014-06-20,233.15768432617188,237.8563888940387,232.43159666464922,236.18722636444568,16995341
2014-06-23,236.05364990234375,236.9383244507904,233.25780713029022,233.6834466171723,11711777
2014-06-24,240.2432861328125,241.34491987161826,236.47095892778268,238.02329285112515,12547546
2014-06-25,237.10528564453125,239.35864681694468,236.57115247591182,239.35864681694468,6914721
2014-06-26,234.12576293945312,238.8745602872588,233.68343968655915,238.02328133874198,14728395
2014-06-27,231.12127685546875,235.38599263927426,229.76089746250088,234.51802987869965,14970114
2014-06-30,236.71299743652344,238.80778536826617,232.34812281566317,232.34812281566317,13310649
2014-07-01,240.03460693359375,242.2879956696139,237.11358689149307,237.11358689149307,15801005
2014-07-02,242.36312866210938,243.86536927181155,241.77893020643035,242.8638661932024,13500459
2014-07-03,242.705322265625,244.5330576871844,242.0292859720196,242.47995815680767,13249676
2014-07-04,244.17416381835938,244.8668698739214,239.525538852975,242.8972593130267,7890861
2014-07-07,242.254638671875,245.18403609024193,240.73570016351442,245.18403609024193,10595145
2014-07-08,235.55291748046875,244.6749245051298,233.4497666816826,244.6749245051298,11441408
2014-07-09,234.1925506591797,237.75621154002357,232.86555282412462,235.536218265413,15815585
2014-07-10,231.84738159179688,243.16434992356113,228.95137987244016,234.55142878189722,21087066
2014-07-11,226.4392547607422,234.58479124506567,225.50452887367507,231.34661119452994,12540753
2014-07-14,224.37783813476562,229.49383294500683,222.55010278272266,229.49383294500683,17222782
2014-07-15,232.78207397460938,233.9838803347364,226.24728603643044,226.83984732744176,20701505
2014-07-16,243.84033203125,245.08384087836814,235.75319598793394,235.7949404552586,34666637
2014-07-17,242.12942504882812,243.5982979855451,240.5604214234498,243.5982979855451,13358004
2014-07-18,247.11192321777344,248.27199930229781,239.52555177343393,239.52555177343393,22105369
2014-07-21,247.47079467773438,249.81599361623188,246.3775097088307,248.37213911613142,10873830
2014-07-22,247.5792999267578,248.68928267459754,244.8251732692542,248.29702470613532,9693398
2014-07-23,251.3766326904297,252.44489892385494,248.9062565194749,249.81597781151663,22595353
2014-07-24,251.44337463378906,251.84398144166227,248.71429503696905,251.19301989323694,18655884
2014-07-25,246.3107147216797,251.2681650886495,245.2758440158501,250.59212875393547,11547481
2014-07-28,242.19618225097656,247.7711977461178,240.79410049625224,247.7044346165043,7511350
2014-07-30,248.4472198486328,249.87437637936702,241.19469276497412,242.84718537691555,16305135
2014-07-31,245.57627868652344,251.20970904634237,244.73334855445458,249.4988301160719,21827960
2014-08-01,246.3107147216797,251.126261896137,243.4063640099322,244.08240034464623,25283104
2014-08-04,248.9396514892578,250.54205083548723,247.13696273090855,249.05650799197872,11518006
2014-08-05,248.130126953125,250.17484967731187,244.71666180001426,248.7226743356189,10886089
2014-08-06,241.5452423095703,247.99655597585533,240.77742422577177,247.02009959131797,11961031
2014-08-07,241.16970825195312,245.00045019136383,240.52706747579097,242.6969956907753,10130070
2014-08-08,239.8843994140625,240.585454358382,235.65307909912926,238.69095584142445,14898592
2014-08-11,240.5103759765625,242.51338237871755,239.37534648638837,241.35330620317785,7812183
2014-08-12,244.249267578125,244.85016379558306,240.37680972316093,242.95566532855906,7573830
2014-08-13,242.39649963378906,244.53303184690472,241.0277574193678,242.89723711405415,9495711
2014-08-14,246.97840881347656,248.63922253088964,243.39802167058653,243.39802167058653,13636485
2014-08-18,255.49942016601562,256.5510164076108,247.3455499500138,248.12171678835546,21247732
2014-08-19,257.5359191894531,260.2649994810884,254.77344331515042,257.0518513393466,18915512
2014-08-20,257.5108642578125,258.8128156608731,255.7164961247441,257.88642446865424,9462876
2014-08-21,257.8780517578125,261.0244363593377,255.80828233341578,257.0518193702645,15249839
2014-08-22,256.9766540527344,259.68071477683026,256.49258636319854,257.9030449673189,13225470
2014-08-25,252.76202392578125,259.05479231908294,251.74382312564876,257.4690908886369,6260974
2014-08-26,251.7188262939453,253.28783007336867,247.38731908323282,247.87138685283227,9349499
2014-08-27,257.1018981933594,258.5540736227378,254.09741662666363,255.88340777654912,12302625
2014-08-28,259.8559875488281,261.05780801884436,257.55253333515833,257.55253333515833,22862356
2014-09-01,266.7829895019531,267.5341096208128,260.05624796751766,260.05624796751766,14692249
2014-09-02,265.5812072753906,270.2131335264088,265.0637440483929,267.0500520000813,12260539
2014-09-03,263.8619384765625,267.2920723189466,262.6434485181937,266.89981448055977,9697814
2014-09-04,262.3347473144531,264.57143869046155,257.4357390174457,264.17918070893097,15945864
2014-09-05,258.2284851074219,263.82019696741156,256.5426254599347,262.33462665784253,12019744
2014-09-08,261.69207763671875,262.38478369502997,258.5373723757294,260.8074310645353,8527112
2014-09-09,258.0115966796875,260.85753334589765,256.9683770057032,260.85753334589765,8552346
2014-09-10,262.0760498046875,263.36133153513435,258.2369864547573,261.0578767153184,14187943
2014-09-11,261.36663818359375,264.5630882491034,260.6572342629966,263.2277413407103,9666635
2014-09-12,261.12457275390625,262.7269720406608,259.9060825051165,262.7269720406608,6356713
2014-09-15,259.2801208496094,260.63213727045286,256.8180938482649,259.81425390658194,7465540
2014-09-16,254.67327880859375,259.9144800513904,253.98892152728675,258.88793012121596,7520914
2014-09-17,255.3408966064453,257.6693975716397,254.54805984624176,255.74985233593011,10495633
2014-09-18,261.2247009277344,261.5585446154124,254.13074669595377,254.54805130555133,6706084
2014-09-19,262.4265441894531,263.14426895731566,259.8059438562373,262.04263512184366,10378769
2014-09-22,263.5364990234375,266.0903359462722,259.78086967405557,260.39011478100485,10506210
2014-09-23,256.8014221191406,265.69809338682956,255.96684088396282,263.5615609421466,21190009
2014-09-24,253.1125030517578,258.72091356092744,250.06627797439353,256.8848296220868,17279366
2014-09-25,244.5830841064453,253.65499663364673,242.44655200761983,252.21117049002004,30332934
2014-09-26,246.69459533691406,247.42069693930756,239.52552920914977,244.6999381742792,18873354
2014-09-29,243.4480743408203,247.03678176220265,242.52168336242624,246.9199252700088,7073148
2014-09-30,239.28350830078125,245.0170973380602,238.27365632425185,242.863867111728,13333391
2014-10-01,238.4990234375,240.86089199762867,236.85487961757485,240.86089199762867,10776667
2014-10-07,238.63255310058594,243.11425640085338,236.18722357978515,236.18722357978515,18449612
2014-10-08,241.78729248046875,242.8054653871999,238.19023569580867,238.29036639771437,10532802
2014-10-09,248.4388885498047,249.50715467140242,242.86384496026955,242.86384496026955,12238358
2014-10-10,243.52317810058594,247.45404993882323,242.5967871536332,245.53453293224484,9018405
2014-10-13,246.68626403808594,247.25379273387543,239.82599442149962,241.52855249244433,9459494
2014-10-14,246.71128845214844,248.246924531814,242.2462833866084,247.85466661837538,11288403
2014-10-15,246.71128845214844,246.71128845214844,246.71128845214844,246.71128845214844,0
2014-10-16,243.79026794433594,249.39033093301867,242.3047250576165,245.70146436677368,15670605
2014-10-17,251.2431182861328,252.26966811325946,245.36765372468898,245.65975297136956,14839423
2014-10-20,256.5343322753906,258.5289892622341,254.6815504357657,258.5289892622341,13952152
2014-10-21,264.07904052734375,264.7967933974541,257.05184797913483,257.05184797913483,15513168
2014-10-22,262.2262268066406,266.0486196944004,260.7824003596355,265.73150178320117,8615480
2014-10-27,262.5684509277344,265.0638461589577,261.6754552996257,264.1207851738988,11126714
2014-10-28,267.275390625,268.38540108800026,263.72842811497407,263.72842811497407,10254244
2014-10-29,268.04327392578125,269.2283966931997,266.349064711074,269.2283966931997,10474618
2014-10-30,269.4119873046875,271.37327708553937,264.39615083521414,267.08351426738466,26322631
2014-10-31,271.5151062011719,272.6084189563323,266.98331026249394,268.9529205872501,21065660
2014-11-03,274.6948547363281,275.4126073800118,269.1281883546797,271.40659563033194,13022333
2014-11-05,278.9762878417969,280.4201421253661,274.78668419736914,276.3306691703492,16438026
2014-11-07,281.2046203613281,282.38139406141914,277.3488605233397,280.16974982984317,9347464
2014-11-10,278.2502746582031,280.6622088837845,277.6577272209741,280.5370314866432,8030726
2014-11-11,281.3465270996094,282.2562483839347,276.6227900152895,277.24873294696386,11662277
2014-11-12,285.0854797363281,286.25387662857014,282.62345254237925,282.62345254237925,10523271
2014-11-13,282.506591796875,286.4291430635883,281.5050887497052,285.12719190390976,15610947
2014-11-14,282.4731750488281,283.5915063821538,281.2880525764227,281.42157882174746,10524866
2014-11-17,279.3936767578125,281.58862394009117,277.4157168233065,281.58862394009117,13396053
2014-11-18,280.6204528808594,281.6720213146648,279.01805354768146,279.75247606922926,11248880
2014-11-19,280.9041748046875,284.42611902707705,279.0847884567281,281.01268240132515,14558984
2014-11-20,281.7470703125,282.7318753891529,279.5020587793331,281.3381426888527,8960451
2014-11-21,288.8828125,290.23482896497893,279.91937871237855,282.25622842318074,17794084
2014-11-24,295.99346923828125,296.9449069256234,290.4351512176616,290.4351512176616,13578185
2014-11-25,289.9761047363281,295.1004479325885,287.639255191482,294.95022389159266,17101408
2014-11-26,285.494384765625,289.4503313529411,284.7599623193257,287.01332301803063,15505330
2014-11-27,287.6309509277344,289.5671939915487,284.5930740644924,286.1620778454071,15438511
2014-11-28,292.8387145996094,296.6110414808999,287.9313585016135,287.9313585016135,16467154
2014-12-01,293.4647216796875,296.4108169684622,292.2712779664308,294.7750219056442,17857713
2014-12-02,295.52606201171875,296.31057775849166,289.6088543730798,292.7218706821621,14228054
2014-12-03,299.4653625488281,300.14137082477407,293.79853665637364,294.6247689936409,12067709
2014-12-04,302.2862548828125,305.49940245841043,299.0731073072145,302.5366096429927,13537613
2014-12-05,300.2831726074219,304.58128310935206,299.1147479624547,303.621496717138,8548679
2014-12-08,295.2757263183594,302.1193259365069,294.27422325188843,301.2012837936105,6475662
2014-12-09,292.4380798339844,298.73919618299914,291.43660498643834,296.27716947644035,8119718
2014-12-10,293.8152160644531,296.1103215301477,288.4321683462758,288.4321683462758,11679797
2014-12-11,290.3934326171875,294.7332608036117,287.30549033795796,293.52311936874986,8902775
2014-12-12,289.0163269042969,292.8971334239851,287.5975473652911,290.01782987976804,7508487
2014-12-15,288.1400146484375,291.269700781367,285.55278241721487,286.0952643353407,7925545
2014-12-16,275.996826171875,285.8449344490085,274.78668487108723,285.3024524837552,16369716
2014-12-17,277.3739013671875,282.381416642409,266.39914024764505,274.9953351135101,25141233
2014-12-18,288.55731201171875,289.6005594755838,283.2159813732174,285.38590920229274,10631579
2014-12-19,297.1117858886719,298.3636716217271,289.39188923981226,291.2697178393951,25004771
2014-12-22,299.7825012207031,300.99267070569215,292.98064550279327,296.6945588554756,9977669
2014-12-23,294.6080627441406,302.03586070494276,293.14753862705317,298.6140749528859,8114147
2014-12-24,294.6915283203125,297.86295937172304,292.8554440317124,294.0655854007583,13035476
2014-12-26,292.8971862792969,297.69606374087607,290.51864780180193,295.567880040112,3566406
2014-12-29,291.3949279785156,296.0268832986269,290.76898504158993,292.10433184145967,4125797
2014-12-30,292.31298828125,293.77351255253564,289.8092443946569,293.77351255253564,6246150
2014-12-31,294.6915283203125,296.1103079904022,292.18778465851864,292.18778465851864,5069990
2015-01-01,294.0238342285156,294.9835927131261,292.27121107056894,294.3576498674838,2583280
2015-01-02,302.36968994140625,303.37119294572136,293.77346749454347,293.77346749454347,8272990
2015-01-05,302.99566650390625,306.6261191358723,301.70206403000327,304.8734955255384,10316090
2015-01-06,290.1429748535156,300.36664174860834,288.9328337313793,299.9493372152421,13282427
2015-01-07,282.2980041503906,288.9746829906524,279.961181965334,288.4322009087517,21254332
2015-01-08,289.9761047363281,290.85240230333085,284.7599517335882,287.9313543804829,12558144
2015-01-09,285.302490234375,292.43816161299736,281.33822213149034,292.0626014360396,15701030
2015-01-12,289.2249755859375,290.1013012271431,282.6735035682234,286.0535727299258,8304115
2015-01-13,284.5096130371094,291.26975196127665,283.54985440804086,291.26975196127665,13100848
2015-01-14,281.1712951660156,285.26074058149,277.9164030029162,283.1325569452304,13127934
2015-01-15,294.48291015625,297.1118313751533,290.05962097968586,293.8986836503855,16662989
2015-01-16,295.31744384765625,295.943386709151,289.97611332469603,294.48286270447,14726646
2015-01-19,301.1177978515625,301.952379001543,295.02534705177857,296.6945093517396,10277015
2015-01-20,306.91815185546875,308.170037598456,300.1997581364678,300.1997581364678,11477610
2015-01-21,307.5024108886719,309.5888499930336,304.7482843751477,305.87496485347384,12457852
2015-01-22,308.6290588378906,310.71552573876505,304.28923121786517,307.8779385981736,9320935
2015-01-23,309.3802185058594,313.386230983448,307.7110559790055,312.8854654155373,13525550
2015-01-27,320.0628662109375,321.1478302078791,311.0493665718306,312.5516351892971,13932787
2015-01-28,320.52191162109375,328.32527047778706,318.4771888663328,319.60386940265926,14787690
2015-01-29,317.39215087890625,320.31319871489654,313.4278836799559,317.2252290568922,22085259
2015-01-30,301.0343322753906,318.81097493258864,295.98510098713126,318.35195390638324,31372235
2015-02-02,293.6483154296875,301.03436920451554,292.1043303309678,300.7005255021685,37165959
2015-02-03,289.26678466796875,297.7795481588831,288.01489861987244,293.77353521811693,25975650
2015-02-04,287.6392517089844,289.8091794005813,283.9670836256167,288.8076764672611,15639435
2015-02-05,280.0863342285156,288.18179223745454,277.7077677802197,284.5096234073029,18771838
2015-02-06,274.8701477050781,283.7584694839102,273.4930845567076,280.4201447665591,17811770
2015-02-09,267.10858154296875,273.3262110271619,265.8149510691073,273.3262110271619,15330887
2015-02-10,276.2889709472656,279.5855513830596,264.0622957431683,265.8149191205413,31301276
2015-02-11,279.335205078125,283.71674964591335,278.70926213517697,278.83443951719704,13732188
2015-02-12,283.049072265625,284.8851565061998,275.4126360862202,282.2562355358272,14372362
2015-02-13,286.9715881347656,288.68249479036,283.92536293232274,287.09676549340185,9926537
2015-02-16,282.1310729980469,289.5588720100688,280.7540096084545,289.5588720100688,11084024
2015-02-18,285.7614440917969,287.0967626253055,283.50805554392576,283.50805554392576,8830098
2015-02-19,282.54833984375,286.9716286818456,277.29044177542636,283.8419421259695,10326464
2015-02-20,276.20550537109375,280.25323405738095,274.1607547849106,279.585546674257,17197010
2015-02-23,274.5780944824219,279.16830574578086,272.908931844187,277.9164197588916,12236793
2015-02-24,272.1160583496094,276.58109207917795,270.822455945201,274.9953624083852,12177664
2015-02-25,269.1532897949219,276.2472446965864,268.11004218062493,273.4096571326356,18029910
2015-02-26,268.1517639160156,271.6152941515722,267.1919773129038,270.98935123935536,18356309
2015-02-27,279.794189453125,281.2964299059387,269.57052143150224,270.9058680689968,17157486
2015-03-02,291.31146240234375,293.73177318539325,284.21750793541383,292.8137310302697,16237130
2015-03-03,290.9776306152344,291.6870064111692,287.18025680967355,290.4351486430114,16309976
2015-03-04,291.5618591308594,302.11934442007214,288.8077325336734,300.45018187930935,27007377
2015-03-05,290.2264709472656,292.02083863366397,283.84192093582755,289.09979059520373,12677758
2015-03-09,277.74945068359375,286.22049585994233,276.87315305485373,285.4276311341497,13711772
2015-03-10,278.4588623046875,281.9223924982172,275.70473593749034,277.66602557306607,15690129
2015-03-11,277.6242980957031,281.2130058832314,274.57807232428746,278.4171628922732,11762499
2015-03-12,282.2562255859375,283.5080833317494,279.2934330175088,281.71374362339793,12265104
2015-03-13,275.5795593261719,288.76596474669145,274.5780562792888,287.9313835436926,14368069
2015-03-16,276.622802734375,277.91640511165065,271.78220892547046,274.99535664047676,12496540
2015-03-17,279.4603271484375,280.83739014380075,275.53777642989473,277.08176124586294,11214858
2015-03-18,279.4186706542969,280.87919487333653,276.28898390390464,277.9998628911501,9603665
2015-03-19,275.5795593261719,284.9269024194657,274.0355742948762,283.3411729189878,15488184
2015-03-20,265.8983459472656,274.78666708898913,264.3126446218279,274.4945678996216,23389273
2015-03-23,261.89239501953125,269.06981035730195,260.7656865529336,268.77771113130365,11517028
2015-03-24,260.306640625,264.27093608185965,258.26191822181704,259.1382438325642,18209548
2015-03-25,264.4796142578125,266.2322377272511,259.63902047647395,260.3901408181727,15109255
2015-03-26,257.0101013183594,261.8089506651955,252.545067672467,259.5555616058076,34971712
2015-03-27,262.518310546875,263.89537362552716,257.2604129618977,261.22468036715327,17383920
2015-03-30,265.9818420410156,266.6495294380755,261.51683666350505,263.9788358826823,14140124
2015-03-31,263.3111572265625,269.361891712728,261.8923776445172,266.1487444070742,14317689
2015-04-01,269.6957092285156,270.73892858423505,262.1009905109364,262.89385515179094,9190830
2015-04-06,268.1100158691406,271.61529052750063,266.524314391392,271.61529052750063,10512775
2015-04-07,264.8968811035156,269.9461130119007,262.89390293842007,269.5288364003313,9849292
2015-04-08,262.9773864746094,266.8164493001064,262.5183653525626,266.14878985433637,9158573
2015-04-09,267.5675964355469,268.65253252365625,264.47962598670455,265.3976682264765,13516230
2015-04-10,265.6479797363281,268.44382216335066,264.729937742915,266.64948263972593,9053218
2015-04-13,264.4796142578125,266.9833580689499,263.72849391611373,266.9833580689499,8810668
2015-04-15,262.8938903808594,268.9863415435755,261.26644443405985,265.68973319738166,11297754
2015-04-16,260.80743408203125,263.72848240911935,258.8461723846777,263.64502148408053,9682703
2015-04-17,258.804443359375,262.8521723914201,257.26045817864724,262.1010520376674,11639567
2015-04-20,259.6807556152344,265.0638032148738,257.3021892743989,261.1412797900079,11663690
2015-04-21,259.43035888671875,264.2292077649489,258.67923861241104,259.55553626029604,9953639
2015-04-22,261.1829833984375,262.8938902661021,253.21270352756514,261.433366163164,12256206
2015-04-23,260.26495361328125,263.64502303981646,258.512330209971,262.26795979318536,10352840
2015-04-24,257.26043701171875,260.8491446415953,256.3006784200964,260.7656837184426,13482295
2015-04-27,252.29464721679688,260.7656641242629,247.62097595354166,259.30516811988997,24819034
2015-04-28,272.7836608886719,274.24418485028576,255.0487630901851,255.0487630901851,37447522
2015-04-29,275.5378723144531,279.4187079365477,271.32322095140233,273.5766102808904,24501414
2015-04-30,276.37237548828125,278.41712589902914,271.40660509267394,276.2471981228968,20787994
2015-05-04,274.82843017578125,281.1712639237283,272.2411977119162,277.7077338323845,11308400
2015-05-05,274.11907958984375,276.1638024673593,272.99239898587723,274.8284835329753,10109107
2015-05-06,260.5153503417969,282.0893423610814,258.84618777462583,272.82545929521456,19967506
2015-05-07,254.21421813964844,261.22471173966966,250.87589319038563,260.5570523531018,16086181
2015-05-08,264.56304931640625,266.14875077342754,258.7209529785926,258.7209529785926,15672276
2015-05-11,269.98785400390625,271.9073992350918,266.3156853905813,267.1085501653394,9605442
2015-05-12,257.21868896484375,270.4050929569823,256.21718602644575,270.02953285713545,13692241
2015-05-13,265.10552978515625,266.3573875529873,255.79990335614937,261.3499004488198,15431501
2015-05-14,262.8521728515625,265.3559167072628,259.7642305011263,265.1472783900607,11672149
2015-05-15,260.6822509765625,264.1040367622975,259.1799823752861,263.1442501536455,12014773
2015-05-18,263.9371032714844,264.47958524017554,261.1412605249266,262.89388380207447,7629436
2015-05-19,263.18597412109375,266.1487386066084,260.3901034525663,262.0175493036605,9064851
2015-05-20,266.0235900878906,267.90139087630826,263.9371229768749,263.9371229768749,7555070
2015-05-21,261.6837463378906,267.73448163328857,260.97437046020576,267.23374407160367,11132704
2015-05-22,261.7254638671875,265.52280970301723,260.1814788516011,262.89388874606664,8944914
2015-05-25,260.5153503417969,262.14276843575493,259.51384719820925,260.3901449385828,5481212
2015-05-26,258.4705810546875,261.22470749803625,257.5942833771254,260.390126274272,5505501
2015-05-27,261.34991455078125,262.72697778119436,256.63449838770345,260.2232340940132,12557150
2015-05-28,262.4765625,263.7284481967569,259.97281912290583,262.2679242226804,11520281
2015-05-29,264.77166748046875,266.148730539713,262.72694512425085,264.64649011741733,22664703
2015-06-01,264.10400390625,266.2321871421755,263.7284438067584,264.5630249185641,7621775
2015-06-02,254.13075256347656,264.9803364664479,252.87889473862472,264.5630598636383,13982208
2015-06-03,246.82814025878906,253.9220940908245,242.69695093046633,253.9220940908245,22831293
2015-06-04,246.2763214111328,248.5684615237618,242.32877685416778,247.71952812973333,20759124
2015-06-05,241.18275451660156,248.22891121431903,240.24892480375823,247.2101853004698,23735127
2015-06-08,240.37623596191406,242.4985838237959,237.99921376614333,242.4985838237959,21145729
2015-06-09,243.7295379638672,244.32378283102364,239.44240835564338,240.16401176448997,19411474
2015-06-10,248.31378173828125,249.88431854715566,243.38994508019934,243.6446336568807,17487792
2015-06-11,244.9180450439453,252.30378569154772,243.2201782166235,251.28505989551104,21760535
2015-06-12,251.2425994873047,252.13399525253908,243.77196259093316,245.76698035189844,20748570
2015-06-15,254.0016632080078,254.97792670042563,248.90803401346957,250.4361370209406,17020704
2015-06-16,256.4211120605469,257.2276115941897,249.502286503044,252.17641667051296,15828124
2015-06-17,255.826904296875,258.3312424517342,254.7232821956986,258.2888086008678,16849471
2015-06-18,257.52471923828125,259.5197082883323,256.6757859085862,258.5434449335583,15455462
2015-06-19,258.54339599609375,259.7743476662445,255.02030482087528,255.02030482087528,9060393
2015-06-22,267.457275390625,268.1788787390734,259.81684646105185,260.113968869761,17123638
2015-06-23,266.1413879394531,268.9428762335526,264.8679738064215,267.3723397356703,13093667
2015-06-24,269.7493591308594,271.9990363960842,265.41976844263297,266.31116398080667,14984900
2015-06-25,267.2450256347656,271.36236214566554,265.8867152454371,268.5608736847513,18385230
2015-06-26,264.61334228515625,267.4572647242331,261.939183716988,267.41483088105986,11342004
2015-06-29,264.1888732910156,265.71694768569847,254.80814370460448,256.37865194437654,11605396
2015-06-30,261.47222900390625,266.2262721219965,258.11892996976553,263.2125577742234,15125139
2015-07-01,265.0378112792969,266.1414332493849,262.0665301285114,262.0665301285114,15481941
2015-07-02,265.7169494628906,267.79686334516305,264.1039788690244,266.8205714211949,9252723
2015-07-03,267.0328063964844,267.839277384673,263.9341669740054,264.65577027772366,5716323
2015-07-06,267.54217529296875,268.9004858207757,259.1377090533991,262.4061125910095,8562220
2015-07-07,265.3773498535156,269.96160081756403,264.48595426412805,266.56586780662815,10617091
2015-07-08,261.09027099609375,264.52846699872805,260.0291113525574,261.81187437277185,13252578
2015-07-09,262.7456970214844,263.9766490149655,259.51972733333156,260.62334929238955,6959346
2015-07-10,265.8443298339844,267.3299705155566,263.38239714824374,265.29251880950216,10664155
2015-07-13,268.6033935546875,269.2825632159847,265.5472440717439,266.99042260555353,8964077
2015-07-14,266.0989990234375,269.19761020549237,264.9104808651776,269.11271401574396,8304877
2015-07-15,267.1177062988281,268.26379065420605,266.0141127872405,266.4810275992186,7378092
2015-07-16,269.19757080078125,270.1738340926576,266.90543100952965,267.20255338104795,13466904
2015-07-17,269.4947204589844,272.5084353152906,268.7306832839452,269.96163523242126,9339699
2015-07-20,268.093994140625,271.48972781246727,264.9529205454183,270.7681529310425,9420104
2015-07-21,264.4010925292969,269.5371550513657,263.50972532201445,269.5371550513657,10702263
2015-07-22,268.9429626464844,269.70699997250796,263.0003994472403,263.84933297595774,11141670
2015-07-23,265.632080078125,269.7069546312855,265.0802691024919,268.9853512788088,15214876
2015-07-24,255.19020080566406,264.6982903583309,254.08657868822965,264.6982903583309,21177605
2015-07-27,247.12525939941406,254.55346235803097,246.27632598960324,254.55346235803097,11212545
2015-07-28,241.94674682617188,250.73323126292198,239.99419156264784,247.63462024631298,25395273
2015-07-29,245.5547332763672,246.10651572917394,241.14024566818748,244.06909279257067,13165836
2015-07-30,247.04034423828125,249.29005037447453,244.06909178121597,246.1914108936604,13705803
2015-07-31,256.71820068359375,262.2362811658736,249.67204602100077,249.96916838959353,38967790
2015-08-03,265.632080078125,266.5659096525476,258.24631117294905,258.458565893112,28709585
2015-08-04,266.60833740234375,267.6270631418976,260.66577533798227,266.14142262580725,16797983
2015-08-05,264.3161926269531,271.48970651940505,262.32120352594643,267.20257742092576,13798462
2015-08-06,264.0615234375,265.58959771748806,261.005346379309,265.5047015354649,12210084
2015-08-07,263.2975158691406,265.33493897188146,261.8543091108706,263.0852611411363,6215341
2015-08-10,262.83056640625,266.5658843493736,260.75065273467305,263.1701226294885,7698226
2015-08-11,256.5909423828125,263.08528796246685,255.31752787783512,263.08528796246685,10431195
2015-08-12,247.5921630859375,254.80813949274932,246.27631493488494,254.68078096315293,10292540
2015-08-13,247.804443359375,253.57718518268229,246.9130475531339,250.64836617315478,13754705
2015-08-14,256.8879699707031,257.90669549884524,247.9316948886859,249.79935360724477,9669851
2015-08-17,257.1427001953125,258.67077448633046,252.00663788601713,256.336200709378,8331141
2015-08-18,255.6146240234375,258.2463204645491,252.72823900789695,257.2276231632694,5936462
2015-08-19,258.5010070800781,259.2650442993571,255.10527343963034,255.5721882401028,8754270
2015-08-20,253.19512939453125,260.4111054866046,251.15770649023676,254.89302456209958,15936951
2015-08-21,251.70948791503906,252.89800597805962,245.0029174480732,249.3749141295783,13769807
2015-08-24,229.17027282714844,241.81943489404864,227.09038737926065,239.73952094794282,33312582
2015-08-25,240.67333984375,241.43737703564014,226.79324061339267,234.77324003077786,26553623
2015-08-26,236.04666137695312,239.6122018417489,234.05167202961476,237.65964634302188,16189880
2015-08-27,239.781982421875,241.52228309716673,237.8718608658447,240.03664249743804,27884874
2015-08-28,240.84312438964844,245.59716826023396,239.1027953438628,241.98918014022598,14365759
2015-08-31,235.9193115234375,241.39494468035656,234.6034491027952,240.16399269713625,15079961
2015-09-01,230.01919555664062,236.38622439002734,227.76951783014803,233.45739141165163,17342438
2015-09-02,224.84068298339844,234.94302999542342,223.35505670875816,234.30632284264314,18825908
2015-09-03,226.53857421875,229.0429263514448,222.16654863671542,228.06664865595062,16509187
2015-09-04,218.81321716308594,225.05290104189325,216.1815211253041,224.88310868496274,21605844
2015-09-07,211.46995544433594,221.7845290977483,210.28145152603864,220.76580331114556,21698736
2015-09-08,221.4025115966797,222.6759117117435,211.55485269214657,213.76208240807898,18300349
2015-09-09,224.5859832763672,228.3637491741969,222.97299865463154,227.47236781056367,24478703
2015-09-10,227.00547790527344,229.21270751136606,217.5398380813932,220.72334533518432,13718266
2015-09-11,227.13279724121094,229.1278005359711,224.45865298383512,226.96301912511078,14872838
2015-09-14,231.2501678466797,232.01420505712576,223.35506442533807,226.02920891100814,13300446
2015-09-15,227.9393310546875,231.75954585432757,226.49613848039883,231.75954585432757,14825729
2015-09-16,231.63218688964844,232.56601648156231,228.40623141295583,231.33505022460662,13377086
2015-09-18,235.87686157226562,242.24387615813316,233.28759909463102,236.21643207373776,21286324
2015-09-21,237.10781860351562,237.9992000945867,230.06164861529433,230.82570007129004,11510079
2015-09-22,229.67962646484375,237.99919641909815,228.4486744840671,236.0041929941253,14741229
2015-09-23,232.056640625,233.45738493460766,224.2464338151262,226.6234557571066,12489166
2015-09-24,227.76950073242188,232.26885584765884,226.6658788743718,230.40119685656316,10557228
2015-09-28,227.5997314453125,231.5048421859291,226.19898705997508,230.910583106029,8561999
2015-09-29,228.36378479003906,231.46239600168818,217.62474441380294,223.86441493238075,29415623
2015-09-30,229.50982666015625,231.16525952807737,225.5622822811591,230.3163261723215,13700514
2015-10-01,226.7507781982422,232.141529042221,225.85939678096594,232.141529042221,7677876
2015-10-05,238.50857543945312,239.39997122619025,231.25017884759632,231.25017884759632,13756761
2015-10-06,240.03662109375,241.8194124530301,237.70206153691402,241.09780914077058,10497246
2015-10-07,240.24888610839844,240.92802710883927,235.3250497342151,238.46610892174758,7765703
2015-10-08,236.38621520996094,239.7395004980147,235.28259331192567,239.7395004980147,6649535
2015-10-09,242.88055419921875,244.40862839720816,238.16895884083593,238.9754440285644,11102562
2015-10-12,244.15402221679688,247.46485987545964,242.15900435358225,244.23888991477062,7892259
2015-10-13,244.02664184570312,245.93676334186785,241.52227552755843,242.71079366973535,6102034
2015-10-14,240.16400146484375,242.11655687090263,239.35750189553096,240.63091626850527,5325426
2015-10-15,243.0928192138672,243.6446302064197,240.80070755085018,241.09782997032818,6759388
2015-10-16,245.72451782226562,248.48357280952013,239.866880077079,243.2201799085646,8890588
2015-10-19,243.81442260742188,246.10653427061706,242.45611204913678,245.68208181367774,5806930
2015-10-20,242.96546936035156,245.76695794103023,241.3524988588681,243.2201579126539,8710318
2015-10-21,239.99420166015625,244.36622714072988,236.68335004120792,242.4136717950541,5616168
2015-10-23,243.00790405273438,245.34247787812717,241.6496220988053,242.75324399775747,8208290
2015-10-26,242.24386596679688,245.97918407316865,240.88558401805196,244.28131738812976,6085533
2015-10-27,240.84312438964844,242.71078346387074,239.48484242560448,241.09781294473763,6090339
2015-10-28,230.23143005371094,238.29632543394712,228.4486671562849,237.70206638510243,15503186
2015-10-29,230.44369506835938,232.86316551471143,229.50986536970493,231.16529851683438,9035266
2015-10-30,235.15524291992188,237.4049205005424,229.6371620714658,231.12280251122877,27623495
2015-11-02,237.32005310058594,238.80567938221859,234.0516496325992,235.15525732040894,11398428
2015-11-03,237.2351837158203,239.99422462072025,236.1740097526711,238.04166908824092,9079788
2015-11-04,232.056640625,238.50855121790045,231.33503729932505,238.50855121790045,7389933
2015-11-05,229.25515747070312,232.18399043763796,228.15153553411972,230.91057612646995,11422504
2015-11-06,226.7507781982422,229.12780006068132,224.75578915672784,229.12780006068132,12121540
2015-11-09,223.39749145507812,224.96802817208618,217.32759930430734,220.12908798927847,13448248
2015-11-10,223.1003875732422,226.15656507375755,221.10538400338712,221.99676554542674,8652695
2015-11-13,222.208984375,223.27015820223966,219.87441050453762,221.02048051781375,10160904
2015-11-16,226.87814331054688,227.81197290480884,220.38378424582575,221.57228816165517,8992376
2015-11-17,227.38748168945312,231.2076958448911,225.01045986493855,230.65588491702226,17959700
2015-11-18,221.10536193847656,227.72706494634647,220.2988766712294,226.6658911215846,9500657
2015-11-19,226.15655517578125,227.514851477971,222.9305854278331,223.27017019021218,9618626
2015-11-20,224.92559814453125,229.42496818879272,223.69464607769783,224.62847571436026,9819811
2015-11-23,225.7745361328125,227.30262490969258,218.43124318278467,225.8169842307072,12735592
2015-11-24,223.56729125976562,225.30760616002647,220.42623197046603,223.56729125976562,11775700
2015-11-26,224.11911010742188,227.26016950689763,223.48240290857697,223.48240290857697,13255344
2015-11-27,229.25515747070312,230.06164275176346,224.4586653797707,225.60473541000027,11608418
2015-11-30,232.22645568847656,235.57974134140144,227.68463757475735,227.68463757475735,16528998
2015-12-01,232.5235595703125,234.94302964837377,232.01419669866235,233.49983722021634,6603705
2015-12-02,229.55227661132812,233.7969576735807,227.98175416519712,233.07536859007857,7161062
2015-12-03,225.64718627929688,229.2551602907347,225.05292721004915,228.0666421522392,8549273
2015-12-04,221.95431518554688,224.11909673386867,221.40250421269,223.31261144613623,9085607
2015-12-07,223.3126220703125,224.58602220348965,222.08165578404305,224.37378172340556,5522740
2015-12-08,221.95431518554688,222.845696661274,220.4262265489682,222.20898950042246,11624224
2015-12-09,220.2564697265625,222.37881777258272,219.36508810694943,221.40253995127114,8129762
2015-12-10,219.8319549560547,222.33632111365597,217.3275887984534,221.4449396887199,11053207
2015-12-11,211.63973999023438,221.65717660639518,209.81452896060244,221.19026182557985,18851171
2015-12-14,211.3850555419922,213.8894218693213,207.98930772931564,209.94186307783238,13279719
2015-12-15,209.1778106689453,210.4512106627091,206.33387404183097,210.4512106627091,13675557
2015-12-16,213.97430419921875,215.20525611137313,206.8432385292063,209.89940138829297,18885293
2015-12-17,214.9081573486328,216.7333684962551,212.3188947153973,215.58729839238987,17692297
2015-12-18,212.31887817382812,214.78079632613745,212.10665195760436,214.0167591491589,14450734
2015-12-21,219.19525146484375,220.29887336596653,212.23397806717267,212.31887425173718,14307700
2015-12-22,220.34133911132812,223.69463892652703,217.70964267363226,217.75209076931532,21342967
2015-12-23,222.29388427734375,223.22771384114046,219.959310367852,220.38377705602247,11533960
2015-12-24,218.98301696777344,223.77950872312377,218.43120603808867,223.27014588411532,6097366
2015-12-28,224.16152954101562,224.96801477374925,220.72333390546083,220.7657819965634,12041784
2015-12-29,224.75579833984375,226.2414245965992,221.9967435437498,224.11909119472853,9054719
2015-12-30,222.71835327148438,224.50111623008033,222.20899039058435,223.48239046828022,10025565
2015-12-31,221.8694305419922,223.99176410674715,220.85070473126612,222.50612348686408,8546444
2016-01-01,223.27017211914062,223.779535018001,219.02549079471018,221.82697961388774,5998096
2016-01-04,216.94557189941406,221.86940806949954,216.18153474331118,221.57227142615352,9435792
2016-01-05,217.92184448242188,218.60099968813512,213.67716363175938,217.53982591319266,8966977
2016-01-06,212.31887817382812,217.96430356235896,211.55484099684958,216.81824779689111,17416181
2016-01-07,209.47494506835938,210.2814446015088,206.3763339644958,209.17782266084646,18240712
2016-01-08,208.03179931640625,210.36637375399656,206.673502757182,207.56488442888818,14404391
2016-01-11,203.2777099609375,207.05546182770263,202.08919190809058,205.35759517975842,14208668
2016-01-12,200.985595703125,205.31517330719447,200.00933223026442,204.59358416440418,11895899
2016-01-13,203.32015991210938,206.2065448415904,196.1891080264605,201.87698169647746,18215710
2016-01-14,200.13665771484375,203.5748537117363,196.7833579090785,198.82080949969762,14600781
2016-01-15,190.543701171875,200.60358706986332,188.25157509069905,200.00934218708028,22333902
2016-01-18,189.39759826660156,194.15164200172012,184.89824307931482,190.33142777710316,30239009
2016-01-19,194.194091796875,196.3164251352237,190.71344802305393,190.71344802305393,16222439
2016-01-20,190.50123596191406,193.47251710538097,186.85081379938023,190.9257026611081,14353478
2016-01-21,192.11419677734375,198.22653688295586,190.33143388177103,193.98185585825,15665863
2016-01-22,197.58985900878906,199.41507013575188,195.08549259664727,197.46251472111007,15148522
2016-01-25,200.39134216308594,202.47122755734443,198.8208054068881,200.30644597370627,17137268
2016-01-27,201.45248413085938,203.15036502235097,199.24525464593845,202.0467431553368,12155561
2016-01-28,197.97186279296875,203.36259957825993,196.31642992447465,202.51366622221025,24258166
2016-01-29,195.38259887695312,198.90569080124314,185.9169735061214,185.9169735061214,47755494
2016-02-01,184.3888702392578,193.00557582329077,183.2852484233491,192.70843920025786,40395715
2016-02-02,178.61611938476562,186.51122251198333,178.0218745761605,185.06804433470677,31821419
2016-02-03,173.22540283203125,177.25784393062568,171.95200262970297,175.72976938747573,23592288
2016-02-04,173.1405029296875,175.22040270650677,170.211669702819,175.22040270650677,30869158
2016-02-05,177.76718139648438,179.1254776008825,172.84335943667963,174.45632994541774,36189377
2016-02-08,177.0456085205078,182.9457086433139,175.00815690299618,179.1254939850342,19366081
2016-02-09,177.76718139648438,179.54994427418768,170.42388942446462,173.1829299255022,20906682
2016-02-10,175.94198608398438,177.85209340839603,171.48507849309658,172.418908107293,22742128
2016-02-11,169.15049743652344,175.6873044645691,168.0893235783176,172.97069767766914,31817116
2016-02-12,164.3115692138672,168.42890641629913,161.7223207692514,166.900817658483,41775526
2016-02-15,172.7584686279297,175.98442399489593,164.60867689883563,164.60867689883563,34130349
2016-02-16,166.90081787109375,175.72976565031644,165.96698822609034,175.72976565031644,20895952
2016-02-17,161.93453979492188,167.3677250263676,160.32156916332158,166.81592828341522,28792115
2016-02-18,166.518798828125,168.93826912943763,164.0144465812952,164.2691209160657,32260277
2016-02-19,168.76846313476562,171.01815511457355,165.75474821223858,166.22166299593505,17617480
2016-02-22,168.4713592529297,170.8908296252566,166.7734923069999,167.66487387852405,17567788
2016-02-23,162.99571228027344,169.27783086890864,161.5100716987786,169.27783086890864,20001984
2016-02-24,158.75100708007812,162.316532538886,157.77472953795564,160.44887363206158,20654961
2016-02-25,155.3552703857422,160.4488846402659,154.12431847601073,159.34527700540212,38340699
2016-02-26,156.8833770751953,157.8596547971732,153.44518100000764,156.4589103590018,24687792
2016-02-29,161.34027099609375,166.3065553766089,154.25166746424588,156.88336373061406,43510436
2016-03-01,173.98939514160156,175.26280926396646,165.75472267911317,165.75472267911317,27223692
2016-03-02,186.7659149169922,187.95441880777827,179.21038213187597,179.71974501338673,40766551
2016-03-03,185.0680389404297,187.02057993181901,181.84206943493407,185.57738754749974,22903720
2016-03-04,187.19039916992188,190.50125108577012,185.95944706944505,188.25157312670768,24493722
2016-03-08,184.09178161621094,186.72347812234992,181.92698567651044,186.72347812234992,18883002
2016-03-09,183.6673126220703,184.9831608588383,178.31900923336693,180.65358328218403,17300650
2016-03-10,182.94569396972656,185.7896306872698,182.18165679899568,185.06804160925816,13551255
2016-03-11,181.5449676513672,185.53497476958924,180.48379372642185,181.12050093121093,14879621
2016-03-14,188.16665649414062,189.14293414849567,185.61984212427788,185.91697877940837,16726756
2016-03-15,187.91197204589844,190.88325316759347,187.1903829372886,189.14293828873912,13475557
2016-03-16,192.19911193847656,193.04804537741126,185.53497446846268,186.6810303362917,17144832
2016-03-17,193.3451690673828,200.56111706270312,190.96814704857738,195.2552763012284,32391146
2016-03-18,195.42506408691406,196.48623799130027,191.9868822953486,193.72719723918343,18370981
2016-03-21,199.3726043701172,200.00931150297387,196.4862195998583,196.57111578412022,14818419
2016-03-22,198.3114471435547,199.16038055892778,195.7646468974354,199.16038055892778,12269251
2016-03-23,198.82080078125,199.49995603137788,195.9344159041461,196.4862268731672,16987529
2016-03-28,191.3926239013672,198.65102037607238,190.07677566463616,198.65102037607238,20214214
2016-03-29,189.6522979736328,192.66601288988448,188.80336459579033,189.5674017860269,20447782
2016-03-30,201.62229919433594,202.8956993194895,192.53869168615452,193.9818699451965,23016348
2016-03-31,200.90069580078125,204.89068827594824,198.3963295749255,202.2165439282584,30614104
2016-04-01,202.30145263671875,203.2777303318539,197.54740844713263,200.3488972464485,15677352
2016-04-04,202.6834716796875,204.63602707413688,199.2028275962201,203.95687179598144,16716587
2016-04-05,191.51995849609375,201.6222914142169,191.0105956158656,200.68846184198338,26547328
2016-04-06,188.9307098388672,193.55740994480104,186.85082432061273,192.96316508193377,19185947
2016-04-07,187.02059936523438,190.37389924638688,186.04432164354026,189.1429471946944,17724531
2016-04-08,187.8271026611328,189.99188438077417,186.3839100983354,187.23284354724927,9986871
2016-04-11,190.7559356689453,191.1804024246304,186.00190515545023,188.63360189051988,19813955
2016-04-12,194.194091796875,196.0193027425872,189.99185896274767,190.41632563041742,20594261
2016-04-13,204.2964324951172,207.31016163290516,197.84452178361155,197.88696987702616,26283492
2016-04-18,201.32516479492188,207.09792023495416,199.1603690369401,206.71590164504804,17531597
2016-04-20,202.08920288085938,203.40505102937306,198.73590324489987,202.98058434433986,18650423
2016-04-21,214.8232421875,218.8556827449416,209.05047257974078,209.05047257974078,36699098
2016-04-22,213.93186950683594,218.1765507013382,212.40378085702906,217.53984353497486,25884500
2016-04-25,214.7383575439453,216.77580910304115,213.2102688746234,214.86570182866598,18121694
2016-04-26,215.67218017578125,216.22399114265988,209.26271753914153,212.95558768403384,30185498
2016-04-27,207.64974975585938,213.08294943389424,206.50369388371547,212.99805323985927,36932788
2016-04-28,203.82949829101562,210.53609692384708,202.89566882310777,208.328867522185,41386507
2016-04-29,201.15541076660156,207.4799926241456,196.35891780907707,204.38136672279117,71191415
2016-05-02,192.49623107910156,195.67973830962777,191.35016106657594,192.9631458528883,36440547
2016-05-03,187.69973754882812,195.25527005447586,186.7659080087842,191.64728192313672,29305611
2016-05-04,182.05433654785156,187.44507404535733,181.2054030796423,185.4500846697985,36781786
2016-05-05,182.22412109375,186.68102873446918,181.46006960597725,181.9269844182959,27512684
2016-05-06,185.577392578125,186.97813690830844,180.99314099736245,181.67229624037935,22266141
2016-05-09,191.2652587890625,191.85951782289422,186.00186641517703,186.42633308245465,19006901
2016-05-10,191.43504333496094,193.1329099347088,188.9731253660409,191.35014715515214,22357177
2016-05-11,190.1192169189453,192.32644659948392,185.6622952140271,186.76591717885074,32481385
2016-05-12,196.78334045410156,197.71716997545178,193.76962568016648,193.98185189005096,23932051
2016-05-13,192.28399658203125,195.6372962885949,189.65230022959318,195.6372962885949,23963285
2016-05-16,189.94943237304688,193.302732251423,184.8133694388303,193.302732251423,21535308
2016-05-17,191.81707763671875,193.1329257844209,188.67601846976717,191.30771476517145,18859442
2016-05-18,192.2415771484375,193.09051066294316,188.29403203125287,189.3127436991933,17541869
2016-05-19,191.47750854492188,193.98186057855406,190.3314385132467,192.24154573329977,16422069
2016-05-20,186.85079956054688,192.11419192910319,186.42633289369903,191.4350509617897,14666521
2016-05-23,187.69973754882812,190.0767594915861,187.06303040821348,188.5486709035757,14239474
2016-05-24,190.62857055664062,191.18036726316862,188.12420433449645,188.97313768973274,10907585
2016-05-25,199.49998474121094,200.00934768983166,192.3689177096314,192.66604015919748,20767970
2016-05-26,204.7209014892578,206.29143821598822,197.80207592126038,200.2639941215353,33650773
2016-05-27,206.4187774658203,210.70590660257074,202.13164832906986,202.89568550230933,26582685
2016-05-30,207.56484985351562,209.34762714907117,202.72592362017684,206.50369019436516,15860236
2016-05-31,207.69216918945312,211.38503912744932,204.84823257642728,210.9181243738049,18249239
2016-06-01,203.78707885742188,208.3713449119519,202.9805935442166,207.05548245468995,11862710
2016-06-02,204.8907012939453,205.78208279981035,201.70719388026896,202.98059399591773,15349530
2016-06-03,206.9281463623047,209.17782410384334,205.44250581627472,206.2065430117834,16566716
2016-06-06,206.71591186523438,208.83825963492274,205.44251175288665,206.6310156745894,11592082
2016-06-07,215.7146453857422,216.35135259021686,207.73464540234824,208.41380070372853,25311345
2016-06-08,218.7283477783203,221.74207698837043,214.61101086035308,216.64846239667477,25139392
2016-06-09,216.0966339111328,220.0866404716617,214.95057820163078,218.17653337338425,13787240
2016-06-10,214.44122314453125,218.72833799945198,213.50739360698472,214.78079363570055,13236448
2016-06-13,206.9281463623047,210.8756908712442,205.82452441402904,210.8756908712442,14297870
2016-06-14,207.94688415527344,210.06921773733373,207.395073149205,209.6871991174738,11988708
2016-06-15,210.49366760253906,211.5548414331709,205.10293076128838,208.41378228353747,15761615
2016-06-16,207.11468505859375,211.14348610553773,206.24828029690016,211.14348610553773,17042021
2016-06-17,206.5948486328125,209.84388844958644,203.73570406455156,209.1940775777594,15150943
2016-06-20,206.29161071777344,207.4612673752024,202.436096276979,202.436096276979,17780316
2016-06-21,206.0749969482422,208.8041908979475,204.68874639805006,208.15438004471082,12191664
2016-06-22,207.0713653564453,209.973831515667,204.29886427543497,205.42519920187826,13478056
2016-06-23,208.71755981445312,209.19408392361854,204.51548622315113,207.11470070458336,7979235
2016-06-24,200.09678649902344,201.786274308652,191.56267498261755,198.40729868939485,33755632
2016-06-27,201.61302185058594,203.0859158881261,198.66723377550562,198.66723377550562,13172968
2016-06-28,202.00289916992188,202.91262568626152,199.27371962090297,199.79356542200583,11302737
2016-06-29,205.03530883789062,206.4648810036986,202.95592585403898,204.38549801984698,7959976
2016-06-30,208.414306640625,210.36371008229304,207.33129341786227,207.50456564469908,16851065
2016-07-01,208.2410125732422,210.23375217973103,207.54788006310514,209.41065459725078,9108853
2016-07-04,214.99899291992188,215.69211088827223,209.58394153376915,210.6236330286548,10389222
2016-07-05,212.3564453125,217.5548883136161,211.87992124954468,217.29497270762243,10375132
2016-07-07,212.13986206054688,214.04595840817302,211.40340781222167,212.2698125988952,8365966
2016-07-08,209.6272735595703,211.83660718835617,207.54789046728183,211.83660718835617,7658211
2016-07-11,216.47190856933594,217.20834830262865,213.6560856369741,213.6560856369741,9682385
2016-07-12,226.7388153076172,227.1720176882051,217.2516555422563,217.98809522654759,28558549
2016-07-13,226.26229858398438,231.9372659506122,224.48616731164708,228.94815633934132,28248930
2016-07-14,232.717041015625,233.58344580166914,224.96269055004376,226.13233264849507,14269365
2016-07-15,230.24777221679688,233.8000346712349,228.2117108339688,233.49679736538508,11510449
2016-07-18,228.21170043945312,235.01300227505652,227.47526078349202,230.29108342017165,14310274
2016-07-19,233.19357299804688,234.3632151361019,228.081758411052,229.5979741091484,14880049
2016-07-20,231.7639923095703,232.37046693299004,229.98784650566685,231.33077537518338,7892214
2016-07-21,226.912109375,233.0636008280326,226.39226359310248,231.24414786257185,12060367
2016-07-22,228.2550506591797,229.07813379927276,224.26957096211953,227.30200243095763,8537587
2016-07-25,232.76036071777344,234.75310055854473,225.9157509050587,226.91212082544436,11311554
2016-07-26,226.6954803466797,233.49678204583842,225.3525515912236,232.5870556456146,11896758
2016-07-27,234.44984436035156,237.22234541899525,227.6918639409322,227.6918639409322,26003949
2016-07-28,235.66281127929688,237.395635370949,234.31988242436003,234.7097631187145,9781546
2016-07-29,227.77850341796875,235.09965117046585,227.0420492023744,233.97331627243233,21115025
2016-08-01,216.1686553955078,226.39227000594042,215.04233495479303,221.71367237869694,42583051
2016-08-02,212.5297393798828,216.12532355009594,212.2698092225985,216.12532355009594,20758831
2016-08-03,209.75723266601562,214.21922148949398,208.41430384980018,212.00988792361443,17910406
2016-08-04,208.2410125732422,212.3131206254219,205.03530925196367,212.13984840465773,29931529
2016-08-05,213.0928955078125,215.4321940871098,211.4900365835851,211.4900365835851,16307350
2016-08-08,212.4864044189453,214.60910906811154,211.8799152988464,213.2228440672112,11906856
2016-08-09,212.57305908203125,215.30223845379305,211.83660485231667,212.61638077450627,12642014
2016-08-10,207.3746337890625,213.61276899137107,206.33494216495077,213.13624487551667,12527824
2016-08-11,210.27708435058594,210.84023727408683,205.8150808589932,207.93778564361952,9477854
2016-08-12,213.0928955078125,214.52246766973641,208.97745124198428,210.9701908390346,11727486
2016-08-16,215.3455810546875,216.1253425102253,211.2734724479115,213.13624723575566,13111524
2016-08-17,214.52247619628906,217.98809524122586,212.44309313543846,214.95567857690617,12875115
2016-08-18,219.1144561767578,219.89421764599552,214.65245222145626,214.73909561634096,20725328
2016-08-19,219.98081970214844,221.54035688991843,217.94477301678273,219.20105837944325,14519513
2016-08-22,218.55125427246094,220.89055285454552,215.47551603442898,220.28407827048068,9076842
2016-08-23,216.77513122558594,218.33466851936498,215.5188457775298,216.9917396868166,10995821
2016-08-24,215.25892639160156,218.07474927428808,214.73908060100516,216.7751420689777,9228359
2016-08-25,213.95933532714844,216.77515842225756,213.222881008929,214.82574019604934,14901359
2016-08-26,212.5297393798828,215.56217062736823,210.7102864483359,215.04232485516042,11490424
2016-08-29,217.03504943847656,218.8978386003093,211.92324965811997,212.26980865788295,9206563
2016-08-30,222.0168914794922,222.58005892481037,218.3346640527847,218.3346640527847,15251016
2016-08-31,223.5331268310547,226.00239074527823,222.66672201190715,222.75335085993265,16906022
2016-09-01,226.0889892578125,228.731539598246,224.18289309449378,224.18289309449378,18098850
2016-09-02,226.39227294921875,228.99148742376298,225.4825464288921,227.43196455598112,8034006
2016-09-06,236.26930236816406,237.3089939231746,227.60522546622423,227.60522546622423,23274042
2016-09-07,240.99122619628906,245.84312506134037,235.79278286265293,237.39564191961554,35379184
2016-09-08,239.43170166015625,243.20058745774875,238.73858360113286,241.3811198324978,13116475
2016-09-09,237.48226928710938,239.12843538482187,234.01663578436057,237.87214996591706,16649877
2016-09-12,232.37046813964844,233.4534813965177,227.60522726025698,231.33077657644284,20617372
2016-09-14,235.18629455566406,237.2223560194222,230.7676271582826,231.07086447618565,16807794
2016-09-15,234.44984436035156,237.17902372660762,232.37046129518848,235.4028925081579,12135372
2016-09-16,231.63401794433594,238.7818789397876,230.7242915033112,235.44621047524348,32955498
2016-09-19,235.31626892089844,236.00940151505398,232.0239218189738,232.19720860310318,15144399
2016-09-20,235.7494659423828,237.56891896464492,233.36684542695346,235.57619370458167,11030397
2016-09-21,233.84336853027344,236.5292408995044,231.28747578797032,236.35595412008257,12736748
2016-09-22,238.69522094726562,240.7746038522614,235.92272010217764,239.12842329541317,14886284
2016-09-23,235.01300048828125,238.99846511454396,233.84334393492983,238.95514342424502,17977571
2016-09-26,227.4752655029297,232.80365905243912,226.8254546723835,232.63038682869106,15868805
2016-09-27,225.2659454345703,228.99149503059246,224.39954058094128,228.34169866155176,17356843
2016-09-28,225.91575622558594,227.38865029291526,224.4428621582566,225.61250434732383,17881785
2016-09-29,216.90509033203125,228.29834606251197,210.79692094414085,227.86514369433507,48140661
2016-09-30,218.46463012695312,219.46100001439555,213.95931932860262,214.91236752160307,15104920
2016-10-03,221.93026733398438,222.58007821834877,216.68850219103882,217.4682781607484,18062317
2016-10-04,223.70639038085938,225.22260602665952,220.8472458633029,222.53674828314684,16201324
2016-10-05,221.32376098632812,225.78576435600314,220.5873213111886,225.22259690552914,16039581
2016-10-06,217.68487548828125,222.71004677636958,215.908744130315,222.66672508057903,13854468
2016-10-07,217.12168884277344,219.98083325870317,215.04232033996308,217.38161899460007,10506728
2016-10-10,216.68850708007812,219.37437952600436,215.8654239390442,218.24804451232285,6611211
2016-10-13,208.93414306640625,215.21559955554702,207.1580118073455,214.69575377737004,20736801
2016-10-14,209.4539794921875,210.53699269356164,207.67784831243335,208.97745542866613,10761830
2016-10-17,224.1829376220703,225.17930759101114,212.7463583706062,213.13625365247546,69082439
2016-10-18,234.23324584960938,235.142972343677,224.83272904933636,224.87605074356446,41861705
2016-10-19,229.6412811279297,235.40289168705831,228.08174383449713,235.09965438376335,19968759
2016-10-20,240.5146942138672,241.64102914044923,231.46073673555077,231.46073673555077,36280178
2016-10-21,240.34141540527344,242.63739234596073,237.48227101671336,239.345045584197,26362877
2016-10-24,246.53622436523438,248.18239044901577,241.8576126320553,241.8576126320553,22219428
2016-10-25,250.6083526611328,252.64439946667147,246.57953711483236,250.565016426914,25090671
2016-10-26,241.2078399658203,246.44960510876794,239.99486158732117,246.44960510876794,30017739
2016-10-27,246.3196258544922,246.92610043068885,238.26202418007523,240.34140713377764,19868027
2016-10-28,239.86489868164062,244.7600900113682,238.73856375142321,244.32690216726712,18314125
2016-11-01,238.5652618408203,242.3774542336563,237.82882219327695,242.11753863521741,11675305
2016-11-02,235.576171875,236.7458139056291,232.84697805214503,233.92999124308176,15140657
2016-11-03,233.71339416503906,239.47500484368584,232.5437520774722,235.6628121866781,12484687
2016-11-04,233.75669860839844,236.09599715326758,229.90118454276825,235.57616595872761,16361493
2016-11-07,241.46774291992188,243.63376939253868,236.0960129735819,238.95515744693628,18741014
2016-11-08,245.36660766601562,249.0488208891732,241.07787616565204,247.6192485698392,35153751
2016-11-09,243.85035705566406,246.70951599799542,212.26980358079604,220.8472367807088,51055067
2016-11-10,253.51080322265625,258.53597403486447,248.39898902707193,249.9585408431205,29137485
2016-11-11,239.47500610351562,254.94038527858268,237.82883992516264,248.87552271608368,33036653
2016-11-15,233.71339416503906,243.2871975006936,230.59433405583314,239.99485061894697,37961485
2016-11-16,230.63766479492188,241.03455162320427,228.90485517099532,239.6483010155907,26473183
2016-11-17,231.89393615722656,234.49316497675372,228.73155442396575,232.15386631035958,14654093
2016-11-18,229.25140380859375,233.06359644253504,227.25866410587702,232.5870723632924,9983933
2016-11-21,226.3056182861328,231.33077474536904,220.80393774272932,230.637656736959,21625818
2016-11-22,227.605224609375,230.98421487925813,224.65943672872194,229.5979643252498,23906788
2016-11-23,229.5546417236328,230.3344176550497,225.6991273866187,228.81820202756447,17154845
2016-11-24,224.659423828125,228.5582596496739,223.53310349774785,228.5582596496739,22563160
2016-11-25,225.3525848388672,227.3453246923527,222.71004862784469,227.3453246923527,16611698
2016-11-28,221.1938018798828,222.3634438848912,219.63426466417843,222.3634438848912,32939718
2016-11-29,221.32376098632812,224.74607283856815,220.32740570301007,221.3670826780846,32329662
2016-11-30,230.07449340820312,230.89757651139345,221.75698990337594,223.05659709931246,20731093
2016-12-01,224.52947998046875,232.19718677974316,223.31650169029038,230.68097118820046,15792045
2016-12-02,224.83270263671875,229.2513840476415,221.67032112610244,223.5330955896331,12275345
2016-12-05,226.0023651123047,226.4788891630251,223.35981471702257,224.91935194002383,8305074
2016-12-06,226.13229370117188,227.56186571463434,224.87600843201704,227.2153067683776,8335181
2016-12-07,224.13958740234375,229.07810005785976,217.46825078742518,227.69184961575354,13635680
2016-12-08,227.64854431152344,228.21171177530533,223.87967337853186,225.74244799863754,11336250
2016-12-09,232.58705139160156,233.7566933666281,227.8651327178095,228.68821572346073,17533272
2016-12-12,229.46798706054688,232.45709647563112,228.60158232809465,231.76397850661343,7515935
2016-12-13,229.07814025878906,229.9012234220913,227.43197393218452,228.2117353982222,10265621
2016-12-14,225.74244689941406,229.3380455861373,225.26592282351297,229.16475881586027,14369017
2016-12-15,225.52587890625,226.73884281055402,223.31653050066564,224.13962821174727,24089601
2016-12-16,221.45375061035156,225.26594356863163,220.8039542466933,225.26594356863163,24984316
2016-12-19,222.7533416748047,224.3562007037876,220.71729479647195,221.28046226840436,7417692
2016-12-20,217.98809814453125,222.40677993650928,216.81845606399523,222.40677993650928,11590031
2016-12-21,219.4176788330078,221.23714637674053,217.64154752617975,219.20108490265292,7685724
2016-12-22,219.1577606201172,220.76061967220573,217.1650208641047,218.94115214995878,8951470
2016-12-23,218.2047119140625,220.71729745008227,216.73181794759304,219.15776009575677,6932571
2016-12-26,214.99899291992188,218.72454199129538,214.08926649748696,218.5512552280277,6767153
2016-12-27,219.6776123046875,220.37073034308284,213.74271457132411,215.73545438084355,9094498
2016-12-28,218.11807250976562,220.76062317583123,217.5115833260579,220.06749060268504,9176829
2016-12-29,217.55490112304688,219.20108186580006,216.64517463496475,218.42132045954713,6379633
2016-12-30,221.1938018798828,223.099898073846,217.77149016029261,218.33465758893806,11565801
2017-01-02,218.29136657714844,222.06023780466805,214.9556977689238,222.06023780466805,10404350
2017-01-03,220.41404724121094,221.28046658389087,215.99537985111357,218.42132201742257,10236706
2017-01-04,217.55490112304688,221.58370232086313,216.94842649256623,220.2840951296545,6901181
2017-01-05,222.88333129882812,223.96634466854667,218.50797066413875,219.37439008533116,13830668
2017-01-06,223.6630859375,226.47890879563548,222.8399882931881,223.74971478320964,9055143
2017-01-09,224.13958740234375,225.13594263749158,221.80027433003227,223.4464549101108,7875294
2017-01-10,225.43922424316406,226.91211825914743,223.7930434456432,225.2659374616266,14784040
2017-01-11,229.33802795410156,232.28380102580817,226.6521559331073,227.43193179704224,19565679
2017-01-12,232.5004425048828,233.49681241421197,229.98785688386317,230.9842267931923,11711279
2017-01-13,232.24050903320312,233.92999685431283,229.4246717607527,233.92999685431283,7810375
2017-01-16,233.32351684570312,234.66644572524476,229.42468074600342,231.67735065218795,8863676
2017-01-17,232.54376220703125,235.22962004424178,230.0311766075482,233.49681041279777,6968061
2017-01-18,232.58705139160156,235.74943288966537,231.11415759380702,231.67732500801662,10085606
2017-01-19,233.6700897216797,234.53649450969985,230.63765842124798,232.89031377857265,8605687
2017-01-20,228.2550506591797,232.15388696415386,227.4752892151296,231.33078928169888,12207059
2017-01-23,223.1432342529297,226.82546180971627,221.0638511636399,226.82546180971627,43793368
2017-01-24,222.7966766357422,224.00965503865422,221.49706938321805,224.00965503865422,26520047
2017-01-25,225.2226104736328,225.95906473549908,221.45373940265287,224.39952736539524,41078083
2017-01-27,235.66281127929688,237.395635370949,225.87241405802374,227.9084754580936,89433645
2017-01-30,234.6231689453125,238.78192120356528,233.67012064389854,236.5292655481404,17037472
2017-01-31,233.02027893066406,237.3956391080997,230.85425241759089,232.890313849713,20535165
2017-02-01,243.46051025390625,245.6265224300043,227.69189216788007,230.3344430193184,44647342
2017-02-02,247.61923217773438,249.0921406372712,243.07059989113208,244.326899888278,28910922
2017-02-03,243.93699645996094,246.88276965297783,241.55437616551774,246.88276965297783,20058936
2017-02-06,251.5181121826172,253.20761485788123,245.66987172519168,245.66987172519168,22521926
2017-02-07,249.6119842529297,253.59746381987463,247.18605660789348,249.52534086367237,12829302
2017-02-08,247.61923217773438,249.9585454021135,244.93337449825117,249.52532847733167,16662978
2017-02-09,246.92613220214844,250.17515757858374,241.38111512626304,248.3123682931676,16631183
2017-02-10,243.98033142089844,247.92247463712556,242.68072424661568,247.44595055231912,16771421
2017-02-13,244.02365112304688,246.14637058070804,242.20421261935866,244.7601054060053,13144434
2017-02-14,246.6228790283203,247.70587772263636,243.72039831877646,245.19330679115677,12889195
2017-02-15,243.24388122558594,248.13910177764845,241.3811065487257,247.09941020396803,14420745
2017-02-16,241.5543975830078,243.85037469897924,236.39927586019766,243.72040961438796,20257845
2017-02-17,245.1933135986328,247.87917137610555,238.9984858565719,242.33415450256405,28496342
2017-02-20,244.63015747070312,247.92249003306156,243.54714415369878,245.2366321309471,9947581
2017-02-21,246.75282287597656,247.6192276248887,243.63376287142077,245.19330014487886,11288626
2017-02-22,247.92245483398438,249.43867035405165,243.59043126573476,249.43867035405165,30787289
2017-02-23,246.49288940429688,250.17513135109442,244.37019925230226,246.66617616868837,25499159
2017-02-27,241.5977325439453,247.40266546609772,240.0815167675434,246.92614133879212,15037984
2017-02-28,239.43170166015625,242.6807416423002,238.8685486905855,241.68437170788732,18179839
2017-03-01,241.8142852783203,243.4171441760515,240.21144092294892,240.51467820960735,19983162
2017-03-02,241.4244384765625,246.49291693515067,239.99486613774408,244.37022654607225,20040929
2017-03-03,239.0851287841797,241.64103601691448,238.30536737734727,241.38110585306288,9256168
2017-03-06,239.7782440185547,242.03089923068114,238.69523083215617,239.0851115073988,12565060
2017-03-07,239.12844848632812,241.94427131709887,238.26204369876191,239.99485327389434,9116307
2017-03-08,237.74220275878906,239.60497745269558,235.74946298139284,239.30174013358103,12969749
2017-03-09,236.96243286132812,239.08512310387835,236.1826569306608,237.39563524842737,11647809
2017-03-10,234.4065399169922,239.5616617244962,233.41017000347944,238.39201957104322,15749231
2017-03-14,248.87551879882812,249.6986164174102,243.5471251073694,243.5471251073694,43486006
2017-03-15,247.05609130859375,248.65895047572062,246.14637929572143,247.70590222334513,13414846
2017-03-16,246.49288940429688,249.0487964672702,244.7167727810852,248.26903511222895,10712223
2017-03-17,243.11392211914062,248.39899410479262,242.29082450260273,247.8791628786307,25016303
2017-03-20,238.3053436279297,242.33412988487152,237.39561722983444,242.33412988487152,12153226
2017-03-21,235.7061309814453,239.82157543979355,234.88304790671995,239.12844290051484,16304076
2017-03-22,229.59796142578125,232.84698657515688,229.16475904202187,232.11054688547418,24534011
2017-03-23,231.28744506835938,232.41376535791892,229.4246560640749,230.89754986644616,13209523
2017-03-24,238.04542541503906,239.8648928447368,233.62675827218007,233.62675827218007,19227304
2017-03-27,236.6591796875,242.59407707958994,235.83609661084952,242.59407707958994,12341637
2017-03-28,239.99484252929688,240.47136659536037,238.34867641509234,239.99484252929688,13884032
2017-03-29,244.5001678466797,245.02002817826093,239.69161974552728,241.68435951381028,18910842
2017-03-30,243.76370239257812,245.40988297503668,242.37745194846764,243.6770735554885,16543030
2017-03-31,239.86489868164062,245.10666355442638,238.86852883007003,242.89731538687383,19741901
2017-04-03,248.39903259277344,249.00553638277822,239.86493413831687,241.55442224102117,20449617
2017-04-05,246.7961883544922,248.2257607223046,245.10668580578906,248.2257607223046,10569529
2017-04-06,243.33053588867188,245.7997998549876,241.94428524031886,244.24027696456665,17014957
2017-04-07,240.298095703125,245.19330146592134,238.9118451889247,242.6807160466506,18994042
2017-04-10,240.55801391601562,241.7276705256613,239.21508507919472,241.20782475941442,10395338
2017-04-11,245.75648498535156,246.27631623759643,239.77826561856,241.1211945286423,13734771
2017-04-12,243.28721618652344,247.7492345832669,240.99123898581996,245.88644526246458,18252914
2017-04-13,245.02000427246094,247.61921842260264,242.07421660174575,242.8539779383163,15178825
2017-04-17,244.67344665527344,247.53259113168508,243.0272804949908,245.19330696992373,8250861
2017-04-18,245.53985595703125,252.64441012856986,244.80343079144322,245.53985595703125,19072022
2017-04-19,243.07061767578125,246.92613224954889,241.59772365083847,245.5398670735401,15189575
2017-04-20,236.3126220703125,239.34505332314842,235.4895389888482,238.21871839098404,31912290
2017-04-21,233.19357299804688,237.22235975227397,231.3307837399091,236.22598985187813,18165879
2017-04-24,232.76036071777344,235.09967412553925,229.77126549897832,233.75673063815907,24418208
2017-04-25,236.09600830078125,236.7891408301612,233.92999641339486,235.66280592330398,13685114
2017-04-26,239.90821838378906,240.81795943955217,236.52924250107571,237.39564731932845,15205419
2017-04-27,237.5255584716797,240.0381436618201,236.83244054896736,239.95150028589126,14909618
2017-04-28,241.2944793701172,242.07424078458467,236.44259502099183,236.96244081142393,9367499
2017-05-02,238.78189086914062,243.33052330151025,238.26204508510392,242.7673558236071,16780204
2017-05-03,236.3126220703125,240.03817132574125,235.01301490868033,239.04180147244833,24205196
2017-05-04,258.01611328125,259.70561562703364,245.92972488053474,252.6443980296969,122120948
2017-05-05,258.6659240722656,261.43842508082867,255.11366169953186,259.9222095017319,48189321
2017-05-08,262.47808837890625,266.9833983979218,259.9221815607617,259.9221815607617,30347849
2017-05-09,260.4421081542969,264.5575385815841,258.5360116124186,263.64779746626715,15194182
2017-05-10,258.7525939941406,262.21821333911157,257.626258981608,260.87528438869913,15054831
2017-05-11,260.09552001953125,262.0882598458964,259.53235251959825,261.3951418016417,10261128
2017-05-12,256.9331359863281,260.3987552646227,254.11729850917138,259.92223115962105,16605029
2017-05-15,261.4817810058594,262.9546604619069,258.3627062295716,259.4890412114024,17095696
2017-05-16,262.21820068359375,265.0340380790238,260.83196464639923,262.3914874594237,19569431
2017-05-17,268.3697204589844,268.75960118220416,263.8210732417883,264.7741214729309,23363685
2017-05-18,266.8102111816406,271.05559219988965,263.9943734983323,263.9943734983323,27753950
2017-05-19,266.0304260253906,270.6657169658261,263.12797397095903,266.76688037058784,16728969
2017-05-22,263.2579040527344,269.92924162813006,261.8283317151496,268.19643196161337,14850717
2017-05-23,265.1639709472656,268.3696888323138,262.3481628242113,262.65140011934386,29771017
2017-05-24,265.72711181640625,268.2830186221708,262.7813243723559,265.8137551898828,20506719
2017-05-25,275.25762939453125,277.12041854991656,265.1206732544349,265.42391056038286,41775676
2017-05-26,278.59332275390625,279.8496083246176,273.3948936851579,274.6511792558692,21336089
2017-05-29,272.83172607421875,277.5969672612023,271.878677836822,276.60058278498354,11266657
2017-05-30,278.4633483886719,281.14920608626466,272.4418221442929,272.7883666017336,15573191
2017-05-31,282.83868408203125,283.66175254659356,276.0807041858026,279.84956025050144,128437479
2017-06-01,277.3370361328125,282.1455844574291,274.43458427646266,282.01563391085597,19883562
2017-06-02,275.64752197265625,279.8062883042021,273.4815245026386,278.9831906513728,13469524
2017-06-05,277.0337829589844,278.67994915524594,275.64751784100673,275.9507551554862,9831353
2017-06-06,276.3406066894531,278.16005927750956,275.25757911425836,277.72684243048843,10757211
2017-06-07,281.3225402832031,282.4055391579517,277.9002277739368,278.16015797437797,15076040
2017-06-08,277.42364501953125,283.31522047678516,276.81717043132466,282.36217236119177,20130322
2017-06-09,279.1131591796875,279.936227715069,273.87139432154464,276.3406580971321,10190305
2017-06-12,273.56817626953125,277.85689372946734,272.7884147467659,277.25041900836686,10376913
2017-06-13,272.7883605957031,276.1240290690473,271.9652920782718,272.96164736296896,9305516
2017-06-14,276.4272766113281,279.32975735876863,273.26489478808014,276.4706128471107,22264301
2017-06-15,274.4345397949219,276.73051661549005,273.524798862193,276.3839431011706,11206355
2017-06-16,274.2179870605469,276.6006078701205,273.48156178102533,275.9074897486245,23228635
2017-06-19,277.770263671875,278.72331194229514,274.6944958284463,275.51759354734554,10719809
2017-06-20,280.90948486328125,283.74305573745085,276.63507698318335,279.276557752988,16849368
2017-06-21,279.61273193359375,281.1015547167221,278.12387983715996,280.47721062422653,7142413
2017-06-22,278.1719055175781,281.7739242458445,276.87517291274156,279.9969224772391,9180870
2017-06-23,280.3330993652344,281.96599683277634,273.36919692256294,278.12384376095764,14937649
2017-06-27,276.5389709472656,281.5337818369202,272.26459309653876,281.43772214417635,18053262
2017-06-28,278.8923034667969,281.72587388615875,277.3554363120178,277.3554363120178,17157094
2017-06-29,281.6778259277344,285.1837844798613,278.65213647352346,279.9968840850284,34774280
2017-06-30,278.7001647949219,280.47716640363245,276.154744318645,280.47716640363245,12435467
2017-07-03,278.6041564941406,280.717352739659,277.355468275711,279.90088922146754,6106230
2017-07-04,278.07586669921875,281.2456316927477,277.2113880021932,280.8614221955481,8335899
2017-07-05,281.2936706542969,282.158149334277,277.11532283553674,278.5561304066054,6958589
2017-07-06,282.1581726074219,283.4549053910026,280.81342462616715,282.3983072224069,9967582
2017-07-07,278.2679748535156,281.91800889929203,277.787705673108,281.91800889929203,8477468
2017-07-10,279.9488830566406,281.67784017124603,278.55609087693557,279.5166291213388,1114874
2017-07-11,278.2199401855469,281.3897344763063,277.30744629848857,281.0054956677496,10893055
2017-07-12,280.8133850097656,282.97459623973305,277.21136629315316,278.26796431268684,8091465
2017-07-13,286.1443176269531,287.6811845758277,283.4067779544733,283.935091540839,13747313
2017-07-14,286.4805603027344,287.5851735326072,282.8785415227335,287.5851735326072,6196683
2017-07-17,291.52337646484375,292.5319299628771,287.00883469212636,288.16149238699546,12506474
2017-07-18,291.9075622558594,293.9246984016682,289.60227636634954,289.84241092386725,11772154
2017-07-19,290.32269287109375,292.8681134306283,289.506229476786,291.04309657548856,10780451
2017-07-20,288.73785400390625,291.8596038590594,287.9213904868203,290.0826019250033,8458004
2017-07-21,290.1305847167969,291.90758645238554,284.5114590557478,287.6812237524064,9705981
2017-07-24,291.0911865234375,294.501115854644,289.6984232585582,290.27475223275036,15604131
2017-07-25,292.1477355957031,294.6931563806328,289.8904645927261,294.6931563806328,18129742
2017-07-26,298.10302734375,298.72737129247326,292.53188836189184,294.69309924744834,26050717
2017-07-27,295.077392578125,302.0412956093191,293.3003907695733,302.0412956093191,28535869
2017-07-28,284.4634094238281,292.0036408816226,282.2541830766894,292.0036408816226,30571846
2017-07-31,290.65887451171875,294.3569525630731,284.55945088329025,287.05685614610746,21526493
2017-08-01,290.65887451171875,293.156279774536,289.50621690940295,291.90756248647716,10722862
2017-08-02,289.9385070800781,292.43591265506393,287.8733554883164,290.27470136555195,8348096
2017-08-03,284.03118896484375,289.6022994173692,282.92654646169746,289.45822453405094,14389817
2017-08-04,284.55950927734375,285.76018231226925,282.30223810902254,283.35883624241825,10099985
2017-08-07,288.30560302734375,291.0431434072015,284.9917630418793,285.5200474514543,11870705
2017-08-08,283.83905029296875,289.6502949272845,282.25416805754634,287.96935300507573,10288608
2017-08-09,279.1324157714844,282.7824493237056,278.4120120982854,282.7824493237056,12959158
2017-08-10,277.3554382324219,281.8219355309068,251.22878436018507,277.59557281097807,17225844
2017-08-11,275.6264953613281,278.2199313569565,269.2388917880867,272.74488026842687,17211539
2017-08-14,280.2850341796875,281.2936168745906,276.2027468421403,276.2027468421403,8428420
2017-08-16,283.3108215332031,284.12725574771025,275.9626790961863,280.1890716370322,8605873
2017-08-17,281.5818176269531,286.09635969647144,279.80481577774674,286.09635969647144,8168684
2017-08-18,281.5818176269531,282.7344753976018,279.32454659219394,280.4772043628426,6700778
2017-08-21,281.91796875,287.9213326501278,280.7172959699745,283.5989106420358,10623264
2017-08-22,282.3502502441406,285.61607466201747,280.62126368410946,285.27988038812504,7549155
2017-08-23,286.8167724609375,287.39310136431857,283.64697814899455,284.31936675515675,9142592
2017-08-24,285.9522705078125,288.3055718113895,284.943687680591,288.16149692558736,12766567
2017-08-28,289.0260009765625,290.32273368944954,286.33650516067576,287.8733724754564,8827300
2017-08-29,287.6812438964844,290.8510088150969,286.33649603141555,288.1615130849593,12737088
2017-08-30,288.44964599609375,290.370722637595,287.5851673700788,289.8904534772197,8552010
2017-08-31,286.2884521484375,289.025992391371,285.2798985757644,289.025992391371,14865124
2017-09-01,286.5285339355469,287.8733108690066,285.42392086589035,287.8733108690066,7472688
2017-09-04,285.37591552734375,288.16147054663446,282.87851025327944,288.06541086045877,6244661
2017-09-05,285.856201171875,287.2009489161799,284.99172257291485,284.99172257291485,7683590
2017-09-06,283.6950378417969,284.31938197333363,282.6864548785693,283.2627838127983,4854030
2017-09-07,281.1015319824219,286.7206869870395,280.5732476345676,283.88708723286817,15630577
2017-09-08,280.4772033691406,283.16669907338587,278.6041418267988,283.16669907338587,8077662
2017-09-11,279.32452392578125,282.1101084265889,277.64358191275016,281.4377198960555,7639794
2017-09-12,279.7087707519531,281.82193746980425,279.03638220204857,281.1015337291793,8497603
2017-09-13,280.4772033691406,281.67787632876883,279.7087844003005,280.5732630685718,8297426
2017-09-14,282.1101379394531,283.9351550247214,280.18906115215907,280.18906115215907,12267908
2017-09-15,280.0929870605469,283.8870959325496,279.4686429994126,282.8305272044627,22632513
2017-09-18,281.43768310546875,282.7824306774427,280.6212198003529,282.30216159364494,11181986
2017-09-19,283.02264404296875,283.83910757547494,278.1719366709779,280.3811633464119,7558625
2017-09-20,279.08441162109375,281.2936674596247,278.17191775776325,280.4772039826308,14617079
2017-09-21,273.7054138183594,278.9403302237339,272.4566963787505,278.0278363816816,14496834
2017-09-22,266.1651611328125,272.744854161119,264.8684286024701,272.40865990313364,23451953
2017-09-25,268.4704895019531,269.6231473360497,264.67635100191603,267.94220509408757,13358067
2017-09-26,271.59222412109375,272.79289708360966,265.8289939010175,268.47047441855244,11325047
2017-09-27,265.4928283691406,273.5133304902521,264.53228989507477,273.5133304902521,17853590
2017-09-28,265.0605773925781,266.8375499429648,258.5288988278336,265.0605773925781,32223724
2017-09-29,265.6849365234375,270.5356438864623,264.86847299244045,266.50140005443455,9980756
2017-10-03,267.4138488769531,269.6231044890043,264.29209949511494,268.4704468380818,6752832
2017-10-04,265.2046203613281,268.3743849049159,264.24408209802255,268.23031002808034,7417758
2017-10-05,261.0743103027344,266.45333089445,260.4019510495849,265.1085830748471,10975305
2017-10-06,261.21844482421875,263.61979096412404,259.8736675352259,261.41053492742674,25447787
2017-10-09,261.0262756347656,265.3967130507078,260.5460064983631,262.56314273391405,20478222
2017-10-10,259.15325927734375,262.2269940093697,258.52891515426853,261.1223806664971,18594444
2017-10-11,257.04010009765625,261.2664634974535,255.6953521040809,260.4019847382485,12687990
2017-10-12,256.9920349121094,257.37627371934116,253.63015054196916,257.04007941966603,11831125
2017-10-13,260.5940246582031,263.8118337714526,257.0400505962801,257.0400505962801,14402254
2017-10-16,263.4276123046875,265.1085542245898,259.6815190315654,263.7638065513281,12848154
2017-10-17,263.0914611816406,265.6368820720551,262.41910189145307,263.9079246820807,9183764
2017-10-18,252.76568603515625,257.80851287332285,251.9012072969891,257.80851287332285,30669948
2017-10-19,247.6748046875,250.70049444748153,246.47413182137223,249.3557467000789,3822821
2017-10-23,252.1893310546875,254.01437736300363,246.37808578584017,248.1550875888667,22939775
2017-10-24,256.031494140625,257.5683614153495,244.93728754761395,252.86172920356614,15126641
2017-10-25,293.6365966796875,298.5353190035518,273.12909625119164,281.62986684020575,123615362
2017-10-26,287.44110107421875,302.23338579315515,283.3588130890377,287.969385441097,43256025
2017-10-27,289.2661437988281,293.39647665675875,274.23372315575375,280.3811632762687,36889009
2017-10-30,288.6897888183594,296.27806521957683,283.59894729835906,286.81675662740264,38047961
2017-10-31,288.257568359375,291.2832583376493,286.5285817194293,288.40164325104433,19050731
2017-11-01,301.0327453613281,306.36375136441507,290.4668223764402,291.0431513110046,38829935
2017-11-02,304.1544494628906,307.7564681190435,299.11162334427655,301.08074446428856,27736221
2017-11-03,303.43408203125,306.07556269509377,301.6570800856392,305.259099172699,14258432
2017-11-06,303.62615966796875,307.6123877132236,299.35175254741335,302.3774423016043,16349376
2017-11-07,300.12017822265625,305.403138426642,297.14250388138606,304.5866750779114,12752869
2017-11-08,293.4444274902344,301.60900239585465,291.9075604688693,299.6879259474734,11942186
2017-11-09,299.01556396484375,302.3774480474508,294.6931415729204,294.6931415729204,12716330
2017-11-10,305.93145751953125,311.40653771537484,298.7754352494045,300.16822755056046,21000915
2017-11-13,301.84918212890625,309.1012350816218,300.6485091689663,304.4906626407742,13679015
2017-11-14,301.7051086425781,304.5867237598648,297.57477605315097,300.9366603566521,12362405
2017-11-15,303.0498352050781,306.9880481179473,300.3122951733701,300.60047425283045,14408468
2017-11-16,306.36370849609375,307.372262005478,303.5301087304095,303.6741836155639,8983382
2017-11-17,312.27105712890625,319.234960917526,311.02233955123836,311.2144589672818,20440466
2017-11-20,305.9794921875,311.118378432938,304.68278881258374,310.5900940441429,13606336
2017-11-21,307.2762145996094,309.48547040910876,305.0189435975726,306.1716013515118,13102056
2017-11-22,306.315673828125,309.3894082722002,305.4992103682953,306.79594300293024,9342622
2017-11-23,306.843994140625,307.8525477041936,302.76170606654443,307.1321439264147,9998609
2017-11-24,304.6827697753906,308.3808188925056,303.48209686378095,307.2762056764854,7867381
2017-11-27,304.49066162109375,306.02752886733117,301.12877734452013,302.6176000845381,9334428
2017-11-28,300.8406066894531,302.90575816770223,299.4478144318908,300.7445469969829,13929413
2017-11-29,302.42547607421875,303.81823895886544,299.9760859309276,300.2642649960037,12384876
2017-11-30,295.4135437011719,303.3379847100113,294.1648556311607,302.521550602167,23832543
2017-12-01,293.2043151855469,297.7188569071728,292.38785177036317,297.47872233290127,6602231
2017-12-04,292.2438049316406,295.365554696728,290.37074334726606,295.1254200994136,8763567
2017-12-05,293.2043151855469,295.46158604635986,291.71549255038434,292.7720612265371,8219441
2017-12-06,287.6812438964844,292.96420496970865,286.38451122494104,291.8115471920468,6751957
2017-12-07,293.7326354980469,294.6451587173595,288.3536438262233,289.60233204004527,7414305
2017-12-08,298.4872741699219,299.59188734280576,294.8852555757555,295.1253901486999,10732806
2017-12-11,299.15972900390625,299.92814808231645,296.08599406364783,298.7274749514825,6829121
2017-12-12,295.4615783691406,300.0241351617472,294.21286102739356,299.7359560921278,11995276
2017-12-13,290.9950866699219,296.2300027622444,288.3536063725208,295.84579330891927,14805881
2017-12-14,292.3398742675781,293.92475679942356,289.4582590048387,291.85960505712154,11140346
2017-12-15,291.1871643066406,298.43924567419646,290.61083549461017,298.1510666115307,23227021
2017-12-18,296.7102966308594,299.97612122620416,275.6745121904834,286.24043426050196,16300443
2017-12-19,301.3208923339844,302.37746106909026,296.326081185121,296.9984697559194,13135113
2017-12-20,303.3380126953125,305.30713398836957,299.2077093319433,301.7051150156736,14003657
2017-12-21,303.0018615722656,304.0584304019551,299.7840519467662,302.95381706244814,9705688
2017-12-22,304.1064453125,306.603850867421,301.416920363622,302.569578100756,7628532
2017-12-26,305.59527587890625,306.4117393542667,300.8406285458746,303.77025884259194,7632721
2017-12-27,300.45635986328125,305.3551109148862,299.78400066062284,303.48207887180024,6354635
2017-12-28,302.85772705078125,306.6038500295778,298.24715474145233,300.45638119940077,22689602
2017-12-29,301.6090393066406,303.2899814046872,300.1682317940293,301.51297960980577,9637881
2018-01-01,298.0550537109375,301.6090575152612,296.9024252192447,301.6090575152612,7739502
2018-01-02,297.4787292480469,299.3998058868762,295.3655332200133,298.6794021473152,7046560
2018-01-03,302.5696105957031,303.86634336091754,300.1682644798642,300.1682644798642,8898342
2018-01-04,302.28143310546875,303.19392695794096,299.2076986333517,302.5215676950621,6385367
2018-01-05,300.55242919921875,302.7136403813511,299.30374113041887,302.0412811571138,6366054
2018-01-08,301.7530822753906,305.6432797359132,300.2642597285034,301.12873828196376,7329648
2018-01-09,300.2642517089844,303.3379564073391,298.4872501495371,302.3774181928595,9190909
2018-01-10,299.68792724609375,300.6004502883492,298.2951350896619,300.2162115463677,6736971
2018-01-11,297.28662109375,300.1682361608946,296.37409793049915,300.1682361608946,8366713
2018-01-12,305.1630554199219,306.219624188554,297.3826886698631,297.3826886698631,11699345
2018-01-15,316.3052673339844,317.6500444763466,307.6124069806947,308.1406913485483,30242005
2018-01-16,320.9158630371094,327.3034370912702,313.6637810322847,316.73751542434735,26707100
2018-01-17,329.70477294921875,330.61729606362,320.8678088243847,320.8678088243847,43305353
2018-01-18,332.49029541015625,339.262107376219,329.4646059123963,336.1883733799962,31504669
2018-01-19,339.6463623046875,340.99111011572256,327.35145398577214,333.7390573864702,18812611
2018-01-22,337.6292419433594,338.9739898181683,331.1936230458595,338.4937206262148,15269782
2018-01-23,348.00299072265625,350.06817137799766,336.620636091573,336.620636091573,22485663
2018-01-24,338.82989501953125,345.02537895711623,337.9173718831013,343.6325866569449,12815095
2018-01-25,346.5622253417969,350.40437874608864,336.86081144660346,338.5897687532131,30183655
2018-01-29,343.5364990234375,351.26884951882226,341.56740733755566,345.7937697721101,17855095
2018-01-30,339.31011962890625,342.7200185183992,336.668639575178,342.7200185183992,13358981
2018-01-31,339.02203369140625,339.9825720735173,330.0409939560072,335.08382046209005,22638319
2018-02-01,332.53839111328125,341.85559559364987,330.233075604489,333.83509444534644,29472295
2018-02-02,321.87640380859375,330.13703940069354,320.5316559943691,329.0323968583231,16957983
2018-02-05,316.6894836425781,321.0599211050751,314.14403374188873,314.67234738554026,17339547
2018-02-06,317.6500244140625,324.61392702063455,300.64848494580013,302.8096960995639,18491736
2018-02-07,319.4270324707031,323.1251111649826,316.8816115791334,322.11655757259075,11819190
2018-02-08,320.6756896972656,325.0461268605107,316.49734258949394,319.4269724268384,10294899
2018-02-09,313.85589599609375,315.6809129410615,309.917683022235,312.174953936436,9493398
2018-02-12,313.3756408691406,316.2092407647735,310.4940257806888,315.8730464751265,8356351
2018-02-14,306.36370849609375,314.09603023684775,304.0583930804101,314.09603023684775,15189066
2018-02-15,315.6809387207031,318.70662881251513,309.4374391321077,309.4374391321077,23779772
2018-02-16,308.380859375,320.8198440975171,306.21964785039097,317.31388459803503,17585994
2018-02-19,307.132080078125,316.59338692208115,302.761643126805,316.4973272423524,19044107
2018-02-20,304.73077392578125,311.4065267977821,303.81825082069827,307.85252338286176,16030558
2018-02-21,306.6038513183594,308.0446588352439,303.24196711229536,306.4117319241198,9974873
2018-02-22,305.7873840332031,306.69987786115314,301.56102123259893,304.4906514215861,25530698
2018-02-23,310.0137634277344,311.262451601579,305.7874004009081,306.45975968170706,7949765
2018-02-26,314.1440734863281,314.86447728974883,310.3979795712017,312.17498148230055,7133735
2018-02-27,309.4374084472656,314.1440402692819,307.03606268977745,314.0960250794532,9623651
2018-02-28,300.88861083984375,304.49062932555614,298.82345943736226,302.71362767661105,17481687
2018-03-01,292.91619873046875,301.609059582279,292.24381012072735,300.31232687109525,18986889
2018-03-05,291.37933349609375,294.40502363490054,287.4891353347941,292.4359316132358,14456193
2018-03-06,283.4068298339844,295.5576634718002,282.5903956831182,295.2694843774025,18951451
2018-03-07,275.3863525390625,282.20615127111074,274.08961992335486,281.72588210331554,31472773
2018-03-08,285.23187255859375,286.24042609299585,277.83571559529884,278.79625393789274,21413552
2018-03-09,281.14959716796875,287.68124646420455,279.2285203969223,287.2009772714429,12489587
2018-03-12,288.78582763671875,289.9865004851279,282.1581193761604,283.9351210544664,12163952
2018-03-13,292.3398742675781,294.88529522033673,287.77731676824067,288.25758597869725,15966647
2018-03-14,293.9727478027344,295.31752493198974,286.04830648234076,291.18719247398406,12964285
2018-03-15,289.5543212890625,293.684624810461,288.545738350135,293.684624810461,13282019
2018-03-16,286.3364562988281,289.9384747125672,285.6640678029431,289.3621459037088,28835112
2018-03-19,282.9265441894531,288.161489643294,279.7567795286979,286.3364727382136,13601784
2018-03-20,280.4772033691406,285.4720146065157,278.79626122566117,281.4377417368432,10880002
2018-03-21,277.7876892089844,283.4068148360719,276.0106874841358,283.35879964619875,13618228
2018-03-22,272.0724792480469,278.2199186358275,269.8152083324898,278.075843750431,24593489
2018-03-23,264.6763000488281,266.88555558665627,262.7552235706997,266.1651519073581,31922568
2018-03-26,270.53564453125,271.9764521846882,265.06059303616894,265.2046679388514,24618534
2018-03-27,272.6968078613281,275.9626321031467,270.29546219627014,273.2731366836024,22377328
2018-03-28,267.3658752441406,272.1205228382597,266.1652022183571,271.8323730373942,27172599
2018-04-02,251.51698303222656,263.04344370068094,248.58732335767786,262.2269802073377,73359584
2018-04-03,259.393310546875,260.78610256212056,251.084661576524,251.084661576524,40773239
2018-04-04,258.04864501953125,262.51514288514903,255.02295480819706,256.70389707152793,33486876
2018-04-05,267.65399169921875,268.9507242681723,257.1361148917129,257.23214527116653,26759108
2018-04-06,269.5750732421875,271.78432896286546,266.0691142420913,267.4138620254196,31577015
2018-04-09,269.7672119140625,272.2646175835017,263.52371239711715,266.78953705101213,31712527
2018-04-10,277.4034729003906,282.8305382074588,268.0382236791278,268.4224624824391,44741783
2018-04-11,273.3211669921875,276.53897622404037,271.2080002780133,276.39490133882674,16811454
2018-04-12,275.43438720703125,278.4600773154325,272.3606525904709,274.0415947966167,22954325
2018-04-13,276.87518310546875,279.6127233023902,274.5218523910458,276.63504851474414,17497198
2018-04-16,276.2508544921875,277.5475872173309,272.8889700339005,273.7534487462274,16874313
2018-04-17,280.23712158203125,281.6779294050751,275.4824440406624,276.25089246760524,15406113
2018-04-18,278.6041564941406,283.26277368541554,277.5956028802787,282.11014517147424,20755245
2018-04-19,278.1719055175781,279.5166533134702,275.96264977625935,279.5166533134702,17282341
2018-04-20,271.0158996582031,278.7002067436786,268.66259820125936,277.8357280592237,19745690
2018-04-23,268.3744201660156,271.6402448276835,264.3881917122164,268.9507490623818,11620499
2018-04-24,272.88897705078125,275.2903231541614,268.326419454359,268.326419454359,15412234
2018-04-25,267.89410400390625,274.3777369963742,265.92501237595826,272.840869979944,7961352
2018-04-26,267.84613037109375,269.33495311946047,264.48424607566784,268.75862423472654,14112673
2018-04-27,276.5389709472656,280.189034078414,265.1085710300091,266.4533187885153,16488361
2018-04-30,272.9849853515625,279.51663379745395,271.1599392060239,277.54754208880615,9737559
2018-05-02,265.97308349609375,272.55277755704856,264.6763507622359,272.4567178520764,14211445
2018-05-03,270.7757873535156,272.4567296668477,266.35730455295266,266.35730455295266,14724116
2018-05-04,271.68829345703125,274.3297740682546,267.3658706386658,269.38300714989754,11861951
2018-05-07,278.364013671875,281.4377482449233,271.68828944995306,272.79290273569353,19673100
2018-05-08,297.0945129394531,302.0893243034977,288.16151761859874,290.08259440272275,87176185
2018-05-09,294.6931457519531,297.5747607207661,292.2437847537834,292.96418849598666,20140490
2018-05-10,294.7412109375,300.5524564737153,293.6365976512738,296.2780782246999,16239386
2018-05-11,298.679443359375,299.54392210346913,295.41358917209703,295.7978280035231,16671145
2018-05-14,297.8629455566406,298.7274242013149,293.1082690409766,297.7668858598315,10425585
2018-05-15,296.0859375,304.97091697080293,293.0122031469415,298.4392681121826,16400700
2018-05-16,285.5200500488281,292.86816322022406,283.6469883736477,291.9076247843996,25515791
2018-05-17,284.3193664550781,288.11350486113537,282.446304849393,287.2009816556363,10668400
2018-05-18,274.8100280761719,283.6469633171454,273.36922054971166,282.54235007618666,17469524
2018-05-21,277.88372802734375,281.43773158496685,276.3949053364307,278.0758474192761,23155638
2018-05-22,278.84429931640625,282.25422838974407,275.5304592636948,278.07588028446634,11284988
2018-05-23,280.52520751953125,286.62463177700386,277.4034579473834,277.4515024518601,15887229
2018-05-24,285.9522705078125,287.20095860250206,279.70877140775815,282.11011721547135,11489424
2018-05-25,283.9831237792969,289.07399402109894,282.9745703562185,286.6246039298647,13541580
2018-05-28,287.44110107421875,290.37073131473295,281.7739306750988,282.15814015221974,19063427
2018-05-29,278.4600524902344,286.96082246611724,276.9231853189686,286.96082246611724,12969969
2018-05-30,273.6573486328125,276.779098025969,271.5921972046155,274.6178869076299,25142319
2018-05-31,274.5218200683594,277.5475390058795,268.27832144464026,273.7534011938375,23698686
2018-06-01,277.88372802734375,288.11348472501703,275.5304266993424,283.3588082510758,29675949
2018-06-04,275.43438720703125,281.72590202471173,274.2817293974947,281.72590202471173,17188567
2018-06-05,272.88897705078125,276.6350711093929,271.9284386094292,276.6350711093929,12376050
2018-06-06,272.6968078613281,275.57842265939775,270.00731244178377,274.42579432815086,16873633
2018-06-07,279.4206237792969,281.485775543759,275.8186046622211,276.1547989758095,20297969
2018-06-08,276.87518310546875,279.42060390448864,274.2337026074981,278.65218493949175,11340014
2018-06-11,275.0981750488281,278.8923132217767,272.024469945062,274.1376367076567,16876061
2018-06-12,276.0587158203125,277.7396579321608,273.993564231274,277.1633290597234,14257648
2018-06-13,279.2765197753906,281.34167132465456,275.09817217232427,277.5955776959171,10927770
2018-06-14,273.5133056640625,279.37259568669117,272.8889615752516,279.37259568669117,11400592
2018-06-15,271.35211181640625,277.11534250985204,268.95076569413715,275.866654251595,47186222
2018-06-18,281.43768310546875,282.59034063190273,272.21651083389264,272.79283959710966,27792317
2018-06-19,281.24560546875,283.8390706313116,276.97122757683553,283.8390706313116,27176748
2018-06-20,281.6298522949219,282.97460010483087,279.51665622699085,281.0535234297313,20364143
2018-06-21,286.1924133300781,288.49769950920756,282.92655948689855,283.16669407458505,30192796
2018-06-22,288.78582763671875,290.754948696091,283.98313624308196,286.4325264418179,17490606
2018-06-25,278.2679748535156,288.64177742499913,277.40346687813826,287.96938884710664,15461874
2018-06-26,276.7311096191406,277.69164798691736,273.4652850313606,276.2027959288806,11614686
2018-06-27,268.0382080078125,276.538978051223,263.18750118931615,276.538978051223,25318055
2018-06-28,260.69012451171875,267.41389353390247,259.1532571582726,267.02968402386756,34197884
2018-06-29,264.5322570800781,265.1085859556861,258.96114634691077,261.2664325360385,20930477
2018-07-02,266.4533386230469,268.85468455388417,260.30589890276434,263.1875140197691,69733139
2018-07-03,262.1308898925781,265.8769833096738,261.4585306867569,265.01250472315974,14020388
2018-07-04,262.4671325683594,264.00399995749615,260.3059210467535,263.379655825027,8233522
2018-07-05,260.83416748046875,264.62830554665857,260.0657485544748,262.2269597612987,7505990
2018-07-06,259.393310546875,261.2183564463823,256.51169615392337,260.4018931723865,26025797
2018-07-09,260.49798583984375,263.8598697240651,259.3453282113617,263.09142153397664,18374471
2018-07-10,262.61114501953125,265.0605350828208,261.17033768111395,261.2663973663352,14450561
2018-07-11,258.1446838378906,264.0519888797991,256.94401088980743,263.715794591675,12717543
2018-07-12,261.5545959472656,262.89937316486447,258.432846131122,259.72957884048895,15837704
2018-07-13,257.18414306640625,262.5151191805563,255.55121614701218,262.2269694010417,19159840
2018-07-16,249.01956176757812,256.079524347661,246.37808136310042,254.83080693210763,29794402
2018-07-17,255.9354248046875,256.94397822755013,249.7399414548151,249.98007601390626,15128995
2018-07-18,252.3334503173828,256.7999480308659,250.70052330615835,255.50321532351768,22908592
2018-07-19,250.8926239013672,253.91831378278974,249.16363731676606,253.53410431286844,15145144
2018-07-20,255.31109619140625,257.13614261060536,251.4689425733968,251.4689425733968,13794388
2018-07-23,264.6763000488281,265.3967037281263,254.87882759835344,254.87882759835344,16917863
2018-07-24,263.5237121582031,266.9336117044289,262.5631737718516,262.85132356243497,12012225
2018-07-25,263.81182861328125,265.6848899553071,261.50654263999667,262.2269463387295,17947377
2018-07-26,274.3777770996094,275.19424056954466,262.46710727967917,264.1480494123029,36630780
2018-07-27,281.6298522949219,283.50288446516174,271.0639305818741,273.65736650527634,30926969
2018-07-30,295.2214660644531,296.2780641061345,282.6384078880019,288.1615033692458,56119080
2018-07-31,292.2438049316406,296.32609308598563,290.2747129589846,292.2918201257814,20824059
2018-08-01,287.4891357421875,293.5885605370862,285.0877897058735,290.6589300981056,15581508
2018-08-02,286.7686767578125,288.8818725885184,282.4942992235354,283.358777767624,14089168
2018-08-03,292.9642333984375,294.6451757212154,285.80821007043124,288.1615410476434,14478297
2018-08-06,302.66558837890625,305.4511432566371,294.6931038442913,294.83720802288184,25849864
2018-08-07,300.7925720214844,305.5952636690039,298.15109161534866,301.56102027306963,20751115
2018-08-08,306.12359619140625,307.3722843713427,296.08595830458245,300.64851565071956,17916047
2018-08-09,319.85931396484375,332.2022393003229,307.6124483400637,307.6124483400637,76423347
2018-08-10,315.6329040527344,326.8711850308625,312.51115445103704,320.86782041221375,36321097
2018-08-13,312.078857421875,314.52824743637245,309.29330248575025,311.2143788987052,15332907
2018-08-14,319.33099365234375,320.3395472181133,311.8868212657159,311.8868212657159,15314006
2018-08-16,321.1079406738281,325.8146017755495,315.77696485557965,316.54538376716954,37463597
2018-08-17,326.5830383300781,328.69623442106496,322.59681004841593,323.5093038910616,24090696
2018-08-20,325.0942077636719,328.9363610629876,323.41326569522124,326.5830304418354,13032778
2018-08-21,325.4784240722656,328.3600391073219,320.8678224281932,324.95011039452294,16009673
2018-08-23,323.8935852050781,325.334392916287,321.5402542181138,323.26921174624124,18867868
2018-08-24,318.5387268066406,323.7005749487792,315.7889544837925,322.6392556994344,17805968
2018-08-27,327.94580078125,330.26138752554505,319.3105875866916,319.3588173221691,28083933
2018-08-28,326.98095703125,331.41918195059463,324.4723925599437,329.97193661456583,16427306
2018-08-29,328.6694030761719,330.59906348401,323.9899706983082,324.52064497703236,18868248
2018-08-30,332.23931884765625,333.3006380638099,325.8232032578547,327.2704487041686,22349447
2018-08-31,330.55084228515625,334.6031115796626,326.59503245810714,330.9367684878309,19809916
2018-09-03,322.3980407714844,331.90162517180124,320.8543063934564,331.5156989383653,12859450
2018-09-04,316.9467468261719,324.61715932616244,315.7407089767572,323.02516580950834,15470215
2018-09-05,318.0563049316406,319.6965282318626,313.18392365719745,315.4995105059993,14548867
2018-09-06,317.0914611816406,319.6000257632807,314.0522517311634,318.3939879302117,11322771
2018-09-07,323.3146057128906,324.568873194418,311.1095095791445,315.9336605762205,16435004
2018-09-10,321.1920166015625,323.94178897914804,318.77994073425685,320.1306973310909,16673909
2018-09-11,315.0652770996094,324.85832678305286,313.66629103360304,321.9638363018648,13005562
2018-09-12,311.5437316894531,315.5477719788242,307.29848379898397,315.4995422363195,15263406
2018-09-14,316.8020324707031,320.32365714991016,312.7497334639847,315.69248352304663,10736693
2018-09-17,314.2452392578125,315.9819220133018,310.0482215803821,315.7889441763435,7227361
2018-09-18,307.6361083984375,316.51252837680624,306.52655958167645,312.8461854750879,14825218
2018-09-19,309.6623229980469,313.280436931919,305.851231209987,308.7457223570847,15942065
2018-09-21,305.94769287109375,321.96388167986584,297.5054277777649,312.0743711419663,34169460
2018-09-24,297.891357421875,305.6582296190474,294.8038886603556,305.6582296190474,24382310
2018-09-25,300.15875244140625,302.47433958284796,289.4973585311637,296.202941792454,30472132
2018-09-26,302.0883483886719,304.21095721044395,294.3697066128861,303.92151992156465,23224979
2018-09-27,295.865234375,304.8864044460425,294.56270745449024,304.5487079193493,24888615
2018-09-28,294.80389404296875,300.6411351761249,291.1857803240109,298.2290593634864,26289107
2018-10-01,302.9566955566406,303.9697555315853,289.9797170425047,295.52749092610566,21104376
2018-10-03,293.01898193359375,303.43913768200264,291.8129440254777,300.1587204607839,19105555
2018-10-04,305.3688049316406,309.95174908148357,284.4319746167492,288.4842738532719,56268976
2018-10-05,296.4923400878906,310.5306386514495,288.82195685198286,303.58384869790655,36131946
2018-10-08,299.9175109863281,303.00495034504894,288.09833956138357,296.4923456823244,20488368
2018-10-09,295.479248046875,300.93053277504686,292.3435499043367,300.4963768526486,14852835
2018-10-10,308.60101318359375,311.5919933498115,293.79086046974265,296.29942542993456,23972064
2018-10-11,300.7375793457031,304.35569252626124,293.3083751705783,299.09735625947127,21691068
2018-10-12,308.1667785644531,312.84621120534024,302.5707748448926,302.81198240943024,25930022
2018-10-15,302.3295593261719,306.7195251075457,298.66318677509076,305.7546948747794,23756416
2018-10-16,309.3728332519531,311.5919606332403,302.71550999666033,302.71550999666033,18042549
2018-10-17,303.7285461425781,316.6090356662372,300.689336791762,313.6663152277592,20203287
2018-10-19,304.3557434082031,310.1929552043183,299.29038410859914,301.8471786281136,18322589
2018-10-22,315.59600830078125,318.2492917206308,304.982874621383,308.9386848816521,33593953
2018-10-23,311.4954833984375,317.0432578933425,307.1537468372075,311.6402020616214,21509920
2018-10-24,310.67535400390625,318.393996339407,305.12757982526506,317.187958474485,33104174
2018-10-25,308.6974182128906,310.7235379720908,300.83402893642716,307.2984027179386,26920180
2018-10-26,304.5486755371094,312.02611029412265,301.9918811542132,308.5527153568468,22952163
2018-10-29,337.1116943359375,340.5368595004985,316.75376951536026,317.4291624898606,80069836
2018-10-30,333.5418395996094,341.4052004933632,330.84029714882956,335.2302925897405,34460428
2018-10-31,342.5147705078125,344.0102457562593,330.2614134189738,333.3488822829555,31233009
2018-11-01,341.2604675292969,345.8434111674649,338.7519030174432,344.44439554231127,22157128
2018-11-02,341.984130859375,345.2162889908517,339.3308473850498,341.5499454222257,26714413
2018-11-05,337.3529052734375,339.4755436908108,335.7609411825494,338.65543205481276,22873951
2018-11-06,340.6816101074219,345.6987103732674,335.4232728043854,336.4363623611568,21349153
2018-11-07,343.3830871582031,344.44440634391776,342.0805604050208,344.20319877645005,2074764
2018-11-09,344.2997131347656,345.505751061226,340.00620633885256,344.34794287410995,15130936
2018-11-12,339.9580078125,345.6022717154155,339.13789605835194,343.4796329922426,10642857
2018-11-13,348.207275390625,349.2203649478686,335.56799162767186,335.56799162767186,17684864
2018-11-14,353.7068176269531,356.89074605310043,348.5931990269066,352.16308315440534,31774158
2018-11-15,356.9872131347656,361.71487574418,349.3650596080423,353.22438083112087,21967798
2018-11-16,354.62335205078125,362.1007866030077,352.6936915211744,357.0836868925997,29972926
2018-11-19,349.6545104980469,357.6626200134352,348.06254632057284,355.34700363425253,16002154
2018-11-20,345.3127746582031,352.597261431034,342.1288462967575,349.26858496238,19591217
2018-11-21,344.20318603515625,347.62832158869725,340.6333023910662,343.8172598303503,29323882
2018-11-22,339.6684875488281,345.8916546188471,338.6554275347708,345.0715429937951,12547369
2018-11-26,343.8172912597656,345.2645367432969,338.3660058273215,342.273556855142,20673027
2018-11-27,342.17706298828125,343.5760787131876,339.2343423253485,343.23838221638766,17933339
2018-11-28,346.3741149902344,348.8344207423944,340.8263401679674,344.3962244400106,18163000
2018-11-29,349.4615783691406,353.51384833283913,347.53191759282134,350.2334309019537,38692771
2018-11-30,342.65948486328125,352.1630694763634,341.35695803252537,352.1630694763634,21893877
2018-12-03,342.9971618652344,346.2775789027963,339.71674482767247,346.2775789027963,23427270
2018-12-04,345.36102294921875,346.47057192234604,340.87453843011605,340.87453843011605,18651442
2018-12-05,339.0413818359375,343.81730388467554,338.1248106626156,342.8042143424324,12068267
2018-12-06,335.4232482910156,337.64237565013235,331.27448977396887,335.95392262319496,17784829
2018-12-07,339.813232421875,340.58508485913995,333.1558800122613,337.30466783433917,14979672
2018-12-10,334.1689758300781,337.1599556089819,332.14282633828634,334.3136944842882,14107881
2018-12-11,330.74383544921875,332.86647401777105,324.18300078252486,325.5337573969282,36885929
2018-12-12,337.6423645019531,339.3308174731417,327.4633874947897,330.743804521385,24740214
2018-12-13,337.25640869140625,341.74289299688684,335.37500733375987,340.4885959808395,19129928
2018-12-14,339.52374267578125,341.5981217241628,336.87045961652365,336.9187187932606,12104234
2018-12-17,345.8434753417969,347.82136592230853,339.9097447116866,339.9097447116866,18378122
2018-12-18,349.5097961425781,350.1369299845496,342.1288498147597,344.2032291894127,15405953
2018-12-19,353.6103210449219,356.2636044906887,348.30375415338824,350.2334148412187,19442031
2018-12-20,349.4132995605469,352.6454870682235,348.4484692265709,350.28164097226824,12109613
2018-12-21,341.742919921875,350.715830351221,339.62028138550147,348.30375448910803,13555416
2018-12-24,340.3439025878906,344.5409204576331,339.1378646623488,340.9710364203153,9025217
2018-12-26,343.3348693847656,344.34792942571346,335.90566427020076,338.31774002891865,8695108
2018-12-27,343.1418762207031,348.0625164375753,342.4182535254067,346.8564786120813,10122458
2018-12-28,348.0625,350.04039016268933,345.6986541959534,345.6986541959534,13004606
2018-12-31,347.483642578125,350.71583012008324,346.856508743246,350.0404371014226,7314108
2019-01-01,350.95703125,351.97009131506957,343.8655224616585,348.7861630154639,7759872
2019-01-02,351.7771301269531,354.9610583108022,347.62834220743764,348.7861503348103,18243156
2019-01-03,350.474609375,354.38216034461936,349.3168012277061,352.1630624139711,12884409
2019-01-04,352.3560485839844,355.82941421941774,345.4574881633734,349.1238610869647,22896026
2019-01-07,354.76812744140625,357.9520557825124,353.6585489960862,354.5751495958849,12719847
2019-01-08,366.78021240234375,368.37217642057783,353.7067743369796,354.864552966476,21501136
2019-01-09,368.806396484375,370.0606641453259,362.39028062929196,368.2274923930572,21730142
2019-01-10,366.153076171875,368.7098704196601,362.82440006532687,367.55209179793894,14497154
2019-01-11,365.23651123046875,367.7933351715042,362.0525829053509,367.2144310821323,12537973
2019-01-14,360.2193603515625,365.3812078002834,359.5922266116501,365.3812078002834,14844029
2019-01-15,359.6405029296875,362.19729739700404,357.56612362391314,360.4123554104411,12960779
2019-01-16,362.1007995605469,366.39430617027557,358.96510108772685,358.96510108772685,15106484
2019-01-17,361.4254455566406,364.65763303355703,359.6887333054408,362.7762021224951,13171721
2019-01-18,358.9168701171875,363.16211753079205,357.3249060176213,361.4254347756805,12212121
2019-01-21,358.62744140625,362.9209186599025,357.56612216632664,359.88170904343286,8908581
2019-01-22,356.0706481933594,359.3993248590304,353.22441617312865,357.51789379681856,14756076
2019-01-23,354.4786376953125,360.5570861037994,353.5620665992125,355.82939419354847,9726450
2019-01-24,351.9700622558594,355.5399459467418,349.02734178082454,353.70677436667347,17521254
2019-01-25,344.63739013671875,351.8253581050158,342.0805663219095,349.6062602236428,22978238
2019-01-28,331.4674072265625,342.41823601077175,324.810084659213,340.7780423185652,34362360
2019-01-29,334.6513977050781,337.7870962012659,329.34483101922194,330.8885653985097,20738442
2019-01-30,353.0314025878906,355.6364561881985,338.6554369372461,338.6554369372461,39400056
2019-01-31,351.6324462890625,363.40335934285935,341.6464458956299,359.5922969811152,85917249
2019-02-01,342.17706298828125,352.06657364947023,336.4845700575269,351.68064741496363,25605469
2019-02-04,342.0805969238281,344.3479541889331,333.8313090134925,338.6554608778493,17039321
2019-02-05,340.2474060058594,343.5760823831387,336.5810625724576,342.12883690506675,12197271
2019-02-06,346.66351318359375,349.1720778392176,340.77807194006743,341.1639981691748,15396216
2019-02-07,346.036376953125,349.0755864719143,343.9619977224773,346.4705623605022,10247434
2019-02-08,342.6112365722656,345.79516470233955,338.4142189867803,344.347919289709,9308651
2019-02-11,337.73883056640625,342.225314961428,336.77400027832135,342.12882604376273,9419635
2019-02-12,332.1910705566406,339.6202758689887,331.17801048872263,336.72578488146894,14924394
2019-02-14,331.8533935546875,334.6513955366062,324.3276995460313,327.8975834347343,15172596
2019-02-15,330.11663818359375,335.51969304747746,328.6211631914321,331.94980962555064,20316848
2019-02-18,326.8363037109375,330.93683298258765,325.67849543299184,330.1649804268156,10601490
2019-02-19,331.177978515625,338.07650881434824,327.1739389249771,327.1739389249771,14384763
2019-02-20,333.0594177246094,335.37500446110784,330.3096455931437,332.8664398947833,9474758
2019-02-21,338.9449157714844,342.4665703703378,334.07253391377833,334.6031788686338,18631331
2019-02-22,339.6684875488281,341.64640728504565,338.9448648404205,339.0413537570648,10997730
2019-02-25,343.0936584472656,344.8786003800849,340.6333235309092,340.6333235309092,10344411
2019-02-26,335.9538879394531,340.2956238461959,334.4101537281995,337.6905705244378,18096382
2019-02-27,333.3970947265625,342.2253154300553,331.2262265753988,338.65543158153923,17325417
2019-02-28,337.8352966308594,339.3790308762245,332.86642687220314,336.1951029186378,18347113
2019-03-01,341.7911376953125,342.51476042861236,338.31774268661616,339.6684992332524,14190221
2019-03-05,350.474609375,351.3429507633283,340.3921208788589,342.5147593341363,17638277
2019-03-06,358.8686828613281,359.73702434167416,352.404307335098,352.404307335098,31436190
2019-03-07,357.7590637207031,360.84653246064687,355.5399658068138,358.4344567089046,15355303
2019-03-08,357.5661315917969,360.26764477891874,354.71987029755905,356.7942496495582,16143455
2019-03-11,362.6314697265625,365.09177518387935,356.9872066514597,358.72388939259116,11449587
2019-03-12,374.5471496582031,375.31900215226744,364.0787345833509,364.7058684153139,37108265
2019-03-13,378.1170349121094,379.41956186522134,370.78431784670846,374.2577132402444,19574619
2019-03-14,374.2576904296875,379.17833115026565,373.19637114575323,378.2135007911047,13182462
2019-03-15,381.3974304199219,384.24369176627533,374.4506694782896,375.1742922499775,31466545
2019-03-18,384.0506896972656,385.83563164372504,379.66072360357833,382.314006932447,21220626
2019-03-19,384.3883361816406,386.84867079670215,380.0466003901817,384.3883361816406,11670392
2019-03-20,379.0818176269531,384.1471766838582,378.40645408593616,383.61653179846746,14181408
2019-03-22,378.0205078125,382.36224425496033,376.2838250132297,380.5773317173766,17409249
2019-03-25,370.01239013671875,374.30589640232813,369.0475599147195,374.30589640232813,12345034
2019-03-26,380.2396240234375,381.59038054358456,369.9159281197661,371.411432739162,14063632
2019-03-27,379.37127685546875,384.4366358118732,376.4285268427971,381.49388579920156,17950017
2019-03-28,386.4627685546875,387.7652953609049,378.9371039209851,378.9371039209851,23117485
2019-04-01,384.24365234375,395.1462225408877,381.83157668559716,387.33112096389885,16106604
2019-04-02,383.18231201171875,385.93208399906837,379.6124579012961,385.93208399906837,13010810
2019-04-03,378.3099670410156,388.6336335986943,376.910951326371,384.9672902313475,12317200
2019-04-04,375.0777893066406,381.78337185138,373.67877355595016,380.5290747607612,14521564
2019-04-05,376.814453125,378.6958839439636,372.0385609176271,375.56018554187983,10853927
2019-04-08,373.48583984375,377.6828578165746,371.4596901902189,377.6828578165746,6305407
2019-04-09,383.18231201171875,384.34012004142846,373.53400991174203,373.77521746424145,13206348
2019-04-10,380.33612060546875,384.7743164833433,378.88887513808766,381.6386179706842,14000018
2019-04-11,376.3320007324219,380.62550682027404,373.91992527728706,380.62550682027404,8704774
2019-04-12,380.7220153808594,381.6385864345573,374.5953375196912,376.8626944534189,7035256
2019-04-15,378.9371032714844,382.9894023407073,378.0205027016436,380.3361189950763,9770752
2019-04-16,392.6859130859375,394.0366695516763,383.52002567975467,383.52002567975467,24487788
2019-04-18,390.1773986816406,396.5452850605209,388.440715780258,396.5452850605209,18660434
2019-04-22,380.62554931640625,390.3703411319948,379.8536968622994,390.0326446417167,10493872
2019-04-23,382.55517578125,385.883851761851,379.7571740792724,382.16924958861193,10203957
2019-04-24,386.9934387207031,388.48891390606445,379.61249282406095,383.134117525671,11397163
2019-04-25,381.4938659667969,388.24767755756466,380.4325468279627,386.80043221668586,16524091
2019-04-26,392.87890625,393.6507587050415,380.3843422045652,385.93211637749164,14286163
2019-04-30,393.1683654785156,395.3874634936863,389.1160662529247,393.40957306469875,19375553
2019-05-02,381.63861083984375,390.7562688916969,380.5290618911068,389.5020012877828,16572948
2019-05-03,387.6688232421875,390.9492699909153,380.81855130572626,383.1823679990323,24431248
2019-05-06,387.1863708496094,390.65976566809053,380.7702555212427,382.555197387823,20751521
2019-05-07,372.90692138671875,393.0236395935915,370.7842828895979,384.002470147255,41519416
2019-05-08,368.7582092285156,376.28387494979614,366.73205939762056,372.7139905123006,22509400
2019-05-09,367.9862976074219,372.13508586925843,364.27169479024616,367.5521416070473,19739885
2019-05-10,371.5561828613281,375.51199328300055,368.80641040697736,370.0124483742991,18361701
2019-05-13,363.0656433105469,372.18330175470805,362.05258323643346,371.45967900340275,13828080
2019-05-14,367.02142333984375,373.14810135173457,363.25859123187604,364.80232552968613,21481226
2019-05-15,363.789306640625,370.9773052164219,362.58326858725565,368.9029256534842,16183425
2019-05-16,369.047607421875,371.45968328737746,364.27168543046594,365.67070121017156,13430281
2019-05-17,375.994384765625,378.2134827078809,367.35914168628995,367.7933271048674,19096980
2019-05-20,393.36126708984375,399.4396853059176,387.86172341299243,390.99742142565964,33350816
2019-05-21,386.0768127441406,396.35224886063577,383.61650742198054,394.2296400096676,18286421
2019-05-22,391.093994140625,394.0367149746483,387.42762108893754,388.82663689518296,15370847
2019-05-23,396.4005432128906,412.89914758839956,393.07186682822066,399.43975283473276,43279956
2019-05-24,416.56549072265625,418.3021735212036,398.13722571902747,400.88699802029805,37708344
2019-05-27,420.1836242675781,423.3675526967133,414.53936073930566,417.0479255790141,23397222
2019-05-28,419.0257873535156,423.7534793771515,413.04385716235265,419.74941007824145,23389724
2019-05-29,408.4126281738281,415.3111879344358,407.254849554213,413.52624610437846,22132254
2019-05-30,411.210693359375,412.9473761542726,404.84280737094286,406.0488452685897,18281037
2019-05-31,408.7986145019531,415.07001152274034,399.7291860241564,411.9825427501775,24644955
2019-06-03,408.0267639160156,411.4036702634194,404.842835423321,411.0177439982877,17125380
2019-06-04,404.36041259765625,407.8820375474703,402.81667812198424,403.00965597305054,14514451
2019-06-06,397.0758972167969,403.154345758511,395.918118526197,402.72016034685856,17762399
2019-06-07,401.9483337402344,404.21569097438856,393.5542978331226,398.9573537363045,14107696
2019-06-10,401.46588134765625,407.8819967560864,398.4749016209667,404.16739432669533,13074522
2019-06-11,406.5312805175781,408.7986377660592,398.5231708148884,403.733278345623,10939138
2019-06-12,403.299072265625,407.15839353132475,400.21160347535135,407.15839353132475,11136959
2019-06-13,404.8428039550781,407.4478281254446,400.6940159556077,402.0448019450026,12164077
2019-06-14,403.0578918457031,407.15842096681445,401.4659276051878,405.5181975406553,8601256
2019-06-17,399.6327209472656,404.939287582786,398.61963146845954,404.21566485976047,9539802
2019-06-18,407.3031005859375,411.0659328239354,400.50105882664445,400.8387553166292,17761348
2019-06-19,405.03570556640625,411.0176645750227,402.67188924656915,408.84679662832366,17010384
2019-06-20,418.1574401855469,419.36347804339874,404.26388995195,404.9875126666611,24315929
2019-06-21,415.6488952636719,419.8941722800611,413.7674937827714,418.92934194802444,13909654
2019-06-24,414.3464050292969,418.5433934907374,413.14036709341497,416.2760657267079,8545999
2019-06-25,418.398681640625,419.50823067084747,409.66697862036455,412.85090704522656,12964387
2019-06-26,423.2227783203125,424.52530503142447,417.2890782411161,417.2890782411161,12261068
2019-06-27,425.44195556640625,428.2881874387319,422.2097679977847,422.595694249795,18787957
2019-06-28,421.7273254394531,425.0077425349753,418.35041942612185,424.0429122454521,13459208
2019-07-01,423.56048583984375,426.45497663146,422.30621827452325,424.04290097177983,6871979
2019-07-02,421.3896484375,424.5253470234688,418.35043877380264,423.5605166893245,7787303
2019-07-03,420.6177673339844,424.52531814373043,418.9293143640945,422.49916869100605,10415896
2019-07-04,420.8590087890625,425.87610892271823,418.8328591731907,422.5956916345038,11810688
2019-07-05,421.00372314453125,424.42885906077305,417.96451347396265,421.10021206702083,12154330
2019-07-08,410.92120361328125,420.0388613872264,407.15837147194685,418.73633464176527,12184946
2019-07-09,413.42974853515625,414.68401604121425,409.7151463059024,411.01767298944355,11679067
2019-07-10,415.7453308105469,417.4820428518172,412.1754767068956,414.8769895120523,16494282
2019-07-11,411.5483703613281,417.67504891829657,409.85991726381707,417.43384133293785,16535185
2019-07-12,412.0307922363281,417.7715446389893,409.088071424784,412.2719998256116,8824728
2019-07-15,407.4477844238281,413.3332545722851,406.7724209458525,413.3332545722851,7825336
2019-07-16,409.6669921875,415.40771537932847,406.7242418119997,406.7242418119997,12149205
2019-07-17,409.763427734375,412.0307553150402,407.64078936117164,409.66693881845066,10961022
2019-07-18,403.9261779785156,410.5352710750432,402.81662908068284,410.05285595039567,10651654
2019-07-19,395.869873046875,405.5664355403705,394.13319022872196,405.13225011368974,12260757
2019-07-22,397.9977111816406,399.40014505669257,390.9856008388292,396.305132823031,17937246
2019-07-23,398.43292236328125,402.3500201277479,396.30509795034783,399.2550081664304,14207080
2019-07-24,395.09613037109375,398.33621469965817,388.5192665679784,398.33621469965817,16505930
2019-07-25,395.5797424316406,400.2706083612753,392.00113637821437,395.77319176499174,16852479
2019-07-26,402.10821533203125,405.6384439109564,395.14445331414026,396.7886839205432,17493739
2019-07-29,415.261962890625,421.0650879446003,411.3448357694595,418.7921913952159,46754670
2019-07-30,411.3932189941406,424.3051783351736,408.8785255299788,418.792197645135,23617273
2019-07-31,410.6678771972656,416.084133875938,407.37944512971524,409.9908340438474,22329888
2019-08-01,403.3655700683594,412.36043230857155,397.1755754345004,409.3621448951675,18269866
2019-08-02,397.127197265625,404.1393067088234,392.19453506440686,400.3189042401789,30939803
2019-08-05,389.43804931640625,393.30679939930354,382.76446132665257,390.4052368371306,25033370
2019-08-06,396.7886962890625,397.99768073845024,387.7454867043977,387.8422113635931,30665326
2019-08-07,394.9993896484375,401.3828333838099,392.96828988951603,395.86985254048335,20977349
2019-08-08,400.80255126953125,402.9303758795444,390.88887798038803,397.51411920369446,19046657
2019-08-09,406.3638610839844,408.54003316710055,400.8992570896261,402.83363227461825,17664017
2019-08-13,396.7886962890625,407.8630056519431,395.72478407035686,403.3172123157564,18389104
2019-08-14,403.6073303222656,408.3465726662047,397.7558577772584,398.3845237464891,13307755
2019-08-16,405.2032165527344,406.21875162530955,398.5779762479823,404.09092731030796,15154141
2019-08-19,409.5072021484375,413.8595461168659,406.3154950447453,406.3154950447453,12304262
2019-08-20,403.22052001953125,409.3138198432344,398.9649003193695,406.99254590112406,16181488
2019-08-21,398.5296630859375,404.96148463129134,397.07888159743214,402.35006614549167,12868183
2019-08-22,386.0045471191406,398.96485405050686,384.94063493842845,397.5140727630505,18182520
2019-08-23,382.4259338378906,390.26015853704564,373.1409278802336,376.23593970485933,26883695
2019-08-26,398.14276123046875,400.415657945724,379.95964654087174,393.6453448886707,26701988
2019-08-27,404.86474609375,406.7023966796642,397.7559111403375,399.2550401539513,28793372
2019-08-28,399.4001159667969,404.5261982444578,396.25675638689376,404.28440135369607,12154347
2019-08-29,391.13067626953125,397.32067127109786,386.2463904870682,396.45020829710364,30331105
2019-08-30,396.2083435058594,399.30335523449804,389.4380311761542,393.1617088607359,18314194
2019-09-03,379.2825927734375,393.0650153952473,378.2186805625447,391.7593062962526,20194305
2019-09-04,384.4570617675781,386.53650915439727,377.10643028085286,378.1703425185485,18614965
2019-09-05,376.2359619140625,381.0718997278679,375.2687743513014,376.76790326709227,25022673
2019-09-06,378.50885009765625,381.55548494875563,376.4294027876183,378.17032855504044,17564286
2019-09-09,382.4743347167969,387.2618954579576,376.3326877704865,380.104713374007,18651819
2019-09-11,381.6521911621094,385.9078102338756,380.4432067942088,381.94233560391757,17463978
2019-09-12,389.4864501953125,393.83879430445006,386.5365103671635,386.5365103671635,19577114
2019-09-13,399.8353576660156,401.28613910131776,387.5037154659477,393.4519134474416,17775449
2019-09-16,398.6263122558594,402.01146842122847,393.40350578967673,395.09608387236125,17629622
2019-09-17,387.5036926269531,398.3845527504143,385.23079594236344,392.5330797793974,20793363
2019-09-18,386.246337890625,392.14618760286623,383.4898475848167,392.14618760286623,18477377
2019-09-19,373.91473388671875,382.71614699288534,371.73856177610617,382.71614699288534,22647508
2019-09-20,403.80084228515625,410.0875619854042,373.96309749688845,376.23599436868454,75217723
2019-09-23,431.65576171875,435.2343672111965,414.3914887656815,421.50029315048874,57490445
2019-09-24,426.4329833984375,433.92868688468843,419.13072922799773,427.0133018296496,26639931
2019-09-25,419.9528503417969,426.4813663715374,415.50378166272935,424.6920634823641,19987241
2019-09-26,437.1204528808594,443.6005921690195,424.1601152720922,424.5953615038133,40909369
2019-09-27,434.4606628417969,437.02370396714457,428.7542326368596,434.75080730269593,19432963
2019-09-30,419.4692687988281,430.5435489737204,416.85785050426125,428.75424603234853,27524660
2019-10-01,410.6678771972656,428.65757317603754,403.02710075660383,422.6126504356051,30623906
2019-10-03,413.2792053222656,420.33969175430025,408.44326784123643,410.0874983912744,23275379
2019-10-04,400.3189392089844,415.2136222516889,398.52963625703813,414.43988398306385,17952697
2019-10-07,402.4467468261719,409.603928817255,397.997678177805,401.4795592728844,21933703
2019-10-09,422.3708190917969,424.0150202334148,403.4139370200339,406.4605719295872,34533981
2019-10-10,409.7973937988281,417.34144519635186,406.7023817035132,415.8906638109647,19074005
2019-10-11,414.48822021484375,419.0340135882449,408.2498781146655,413.9079312873646,18004922
2019-10-14,414.77838134765625,422.0806354490733,412.0218909626198,415.8906411125036,17211042
2019-10-15,417.679931640625,421.1618125760668,414.1497031362242,415.8906288458349,14971985
2019-10-16,421.0167236328125,425.07892310032804,417.0029012519467,420.2429854086292,17833051
2019-10-17,426.142822265625,428.802587914732,419.4692343583824,421.69375382205646,12452421
2019-10-18,423.4346923828125,429.1411224707024,420.96837596709287,423.3379972419774,15988455
2019-10-22,436.3466796875,443.6489637747361,423.19292242875474,426.046137654268,34966169
2019-10-23,440.16705322265625,443.93907870711956,433.493465132264,437.16876595995217,25196183
2019-10-24,439.8285217285156,443.93906866055784,436.2015685531843,442.39156273583905,23542540
2019-10-25,453.7077331542969,455.2068622074086,439.4900628728753,442.68179983208455,34397573
2019-10-27,454.1429138183594,457.96331654427786,449.7422221606953,455.54534760793007,8206762
2019-10-29,461.7353515625,466.1844203990132,451.5315342502971,454.77161859407425,33686172
2019-10-30,455.6904296875,463.28285821493506,454.57816985599055,463.28285821493506,22396012
2019-10-31,447.8561706542969,461.1066515239809,446.1635924892901,459.4140733589741,21198377
2019-11-01,447.08245849609375,451.6282519249335,445.3898802324525,451.33807794143297,13522994
2019-11-04,455.061767578125,456.8026934584383,447.8078605497808,447.8078605497808,16254715
2019-11-05,452.9822998046875,458.4469036175596,451.5798660356556,456.6092531560922,14952189
2019-11-06,464.9270935058594,468.02207613196475,449.5004394004207,451.8216837490556,24922680
2019-11-07,462.84759521484375,467.1515916650373,460.04275719297715,467.1515916650373,18312032
2019-11-08,473.38995361328125,479.7250201985273,464.54016400269023,464.975410202504,52207121
2019-11-11,480.498779296875,482.6266037853838,468.69910849722646,471.98754037528516,24766065
2019-11-13,469.81134033203125,481.175793752312,467.44171908897374,480.49875067823245,24272664
2019-11-14,482.2880554199219,483.44869226117976,467.8769671414451,473.6800923152925,35396276
2019-11-15,483.44873046875,492.9755342853091,479.72505228466673,481.51435525792476,42074833
2019-11-18,481.9979248046875,487.89777480404666,480.35369415174057,482.38479392413916,22910109
2019-11-19,477.30706787109375,485.5281622518522,473.7768391284832,481.6110643828033,27939336
2019-11-20,478.7578125,481.659375,476.33984375,478.95126180648805,22606112
2019-11-21,481.90118408203125,487.26906303651685,475.13087141053256,481.75611185660046,25745594
2019-11-22,480.498779296875,485.2863696379084,476.001362940396,484.6577036123744,18462401
2019-11-25,481.4659729003906,483.59379741550805,475.4210504326968,475.8562966568599,25692878
2019-11-26,493.9427185058594,500.5679299445564,484.5609869911581,485.33472526369667,286857658
2019-11-27,488.913330078125,498.92369808989156,487.7526931557233,497.03772950249066,29866539
2019-11-28,502.1154479980469,502.9375338153443,491.33128303499024,492.8304119542971,35706498
2019-11-29,495.78033447265625,499.5523896824624,493.5558148246059,499.0687958879973,13324549
2019-12-02,494.1361389160156,497.1344263791344,490.60591007940843,496.60248500564603,10130049
2019-12-03,492.6369934082031,494.47464388320435,488.09120003447504,493.0238625319578,12795657
2019-12-04,511.8840637207031,513.9151341725576,492.5886582982888,493.2657014597234,30992538
2019-12-05,510.7717590332031,519.8633462835124,508.78903621665785,515.0757557531097,32354118
2019-12-06,507.580078125,515.9946226723513,504.5334723796758,512.6578133996576,24868376
2019-12-09,509.2242736816406,511.93238716728536,505.06537878949547,506.854652244534,12980877
2019-12-10,511.35211181640625,512.8512408365013,507.48336129618747,508.78904098378206,12021443
2019-12-11,516.0429077148438,517.6387907921829,509.9012903589139,513.1896926235871,13768156
2019-12-12,517.7838134765625,519.4763916308666,512.415934565115,517.30021971819,12385216
2019-12-13,519.4280395507812,524.9893677237712,518.1223600274902,520.2501843523398,17884861
2019-12-16,521.555908203125,523.6353851357819,519.0895916537162,521.7977051007621,13070575
2019-12-17,523.3935546875,525.1828280023396,521.0722810060046,523.2001053753017,11516163
2019-12-18,523.6353759765625,525.0861573370083,518.364191893787,524.2640124799556,12906168
2019-12-19,522.4747314453125,523.4419190048068,516.1880123085996,519.5731687668296,12082790
2019-12-20,528.18115234375,531.469613968546,521.5559405505704,523.2001713629685,27691592
2019-12-23,523.5386352539062,530.8408898159852,519.9600293330193,529.0516163717649,11521942
2019-12-24,523.3451538085938,526.101673714571,521.6042280446538,524.215646206785,6715007
2019-12-26,521.0723266601562,524.6025850616447,520.0084438985158,523.3451939384097,7831074
2019-12-27,531.3728637695312,532.4367464619274,520.6853941123245,523.2484647337017,11247684
2019-12-30,526.1016235351562,534.0809199718904,524.7958850624103,531.5661971905483,13180302
2019-12-31,521.2174072265625,525.9565909195592,520.3469147970097,525.9565909195592,12491978
2020-01-01,519.1378784179688,524.6992064121995,518.1223433733362,522.1845425843054,7642793
2020-01-02,522.861572265625,524.1189633218469,518.2674313473428,518.4125330945819,10264223
2020-01-03,521.1690063476562,523.0550339441114,518.6543422406796,520.3469205137261,9594690
2020-01-06,508.4505310058594,519.6215359327784,506.6128509605454,519.6215359327784,12534334
2020-01-07,505.74237060546875,518.0256047082687,504.5333862227175,513.8667102380927,16101835
2020-01-08,508.6922607421875,510.04628777830015,498.10154615816225,499.0687336264305,16094310
2020-01-09,528.37451171875,529.4384533726594,512.8995119449924,513.286410552312,18934019
2020-01-10,522.5231323242188,528.5680551877567,520.8305539224282,527.0205785476709,12335407
2020-01-13,520.9271850585938,528.1327440329308,520.3468961479856,521.7009823159947,7901800
2020-01-14,519.9600219726562,521.2657606315963,516.6232720310708,518.6059947734109,13939440
2020-01-15,518.025634765625,519.3313733942234,513.2381035580961,517.542040984465,12353176
2020-01-16,519.52490234375,522.2813637058832,515.7044990805219,516.3815422844091,11249232
2020-01-17,514.5921020507812,520.3468795323953,513.1896683570775,516.9617232529095,18312609
2020-01-20,517.3002319335938,526.1500215337655,513.5765835191719,515.5109585983402,19159996
2020-01-21,513.6249389648438,522.5230762719374,512.8028531565697,515.462618931207,13477994
2020-01-22,505.6940002441406,517.3970053273182,503.66292994854064,514.0601963853084,17527408
2020-01-23,510.3848571777344,512.8511735040806,500.0842866570384,504.29158771486703,17061293
2020-01-24,516.3330688476562,519.7666320017483,509.7078575007106,511.88402956783887,17851868
2020-01-27,519.6215209960938,527.1172246493645,514.0601924791509,520.8305054562987,38149166
2020-01-28,510.86846923828125,522.8615592867337,507.2415159717738,520.4435904423954,24009224
2020-01-29,509.3209533691406,517.251903290429,508.0636213281614,514.1085436717585,16400827
2020-01-30,514.7371826171875,516.4297606873091,506.9513353011157,510.336491441359,14319317
2020-01-31,508.40216064453125,515.2691686551134,505.25880109853574,512.6094028854249,16292578
2020-02-03,498.633544921875,502.11545562836,485.5281650230603,487.4625401825147,22531888
2020-02-04,513.3831176757812,517.1068250027565,499.6974498507579,502.93750439107026,17781475
2020-02-05,521.4107666015625,522.6681575991328,508.45048929820246,511.69054386593217,18782476
2020-02-06,523.8287963867188,529.051633197627,518.6543661832312,522.6198118501611,15296851
2020-02-07,518.8477783203125,523.9738605813478,517.590446298918,523.2001223399084,8297149
2020-02-10,516.4297485351562,524.4573925294891,513.0929400403761,520.9755413372889,12536053
2020-02-11,522.0394287109375,526.9237135510275,519.8632569377098,520.056706235151,11243552
2020-02-12,531.276123046875,532.630209264613,524.892708665984,527.8909665349748,14026335
2020-02-13,523.2484130859375,530.9859127249163,520.3468507213205,530.9859127249163,9227235
2020-02-14,527.8909301757812,530.6474499936506,518.9444457248176,523.4902388199034,14458649
2020-02-17,523.8287963867188,527.4557499963917,520.1051476271005,525.1828826806426,7793293
2020-02-18,523.4420166015625,526.537029175504,518.4126285479645,523.2485672471059,15918303
2020-02-19,526.9237670898438,528.5679977365008,522.7648724182593,525.66643507738,8704234
2020-02-20,529.0515747070312,531.324441771498,524.022187784498,527.6007934235568,13588526
2020-02-24,512.4642944335938,524.0705449130858,510.23977489817963,521.7976778071624,16940750
2020-02-25,513.5281982421875,521.120596257464,508.0635654318081,514.9789794450381,14942960
2020-02-26,506.51611328125,511.9806873201249,505.06533200912446,509.562718533249,15743918
2020-02-27,498.4400939941406,506.1292470346969,495.82873476324346,505.6456532463908,26315054
2020-02-28,480.9339904785156,490.21899649959533,476.04970534801737,485.14126206015396,32737933
2020-03-02,489.49365234375,503.46949551341794,482.0946730755466,491.5730997893437,28642076
2020-03-03,497.8597717285156,502.4539124098375,491.8148497794079,493.1205588236592,19661945
2020-03-04,491.6697998046875,500.51956003540244,480.74056271640364,500.51956003540244,21883404
2020-03-05,487.94610595703125,494.37789708969245,483.5937620981479,493.0238404590618,16671516
2020-03-06,470.3916931152344,480.4987857814958,461.63862766360995,469.0859839576746,31024353
2020-03-09,442.7301330566406,459.4141195017025,428.4157680870771,459.4141195017025,42027175
2020-03-11,450.37091064453125,456.2707610467375,434.8475611053925,435.23443025125994,31018779
2020-03-12,411.68341064453125,431.31733733093637,402.35005587660015,423.62818383161266,50757033
2020-03-13,432.52630615234375,449.50043671117146,382.23255099584907,387.8422272645073,67104335
2020-03-16,389.67987060546875,410.2809837970479,384.4087159970775,410.2809837970479,34833637
2020-03-17,355.1996154785156,395.0477529697277,352.05625604950217,393.64531926414116,47232699
2020-03-18,343.3999328613281,363.1789303556267,331.06829141782816,356.98893584801624,61202289
2020-03-19,327.4413146972656,357.4725041333055,312.40156095321936,325.0717230437301,57985870
2020-03-20,334.35675048828125,347.994071438258,312.4015811229939,317.2375189112755,88640642
2020-03-23,274.6812438964844,303.4067238146819,270.8124939824494,300.940378034753,56867949
2020-03-24,286.7710876464844,294.99218122151007,259.4963889204996,285.61045086469886,67895418
2020-03-25,306.501708984375,323.1856931491318,272.36000247109973,274.68124653860457,66544138
2020-03-26,319.4136962890625,352.44314603539107,303.9386951062465,311.434398804173,76173940
2020-03-27,328.69873046875,347.75230956331245,315.30317554319447,344.1253558569107,72889985
2020-03-30,303.1165771484375,322.9439222427562,300.89205755410035,319.26862130005424,36559880
2020-03-31,313.1269836425781,323.8627718421397,305.6312797870415,314.04582366361694,46279768
2020-04-01,300.9403991699219,313.12696815824376,297.99048895978456,308.5328273126788,33141186
2020-04-03,277.2442626953125,299.3445007195292,272.2632534815751,299.3445007195292,57326314
2020-04-07,315.39990234375,318.7850591592721,287.10966324260073,298.183944257931,57661076
2020-04-08,308.4844665527344,341.1753924180542,304.7607887549205,312.2564919193143,73931321
2020-04-09,331.4552001953125,333.67971985452016,312.06307123026534,321.49315026963217,52431174
2020-04-13,319.8005676269531,334.4534535700189,318.44651091733726,329.85931256209983,30994190
2020-04-15,316.6088562011719,340.3532991825679,314.3359595137511,331.45519126914274,49132329
2020-04-16,330.77813720703125,336.3878131075626,308.87134542682736,314.6260935544684,56494027
2020-04-17,363.227294921875,372.85082344237645,337.59682327149113,350.1219146203379,69006835
2020-04-20,349.4448547363281,366.4673617498786,345.285960021549,363.6625237201749,55810736
2020-04-21,320.961181640625,334.8403283358878,317.237503817571,329.81094146887716,50118175
2020-04-22,324.92669677734375,326.9094196164569,312.44995271154704,315.3031680324407,49115085
2020-04-23,341.3688659667969,343.158139365284,326.9093999325233,329.0855719734942,45953398
2020-04-24,323.86279296875,331.9871633872916,320.62270841336397,326.81270351719445,38513206
2020-04-27,336.48455810546875,341.3204960762752,326.90940682651654,328.1667388924371,38980019
2020-04-28,348.0424499511719,350.9440126360233,338.75744345640294,342.1425999220629,32933194
2020-04-29,358.2946472167969,364.14612021050334,340.11150318579536,341.4172123089181,39341745
2020-04-30,367.67633056640625,380.05634855711077,361.8732054347006,369.46563338525965,45734705
2020-05-04,326.9577331542969,347.220323741819,324.97501052159106,347.220323741819,38837299
2020-05-05,319.9940185546875,336.58127974218576,318.73665698384804,336.58127974218576,45069968
2020-05-06,330.1978454589844,334.2116681531423,314.577771398843,320.62269398529276,49952812
2020-05-07,325.700439453125,331.6486375666187,322.75052894237047,325.94223636437454,27656346
2020-05-08,326.6192626953125,340.93362729733553,322.7505123146335,332.71253273839267,42968091
2020-05-11,309.6451110839844,332.27729552120866,307.7591129320129,329.81097889315987,83665601
2020-05-12,310.66064453125,313.7556268984765,297.8937574073057,307.85577709852924,69072308
2020-05-13,326.9577331542969,336.96813000664366,321.3964048492399,332.228917006448,72816461
2020-05-14,316.6571960449219,323.5242335114893,314.96461784269434,319.1718895629042,33999095
2020-05-15,312.1114501953125,319.703849239143,308.33939494391933,318.4948647396511,31828868
2020-05-18,288.70550537109375,309.98363307013585,283.6277703520042,309.50003925879395,74034133
2020-05-19,290.4463806152344,301.2788919059819,287.3513984723199,296.97489592940894,61827491
2020-05-20,295.6208801269531,298.1355737569391,287.73830719445056,289.18908857526293,42238419
2020-05-21,294.4118957519531,302.5362655842659,292.0906514450384,295.95940179530385,43075357
2020-05-22,281.4999084472656,297.60360384249543,276.18037722790245,291.12343582332875,80358245
2020-05-26,283.0957946777344,288.1251519968047,280.48437660629116,286.33584920831356,46681705
2020-05-27,308.3877258300781,311.38601284285045,285.1752269175988,286.38421123595714,80541990
2020-05-28,316.1252746582031,318.9301128099971,310.2254243633255,311.6762057711041,66136408
2020-05-29,321.05792236328125,323.33078951640846,309.50001921425996,312.3048572351448,60487477
2020-06-01,328.118408203125,336.58130008750925,325.16849769562947,327.8766112921426,44024770
2020-06-02,336.9681091308594,338.51561498833564,321.58983423891885,325.94217786019743,47558213
2020-06-03,345.1408996582031,360.7609734358961,342.1909597796235,346.1564348278739,69689299
2020-06-04,336.4361877441406,351.0890728999437,334.163291148569,345.28594772804377,57061575
2020-06-05,345.4794006347656,348.18751393667344,335.6140759334047,338.5156385495436,37251097
2020-06-08,347.9940490722656,361.48632644089537,341.5622581304743,354.52256466685037,46827341
2020-06-09,337.11322021484375,357.2307396489891,333.9215129977482,348.23587741824446,47621969
2020-06-10,341.41717529296875,345.14085293807636,333.96982000275347,337.1131792653658,36292403
2020-06-11,330.0527648925781,342.5778559821702,328.9405050679796,340.8852777006698,36999490
2020-06-12,332.9059753417969,334.79197340456153,313.46549916818725,313.56222382899574,47509067
2020-06-15,320.23583984375,331.0199763398908,314.8195830493337,330.0044411042861,43500660
2020-06-16,331.6969909667969,336.4845517578464,315.3514973208427,331.01994785716687,57511237
2020-06-17,330.72979736328125,339.4828329593045,325.0717442440485,327.48971313977,37107002
2020-06-18,340.45001220703125,343.0614303571532,326.13564850026955,328.84376179088247,39285919
2020-06-19,351.86279296875,353.4586759216902,337.74187939173527,339.4828050470271,51367236
2020-06-22,355.4897766113281,362.9371326453157,353.1685323657417,354.95783525870985,40133602
2020-06-23,363.8075866699219,365.88703397426053,352.2497132956473,356.89220167352994,32493320
2020-06-24,336.677978515625,367.53125421633075,333.67969132798453,367.53125421633075,57955780
2020-06-25,339.48284912109375,343.931918004273,327.3930040669237,334.5501864357477,69902888
2020-06-26,337.64520263671875,346.7367603235475,334.743639788823,343.931922140493,34596104
2020-06-29,331.842041015625,334.26000979376823,327.3929725605973,333.9214882615841,27384244
2020-06-30,339.9180603027344,342.8196228165734,334.9370210410011,335.61406410071834,47526095
2020-07-01,352.1046142578125,353.74884489223496,340.0631470217947,342.62618811503546,36922617
2020-07-02,350.9439697265625,358.72981683912633,349.4931885615219,353.99060426990405,50964311
2020-07-03,349.1546936035156,355.10289092925103,347.99405677673866,352.68492213698295,28779044
2020-07-06,349.976806640625,355.7799317046689,348.671097597971,355.7799317046689,33334074
2020-07-07,363.71087646484375,365.5969040461741,350.21862747763504,351.08909039354813,46030825
2020-07-08,356.8438720703125,366.5640955142677,355.48978583538184,365.50018326520336,46315597
2020-07-09,358.1979064941406,363.6625101179346,353.3135917735156,361.19619373080394,35144463
2020-07-10,348.5260925292969,356.11852185425573,347.2203832350563,352.92678474430926,27864858
2020-07-13,341.9975280761719,354.9578355131911,340.9336158539506,352.15299748458744,32379935
2020-07-14,334.2116394042969,340.8852569786524,329.4240788373882,339.9664170180611,34031256
2020-07-15,334.4534606933594,345.0925243067149,332.47073791735966,338.0320666243409,30442553
2020-07-16,333.3411560058594,337.1615583231289,329.8109276396466,336.53289237016816,35535437
2020-07-17,342.19097900390625,344.31880364189095,334.11498573371244,334.6469271350963,27511781
2020-07-20,351.089111328125,354.3291958069875,343.5934071606512,346.2531731555613,36312529
2020-07-21,366.3706359863281,367.43454820576073,357.9077448348309,358.8265848234822,45559912
2020-07-22,368.59521484375,376.71958510188074,362.9855088321132,374.2048913391625,45500191
2020-07-23,379.37933349609375,382.66776541027866,366.4190256482927,369.9976020339969,37838027
2020-07-24,369.272216796875,375.9458349026856,359.9388622862316,375.5589362466442,52980980
2020-07-27,346.7367248535156,373.14093226181393,344.899074474412,372.36719405468205,73275058
2020-07-28,340.5467529296875,350.8472947567231,331.9387893681909,349.25144115245945,125939354
2020-07-29,339.5311584472656,345.914601820029,336.7746976984037,341.6106351753123,50194622
2020-07-30,333.6313781738281,342.9647327154155,329.23065683466547,341.80409577589,40820253
2020-07-31,335.420654296875,341.4172293381997,330.8265131088964,335.08216224337133,37345191
2020-08-03,331.98712158203125,337.88697145221033,329.32735585923274,335.42062552679175,32119883
2020-08-04,339.48284912109375,341.610673657117,332.90598521811455,335.61409870375934,30811518
2020-08-05,340.6434631347656,348.18751413452514,339.2410293963464,341.80407047214794,37057881
2020-08-06,346.978515625,351.814453125,337.161568403244,341.85243368148804,48021824
2020-08-07,346.2048034667969,347.8490046307121,341.56228540793796,347.6555848258986,28510964
2020-08-10,351.62103271484375,352.9751189390991,345.62448743177777,347.7039348244234,22856010
2020-08-11,355.2963562011719,362.0182920359347,352.10461954225354,357.85939733287915,45446107
2020-08-12,354.812744140625,356.6503945073851,351.8144569547426,353.7488319757996,25706005
2020-08-13,355.9733581542969,360.1322822377053,354.232432409014,356.8438505431593,26257336
2020-08-14,349.5415954589844,359.60034067407724,342.5778623944847,359.60034067407724,28893259
2020-08-17,348.3809509277344,354.32914817717125,342.7228981231597,353.99062664735186,24232497
2020-08-18,357.4241638183594,357.8594100424678,349.7350401501537,350.0251846220773,26517363
2020-08-19,362.1633605957031,363.51741715288097,358.246233625466,361.72811442693705,35790233
2020-08-20,355.6832580566406,357.5209086872029,350.7022475656185,354.9578673196114,68444775
2020-08-21,358.9716491699219,360.76095202018314,355.0061743570724,357.85938940339884,34109928
2020-08-24,367.8697509765625,368.6918662088776,361.58303257778095,362.55022002374733,32907235
2020-08-25,373.6729431152344,377.0097226965092,368.88535258686227,369.94926487274756,53072303
2020-08-26,376.5744934082031,378.7990130548061,371.59348323169803,375.46223358490164,37163882
2020-08-27,379.33099365234375,384.4087286209586,374.88192472897936,377.15482152293737,36910405
2020-08-28,396.2567443847656,398.3845392492878,380.00797610799594,380.97516364174817,83472297
2020-08-31,381.6521911621094,408.15312260324686,374.78515404918994,401.2377379220993,72744175
2020-09-01,378.12200927734375,386.5365238044594,372.6573756484797,381.74896282771005,34872793
2020-09-02,379.5243835449219,381.07188950707814,368.5951761853444,374.5433736335432,31295799
2020-09-03,370.1910705566406,379.6694976566305,368.5468397561697,379.5244254133476,26135555
2020-09-04,360.3257141113281,367.4829256770418,356.263544064103,362.6953354427093,33118984
2020-09-07,361.1478271484375,364.4846360198119,356.8922078095089,361.82487024345374,22323904
2020-09-08,363.37237548828125,368.7886021723974,357.0372793060549,360.1806388534753,32052920
2020-09-09,355.5381164550781,360.18060445993115,350.0251361226236,358.63309861957384,25285238
2020-09-10,358.53643798828125,362.6953326629949,353.4587033309993,359.50362554204924,24852274
2020-09-11,358.3429870605469,361.38962193797926,353.1201801969168,360.7609559340998,22678353
2020-09-14,351.76611328125,361.58306071858556,347.5588416606146,361.2445391829076,27140598
2020-09-15,359.3585510253906,360.03559417081794,351.76615176599665,352.1046438224863,24967618
2020-09-16,362.40521240234375,364.33958763904434,353.0234806978564,359.16512797762556,22068622
2020-09-17,356.8922424316406,359.55200846602276,355.3447362902097,357.85943008050685,24084936
2020-09-18,357.4241638183594,362.3568264546218,352.58822584481254,357.8594100424678,78166508
2020-09-21,339.19268798828125,355.34470247768115,337.064863556757,354.6193118100554,28932482
2020-09-22,342.7712707519531,344.46384900857447,338.03205753665793,342.38440162511273,28593292
2020-09-23,340.3049621582031,345.38269704619097,331.21340464295514,344.899103247335,22740143
2020-09-24,324.6849060058594,335.5657670715219,322.7988782813213,333.6313917709597,25840472
2020-09-25,337.2099304199219,338.9992332748307,325.5553323520546,327.9249241188506,23231600
2020-09-28,351.089111328125,352.00795138740176,337.6452091116427,339.96645353122847,18495592
2020-09-29,345.3343505859375,351.8145198718544,342.62623687863754,351.8145198718544,17080848
2020-09-30,343.1097717285156,345.76953740082973,337.8869650388521,345.2375960728551,19565058
2020-10-01,357.0856628417969,359.02003798283323,346.494947138134,346.494947138134,23237122
2020-10-05,360.857666015625,370.09429493299973,358.5847694630534,358.5847694630534,26530105
2020-10-06,368.1116027832031,369.27221018186657,362.79207103638294,364.72644621704484,18093629
2020-10-07,370.0943298339844,371.73856056312695,361.82488764712906,366.85424546551116,21845743
2020-10-08,374.7851867675781,376.9130112473282,370.0943211073717,372.36721782069054,21085500
2020-10-09,388.3258056640625,390.26018078567677,374.204861373034,377.8801918138343,41641237
2020-10-12,390.7921447753906,396.5469229020439,387.5520898719748,390.211855818269,25742564
2020-10-13,383.2480773925781,387.842218383404,380.58831155578423,387.842218383404,19922778
2020-10-14,393.451904296875,395.821525725914,376.2359768048395,381.410436373652,23368177
2020-10-15,378.1703186035156,396.4501567453008,376.381015796393,393.5485941984707,34234586
2020-10-16,383.10302734375,388.1323853257364,377.68677069557504,381.07192741115637,25339096
2020-10-19,403.4139404296875,405.0097940133014,387.9872869169009,388.8577498246702,41072871
2020-10-20,400.9959411621094,403.2204605931887,397.5140602783253,399.93202901481146,26158669
2020-10-21,406.5088806152344,414.439829651934,396.8370059442441,402.34998631319615,43124966
2020-10-22,399.35174560546875,405.8802617660011,394.27401081394356,402.7369021331522,33088074
2020-10-23,403.2688903808594,406.7023946289064,398.23950294518954,403.31723795541967,22151463
2020-10-26,391.17901611328125,405.3966553779823,388.2774534654376,404.33274317052866,21712057
2020-10-27,396.49853515625,398.8681268676834,380.3464917850806,393.0166541851704,33571163
2020-10-28,383.0545959472656,396.4501486688141,381.84561157738256,396.4501486688141,28145103
2020-10-29,386.7783203125,389.67988314982745,376.8646472849647,379.3793409805598,32615425
2020-10-30,379.7178649902344,389.48646584197274,375.3171436155847,386.2947289906515,27225165
2020-11-02,403.7524719238281,408.92690192596,393.64534978502087,403.31722570111475,72698777
2020-11-03,429.28619384765625,432.23610402659176,410.28096466448005,411.0547028869553,61813071
2020-11-04,422.7093200683594,427.4969103962544,411.3448660023956,422.9511169633799,43426662
2020-11-05,424.1117248535156,431.6074280863885,421.3068869663944,430.39844369398963,30129938
2020-11-06,428.2706298828125,430.30172961520657,421.887215747033,425.41744435635866,27831424
2020-11-09,447.5176696777344,449.3553200311477,434.2671890732431,435.23437657674697,40995422
2020-11-10,467.97369384765625,471.06867624420056,457.47970320906666,469.8596918276861,57535138
2020-11-11,470.5851135253906,474.4538639134854,456.609270458132,468.8441876572372,45609279
2020-11-12,461.0583190917969,467.68353022793707,455.8838597713585,465.79753220616954,31071572
2020-11-13,469.617919921875,471.11707838782104,452.2085433981173,457.1895830720594,34815091
2020-11-14,470.9236145019531,473.77682959493876,468.74744250377756,473.77682959493876,3636073
2020-11-17,470.4400329589844,476.8234768895535,462.46073542482856,474.4055079398093,36127378
2020-11-18,481.3208923339844,482.62660146765234,470.2949598469859,471.987538108646,29156543
2020-11-19,463.0410461425781,477.1619904764891,460.18783102304366,473.92190623470134,31896908
2020-11-20,464.4434509277344,467.586810313707,452.74047623363845,463.766407868883,30089190
2020-11-23,452.88555908203125,467.4900966289245,451.1929809114097,465.9909382537843,29513544
2020-11-24,462.5091247558594,464.25005063926733,455.7388115173701,458.4469250062765,23135994
2020-11-25,457.1895751953125,473.8735607431382,455.64206918328426,469.0859704750994,34168305
2020-11-26,459.7042236328125,461.5419035625045,450.51594204923714,459.51080383552255,28707911
2020-11-27,457.8182373046875,463.8147824653229,455.83548509749374,460.7681475553961,48390771
2020-12-01,469.1827087402344,472.4711406635117,458.7370649933134,463.9599016248854,20120049
2020-12-02,464.685302734375,471.020369823874,456.7060048882827,470.3917037756084,21244707
2020-12-03,466.0392761230469,469.08591067055005,463.1377137890022,466.28107298421725,22701738
2020-12-04,485.5765075683594,487.4625351357903,467.15159617179904,467.82863927708763,39547014
2020-12-07,493.7008972167969,498.6818776850047,487.60759793573476,488.429713257333,37778332
2020-12-08,491.7181701660156,495.20005143088366,488.8166073646628,494.71645763065817,19339943
2020-12-09,494.7164306640625,498.1015870811186,489.4452467224436,493.265649342467,21272782
2020-12-10,490.31573486328125,497.52129383768204,482.3847852343927,491.42799463025165,20419020
2020-12-11,498.5368347167969,499.9392684715248,489.49362521628535,492.5402600971471,25335765
2020-12-14,508.5472106933594,510.48158582648927,501.09985462432047,501.09985462432047,26369591
2020-12-15,501.0514831542969,507.0480575874754,496.2638931216608,506.8062607073669,26969145
2020-12-16,495.6352844238281,504.581769489123,494.32957529483787,502.98588637801146,24263586
2020-12-17,493.65252685546875,499.552376900226,492.39519482852046,497.13440798976995,23883288
2020-12-18,500.1810607910156,501.24494347388276,492.4435309413817,497.13439642175734,21735833
2020-12-21,478.2742614746094,497.8114625263707,472.1809914867809,497.71470834826346,29157759
2020-12-22,483.8839111328125,485.3346924328504,473.05142846892903,480.98234853273675,32328041
2020-12-23,487.07568359375,488.91333413929794,480.2569932713908,482.62661470921796,19205951
2020-12-24,496.6991882324219,499.0204621230629,488.526470589554,490.12232425220196,17576807
2020-12-28,503.0342712402344,504.09821307066045,496.74755153912713,498.9721303516321,14470472
2020-12-29,511.44873046875,513.3831054395338,500.8580156972208,505.4038086850506,19092649
2020-12-30,511.4003601074219,515.5109067371269,507.33816104334363,514.2052273030188,21365141
2020-12-31,517.49365234375,520.8304609754287,509.22421114867814,512.7060624837276,27817770
2021-01-01,510.19146728515625,519.3797496343676,508.8373810101883,517.9773157851038,13592625
2021-01-04,514.253662109375,517.4453694038815,507.0964502093146,514.8339510602137,16549750
2021-01-05,519.6215209960938,522.2329392366254,505.8390981497572,509.3693563865334,23311516
2021-01-06,528.761474609375,532.533470843339,518.2674536925388,521.0723213555052,28178838
2021-01-07,523.3451538085938,536.2087953049357,522.0394742437494,534.0326233419001,21138034
2021-01-08,524.2639770507812,529.1482621610521,518.7509964471592,529.0515670232015,21937965
2021-01-11,526.8270263671875,528.0843582708685,517.4452961079023,527.2622725348874,19394393
2021-01-12,530.0187377929688,532.5818082219139,519.4763706727973,523.2484254488979,16388310
2021-01-13,538.2398681640625,542.5922121114808,530.2605709271289,533.4039304447089,21920297
2021-01-14,535.1448974609375,540.1259373087389,532.5334790847353,535.8702881747465,13330898
2021-01-15,525.1828002929688,532.920300113123,523.7320190766899,531.9531126356037,15708956
2021-01-18,515.6560668945312,530.4056770606078,511.5455197990673,526.6336219953223,21580313
2021-01-19,528.5197143554688,529.7770465206387,516.3815208970861,521.3141544036956,20575358
2021-01-20,532.9203491210938,536.4022007473827,528.0844112887789,528.5196575001761,16097138
2021-01-21,534.5645751953125,542.5922201214586,531.6630125208662,536.7890947725659,18189277
2021-01-22,516.28466796875,535.3382732401539,513.1896562085702,534.9513746329667,24515997
2021-01-25,520.395263671875,524.5058108715461,513.7700523865595,518.9444823072852,23415249
2021-01-27,505.21038818359375,521.5075336610132,502.06702867686676,520.1534474912922,28049286
2021-01-28,510.9168701171875,512.464346726049,495.200070989115,497.7147352366271,29836591
2021-01-29,519.3796997070312,527.0688523192382,512.0774457168937,515.8494416360832,33172808
2021-02-01,583.9878540039062,589.4524874907313,532.9203611486053,533.8875487368967,69354326
2021-02-02,597.0932006835938,603.5250213996276,579.0551885884709,592.8859585223905,42362384
2021-02-03,601.92919921875,606.9102391369971,593.8532061037708,602.944793458404,27155908
2021-02-04,607.6839599609375,610.9240738547344,589.017251004875,598.4956777203032,29982222
2021-02-05,593.998291015625,614.4542734347405,590.9516264479638,607.6839602021124,32015570
2021-02-08,608.9412231445312,613.1485241665923,601.9291138068694,601.9291138068694,18230551
2021-02-09,612.5682373046875,622.0950704979593,607.9740962462539,610.6338621221892,27155615
2021-02-10,611.4076538085938,617.2591268754472,605.8463252099625,612.5682316814824,23967387
2021-02-11,609.9568481445312,612.8100041729464,603.621722506333,606.1847931105234,16072702
2021-02-12,626.3506469726562,628.5752256105127,608.7478804174838,609.2314742026796,19049709
2021-02-15,651.8360595703125,654.592520468244,630.6062810920887,633.5078437351505,27155194
2021-02-16,636.7479248046875,657.1072707534994,628.2366858386765,651.3041452267947,24966739
2021-02-17,635.78076171875,643.1314230886578,628.0432607182878,633.3144450813422,21684753
2021-02-18,623.4974975585938,630.9932013095881,616.6787778881848,628.6719275027538,27845347
2021-02-19,603.5734252929688,614.6477354005381,598.6891395954887,614.6477354005381,24055811
2021-02-22,589.83935546875,608.6511667720662,587.373038806504,601.5907088445284,27092321
2021-02-23,596.07763671875,602.6061522591449,589.0655274346221,594.5785079196658,23534585
2021-02-24,620.06396484375,623.8360202068169,594.9170865098318,594.9170865098318,17762047
2021-02-25,607.3937377929688,627.1243860094103,605.7495072695255,621.6114055637187,38571809
2021-02-26,578.1364135742188,594.820400415131,571.511201832981,594.820400415131,57349273
2021-03-01,588.3884887695312,591.7736450008763,580.5059461074345,587.6147505802832,21527318
2021-03-02,590.4679565429688,596.2710814229979,579.3453005229128,589.9843628029663,24051433
2021-03-03,611.3593139648438,612.9551972630062,593.7081386590451,597.72199117718,21036174
2021-03-04,600.3816528320312,610.1986297696074,595.5940628032014,598.4472777927014,25057198
2021-03-05,589.452392578125,594.5301265990473,581.7632406828126,593.0793454502124,26645968
2021-03-08,588.098388671875,595.7875416407732,581.4248298749109,591.5318927303614,19632433
2021-03-09,604.5889282226562,607.7322878346637,592.2089390957008,594.6752556001715,23056249
2021-03-10,605.072509765625,609.8117523900396,601.3972088693664,608.1191741716692,15838994
2021-03-12,592.7408447265625,617.0656343324237,588.3885009107382,610.730567918101,21757862
2021-03-15,583.6976928710938,592.7408729504853,571.220949725329,591.8220919937933,24347946
2021-03-16,575.4282836914062,587.0828826525666,574.1709515976513,586.9377808972519,17925629
2021-03-17,570.1570434570312,583.842770488018,567.7390746552627,577.9428911922378,20214082
2021-03-18,559.6146850585938,581.6666081188232,556.6164273081386,575.2347873875159,22776537
2021-03-19,567.400634765625,569.5768068871514,551.296937453351,556.3263248295902,29162618
2021-03-22,554.6337890625,567.5940686055028,550.8133859051312,567.5940686055028,21755401
2021-03-23,567.1588134765625,569.9152744323284,555.4558084845356,557.1000391565908,29486417
2021-03-24,548.8789672851562,561.5007537572067,546.4609982662789,560.968812379543,24434219
2021-03-25,552.7960815429688,560.0016412375758,538.8202083964394,549.4592723923173,27170186
2021-03-26,559.5663452148438,565.3211229435119,555.4557981275727,565.3211229435119,20724410
2021-03-30,572.0430297851562,573.6388536600803,562.9030965653652,562.9030965653652,28011943
2021-03-31,562.9998168945312,570.3021297034271,560.0015592747752,566.7718717357828,20119972
2021-04-01,574.896240234375,576.5404116629619,561.1621667252903,568.2709708245754,15631940
2021-04-05,552.5059204101562,572.5750632521882,545.0102164571082,572.5750632521882,23260127
2021-04-06,547.33154296875,559.5180843741163,545.8807614189467,555.8427829211051,23284697
2021-04-07,558.6959838867188,560.9688513092154,541.0448088239718,547.9601652783995,23984399
2021-04-08,557.777099609375,566.626830712183,554.4886381629826,562.9031820726192,19262565
2021-04-09,547.62158203125,560.0015703993944,546.46094520839,555.1172852619845,23239564
2021-04-12,520.87890625,533.8392446006219,513.7217529337577,533.3073031902685,26601702
2021-04-13,542.2053833007812,545.3003956462012,520.2018638443274,523.2485286128166,25445897
2021-04-15,556.3262939453125,557.8254228504287,535.9670077006499,547.3798090534764,37614884
2021-04-16,548.3469848632812,558.7925984364795,545.5904649686207,555.7459340877606,24045008
2021-04-19,541.3832397460938,543.8495562314362,516.8650585755726,531.9531609832096,28526176
2021-04-20,540.7545166015625,553.8599546697744,534.4677977473423,546.6543958688338,24425842
2021-04-22,560.195068359375,561.5490955766029,528.9549207621035,533.8875538970873,34942633
2021-04-23,551.2485961914062,561.45241378269,548.4437284785654,551.2002486168636,33749097
2021-04-26,571.7045288085938,585.6320529373389,568.7062710605372,582.2468965619786,62584522
2021-04-27,579.1035766601562,582.198588792846,571.7045678923548,573.7840448494992,24239685
2021-04-28,600.9619750976562,602.3644088855251,578.3781688725504,578.3781688725504,33292864
2021-04-29,601.0587768554688,607.8290904049785,589.0172788073507,602.122659657412,34537860
2021-04-30,580.7960815429688,596.1259794827926,578.4748079787806,590.0810577348433,23653258
2021-05-03,577.1692504882812,579.2003210119163,568.2227644103314,573.1070504085596,18010557
2021-05-04,572.1397705078125,588.050017153402,569.6734541173581,577.072462321163,15115127
2021-05-05,583.0206909179688,584.9550661758469,565.5146184471512,575.7667837009259,17253943
2021-05-06,588.2434692382812,590.8064807806612,579.5871290134854,583.0206329483368,16949763
2021-05-07,587.1795043945312,594.6268599098939,583.8911023321544,591.9187467313366,10941083
2021-05-10,593.1278076171875,596.7547611900607,590.9516354734636,590.9516354734636,12060808
2021-05-11,589.83935546875,592.7893249808435,583.4559406920607,586.5026053546546,13818480
2021-05-12,575.2348022460938,586.744357841801,573.7356733321429,583.4075489478822,14785569
2021-05-14,577.7011108398438,582.1985565527799,571.70453623341,572.5750286399276,12675754
2021-05-17,603.1381225585938,604.0086149521262,581.4731572175665,583.4558798556767,20453101
2021-05-18,612.4232177734375,614.6477375110477,605.4594550462878,607.3938303020267,19242627
2021-05-19,604.927490234375,613.1969323259727,602.8963608750266,606.5233143390998,13911576
2021-05-20,598.3021850585938,612.1330140239647,596.4162165928088,607.4421190635082,13900762
2021-05-21,621.36962890625,622.8204101742858,601.8807769259918,601.8807769259918,23975898
2021-05-24,626.1088256835938,632.0087050525594,617.0656458657791,622.1433804124802,20323003
2021-05-25,628.9620971679688,630.6063279276439,621.418045542195,628.768647837575,14884778
2021-05-26,631.0899047851562,635.1037569113275,622.1917671180947,628.0432402525254,14487031
2021-05-27,630.8480834960938,634.9586306097134,626.8342315251112,629.7357941935487,23349546
2021-05-28,621.9500122070312,638.3438548307658,618.2747109099502,636.4578270895487,14191446
2021-05-31,641.0035400390625,643.1797119969469,622.6269768391497,622.6269768391497,21786138
2021-06-01,628.7686767578125,643.0831014110727,627.0760983458007,642.7445503092002,14123196
2021-06-02,627.0760498046875,628.0432373938256,620.0639397834365,627.2211515560365,16025108
2021-06-03,628.9137573242188,632.2022188839913,623.594225351465,632.0087695512198,11805702
2021-06-04,621.6114501953125,633.4111501118738,618.4197430867815,631.5734701538852,15111572
2021-06-07,626.9309692382812,628.6718949871419,623.1105666853325,624.0294066460328,7556341
2021-06-08,621.3212890625,626.7375155842017,616.4853514422515,626.7375155842017,11912935
2021-06-09,615.22802734375,624.4163098214876,608.1675694568202,623.2557318923634,15823094
2021-06-10,619.386962890625,621.3213380913671,610.2953758341582,614.5993724622988,10712418
2021-06-11,614.8411254882812,623.4007115277881,610.7789260501056,622.8687701920318,9015059
2021-06-14,614.3092651367188,615.2280461866741,602.8964035362329,614.8412065426007,10170497
2021-06-15,624.1261596679688,624.9966521393501,615.1313266043011,615.4698186584785,11039987
2021-06-16,619.0968017578125,627.8982449430603,616.67883259139,623.7393497833037,8601339
2021-06-17,612.229736328125,616.6304279976123,606.1364663986469,612.2780839004929,9720060
2021-06-18,609.715087890625,615.7116037968401,600.3333563450919,611.842853388987,13820690
2021-06-21,610.5372314453125,612.3265050650823,596.0294160446318,602.4128312079505,13407446
2021-06-22,610.1502075195312,622.9654418264279,608.8928755827011,614.1640592361767,15270093
2021-06-23,604.2020874023438,614.1641075770254,602.9931029386095,612.9551231132912,10950633
2021-06-24,613.2452392578125,615.4214111920364,603.9602626181005,606.4265790037326,12815724
2021-06-25,627.7047119140625,628.6718994516805,615.2279690658137,615.2279690658137,14785922
2021-06-28,628.9620971679688,631.5735155471648,624.9483039664254,629.6391403081229,12093491
2021-06-29,619.0968017578125,627.4629986866141,615.5666021943059,625.09337709703,12225470
2021-06-30,610.1986694335938,619.7737910812119,609.1347276733394,617.3558221248772,14276494
2021-07-01,610.1502075195312,616.485332836817,609.3764693301312,613.1485241730616,10517081
2021-07-02,619.2418212890625,620.3057039680308,611.5043209840059,611.5043209840059,10999396
2021-07-05,626.5923461914062,627.221041627137,620.1605852703578,621.6597139642903,7358568
2021-07-06,628.9620971679688,633.5078907862066,624.0294639213911,624.0294639213911,9209891
2021-07-07,632.5406494140625,633.2660400670603,624.7064539746634,629.5423916613154,7741559
2021-07-08,620.8377685546875,632.5407153635723,617.1624083036803,629.1555586299752,10782941
2021-07-09,617.5975952148438,620.1123182519674,613.0034543748918,618.5164351893227,7069698
2021-07-12,625.0449829101562,628.9137332879367,621.321334284521,624.803186011545,6992783
2021-07-13,643.13134765625,644.4853747530493,631.573445085938,633.652921848891,19825411
2021-07-14,642.5510864257812,646.0813449324787,636.6029178462464,640.2782190797917,11648541
2021-07-15,645.5493774414062,647.6287953684289,639.4077007427688,643.2764511548442,8244429
2021-07-16,638.6339721679688,645.8395317264038,636.1193079748996,645.5493872475801,9212875
2021-07-19,634.3783569335938,635.3455445129817,624.3679300674605,624.4646842448664,9121737
2021-07-20,620.8377685546875,629.8809493586032,618.1295959418509,627.366285112339,13169127
2021-07-22,634.4266967773438,638.6339390834501,627.0276882721836,631.0898878626158,13123569
2021-07-23,654.447509765625,655.608087653661,629.3973274423037,634.4267147427613,19298083
2021-07-26,654.544189453125,665.1832527467849,641.8256492663627,657.6875490626154,31054759
2021-07-27,655.2212524414062,663.1037959741483,651.2074002822104,657.8326707719405,12598869
2021-07-28,662.57177734375,664.4578047532493,648.063965012893,655.6564222188385,18367497
2021-07-29,666.888427734375,671.738525390625,662.6203181147575,671.738525390625,11043138
2021-07-30,662.038330078125,667.0339543461799,657.6732421875,666.40341796875,14536250
2021-08-02,660.9713134765625,667.4219076527314,657.3822294719592,663.5418296380883,9348206
2021-08-03,669.7014770507812,671.1565062802903,656.3637091136156,662.5233091697539,10162609
2021-08-04,693.2244873046875,695.8920410372308,672.417556349791,673.1935601400174,28730606
2021-08-05,681.3901977539062,695.0189596505882,678.0921078292052,694.048940167475,17774554
2021-08-06,676.734130859375,684.8337700381915,674.842580984925,683.9122396680449,14701949
2021-08-09,681.7781982421875,685.1247774384981,673.5330322944652,676.4916392046472,8602980
2021-08-10,679.8867797851562,687.0648894969066,676.3946736071457,682.9907952252107,10843554
2021-08-11,672.757080078125,685.9493821287363,669.3135223476855,685.0763408087723,9748084
2021-08-12,680.3231201171875,681.8751867661595,672.5144753565708,672.7084910883534,8840339
2021-08-13,683.6697998046875,688.6169352702516,679.9837371788716,685.8523438969164,12787590
2021-08-16,681.5842895507812,686.1918826097383,677.7042111853438,681.3417846529414,7920846
2021-08-17,680.1776733398438,681.8267183020483,670.7684725134202,678.8196223814891,8669653
2021-08-18,667.6644287109375,679.8381619358785,663.1053250921738,679.8381619358785,11069373
2021-08-20,660.2923583984375,663.8814427857911,655.102717977239,663.3478846376439,13121808
2021-08-23,662.2322998046875,669.2649409175282,653.647592026529,669.2649409175282,10917371
2021-08-24,673.6300659179688,676.346108726511,660.001303535137,662.7658354785066,9821388
2021-08-25,670.3319702148438,679.4501772864774,666.5489296508792,678.9651675317158,9535359
2021-08-26,677.8496704101562,680.5172242541614,669.3135099503988,671.302038247598,10756731
2021-08-27,678.7711791992188,679.4502047243641,668.3919581871249,675.2305841643647,9135827
2021-08-30,692.2545166015625,693.5640193896194,679.8867666054539,683.3788135104711,10797869
2021-08-31,697.4925537109375,698.3171058612189,688.0833521252788,692.593966767437,19760246
2021-09-01,698.317138671875,712.7703952911427,695.6980738922512,705.7862422805786,13729351
2021-09-02,703.4097290039062,706.2227502902614,695.989055462156,700.6451376506692,8627956
2021-09-03,702.5851440429688,709.8602906246755,699.4810696603816,703.02166467893,8993813
2021-09-06,699.5296020507812,706.1742120951084,698.4140559182391,703.6521850197431,5329995
2021-09-07,695.4071044921875,700.790701660049,690.31450137564,699.287183057176,6242711
2021-09-08,699.3356323242188,701.0816557378506,693.5640039468187,695.0190333257281,7118011
2021-09-09,698.6566162109375,702.1972114295646,696.0860405913536,699.1901151493518,6243422
2021-09-13,686.1918334960938,696.377038476369,684.057778706787,696.377038476369,6967906
2021-09-14,686.2402954101562,692.5939111857178,685.3187650598175,691.8663965731278,5241865
2021-09-15,692.9334106445312,694.5339665120459,685.1247654598607,685.9007692238437,5936741
2021-09-16,705.398193359375,707.5322481038166,691.4783779891319,698.4140411072442,13557169
2021-09-17,698.5595703125,712.3823482608204,692.5939266737396,710.9273190031025,17075003
2021-09-20,688.7138671875,698.8020939946174,685.318798828125,688.7138671875,7943459
2021-09-21,690.5083618164062,693.0789371899905,673.5815687972035,689.82939552629,10009615
2021-09-22,682.26318359375,693.5639343175438,681.1961858384548,693.5639343175438,9740470
2021-09-23,695.5039672851562,698.41402572568,685.9492990875531,689.6838504041089,10412491
2021-09-24,701.2756958007812,702.8761926498731,695.0675465534881,700.9361534107563,11780868
2021-09-27,708.1143188476562,709.8118531736609,700.645155972176,702.7792109659273,7712240
2021-09-28,695.6495361328125,713.3523927210091,685.415782631291,712.0913199559708,13491800
2021-09-29,688.2288208007812,690.6053803669442,680.274649226719,686.1432552374505,11453404
2021-09-30,679.8381958007812,692.4969986251765,677.8496675120839,688.3258670863279,18487517
2021-10-01,671.5929565429688,674.0180052185848,667.2764172646043,672.2234928807449,10935810
2021-10-04,679.2076416015625,682.2631673947919,673.2419982064688,676.1520566030433,8976533
2021-10-05,676.2006225585938,678.0436834345975,671.1080197860163,672.2235659802233,7497208
2021-10-06,668.8285522460938,683.8638569013722,667.7130059605171,675.715668115746,13200810
2021-10-07,681.147705078125,683.815258704445,672.6600344489249,676.6370907187762,10041549
2021-10-08,682.3117065429688,688.7138112470939,677.3645718122459,684.833733437251,9383924
2021-10-11,691.9149169921875,697.8320716319804,679.3046631371025,680.9537081745954,9337637
2021-10-12,687.3558349609375,691.6239446972885,683.2818001824968,685.3188175717172,7376091
2021-10-13,688.6654052734375,694.4370335535737,686.725366134252,692.4484460716717,6357766
2021-10-14,705.4952392578125,707.9202882441278,687.7923816577102,688.9564170122011,8950350
2021-10-18,723.10107421875,726.447653455614,710.1027887674178,716.8444363768378,15345601
2021-10-19,725.0410766601562,732.364711938483,716.6018952908004,732.364711938483,11349799
2021-10-20,723.489013671875,734.7412752905196,719.6574840467022,724.3620548958813,12762996
2021-10-21,732.8497314453125,737.0692925835626,715.2924021967076,726.4476264344589,12166996
2021-10-22,736.5358276367188,742.8894438064323,730.7641995110652,735.7598238428742,13248928
2021-10-25,816.4653930664062,841.0068736157502,774.4635621997802,776.0155696569783,96124084
2021-10-26,804.5342407226562,816.4654693802694,797.6955555116205,803.8552151946809,16925115
2021-10-27,809.9663696289062,823.5466440897502,799.4901697430291,803.9037471017438,22898400
2021-10-28,774.7545776367188,807.0077256431113,772.378018047821,805.2131540654456,18750423
2021-10-29,778.004150390625,784.5032930676069,760.3983314851432,774.0755831442972,15701200
2021-11-01,779.7987670898438,785.4248688347587,769.2255299444283,783.4848296671813,11406421
2021-11-02,776.9370727539062,785.7157367368843,774.0755036000415,784.745717308814,9452457
2021-11-03,762.3868408203125,781.8357200296188,757.0517335496389,781.8357200296188,11839149
2021-11-04,758.6522216796875,765.3453798625028,755.6451849339539,764.8603701160753,3149310
2021-11-08,756.7606811523438,769.2254071318226,749.9705451499191,769.2254071318226,13967995
2021-11-09,762.9688720703125,764.9574003246298,755.8392519958371,760.495334036635,10084357
2021-11-10,757.48828125,760.7863121575199,749.9220814859318,759.0887779652497,9507347
2021-11-11,748.3215942382812,753.7051909036771,743.131954118792,753.4141968795224,9221059
2021-11-12,753.317138671875,756.5182504653758,748.0790687653425,749.5340980513727,15380106
2021-11-15,750.1160888671875,761.0288085529081,748.4185546938531,753.7051729604387,10934583
2021-11-16,741.1434326171875,752.4926733047377,739.1549043612118,750.1161135428322,12785837
2021-11-17,738.4758911132812,748.8066232762401,733.6257932349524,738.0879188061928,11657214
2021-11-18,740.0278930664062,744.4899590410832,733.7227663774589,741.9679320476208,20644385
2021-11-22,729.4546508789062,747.351522173044,718.0569219589233,745.2659566034415,20403786
2021-11-23,729.3091430664062,735.2262975856127,709.278275758755,718.7359659573292,24913042
2021-11-24,737.4088745117188,749.0975982602171,724.3136105732106,727.7571681382037,23186419
2021-11-25,728.533203125,732.3163032179673,722.95559046798,732.2678140794005,17749726
2021-11-26,700.5481567382812,719.8030218351846,697.0560507060612,716.844473939417,18987552
2021-11-29,696.862060546875,705.9317195550211,689.1988825061388,704.9617000159554,15878074
2021-11-30,692.9334106445312,710.3452726237059,689.7808472490506,695.2614811417723,23965914
2021-12-01,705.8831787109375,710.781765183323,693.5639196261699,694.9219705634979,15214913
2021-12-02,700.7420654296875,705.3011094223419,693.7579136376575,702.8760608282544,21924640
2021-12-03,694.8250122070312,707.6292824837109,693.6609768718247,698.8991062776062,20130259
2021-12-06,688.2772827148438,705.0101180768187,686.2887547012899,697.4439782759398,20129080
2021-12-07,712.6248779296875,718.735989183653,690.6539116916487,695.5040093861126,30513303
2021-12-08,730.8128051757812,736.0508755990655,721.7915753481878,725.477697267346,33432411
2021-12-09,732.36474609375,740.12490234375,725.9626408696174,736.2933133542538,16007459
2021-12-10,735.2747192382812,737.0207423505601,728.5330724385087,733.819690110501,7627774
2021-12-13,731.394775390625,746.6240948890224,729.9397459966118,740.124951754704,16855546
2021-12-14,735.9053955078125,741.4344598807473,723.9256178874251,728.533211001736,17488089
2021-12-15,729.6972045898438,736.7298463090547,728.3877018828672,734.8867854867298,7358740
2021-12-16,718.9300537109375,735.1778820897848,716.7959987395218,735.1778820897848,14123215
2021-12-17,706.4652709960938,719.754551510597,704.2827268708932,719.754551510597,13227787
2021-12-20,688.6654052734375,698.6081058617633,677.2676753307227,696.5710292424409,16900016
2021-12-21,698.7535400390625,707.0957434639558,694.6795054047839,698.4140568879703,14563335
2021-12-22,710.830322265625,712.9158880033236,698.4625728662525,704.4767059838692,9843359
2021-12-23,709.3753051757812,717.3294775522406,706.1257632733157,716.8929569013119,9994049
2021-12-24,705.3012084960938,711.8973889628089,698.0260616918899,711.8973889628089,8800690
2021-12-27,713.9343872070312,716.6019409635793,694.6309745229842,702.2941526330036,7955163
2021-12-28,713.7403564453125,720.1910099848699,710.539303845837,718.2024817946877,17833655
2021-12-29,713.6433715820312,722.6160521279113,709.9573092528904,715.8744046334617,7143073
2021-12-30,713.6433715820312,718.2994534296456,707.1442289672,711.3153010555776,14326182
2021-12-31,717.9600219726562,723.8771177792522,714.4679159315479,714.4679159315479,6973055
2022-01-03,741.77392578125,743.034939294085,720.7244907252026,720.772979859294,9653095
2022-01-04,749.6795654296875,754.6751896603275,740.7068848328263,744.9265052853369,12114437
2022-01-05,764.423828125,771.9899681166116,748.0790238096181,749.8250470068685,19741360
2022-01-06,761.5137329101562,768.7403894214849,750.7950301731601,751.8135387218725,13018067
2022-01-07,769.4679565429688,778.2466210419217,762.67782014738,768.4494479246886,12250210
2022-01-10,786.443359375,788.431887634735,775.0456295289855,776.2581539806891,10905080
2022-01-11,786.3463745117188,790.2749418612598,777.8587034209163,785.4733332316896,9982061
2022-01-12,799.0536499023438,800.7026950724887,787.7044086787562,794.0580252527016,13034848
2022-01-13,799.97509765625,803.1761501818585,792.8939671104393,796.3860136465046,9372244
2022-01-14,795.416015625,797.3560546875,787.2678278803825,796.3860351562499,7552844
2022-01-17,794.7369384765625,804.0491608947066,790.1293460024887,795.4159639453786,6722700
2022-01-18,798.4230346679688,810.9363100238994,793.669974594114,796.38601737993,10835146
2022-01-19,784.3577880859375,796.3860542438456,779.1682071514848,791.5359564713497,16416144
2022-01-20,785.9583129882812,788.5773775230373,771.5535468550623,778.9256714959455,13567654
2022-01-21,780.3806762695312,787.0252860646632,771.6505008979641,778.9256470409367,12078277
2022-01-24,774.5121459960938,792.2150033426144,759.8163256674114,788.6259190532194,29612316
2022-01-25,777.6162109375,780.1867272714006,762.4838701424657,765.3454397112157,19513184
2022-01-27,770.8260498046875,777.4706599600323,757.6337485604175,763.3083983827408,23984679
2022-01-28,757.7308349609375,781.6902717400607,755.1602593363119,779.6532542601936,14072314
2022-01-31,765.1513671875,774.7545838873432,760.495285444206,765.2968937941276,14824509
2022-02-01,786.0068359375,788.4803739691243,765.6364252212842,778.0041745847009,20031583
2022-02-02,789.3533935546875,794.1550020754337,784.600274169445,790.56591796875,11214375
2022-02-03,784.6973266601562,793.8640232469231,781.8357571471566,789.6444026820711,9755335
2022-02-04,780.9142456054688,787.6558934806294,771.9415645528877,785.5218385784158,10314067
2022-02-07,762.8233642578125,780.8657034123029,758.021755855399,774.1240559952004,14659368
2022-02-08,768.740478515625,771.8445528566837,751.0861112058162,766.3154296875,14642455
2022-02-09,778.7317504882812,780.1382907989197,770.38960531635,773.3481533595756,8855292
2022-02-10,781.350830078125,784.5518830902713,772.4266374341861,781.7873507628043,13159771
2022-02-11,767.0913696289062,773.493533525501,764.2783487455761,772.9599754634849,13138408
2022-02-14,731.1036987304688,750.7465933297927,728.6301608812416,748.8550434902812,16170656
2022-02-15,752.7836303710938,754.6751802603627,720.9185130872045,730.3762033282566,18880659
2022-02-16,741.1434326171875,754.238696670831,737.6028967480834,752.4441841678203,10549784
2022-02-17,727.8541870117188,744.2475420201869,723.9256194520854,743.5200273163548,16683808
2022-02-18,726.4475708007812,734.1106887323259,723.1979702050392,724.4589836160237,8945567
2022-02-21,731.8312377929688,740.0279145678118,717.8144439053794,723.8770658978235,10967164
2022-02-22,728.7756958007812,736.9723730612117,715.631942383559,716.2624787902446,13156371
2022-02-23,722.2765502929688,733.7228286173266,720.4335486276524,731.9767460218848,11624282
2022-02-24,686.1918334960938,705.3011707138996,681.2446984110699,691.5269408667141,28023104
2022-02-25,708.1627807617188,717.1354618542133,698.6566007426215,703.2157045982457,16935750
2022-02-28,720.4334716796875,722.4219997506656,693.9519520092407,701.2755871612912,20547432
2022-03-02,693.41845703125,703.2156900856645,686.5313418547755,695.5040227620968,25252492
2022-03-03,677.3646240234375,700.3056095245371,672.6600529984909,696.0859890579119,23190595
2022-03-04,667.4219360351562,685.3672976160152,664.4633882642357,670.2835055337035,18697223
2022-03-07,634.1502685546875,647.00302734375,622.8980656743049,643.6079589843749,27799873
2022-03-08,645.0629272460938,649.3795255927831,623.722499577802,624.0134935685846,26716975
2022-03-09,647.4395751953125,654.2782013370947,638.2728783985298,644.7720213722183,33728639
2022-03-10,656.3152465820312,679.9837488252581,653.4537360874477,673.1451223935388,35959638
2022-03-11,657.5762939453125,664.1724152179717,650.4951036795836,654.4237303247853,20546724
2022-03-14,675.2791137695312,677.5101468285675,656.9457211257647,657.7702140371608,24648981
2022-03-15,676.443115234375,686.8708254851132,667.3734560472463,680.4687200830572,27714580
2022-03-16,686.7738647460938,690.0719550103265,680.2262325610145,685.7068668869402,14621688
2022-03-17,698.5110473632812,703.2641667933818,694.7280066788796,696.2800142614094,18329844
2022-03-21,689.44140625,701.2271676541549,684.3488035306015,699.3841067973971,12866839
2022-03-22,696.6680297851562,699.3840725949519,678.5286529544644,687.4043552277658,11761758
2022-03-23,696.7650146484375,705.0101806308414,692.8364474037626,703.2641573226852,7140403
2022-03-24,683.0877685546875,691.3329346041988,677.0736355951617,681.3902343680235,17727969
2022-03-25,678.2861328125,684.9307426802806,675.7641058041447,683.8637449164283,15263007
2022-03-28,689.0533447265625,692.0119516370017,674.794105097614,680.9537053887425,13806166
2022-03-29,693.8549194335938,695.4554752513218,684.6882235431223,692.8848999574653,11489374
2022-03-30,708.9873657226562,709.8118587196095,697.5410868136387,699.4326369184543,20154520
2022-03-31,708.4052124023438,717.7174349072195,705.9801637091923,717.7174349072195,16046383
2022-04-01,714.1769409179688,716.1654692859166,701.4211593097762,703.2642202587808,12658848
2022-04-04,724.2164916992188,727.3205657546083,703.2640954345931,719.7544259482318,17192197
2022-04-05,719.5604248046875,732.8012141382112,715.8743626915073,724.4105221128956,12290391
2022-04-06,719.366455078125,722.5675668704997,710.1512696031758,710.3452853489703,13518142
2022-04-07,726.1080932617188,735.0807737402448,715.0013580175118,715.0013580175118,15087175
2022-04-08,731.6857299804688,733.334775045837,721.3065090216976,727.369131169894,15480705
2022-04-11,736.8267822265625,742.5014317762851,729.1151746316407,729.7456517780823,13216391
2022-04-12,740.9493408203125,745.8479864574211,727.7570998467589,734.3047312015948,14020000
2022-04-13,739.3973999023438,749.3885893981088,737.8938814451427,746.5270198926197,16119956
2022-04-18,735.080810546875,740.0279458248403,726.7386660150366,728.4846893815499,17651530
2022-04-19,743.3259887695312,754.5782513670702,734.3048185595942,738.9609006803395,31088359
2022-04-20,732.8982543945312,746.9150486419223,731.2007201930724,743.8109742610528,15984202
2022-04-21,739.494384765625,741.288956467235,728.6787022404092,736.2933320721821,8953098
2022-04-22,725.2351684570312,736.099340475498,723.5376341784837,734.3048279202951,14411607
2022-04-25,729.6487426757812,739.3489385124566,721.694570248648,725.2351654111533,35417460
2022-04-26,731.1522216796875,745.5084989011287,729.1152043461799,744.9749999999999,18727514
2022-04-27,714.6133422851562,727.5145891585095,710.5877378763637,726.544569706298,21441480
2022-04-28,724.7501220703125,729.3577148794458,712.6248778357512,716.9414174190198,18649559
2022-04-29,721.0155029296875,737.1663517442317,717.9114286007149,727.6116238754458,19560317
2022-05-02,718.7844848632812,721.5005277558487,709.1812676586985,710.0543089337676,10903446
2022-05-04,702.5366821289062,724.6046276151784,699.529645107401,723.8286237907864,12212165
2022-05-05,706.9502563476562,720.7245461912948,704.7192231601288,708.8902955029491,9121547
2022-05-06,697.6865234375,701.3240965523983,689.004837095551,694.7764649455813,12455025
2022-05-09,689.0533447265625,698.4140568089666,683.3302650619983,684.1547579747249,13055889
2022-05-10,689.974853515625,698.4140349456094,683.8637425509091,683.8637425509091,12797419
2022-05-11,692.7879638671875,698.2200495820824,685.9493379852216,696.4740262598158,13516852
2022-05-12,674.9395751953125,689.392889832937,672.5145263772744,686.3373046400917,16685166
2022-05-13,657.042724609375,681.3417619266664,654.7632023278333,681.3417619266664,15717043
2022-05-16,662.5233764648438,670.2350440056038,655.4907344745508,656.4122649212347,9025623
2022-05-17,688.7138671875,690.65390625,664.6089055180549,665.5303767085076,12765052
2022-05-18,686.143310546875,695.5040229620245,684.9307860995912,690.9934083360105,11835013
2022-05-19,669.6044921875,677.7526801950419,665.0453884024539,672.3205351215821,16661023
2022-05-20,688.2772827148438,690.5568639250104,672.9024982527676,673.9694959560536,11695528
2022-05-23,689.732421875,704.1857375371053,686.240375011619,688.2773924810416,17438451
2022-05-24,686.9193725585938,695.8435051133911,684.8822959669416,689.732393749025,13779981
2022-05-25,691.9634399414062,699.2385867517748,690.2659056856536,690.702426335335,10457589
2022-05-26,706.6591796875,711.0242672765099,694.000437520429,701.3240726342656,14028733
2022-05-27,717.6204223632812,718.9784733607349,709.3267673856765,711.5578004198139,8110620
2022-05-30,726.0596313476562,729.4062106277925,721.9855374068509,726.3021362345459,7628515
2022-05-31,730.2791137695312,734.0137241471757,718.2993973340563,718.7844070554162,20272212
2022-06-01,730.0852661132812,732.9467765317738,721.8885887589776,725.5746513499096,10102092
2022-06-02,727.2720947265625,729.2121336588108,720.9184790645074,728.5331081914659,10949759
2022-06-03,721.9854736328125,734.3047326396882,718.9784369831145,733.4802397792098,8563791
2022-06-06,724.362060546875,728.4361542818696,717.4263974500811,718.0084446723899,9107831
2022-06-07,713.2068481445312,720.6760102483751,710.3937678699366,718.784460353754,9938912
2022-06-08,707.6292114257812,718.7844354578532,704.6706638496377,714.5163260591181,9369224
2022-06-09,710.7817993164062,712.0913019789867,700.4996161438609,703.2641480783276,7444368
2022-06-10,698.4140625,706.4652127683163,696.4740234375,703.0216552734374,7990818
2022-06-13,667.3734130859375,681.2446800343107,661.6502743788106,681.1961909005809,16622521
2022-06-14,664.9484252929688,673.8241281748404,660.243853989426,661.9413882626029,13348598
2022-06-15,666.6459350585938,675.4730892724864,665.530388895112,666.8884399458468,9199591
2022-06-16,658.1583251953125,679.0622365789525,656.0242701480186,679.0137474380526,13237239
2022-06-17,666.2579345703125,671.8840955807092,649.8646389520976,651.125652583453,16335613
2022-06-20,665.3849487304688,667.1794612875005,657.2852496413942,665.4334378688459,10981042
2022-06-21,675.2305908203125,686.7738472456844,667.9554441333879,669.8469941130473,13319648
2022-06-22,666.015380859375,677.9466683573997,664.5603515747664,673.4360538929959,6838249
2022-06-23,678.1891479492188,684.8337577523769,666.4033875012506,669.5074617003932,14960412
2022-06-24,692.0604248046875,693.8064480653665,685.3672665659108,689.5868869182846,10856736
2022-06-27,695.8434448242188,706.9986687565013,694.6309204837532,706.9986687565013,8285225
2022-06-28,689.0048828125,695.7950197441837,685.8038301000511,689.7323974837518,8339931
2022-06-29,681.6812744140625,685.5128636780115,679.9352509738054,683.8153293767314,9570557
2022-06-30,685.997802734375,690.5569062287119,680.1776857301896,681.6812041152125,11970404
2022-07-01,682.7967529296875,685.5612848355172,673.2905144209359,682.3602323115849,9884899
2022-07-04,698.5110473632812,699.4810669036859,683.7182493721101,683.7182493721101,8303732
2022-07-05,697.8805541992188,710.1998139212261,696.5709923264933,701.3726007825674,11460367
2022-07-06,704.1856689453125,709.9572968202166,700.3540800733817,701.3240995748685,12163533
2022-07-07,719.7545776367188,721.6946169295401,711.0244008190227,713.8859706169943,10374018
2022-07-08,733.0437622070312,734.7897854998337,722.2280208901641,728.7756526421427,9797700
2022-07-11,746.4299926757812,748.4185207762245,732.3647101627223,732.3647101627223,12440573
2022-07-12,737.1177978515625,744.4414327995288,734.9837432375442,742.4043564476208,10219829
2022-07-13,730.6187133789062,741.8224269796456,727.4176608080226,741.8224269796456,8674121
2022-07-14,729.8427124023438,736.7298273298937,726.3506065982099,727.5146418662545,7044542
2022-07-15,728.6787109375,736.2448517228415,721.8885739650891,730.6672392097897,6358018
2022-07-18,748.8551025390625,749.9706487184862,735.129302042271,736.4873531124134,8045363
2022-07-19,757.2457885742188,758.555291290108,744.1505245941465,744.7810017811212,12825591
2022-07-20,759.6222534179688,765.8788910888006,756.9062106352496,765.8304019544345,8152179
2022-07-21,762.4353637695312,765.2969332735929,756.712224761408,761.3683659501904,8312338
2022-07-22,776.0640869140625,779.7986975015549,765.4423615783869,765.4423615783869,12267898
2022-07-25,776.888671875,793.281966548427,773.2025502653746,778.9256892232296,21034148
2022-07-26,772.426513671875,778.7316404027981,767.9159585336972,777.5676051652617,7374145
2022-07-27,776.5006713867188,779.7017241497522,770.8260805434004,771.165563713231,9536564
2022-07-28,790.1779174804688,791.0509587749691,781.1567473269146,782.7573032983998,11124518
2022-07-29,794.0579833984375,798.7141246229065,783.7757998058745,796.0465708488148,11095993
2022-08-01,798.7140502929688,800.2660577531622,792.7968960397413,796.0949858992641,7974903
2022-08-02,793.2335205078125,797.3561037693938,787.8499236190421,795.4160645874732,11106772
2022-08-03,800.0720825195312,803.1761568023379,787.2193239716678,793.2334567936133,11073975
2022-08-04,795.6585083007812,805.0677094506085,784.1152523738859,799.2960814871609,11113742
2022-08-05,813.0704345703125,815.6894993120746,798.4231031950561,798.4231031950561,16056522
2022-08-08,816.7297973632812,821.9505207188839,811.069933828099,816.3882174189047,12142951
2022-08-10,828.2446899414062,832.3920123947211,821.8041659557855,821.8041659557855,23658553
2022-08-11,838.9301147460938,845.5658184315945,837.3687341632482,839.2716351070335,22787391
2022-08-12,853.2750244140625,856.0561462344785,837.7591354144198,843.0774784715667,10792853
2022-08-16,858.0078735351562,863.1310368403135,855.2267515651621,860.1547348322915,13804836
2022-08-17,861.9111938476562,864.106835156637,857.1783908503086,860.4962130919745,9058040
2022-08-18,863.7164916992188,866.2049328790207,853.909305576073,859.276428878953,13137856
2022-08-19,849.3716430664062,865.4730122271322,843.4189799433652,863.6188913480285,10787199
2022-08-22,831.6600952148438,846.4441031311904,829.0740939751595,844.6387624066966,13848023
2022-08-23,843.0286865234375,847.0296090090403,822.4384148998874,824.9267964243761,13254855
2022-08-24,852.2015991210938,854.202060474313,836.3441890909899,836.3441890909899,10494109
2022-08-25,851.2745361328125,860.1547214600488,845.7610723978989,852.2015966285933,9827829
2022-08-26,849.810791015625,856.3001550461921,846.346568682256,853.0311127514466,5976725
2022-08-29,835.1731567382812,840.198759670883,826.53699122095,829.5132931497114,7755134
2022-08-30,865.8633422851562,869.2300042276803,838.3446257766652,839.7108264248318,12544701
2022-09-01,853.2261962890625,864.302022725116,842.1504294135921,842.1504294135921,15877583
2022-09-02,851.3233642578125,860.0083098715986,846.053801187429,852.9822456312818,8401284
2022-09-05,861.1305541992188,864.4972162001684,850.4938677754845,850.4938677754845,8744999
2022-09-06,862.3015747070312,868.4493586083719,856.8856116990898,861.1793341866904,9879326
2022-09-07,855.0315551757812,861.3257390281522,851.4209330033636,857.324756787144,8814960
2022-09-08,877.0855102539062,879.0371914336259,864.1068423208869,864.1068423208869,12163106
2022-09-09,879.476318359375,889.9178244256609,876.0120962296875,888.1613233024965,9936230
2022-09-12,885.2825927734375,886.9415336840817,880.98887036478,883.1845116863607,6016978
2022-09-13,888.0149536132812,891.8695359284446,883.4284908418431,891.8695359284446,10400475
2022-09-14,895.919189453125,899.9689515793953,876.353598243347,876.5487782664047,14712947
2022-09-15,895.4312744140625,914.0210847384641,893.6259932015241,897.7733155832948,16253099
2022-09-16,887.1366577148438,895.4313027407838,883.330915145174,892.7965807927752,11966860
2022-09-19,877.475830078125,890.4544974160177,873.71880824309,883.0869132125273,11235656
2022-09-20,894.601806640625,900.2128896929114,885.4288818265685,887.234222544956,12090663
2022-09-21,893.1380615234375,894.8457824823732,883.7700160872216,889.9665797425566,8917640
2022-09-22,881.5744018554688,889.6738667395215,873.6700574385206,884.1115635336504,11125669
2022-09-23,860.9353637695312,883.0381770404971,857.5199216916697,879.9154752286213,15927517
2022-09-26,840.2474975585938,856.6904466386289,838.4422163569614,848.981282433677,14208640
2022-09-27,831.952880859375,853.71411404585,828.0982986271043,844.0533279671298,12493809
2022-09-28,828.9766235351562,842.3944323328118,823.6095000160941,823.6095000160941,11411458
2022-09-29,823.511962890625,840.7842950519371,820.7795613739409,837.2712924741825,13803629
2022-09-30,841.1746215820312,846.1026048427556,817.2665261890385,823.5119300342992,13175031
2022-10-03,827.8543701171875,840.1499977244196,825.2684281981548,838.9301969435782,8232026
2022-10-04,846.6881103515625,851.5673132935744,839.3204662606582,844.1021089680631,8975095
2022-10-06,864.0580444335938,870.1570479947877,851.9575975439521,851.9575975439521,12116698
2022-10-07,861.2280883789062,863.130989414095,851.7136427635446,856.0073651218893,9705750
2022-10-10,860.4474487304688,868.3029536454349,849.6644220165898,850.933002884002,7357588
2022-10-11,849.5668334960938,861.911241360188,844.5412899593006,861.911241360188,11130051
2022-10-12,847.3711547851562,850.6402565068132,840.6866705498809,846.9808542844545,14557532
2022-10-13,832.9774780273438,844.5412243974098,829.9523961161733,841.5160829256583,11563124
2022-10-14,849.2252807617188,862.4479089579862,847.566339832314,862.4479089579862,8199540
2022-10-17,863.8140869140625,866.0585083192806,847.5663175534736,850.9329794415917,8936947
2022-10-18,875.2314453125,878.9396276267804,869.62036194361,874.4019450781407,8097552
2022-10-19,870.54736328125,878.8908479432257,864.1556193526078,878.3053078550508,5529462
2022-10-20,867.1807861328125,871.7184092551068,858.8373012281268,868.2054068661961,8107159
2022-10-21,885.23388671875,888.0150088012,864.3020924563185,866.5465140829292,17022807
2022-10-24,903.921142578125,910.9472068623995,895.4313173829842,902.6525617008243,4390050
2022-10-25,902.7012939453125,920.4616039673743,900.6520526030126,919.2905833886683,15838120
2022-10-27,902.0670776367188,911.1423833365191,898.0173153082427,903.6771788960313,16080842
2022-10-28,885.9168701171875,905.0921618446528,879.2323857919483,895.8216760899096,9854094
2022-10-31,886.746337890625,894.8945828260715,882.7453558171879,890.5520803773597,9000840
2022-11-01,886.6487426757812,898.7491899037128,877.8173971843925,898.7491899037128,9823761
2022-11-02,882.843017578125,898.5052475593865,880.549756393211,898.3588476426912,7690974
2022-11-03,886.6976318359375,891.7719555754184,875.3778445418508,879.2812071479661,9022366
2022-11-04,883.428466796875,891.3328112458532,878.4517036538972,884.404307378681,7099336
2022-11-07,895.333740234375,897.8709019410512,881.6231918736927,888.258895965493,11100219
2022-11-09,888.5028076171875,899.6274135466757,883.8675650733306,897.7732927049011,11590409
2022-11-10,888.6980590820312,890.8937004635314,882.1111349375303,885.624137323697,10009741
2022-11-11,884.6483154296875,905.5801089550436,881.6720134061227,903.5308674465132,17921457
2022-11-14,873.32861328125,884.6483411480391,869.7179909159611,883.1358000324766,12641308
2022-11-15,889.673828125,891.5767290813355,877.0854613928531,878.7931823299733,15176911
2022-11-16,891.5279541015625,895.9192368299623,886.1608307668516,890.5033333770526,13008311
2022-11-17,897.5781860351562,900.0177875733908,888.3564803085126,890.942481763275,12584194
2022-11-18,898.1148681640625,899.7250289707271,888.5516422411323,897.578167748702,10874061
2022-11-21,899.1395874023438,902.4574098341772,891.9671229788867,891.9671229788867,9245704
2022-11-22,901.3839721679688,904.1163139298982,898.1637101071026,901.4327522857458,11256509
2022-11-23,905.0433349609375,909.3369976680791,901.3839328784176,904.604194798919,10959704
2022-11-24,916.16796875,917.9245295652515,905.1409813373169,905.1409813373169,10844395
2022-11-25,907.8245239257812,920.1201515696433,905.0921820806735,917.5829302015836,9815055
2022-11-28,914.7529907226562,920.9983347475077,901.6279229061405,901.6767030234083,9381474
2022-11-29,923.8770751953125,926.9509968667758,910.9959675424216,910.9959675424216,13096845
2022-11-30,929.8785400390625,935.0504833540824,918.2660129689936,925.1456773495776,20858573
2022-12-01,917.4853515625,933.8794618649401,913.6307692487462,932.9036212569308,15920653
2022-12-02,908.1172485351562,911.9230507412958,903.7259657868033,905.824046924139,14228874
2022-12-05,911.0447998046875,914.3626818126604,905.9704761133208,914.3626818126604,10984608
2022-12-06,900.3593139648438,907.2877580970394,897.9684926874812,902.6525154501334,18220912
2022-12-07,899.8713989257812,910.6544252339894,898.4076380813933,899.72499901711,15675663
2022-12-08,909.3858642578125,910.9959654854242,901.48151978929,902.6525404024692,10136870
2022-12-09,907.4342041015625,912.215787338606,902.7013414221591,909.4834455516406,9575331
2022-12-12,907.8245239257812,911.3375859214211,902.7013606309849,902.7013606309849,8493863
2022-12-13,910.4105224609375,913.2892642150814,905.3849194209615,907.0438603945855,10415140
2022-12-14,899.4810180664062,913.4355258812766,897.7732971207961,913.3867457663752,12319827
2022-12-15,886.8439331054688,897.6757995963253,883.1357507052321,893.8699973988869,8929748
2022-12-16,880.208251953125,891.6255992841462,877.9150502872375,883.6236941724553,9157260
2022-12-19,884.5507202148438,888.6004229521618,879.3787769678182,886.0632612266272,7015083
2022-12-20,887.72216796875,890.4057295045923,874.0604001499164,884.1115459902278,6384331
2022-12-21,870.6937866210938,893.7236012549803,865.5706234047746,888.2589176484736,11341147
2022-12-22,869.1324462890625,882.0134944431401,864.9362840988583,878.7444522871822,9788367
2022-12-23,857.6663208007812,868.1566071729486,854.1532589304963,861.7160235243845,11059215
2022-12-26,871.620849609375,875.3290320358716,854.1044986503864,859.8131424263865,6943159
2022-12-27,878.890869140625,880.9401105972046,866.7416416351155,876.0121274292705,4994381
2022-12-28,877.2318725585938,882.1110752987155,874.157951008085,874.3531310298059,8980300
2022-12-29,886.112060546875,901.0424100780956,867.8638290929013,876.207314018528,11994220
2022-12-30,869.3275146484375,886.5511238731773,867.0830933355579,886.5511238731773,9688527
2023-01-02,880.6473388671875,885.0874015715547,872.4014740958874,872.4014740958874,4315403
2023-01-03,879.5739135742188,884.0628161348139,875.0850705742079,876.7927916486487,5846855
2023-01-04,877.3782348632812,885.9656795492845,873.1821323138736,877.2806746302692,12454582
2023-01-05,857.9102783203125,881.184052562088,850.9329942792257,879.1348111478047,16547196
2023-01-06,849.078857421875,857.7150822158359,839.7108117598847,857.7150822158359,14804613
2023-01-09,852.2503051757812,857.5198678751491,841.4672792045169,853.1285854792023,16811853
2023-01-10,840.540283203125,857.1784132046618,835.9050403188388,854.2508913830072,13470142
2023-01-11,845.3706665039062,849.810729146555,834.1972801627661,842.0528443311998,15558460
2023-01-12,839.857177734375,848.3469427147597,834.2948747895655,844.5899804905931,16659001
2023-01-13,852.3479614257812,853.7629421704522,837.5639529027883,843.8093564017448,11223103
2023-01-16,844.3460693359375,856.251336429676,840.2475269514592,856.0561563998281,8319812
2023-01-17,844.24853515625,846.9808769766993,837.3688111454281,846.0050363579256,12624859
2023-01-18,848.493408203125,850.9330097218229,837.9055614362097,843.5654250474721,11313898
2023-01-19,845.224365234375,849.5180281670827,841.1746028927344,847.029646532359,6694679
2023-01-20,849.3228149414062,855.3242582617137,844.6387921248788,852.3967365563113,8127162
2023-01-23,850.6402587890625,861.9599858696962,843.7117548264578,860.6914050079915,16882379
2023-01-24,849.7131958007812,860.3986621992815,847.0296341717808,857.7638806877826,11504090
2023-01-25,834.6364135742188,855.616985476424,827.512789445121,852.2015435388557,14918485
2023-01-27,797.4569091796875,822.6335834514962,793.4559271893047,818.876621159135,39718683
2023-01-30,803.6046752929688,806.2882367465883,776.7690607567737,780.6724228711294,36301441
2023-01-31,811.8018188476562,818.0471629504093,794.4318085216838,806.0443354842496,27291226
2023-02-01,827.4640502929688,854.0557066947356,803.2632152779729,823.0727675844201,39237711
2023-02-02,837.1736450195312,839.8083668980825,806.1418673862072,808.3863483354639,16798190
2023-02-03,842.93115234375,851.5673779431082,831.5138046805401,843.760652643216,14914366
2023-02-06,833.0751342773438,846.8344629485416,829.1229917492834,840.6866790648273,8463833
2023-02-07,832.1480712890625,835.3195532376869,826.7321678735284,834.3437126381102,9337066
2023-02-08,838.3446044921875,839.9059851305341,831.3186000816627,831.9040805956793,8082983
2023-02-09,840.0036010742188,844.0045833872938,831.0258553801846,837.7591795408565,6299265
2023-02-10,833.221435546875,841.076999677084,831.4161543411412,834.8803764054466,8656405
2023-02-13,830.098876953125,838.5398628820464,828.8302364532271,832.7824387542234,9394365
2023-02-14,844.3948364257812,846.3465175729854,831.5137289421172,833.2702896230664,13402934
2023-02-15,849.761962890625,852.1527842173793,839.8083770889955,845.4683000864001,12070288
2023-02-16,848.4446411132812,856.5928864866202,843.9557385135968,854.787605159296,10715685
2023-02-17,841.8088989257812,846.5904820244143,834.4900945865224,846.5904820244143,9990618
2023-02-20,831.5137329101562,845.6146411781135,829.7084516646102,841.8088986592531,9013430
2023-02-21,833.5630493164062,838.6862124472567,826.3905851968655,833.7582293477933,11704445
2023-02-22,818.9741821289062,833.4653904817538,814.5828996510032,830.6842687366475,13880984
2023-02-23,819.4620971679688,824.0485596388099,813.4118738805132,816.339395513742,11743574
2023-02-24,819.4133911132812,825.1708151093187,815.3636286637227,823.5607138018664,8246139
2023-02-27,835.7098999023438,837.5639612754622,813.4119068231814,813.4119068231814,14422574
2023-02-28,834.1973266601562,837.2712484244097,829.4645234973756,834.2461663394178,19600146
2023-03-01,835.6123046875,843.1262893169088,831.269802049156,843.1262893169088,11015843
2023-03-02,833.3678588867188,841.0281836482711,830.5378973683739,832.3920183025423,12327141
2023-03-03,847.56640625,851.9089091653085,829.3181737177321,836.0514981986004,12823098
2023-03-06,846.78564453125,855.6657697882442,844.443603366914,850.6890067647562,13904231
2023-03-08,851.0305786132812,852.5431792187243,840.686691893039,845.7122948969003,16144568
2023-03-09,835.2708129882812,848.7861821132901,833.51431173732,846.2490202575223,10624440
2023-03-10,822.2921142578125,824.9268362576815,816.0467105264111,824.2925755972103,17273189
2023-03-13,808.3863525390625,834.6364281528208,804.0438500876161,821.1210600737454,16413159
2023-03-14,810.2892456054688,814.2902279362222,798.4815977730528,807.0202033098866,15456802
2023-03-15,805.94677734375,823.5606883048955,802.3361552027651,816.2418837869195,12914488
2023-03-16,803.9951171875,811.2163020979362,790.7236489111071,809.6549809174596,14987868
2023-03-17,816.046630859375,818.1447117913464,798.8718616155943,811.7041286544949,11104490
2023-03-20,816.241943359375,817.5593044445233,805.0685557343385,816.778643817747,14838651
2023-03-21,831.8065795898438,833.8558210953935,818.7790713998663,822.6336538132437,18755854
2023-03-22,839.4180908203125,841.7112923918411,830.4403454439372,836.9297092178792,17431520
2023-03-23,834.7828369140625,846.4929238858591,832.1968355502246,836.2953779024698,17920621
2023-03-24,831.8065795898438,839.2229445781608,828.635097531845,831.9041398289326,17295696
2023-03-27,828.1958618164062,835.7098457377868,823.6581795709955,834.2948650706796,17047675
2023-03-28,834.0997314453125,838.1494936556207,827.7079875914543,834.8803919931624,24469018
2023-03-29,830.4403686523438,841.2721757235752,827.5128467887045,836.344192498566,34881515
2023-03-31,856.05615234375,859.7155545338773,837.7591413931142,841.1258033201476,25739021
2023-04-03,862.4478759765625,865.6681379160334,847.8590476761958,858.9348737808818,26416933
2023-04-05,863.2285766601562,866.3024983947739,852.8846900557955,865.1802578730985,21068934
2023-04-06,853.8605346679688,868.5957040705766,851.6161131746726,860.6914189453125,26042745
2023-04-10,847.4688110351562,861.4721003175092,843.5166683771216,858.7885385723444,30906205
2023-04-11,860.5938720703125,864.2044347387856,844.1021416632927,852.5919670233527,39504022
2023-04-12,868.64453125,870.4498125302297,859.0324656331312,862.1063873379366,22686032
2023-04-13,877.2806396484375,879.8666408865384,865.0826329792434,869.571475609275,34439635
2023-04-17,879.5250854492188,895.1385344204618,871.5720206158405,895.1385344204618,29957514
2023-04-18,875.1826171875,886.0144835702572,872.4990555408676,886.0144835702572,26699379
2023-04-19,870.3522338867188,875.2314367685581,865.8145513823755,874.2555961921902,24377956
2023-04-20,872.7919311523438,877.5735147651719,867.7175476859928,870.6938498585696,16999919
2023-04-21,864.2532348632812,878.9396237033103,861.0817529732831,872.9381803026192,29578071
2023-04-24,882.8917846679688,884.5995057214851,873.3773387983774,883.135744818471,30881665
2023-04-25,891.381591796875,893.8699733695756,881.2816060339152,884.4043078093315,41383839
2023-04-26,892.8453369140625,894.7970180441831,883.8675918033912,889.4298949363513,30371555
2023-04-27,896.1631469726562,897.6757474764975,886.5999214765843,887.5269819129636,25835108
2023-04-28,895.4801025390625,898.2124441608663,888.2588586608995,892.9916614936355,20381002
2023-05-02,899.8225708007812,903.433192842073,896.504748580591,901.6766917183744,17515017
2023-05-03,900.5545043945312,901.5303450275906,889.5275171530784,897.3342422175527,18715142
2023-05-04,899.4323120117188,901.5791732893766,889.7714660425504,897.773371044411,20485002
2023-05-05,904.5554809570312,919.6810106729773,901.140038763108,902.6525798225856,19002035
2023-05-08,915.2409057617188,918.9490880615251,904.6042195927597,904.6042195927597,18623913
2023-05-09,911.8255004882812,922.1693872512037,909.2882791362127,918.2660247654843,21507610
2023-05-10,913.435546875,918.2659695728609,905.8240023974581,912.0205661468576,25910923
2023-05-11,916.509521484375,924.121066402181,911.2887384351924,917.3389621864789,20027372
2023-05-12,921.095947265625,925.0968698193026,912.5085025133513,917.0461850344827,13873480
2023-05-15,922.9013061523438,926.0727883040701,915.5337210658356,920.9496248282046,10453762
2023-05-16,923.4867553710938,929.1954587867314,920.2177130883861,927.048597490951,19612293
2023-05-17,916.6558227539062,925.4872276297442,913.1916006155064,924.4137672580238,19273344
2023-05-18,923.6331176757812,929.2442010636689,919.3393952590775,925.0480984422347,21550141
2023-05-19,931.2446899414062,932.9036309042945,918.8515021794102,928.4635680040531,15427412
2023-05-22,927.3900146484375,931.1958165018618,923.2915321116159,928.0731149247673,15509525
2023-05-23,930.366455078125,935.6847387180298,922.1693701855753,929.0002544091722,16579935
2023-05-24,917.9244995117188,930.8055479979184,915.8264183625203,923.828323327991,18049620
2023-05-25,917.143798828125,918.8515199428152,910.4105341694121,914.3626768370067,19328582
2023-05-26,927.7316284179688,929.4393493908153,912.9476201716645,917.0949425342919,10957182
2023-05-29,925.2432861328125,934.4649321286174,923.925865590138,930.8055298888271,12108079
2023-05-30,926.9998168945312,929.2930185471208,921.8278734759396,922.5109142673763,18483624
2023-05-31,926.2191162109375,929.0002380573593,917.7780713161202,926.5606365918726,27254425
2023-06-01,913.4843139648438,931.1958437509088,910.2640520657175,931.1958437509088,21650700
2023-06-02,915.4848022460938,921.8277655885679,912.4596609156438,920.2176049158625,12494376
2023-06-05,923.8770751953125,928.8050582446286,920.2176729962289,920.2176729962289,10751684
2023-06-06,919.3394165039062,924.9017199029888,915.4360540569128,923.6331390198327,11894330
2023-06-07,917.4853515625,922.9988152614023,911.2399478470065,921.5350543493884,16486469
2023-06-08,915.2409057617188,927.5364732717563,912.6061242779729,913.9722653565424,17608140
2023-06-09,915.3872680664062,921.1935315811797,913.581986770486,918.6563698311431,12253128
2023-06-12,913.3380126953125,920.7055972423157,910.7520113059578,915.3384739939503,10520125
2023-06-13,920.7543334960938,923.3891148773446,911.5326284420058,913.2891890698932,13528776
2023-06-14,917.0950317382812,924.0723162159532,913.6308093399507,923.1940358059712,13489262
2023-06-15,904.2138671875,920.1688965759562,902.0182258592284,917.9732552476846,19366819
2023-06-16,911.6303100585938,915.0945323130579,904.6042457522844,906.848667243868,11249387
2023-06-19,900.8472900390625,911.386356797931,896.5047873782526,910.9472166078564,19351375
2023-06-20,903.1892700195312,906.1167918668598,892.6989833999372,898.7004270111945,15212286
2023-06-21,902.3598022460938,905.97042432825,897.7733395774403,905.580064269418,9210553
2023-06-22,903.3844604492188,912.9476866817438,898.4564771949641,902.0670994269971,27291569
2023-06-23,901.1887817382812,909.3858664900742,896.797499098517,903.6771633220311,8767733
2023-06-26,905.0433349609375,909.2882175524283,900.8960126007483,904.7017550302205,11749040
2023-06-27,913.4843139648438,917.2413358143081,899.9201660720197,907.5317104410219,13422726
2023-06-28,914.8017578125,921.1935016587148,911.7278361808255,921.1935016587148,25708001
2023-06-30,912.0205688476562,919.4369928830703,908.1660462617388,917.7780520093211,13843218
2023-07-03,919.7785034179688,922.9012051068142,913.874679970956,914.36260024857,12350359
2023-07-04,921.8766479492188,928.3171722332148,919.2418663564622,924.3650296243725,14041699
2023-07-05,934.8552856445312,941.4422096300225,918.2659956069979,919.2906163148466,13817767
2023-07-06,936.2214965820312,940.6127792872743,930.9519335115064,931.6350338444386,16334427
2023-07-07,923.5355834960938,931.9765690944446,920.998362156249,929.9761077422681,8593807
2023-07-10,925.4872436523438,929.8785263276142,918.6075198126201,923.1452024012996,12069184
2023-07-11,922.12060546875,929.6833702711881,919.1443034908751,925.4872675187265,16977595
2023-07-12,921.5838623046875,928.1707861820097,918.5099406710377,925.4872246023599,21511161
2023-07-13,932.61083984375,936.0750619372393,919.436992216799,924.8041153240754,23222286
2023-07-14,936.8557739257812,941.6861968997155,928.3659486322887,936.5630336523335,12871569
2023-07-17,945.2967529296875,950.2735159116797,929.8296444720338,939.636889650411,16290763
2023-07-18,951.8837280273438,964.0817355638042,947.687625346918,954.3721096526649,29709508
2023-07-19,949.9320068359375,956.3237506038779,944.174523696845,956.3237506038779,15994261
2023-07-20,971.546875,974.0353161719719,948.6146209598538,952.46920323191,26487838
2023-07-21,972.9130859375,977.2555885541523,964.9111810417447,971.2541449921898,16903003
2023-07-24,968.0338745117188,984.3304244322484,966.1797535488037,980.6710221848502,21687719
2023-07-25,970.6686401367188,974.8647427328618,964.3744564622128,974.8647427328618,29325327
2023-07-26,972.3764038085938,973.6449847104317,966.0822198580079,969.1073019747433,12780537
2023-07-27,966.326171875,982.1835819158673,963.3498699025234,978.3289995630472,25932395
2023-07-28,972.1324462890625,974.5720478609782,953.4450744239546,964.1305412210621,12584130
2023-07-31,974.181640625,975.2551010010277,964.7159750720841,971.9372191996074,14303116
2023-08-01,970.522216796875,979.4511817429085,966.5212943260926,977.4507205075173,15508569
2023-08-02,963.1058959960938,970.0831205780985,953.8841903765009,961.4469550572353,15787996
2023-08-03,941.6862182617188,959.2513497940618,936.8557951782072,952.9571657495217,30994707
2023-08-04,947.0532836914062,952.4204068859481,938.026758318768,945.2480024411116,20582882
2023-08-07,952.078857421875,957.7875008210797,944.8088334046981,947.492394919989,16686062
2023-08-08,956.2262573242188,962.7643418978649,948.8098327986035,952.1764948847944,23784778
2023-08-09,957.0133056640625,959.5713515147028,948.0600250851338,959.2270199754856,19317331
2023-08-10,948.552001953125,957.9480378042437,943.9770282120568,955.8818683285078,24858441
2023-08-11,937.4833984375,947.961670292414,934.679384304923,947.8633070091408,17162177
2023-08-14,944.0753784179688,947.3713891844818,930.7439105257865,933.6955296923587,19026691
2023-08-16,941.0745239257812,944.3212928136318,931.3341572113877,939.0575962871804,17930805
2023-08-17,936.3027954101562,942.353578529597,931.1866436309263,941.5173104722998,27077611
2023-08-18,935.3189086914062,939.5987322998694,930.7438751368339,932.6132578915899,13257508
2023-08-21,939.7955322265625,943.8293876376395,933.1052076187755,935.368103582327,13358017
2023-08-22,936.6471557617188,941.5173394326239,933.9906864820573,940.9762212582668,16872719
2023-08-23,951.2576293945312,952.4382890585223,934.5317876320523,938.6148847885249,14707331
2023-08-24,953.3237915039062,966.5568958657866,951.159258811673,956.8165287761593,28389740
2023-08-25,954.7504272460938,956.9148999052287,944.7149101731643,947.4205610479281,10275758
2023-08-28,954.8980102539062,959.2762574905711,949.4867082885748,954.3077104234818,10481574
2023-08-29,952.1431274414062,961.4899212525077,950.0770180929742,957.6036107629861,13209913
2023-08-30,943.4359130859375,960.1617553156957,939.992357332752,954.7996350612804,13936165
2023-08-31,943.2882690429688,950.6181351385301,938.6640537842972,944.5181103324641,36675400
2023-09-01,953.0778198242188,957.3576435007852,937.4342145669208,941.4681300358887,16268147
2023-09-04,951.7495727539062,953.4221689523384,945.0592480110233,953.0778374045047,9512956
2023-09-05,952.7826538085938,954.3568266156637,946.7318107329097,948.551951794262,16623486
2023-09-06,942.0584716796875,953.8649486093547,935.466510050454,947.027018710753,30802100
2023-09-07,950.0770263671875,953.8649135559165,939.3036045546078,941.9600737763301,13462347
2023-09-08,954.8980102539062,959.2762574905711,945.7480025772426,951.8972093560283,13086915
2023-09-11,962.4738159179688,966.1633398736982,953.7173217093658,959.2270468470958,7894110
2023-09-12,974.5262451171875,979.1012787688176,966.802865781473,974.1326718812546,20959591
2023-09-13,973.8375244140625,978.8060712632008,964.7366987806778,973.8375244140625,21997553
2023-09-14,971.7714233398438,976.887575209195,966.4093032080317,976.2972153487822,11464188
2023-09-15,976.44482421875,981.4133711300916,972.6568769312493,974.3786547753372,13307980
2023-09-18,974.2311401367188,980.1835602868862,971.3778841717555,974.132716797775,16713222
2023-09-20,971.2302856445312,979.9375379402288,964.8351109491382,965.7205606456862,25741856
2023-09-21,943.8294067382812,966.6552735540002,942.0092656124872,964.1464092816628,19742813
2023-09-22,934.9744873046875,945.403576994813,932.1212916735981,941.0745118327471,12701888
2023-09-25,940.9269409179688,945.6987611069428,926.3164505561931,934.9745211428321,8997098
2023-09-26,933.4003295898438,943.4850278666348,931.8260967551563,943.4850278666348,10521409
2023-09-27,927.890625,931.2358173022473,919.3309777310822,931.0390306872603,15152973
2023-09-28,927.398681640625,931.973715189207,919.6753024788718,930.2519374097601,25991282
2023-09-29,936.5487670898438,940.5826225175415,928.4809961836039,931.4326152919225,10447334
2023-10-03,925.1358032226562,936.2535565130627,923.8567802867412,936.2535565130627,11131636
2023-10-04,915.0510864257812,920.4132063725941,910.0825397056649,919.9212698646451,17334739
2023-10-05,925.6769409179688,928.7269834227375,919.4785526739939,920.1180941808709,10478856
2023-10-06,929.9568481445312,931.2850527835039,922.8729499513662,930.743934599139,6355755
2023-10-09,923.4632568359375,926.8576310013959,921.2003607425811,925.0866714522842,6725306
2023-10-10,935.8600463867188,942.0584345201288,925.184987886715,925.2342295793238,11452715
2023-10-11,937.7293701171875,946.5350458326664,935.4172924942318,939.5003896293223,12233117
2023-10-12,938.86083984375,944.6164730548359,933.105206632664,937.4833935799946,7836818
2023-10-13,935.9584350585938,941.9600967877449,929.317291867472,934.6302304407079,6650442
2023-10-16,936.056884765625,939.4511988960326,930.8915510270158,933.2036287753874,5763024
2023-10-17,938.5165405273438,945.4528336239722,936.1552211514996,939.9923501245347,7747527
2023-10-18,928.5301513671875,935.3188991432158,923.9551178593193,933.892271271344,12000153
2023-10-19,920.6591796875,929.7600051345846,918.9374019002138,920.9051479428266,8612676
2023-10-20,917.7075805664062,924.8406601258879,915.0019296990167,916.9696757843909,6586576
2023-10-23,914.9527587890625,929.5632496240031,910.4761484024964,926.8084170823352,11856890
2023-10-25,901.3260498046875,918.7406142727789,896.7018946503207,911.1155983660612,12593434
2023-10-26,893.9962768554688,901.8180196143733,884.5018778394127,899.5551235944749,21693345
2023-10-27,898.0301513671875,903.3430900053108,896.6035233948352,901.227738868632,8645505
2023-10-30,909.9841918945312,911.3615781096987,893.553500239537,894.4389499383923,7687791
2023-10-31,900.5881958007812,915.9858334554681,899.3583544561848,914.3132372166475,17211107
2023-11-01,899.3091430664062,902.8018803593627,894.63574611152,899.0631748056227,12927203
2023-11-02,905.114013671875,909.8857738877014,898.0792974270889,905.2123769553756,9747311
2023-11-03,918.7406616210938,919.4293847809116,911.8535501246075,913.5753279987291,7146961
2023-11-06,930.2028198242188,932.4657159085782,922.2826535035373,925.8245725876783,10338367
2023-11-07,932.8099975585938,935.122135214151,915.4446745754223,928.3825689148798,15704942
2023-11-08,920.6591796875,933.1543790682605,919.035765182007,933.1543790682605,17606074
2023-11-09,922.2333374023438,927.1527024283356,917.953513850068,918.9373868552664,9406117
2023-11-10,923.4632568359375,926.2673311686412,917.3632917279805,919.8229744492044,9560455
2023-11-13,919.3801879882812,925.7261812013599,916.9696869940611,925.7261812013599,11470096
2023-11-15,925.9229125976562,929.169741735814,923.6108349273643,929.169741735814,19492138
2023-11-16,920.9051513671875,930.9406682319986,918.9374053172576,923.8567704420823,19706373
2023-11-17,906.9833374023438,923.2664842460193,905.3108012759441,911.6075526979567,10956653
2023-11-20,906.58984375,911.8043589612981,902.7035331502466,907.1309619231906,10562301
2023-11-21,911.164794921875,913.0833593528811,907.1309394932731,909.4922588007951,8989572
2023-11-22,907.8688354492188,910.2793363749666,899.9978512350831,908.3607719626023,12197979
2023-11-23,908.1148071289062,910.4268847301861,903.6873784917665,908.1148071289062,5534614
2023-11-24,914.41162109375,915.3954941269687,905.3599771779697,906.639000110985,7452002
2023-11-28,910.5745239257812,916.0350074399643,906.8358182796372,913.9197163754527,14231987
2023-11-29,924.4470825195312,925.9228920765872,911.0664332225615,915.8874351292822,11680078
2023-11-30,919.8721313476562,925.6769463830785,913.2309881790077,923.8076235957443,23950292
2023-12-01,931.4326171875,936.6471322793062,917.9535445552444,920.8559820278334,16986046
2023-12-04,975.2149658203125,978.8060663731462,945.8955613418391,948.1584573156929,33131257
2023-12-05,997.1061401367188,999.3690361088786,979.002852257751,986.3327183845934,31378461
2023-12-06,987.0706176757812,999.8609670700351,984.1189985847997,997.6472527517989,18786590
2023-12-07,982.88916015625,986.037565872625,972.2141617664823,980.2818725979603,11841945
2023-12-08,994.5480346679688,996.5157807404588,977.2318932503937,978.4617345457,16116363
2023-12-11,1000.697265625,1003.5505215202488,988.4480940647678,990.8585350218602,11714606
2023-12-12,999.3198852539062,1004.5344004940981,992.3343504540468,1000.6972715159467,12380856
2023-12-13,997.5488891601562,1004.2392137541405,992.9246739088817,998.43433885667,15887040
2023-12-14,1016.9804077148438,1023.2279775961745,1004.7803578077819,1005.7642308631628,16317672
2023-12-15,1020.6699829101562,1026.8683114091973,1009.1585955233128,1026.8191898149773,14306067
2023-12-18,1004.9771728515625,1013.3400340079713,1001.5827987043302,1013.3400340079713,8592711
2023-12-19,999.0739135742188,1008.9618258446333,996.2698393148889,1008.9618258446333,10094256
2023-12-20,990.415771484375,1005.5181978922636,985.8407380509277,1005.5181978922636,16490281
2023-12-21,988.2020874023438,994.5972620458951,973.2472054564856,980.4786481484716,18064916
2023-12-22,978.2649536132812,993.2690175032114,975.6084843898132,986.775479446596,20881976
2023-12-26,979.052001953125,981.4133211823217,973.9359103746029,978.8552753930608,14339699
2023-12-27,986.0867919921875,988.6940796680807,976.002092947119,981.856149768816,12996468
2023-12-28,989.6779174804688,995.3843691168538,982.9875327507294,991.7440268494004,24915990
2023-12-29,980.5278930664062,992.2851884492294,977.6746971487394,987.8577595641297,12280140
