Price,Close,High,Low,Open,Volume
Ticker,INFY.NS,INFY.NS,INFY.NS,INFY.NS,INFY.NS
Date,,,,,
2014-01-01,316.1754455566406,319.001696655907,315.6329921359924,318.3635109238146,1478688
2014-01-02,317.3196105957031,319.82220578742096,315.7423757677553,315.7423757677553,4404744
2014-01-03,325.03253173828125,325.93055910509,314.9218556052468,316.81362038886374,10046344
2014-01-06,320.7247314453125,326.43194315303475,316.2300991198815,325.93963743737856,11098328
2014-01-07,315.1862487792969,321.45414436255936,314.2335331022714,320.8296473938818,7713688
2014-01-08,312.5378112792969,316.81364699300605,311.89049967282693,315.53727546555217,8990392
2014-01-09,314.6072998046875,317.45177999865155,311.60327319630716,313.6226660526598,12590808
2014-01-10,323.76531982421875,325.9305929944617,314.35207962095217,318.1811942799081,30258176
2014-01-13,334.1357727050781,335.0474664914494,326.5687142781964,326.5687142781964,17119912
2014-01-14,336.11871337890625,336.87086076762967,331.8975666123802,332.3123917450636,7425832
2014-01-15,338.42529296875,339.54668076617537,335.59447933931915,336.89820589215844,17130144
2014-01-16,339.6104431152344,340.74093432323076,336.7477117366864,337.23547673633266,17608232
2014-01-17,340.03900146484375,343.220803983562,339.1500999930877,339.97062442855486,25667896
2014-01-20,341.8213806152344,342.7923256650166,337.73242478296396,338.4207580933238,9761944
2014-01-21,342.6463928222656,343.708507024268,338.9996182119286,341.88511971909946,12102464
2014-01-22,343.33477783203125,344.4379362930326,340.978062586293,341.08289847571064,6769760
2014-01-23,345.7598876953125,346.35248868938487,342.8743856043586,344.9940737754637,7907344
2014-01-24,342.62823486328125,346.16561165453135,342.3137049187341,343.2527540893873,6876584
2014-01-27,340.2623596191406,343.15242454778064,338.3478026164382,339.1500976215815,8099048
2014-01-28,335.0566711425781,338.11994963042207,334.3045235919062,337.96496610191446,14108544
2014-01-29,338.9495544433594,341.3108326843201,333.1010248606001,334.2269757032866,8102080
2014-01-30,337.71417236328125,338.8492266808821,333.6799273401119,337.6640247531713,7183632
2014-01-31,337.427001953125,340.950689594508,336.10048301961797,337.3267067316477,5369928
2014-02-03,330.8673400878906,336.5973444126935,330.4707666474942,335.95915876510713,4384112
2014-02-04,324.6632995605469,327.4758616786222,323.3367805827694,326.4775613837702,4535112
2014-02-05,326.50030517578125,327.2068677908213,322.9902844430015,326.38634346367803,4326992
2014-02-06,324.9003601074219,326.65993383704705,322.8308193460741,325.65707051798273,5749904
2014-02-07,325.16021728515625,328.3785014505225,323.5465234100697,327.0246270019644,7551456
2014-02-10,325.8211669921875,326.93342908680904,324.3351014992535,326.37728691042247,6049424
2014-02-11,327.8677978515625,330.2154087781326,325.7936949941074,326.75097323600977,5833592
2014-02-12,328.2188720703125,330.7123410930296,327.5897900351502,328.25533091663436,4208712
2014-02-13,326.9151306152344,329.84621695046076,326.39090673898903,328.64734864108874,3588320
2014-02-14,332.2486572265625,334.0446900000958,328.5061488108202,329.6275369106502,5962168
2014-02-17,333.51129150390625,335.9591985020871,332.66343399263394,335.9591985020871,13569920
2014-02-18,335.6856689453125,336.83441207690254,332.4947405332848,332.4947405332848,4978240
2014-02-19,342.19512939453125,342.9791949369341,336.8799725426707,336.93009789330637,7064304
2014-02-20,338.3523864746094,341.4202274345677,337.87374719431523,341.4202274345677,8816848
2014-02-21,341.94903564453125,342.3775273372077,339.81111784424746,340.6088500277976,5517984
2014-02-24,341.8760986328125,342.2225467785781,340.0618366115241,341.5205469026191,4357608
2014-02-25,344.8846740722656,345.7234502608153,342.34105701263616,342.34105701263616,8099512
2014-02-26,347.12744140625,348.06649054507244,343.90005400595663,344.6202832608339,7352168
2014-02-28,348.7091979980469,349.8305635205124,342.89715025635957,342.89715025635957,9839496
2014-03-03,346.2840881347656,350.9975405005037,345.7097166048106,348.72286898321033,7204176
2014-03-04,346.402587890625,348.6726963243221,342.97004771901413,343.70852852706594,6937912
2014-03-05,348.4219970703125,350.4915374376242,347.3461939903345,348.98724274544213,4943504
2014-03-06,349.3519592285156,350.9975710876404,348.0254624766403,349.90810138306216,6226312
2014-03-07,341.00079345703125,349.54335883397346,338.0833736649897,348.9051732544644,15072744
2014-03-10,334.737548828125,340.0344771525109,332.33978936504883,340.0344771525109,7432472
2014-03-11,335.0793762207031,338.13809099026554,331.04056839737746,333.0417317563285,4124272
2014-03-12,334.7101135253906,337.63209629418674,332.95054022754226,334.90155584807025,3940104
2014-03-13,306.1102600097656,313.61348072661906,304.50567032872743,311.7992193186371,40790880
2014-03-14,309.44256591796875,310.33146744103254,304.0544685022881,304.50575251621336,11167544
2014-03-18,305.467529296875,311.0607566485147,304.5056880163319,309.9758500765055,11804312
2014-03-19,298.2834167480469,306.133109209649,295.27482723091214,305.4174206788284,15777848
2014-03-20,301.13702392578125,305.37183715919224,298.12387147650657,298.12387147650657,8023032
2014-03-21,301.3740234375,304.32336150332105,298.1694289384696,303.594006532672,12380320
2014-03-24,298.65264892578125,302.5410139424261,298.12386208879525,298.32443026609377,8160344
2014-03-25,296.70159912109375,299.00818871376805,295.9357852897767,296.11812403610435,7548064
2014-03-26,296.20013427734375,298.02808445545594,294.53175274248133,297.21212310897903,8458568
2014-03-27,294.5727844238281,297.4765153756255,293.1961180941665,296.11810072567806,13599368
2014-03-28,297.4492492675781,298.944418302764,294.2309654728288,295.39793807153904,7146824
2014-03-31,299.2908630371094,301.31025602177044,294.4816779541363,299.51878650075736,9176928
2014-04-01,302.1307678222656,303.1381939409776,298.5797248591584,299.31364283296125,8628352
2014-04-02,302.8692321777344,305.4174118036907,301.8162214257069,305.30801300333104,5644400
2014-04-03,304.3370056152344,305.2350327600358,302.59568410580977,304.4600931607346,4700216
2014-04-04,302.322265625,305.9644783696953,301.4151346297358,305.5086314114568,3925584
2014-04-07,300.25726318359375,302.1763833142878,296.84753686609537,300.67665128512976,7097544
2014-04-09,296.71527099609375,301.7523785767367,294.5226432446551,299.13125924744287,10664680
2014-04-10,291.8513488769531,297.00698060295764,290.47924556627294,296.7106801848901,21263240
2014-04-11,294.94659423828125,296.8110257610864,288.5510714937409,292.65369336332014,18678336
2014-04-15,297.19390869140625,308.88181715576553,296.0725210192882,303.79456199655306,20782384
2014-04-16,287.84906005859375,295.566538425195,286.9555957694613,295.566538425195,13198304
2014-04-17,291.0173034667969,292.658352755584,287.94489897219876,289.9187076857277,8391912
2014-04-21,290.18756103515625,293.5653908693038,289.00692206698545,292.65369710884016,6119624
2014-04-22,287.2427978515625,291.74201565246256,286.49065046745847,289.193835936128,6626896
2014-04-23,289.24847412109375,290.99894371840577,288.45986802485294,289.3761245857266,12016720
2014-04-24,289.24847412109375,289.24847412109375,289.24847412109375,289.24847412109375,0
2014-04-25,289.5174865722656,291.7420104990614,288.4006616883239,290.6479779596899,5962904
2014-04-28,289.7408142089844,291.1037918079435,288.55104950583814,288.9157269775675,6042480
2014-04-29,289.7135009765625,291.28617280154737,289.0981076537423,290.19214022764487,4835464
2014-04-30,289.9916687011719,290.83042283577527,289.0982040163772,289.7044716999037,7741936
2014-05-02,293.53802490234375,296.0269532292919,290.3744521205096,290.3744521205096,4764392
2014-05-05,289.6359558105469,294.750566250034,289.4217211509938,291.0126221682983,4196688
2014-05-06,288.56475830078125,290.3288947320882,287.63939798390277,289.6359985309907,4566024
2014-05-07,279.6484069824219,289.00693494741193,278.06660933426065,287.27471672532965,15596072
2014-05-08,279.46148681640625,281.5674860027455,277.7429352117553,279.8899784229486,9161992
2014-05-09,283.6689758300781,284.9043254368022,278.32646327437743,279.4341623884156,6179400
2014-05-12,289.4718933105469,290.51121528891116,283.085474099467,284.284342485098,7044200
2014-05-13,297.6908264160156,298.5797278960114,290.19214470015396,290.19214470015396,7299968
2014-05-14,296.6742248535156,297.66796197953096,293.3054991771244,296.32321391239526,5184688
2014-05-15,298.3473205566406,300.389528621976,292.2207408769464,296.67437529829283,8409192
2014-05-16,289.69525146484375,304.5057119554799,278.8916805466628,300.76776758716414,14188792
2014-05-19,274.8802490234375,291.55968297064413,273.5172712172779,291.55968297064413,17246512
2014-05-20,284.6490173339844,286.167000778147,277.3554673554919,277.9754235552934,8787344
2014-05-21,287.8307800292969,288.48719493470713,282.53839451154215,284.2660493398978,6788304
2014-05-22,283.8923034667969,289.9186079632545,280.90650648226966,288.0952204917875,9832744
2014-05-23,279.8489685058594,289.0980974461931,274.615832857242,284.90430606097556,9081776
2014-05-26,282.15557861328125,283.62339234931017,278.08028931830813,279.98117988900094,5750544
2014-05-27,285.7293701171875,287.63936397786756,282.5794639142315,282.6250485994895,4984128
2014-05-28,289.3078308105469,290.64801639688204,284.26615907323657,284.7675907200944,5389320
2014-05-29,270.2874450683594,279.5758322215035,269.40943832253976,279.5758322215035,41341328
2014-05-30,271.66448974609375,273.51755039290595,266.17464668380205,271.71995182304795,28035616
2014-06-02,276.6321716308594,277.05269513600194,273.6146103046409,273.6146103046409,6229856
2014-06-03,278.8548583984375,280.6801876913238,274.9315602032164,278.0045829368098,6824936
2014-06-04,275.8327331542969,279.79301445851934,272.96765869365584,278.6515967365405,5508008
2014-06-05,281.06829833984375,283.58679015238414,273.7531283942986,277.2651536741714,12153720
2014-06-06,277.547119140625,278.18944574010163,272.64414117385377,277.2790825482485,16882424
2014-06-09,276.012939453125,278.6515850113701,275.05638784889135,277.8197892352168,10858344
2014-06-10,284.210693359375,285.50922326717915,276.92787859000435,277.26520890194155,10479176
2014-06-11,295.13494873046875,301.0406884161819,285.6155102756781,286.96947963228024,20375704
2014-06-12,293.4436340332031,304.7190856958515,288.4205037136682,303.1432906023489,21128856
2014-06-13,294.5481262207031,296.39656127699874,289.3771336634971,294.6867588499253,10151744
2014-06-16,299.83001708984375,301.267179843179,293.9011707371698,294.4557012479946,9375328
2014-06-17,300.0795593261719,301.94184850919964,297.4640193641074,300.27825705735836,10079392
2014-06-18,299.4927062988281,302.68125694450305,296.9280025186113,299.90860420913356,9791280
2014-06-19,306.09161376953125,307.1175043171884,299.91785833633816,299.98717465539863,11313704
2014-06-20,306.5260009765625,308.6331989347501,304.3309843001963,306.8402259173014,8853000
2014-06-23,298.7579345703125,305.81894729426614,297.73204411255693,304.9917771387464,6328112
2014-06-24,296.10089111328125,298.9751948148613,295.02416388216534,298.52233713702867,10638024
2014-06-25,296.78936767578125,299.9086019798864,296.30415345069827,299.9086019798864,6433520
2014-06-26,294.1322326660156,298.98437476027044,292.8614335460918,297.5980484476262,7376552
2014-06-27,297.91229248046875,299.0398560048126,293.1618230368962,295.7496323196935,6890744
2014-06-30,300.8836364746094,301.57217400790853,296.80320262292054,297.5980387083866,7290576
2014-07-01,297.6950988769531,300.8143331126188,296.30414694945307,299.90859539955557,4662512
2014-07-02,297.16363525390625,299.7791750977519,295.58321442052863,296.85863898874015,6119632
2014-07-03,296.7385559082031,298.37441663336085,294.8716407709071,296.69234502577547,7504912
2014-07-04,299.9963684082031,301.1470146580239,295.754219200559,295.754219200559,5752968
2014-07-07,309.1923522949219,311.2764673596506,301.2949179312533,301.7570267010865,11638312
2014-07-08,308.8874206542969,314.820916552154,305.273742856083,309.5205188270585,11460480
2014-07-09,305.94830322265625,312.7551550630517,304.0675118668558,307.76438131204554,8270752
2014-07-10,304.3171691894531,312.54270703362323,300.4262260621858,306.37817925195407,11345616
2014-07-11,307.4548034667969,317.19144378692494,305.02412950987895,314.3633292310954,15826360
2014-07-14,298.083251953125,306.3781040925849,294.43721839457777,306.3781040925849,8231600
2014-07-15,298.1202087402344,301.10543577679647,297.32539522890113,299.3540481277922,4139800
2014-07-16,298.4852600097656,299.90854577772654,296.04993813944606,299.44643707853123,4589488
2014-07-17,299.3818054199219,309.23395129154386,298.67476543236415,301.30418250050116,4946672
2014-07-18,300.5138854980469,302.65343955618846,299.7791372455816,300.6478924959092,4098368
2014-07-21,295.81427001953125,302.5287232256867,294.64976958933227,300.83277520625944,7435968
2014-07-22,298.86419677734375,300.06567948036866,295.56937054422514,296.21169716883094,8733360
2014-07-23,309.56195068359375,310.074895784034,300.27819266835365,300.27819266835365,11827336
2014-07-24,312.59344482421875,313.7718220646678,306.97419825502243,309.05831310287164,5571560
2014-07-25,309.8161926269531,314.1415351345253,305.426159405744,314.1415351345253,5337672
2014-07-28,311.56298828125,313.0324851647875,306.91879507796375,309.1507714426378,4601448
2014-07-30,311.6646423339844,313.6794411357339,309.20623715276054,313.6794411357339,9934720
2014-07-31,311.24407958984375,313.76257213353733,308.9843724441542,312.38549716273013,8457168
2014-08-01,308.8088073730469,313.4945857307103,307.7644370528494,309.61287211022386,7607008
2014-08-04,320.2921447753906,321.8956483219452,309.5481181979272,310.0749175689454,13086960
2014-08-05,324.67767333984375,325.324625720538,320.70816288822283,321.2580678990313,10985624
2014-08-06,330.4862976074219,333.4900042446999,325.7866429663046,325.7866429663046,18004184
2014-08-07,324.1553955078125,327.5796028887607,321.84485203138263,323.3836649611245,7754224
2014-08-08,321.87261962890625,325.3245812423668,321.1656022208024,323.4761461216715,3811352
2014-08-11,330.2690734863281,331.211770680435,324.400293252277,325.6941975558473,5628672
2014-08-12,330.5740966796875,332.625854872707,327.2653937494458,332.625854872707,5916936
2014-08-13,333.4947204589844,335.02893093378987,328.1666142105253,329.0261412219788,8941360
2014-08-14,333.87823486328125,335.2784155070133,331.47989469499356,333.45771134090984,6762480
2014-08-18,329.00299072265625,333.8274021546346,328.0972529482151,333.8274021546346,6777888
2014-08-19,327.8939208984375,331.7016928541971,326.2488090764324,329.1138836037325,6424824
2014-08-20,328.5177307128906,331.1009140712309,327.81994199878744,329.2986899751,3938224
2014-08-21,328.0001525878906,329.335642311463,326.24876500524647,328.6748358498322,4298880
2014-08-22,332.8107604980469,333.4577128233694,327.9124071777479,328.00020333768896,4855040
2014-08-25,335.28753662109375,336.0176592190133,329.2108082358129,332.6257864429745,4198352
2014-08-26,334.9503173828125,336.4152113258241,332.7183408716942,334.75161962146564,5842128
2014-08-27,335.5417175292969,337.3393156712584,332.8199020841264,335.4908810648406,5569872
2014-08-28,332.607421875,335.8283065513598,330.9807899346954,335.39855440910645,7599304
2014-09-01,332.68597412109375,334.4650929730858,331.33200438397125,333.6471739483057,3643152
2014-09-02,333.9891052246094,335.0288499312927,328.6101637881485,332.71830613866314,3583832
2014-09-03,345.1258544921875,346.2487695161905,333.64245423225464,333.64245423225464,11857560
2014-09-04,342.7691345214844,344.2709878240726,341.76174656253977,344.2709878240726,6238464
2014-09-05,344.8023681640625,350.7404642987649,342.45486525465793,344.91789532621624,6468352
2014-09-08,349.5066833496094,350.324624819347,344.9826434395151,344.9826434395151,6517296
2014-09-09,345.2923278808594,347.0853010352302,343.8089540903495,346.39676342221236,4316800
2014-09-10,338.9382629394531,342.69982337035486,338.26357970213024,342.69982337035486,5080752
2014-09-11,340.49554443359375,341.9327070035351,335.5463783071603,339.5574727980492,5013032
2014-09-12,339.1785583496094,342.6998359157286,337.33937462039086,340.85140098630177,3907552
2014-09-15,336.5352783203125,339.00293420647256,335.24137399128017,338.7256689931085,4958800
2014-09-16,337.4549255371094,341.0824793412399,334.8994730930098,336.9697113340091,5034904
2014-09-17,345.75433349609375,346.4059112354632,339.2894376968269,340.10273090726537,7926120
2014-09-18,341.6832275390625,344.7054144086259,337.7506773590413,339.55290157787056,9104776
2014-09-19,342.1499328613281,350.08432629985657,340.23218161182245,341.8680420203069,14755016
2014-09-22,337.3948974609375,340.36624811959024,335.67584364139617,340.11208827101814,8612040
2014-09-23,333.37445068359375,340.43083664085697,332.3069751272745,336.8772254286082,12962304
2014-09-24,336.8587951660156,339.39576766251696,332.5565582385872,335.49094876844896,5564560
2014-09-25,341.128662109375,343.6979911430552,336.9696835683504,337.3393705497748,24975512
2014-09-26,340.12579345703125,343.83191355946246,338.30971563319997,340.5740478372741,8864840
2014-09-29,346.4937438964844,347.593553624652,340.2136909037307,342.05287458398476,4996144
2014-09-30,346.3735656738281,347.16377603985654,342.06210065798115,346.04546399390983,6927368
2014-10-01,355.5742492675781,356.7433755306979,343.9937979823132,343.9937979823132,9470864
2014-10-07,354.0954895019531,359.7932819144359,348.3653404482824,348.3653404482824,20063456
2014-10-08,337.3532409667969,350.46327519992957,336.50759098178895,349.8163229514065,20327680
2014-10-09,337.0436706542969,343.25440826192533,335.1120423790998,341.9605036535067,12432832
2014-10-10,359.39581298828125,361.18418279611075,330.19516689859734,338.2635898244026,45893056
2014-10-13,364.3773498535156,368.3006483577455,359.45589200532237,359.45589200532237,17726984
2014-10-14,362.1361999511719,366.452291788076,360.44487716859936,366.452291788076,6860512
2014-10-15,362.1361999511719,362.1361999511719,362.1361999511719,362.1361999511719,0
2014-10-16,359.9939880371094,366.79282921236984,358.97416640841845,363.23508399428374,10017392
2014-10-17,358.7227783203125,365.349335476829,357.3676846607507,359.9568148847084,8190016
2014-10-20,355.0625915527344,359.73795564635856,354.10795950945663,358.8485134389249,7702720
2014-10-21,351.39300537109375,358.5597250348533,345.5301731531953,358.5597250348533,26081384
2014-10-22,353.54443359375,355.02060682952055,351.69569834463863,354.7784699433401,5353320
2014-10-27,354.19647216796875,358.56914853562813,352.25460158005023,358.56914853562813,4767752
2014-10-28,352.8179626464844,355.0625207814172,350.65257819943605,350.65257819943605,6666368
2014-10-29,361.4981384277344,362.5459051408113,355.1184033303325,355.1184033303325,8229336
2014-10-30,367.5612487792969,370.7930226647192,362.8532788199048,362.8532788199048,15245208
2014-10-31,377.31243896484375,378.6861775578043,371.3331880773191,371.3331880773191,8670800
2014-11-03,380.53955078125,382.78410903159596,375.5614992150435,379.7013374038085,8578408
2014-11-05,384.16253662109375,386.88209190431826,377.84801320554146,380.4557885000337,10241080
2014-11-07,388.0555419921875,389.58294391304923,383.55710299466693,383.55710299466693,9970400
2014-11-10,387.9530944824219,389.406006776257,385.57815656157163,388.8425138270908,5594168
2014-11-11,384.1997985839844,387.9065464315179,382.2066769466184,387.9065464315179,6255088
2014-11-12,382.41156005859375,386.574704584745,381.5826692793335,383.808582318915,5392896
2014-11-13,389.1731872558594,391.2640367830042,383.00764367556405,383.90174708712186,4956680
2014-11-14,390.38861083984375,392.2327078055684,388.7447901444219,390.60748679101715,5233176
2014-11-17,392.88470458984375,393.7648015883952,386.3326591570791,389.7693258380862,5458184
2014-11-18,389.5224304199219,393.7553807782878,388.5677984980171,393.4946214680648,5267120
2014-11-19,388.6842346191406,390.2302818236984,385.5548953748768,389.3035721159454,5201120
2014-11-20,393.5505065917969,394.19312775803616,389.66212783600287,390.2348978868686,5347928
2014-11-21,386.1509094238281,389.21039723382063,382.00177154895107,388.3721838873013,10463272
2014-11-24,398.1607666015625,398.77078161779457,390.4166136919773,391.16633096926984,11047440
2014-11-25,400.7777404785156,402.33774857675087,395.450411051164,400.01401683107616,14886576
2014-11-26,400.521728515625,402.12830445607545,397.83477936929586,400.4797996485197,7930800
2014-11-27,406.6173400878906,407.5952557905917,401.5973819092235,402.51940761942916,17389032
2014-11-28,406.0538330078125,409.60691711129596,404.5217471078962,407.00846486329016,14347264
2014-12-01,405.12261962890625,409.99823792015644,399.7906496867118,408.5825700682484,18341864
2014-12-02,396.12103271484375,403.2644460889965,393.9602867108108,403.2644460889965,10654992
2014-12-03,395.5435485839844,397.30378744457715,388.28835578732964,391.4456168350568,12775044
2014-12-04,391.5014953613281,399.5296886762105,390.23485285352854,393.0288971460359,9399228
2014-12-05,385.6341247558594,394.25841997147035,383.67829313028005,393.96037029526946,7358760
2014-12-08,366.979248046875,376.0785181966024,364.66949925675993,374.2158212268322,166320408
2014-12-09,365.98260498046875,369.9315123311018,363.68215669073396,369.32613598917027,10050460
2014-12-10,365.7870788574219,369.74530950069123,364.92092031023634,366.2061856314151,7804712
2014-12-11,357.833251953125,363.9615040784592,356.7063116904474,363.4120178109989,8285932
2014-12-12,361.1117248535156,365.16309045156254,357.28387377947195,361.1862372741828,14572500
2014-12-15,358.53179931640625,364.57623982255916,354.8250290656687,354.83432890453946,12966284
2014-12-16,360.9906005859375,363.5238634108713,358.69947467587497,358.69947467587497,17792756
2014-12-17,361.08380126953125,364.2503860627126,353.22322928989274,360.61812703523987,17851776
2014-12-18,366.1875,369.14919190590444,362.24789245691915,363.97088667480136,19949980
2014-12-19,372.2878112792969,374.0294278224053,369.93149584427135,372.0922190669616,14294632
2014-12-22,372.4648132324219,374.4206446920589,367.9477739089744,373.6569436220855,10465104
2014-12-23,367.25860595703125,376.6186570415665,365.7591259915735,372.69767132289564,8196952
2014-12-24,359.6029357910156,370.117850014031,356.7157557833571,368.068883556983,27339488
2014-12-26,363.6449279785156,365.21889744211836,359.6773752972287,362.3130954196239,2268748
2014-12-29,364.6787414550781,367.47278629387586,363.6915031835049,364.3527695572184,2792676
2014-12-30,366.2713317871094,367.8825688514502,364.4924702235614,365.5076307487383,4640552
2014-12-31,367.42620849609375,368.6183160698946,363.22581877860995,364.15716703188843,6968808
2015-01-01,367.7707824707031,369.18642718982636,364.51106376443573,366.75559928795536,2002764
2015-01-02,374.998046875,376.08774250798706,367.323746459979,367.323746459979,6778320
2015-01-05,371.7756042480469,378.1273948554082,368.3482380919063,374.38337938498074,9937024
2015-01-06,364.00811767578125,369.7452316243947,360.2641024976114,368.81388343390506,9667316
2015-01-07,365.7497253417969,367.8359360128208,363.2257628687179,366.0198071984772,7249916
2015-01-08,367.5937805175781,371.98043925952567,363.2257669284302,369.8569609975766,13564920
2015-01-09,386.40704345703125,392.84266857849065,356.3431419183748,368.8325075682237,44863328
2015-01-12,394.13726806640625,394.74264444617666,386.509534776497,389.6761189168346,12758888
2015-01-13,389.0986328125,392.6191562941542,386.50950300684866,392.6191562941542,8801236
2015-01-14,396.5028991699219,397.3131903927652,389.78791421285354,390.88688703198204,9921260
2015-01-15,397.5460205078125,401.00133178430156,393.44808800169943,397.7229675890147,8342452
2015-01-16,394.5750732421875,402.34250982273267,393.4015651600053,400.1072736570508,6690960
2015-01-19,391.6319580078125,397.1921255187954,390.160445892258,394.89167703998214,4087744
2015-01-20,395.67401123046875,397.3131933691028,391.43637637385973,392.4701821044067,6804504
2015-01-21,404.1865234375,405.3134639935255,394.5191461209666,397.0337865707461,8494908
2015-01-22,409.1319885253906,410.35206390227745,402.58462812016074,405.0992685480685,9958396
2015-01-23,412.5966796875,414.4500539797605,403.2925179079629,409.7933118002126,9486328
2015-01-27,397.9652404785156,413.70503117378104,396.7731325097492,413.70503117378104,13739968
2015-01-28,399.464599609375,401.37386358212933,396.81025701310676,400.4797601387146,13134356
2015-01-29,399.6415100097656,400.46107823001813,396.30730166593736,399.548375190374,15369424
2015-01-30,398.97088623046875,402.8173812205684,396.1861644693731,402.62178902175276,10833744
2015-02-02,398.0302734375,400.85224011595267,396.01855235659133,398.89640901873264,8702540
2015-02-03,395.0592956542969,398.6077417001958,391.5388173424229,398.0303330515552,5265956
2015-02-04,399.1478576660156,400.47966720609986,396.0836861570736,398.59832592790264,5160016
2015-02-05,408.6382751464844,413.51852978113817,400.1071180044526,400.628682002075,11875936
2015-02-06,415.4744873046875,418.69696160067997,407.6511613836846,410.72461085265,7453728
2015-02-09,418.90179443359375,419.8517878315939,409.79322680989645,409.79322680989645,6536868
2015-02-10,424.37811279296875,428.04761545778854,417.43024640596354,417.80278567093984,8516920
2015-02-11,425.59832763671875,427.15365229276813,420.2709962090541,424.78803627911265,5796972
2015-02-12,430.5064392089844,432.5088381010188,423.3909471250465,425.25364376879946,6287536
2015-02-13,427.69384765625,433.3936728081126,425.8125056221136,428.34579156249555,5657516
2015-02-16,424.46185302734375,429.70532410199735,421.9472134153332,424.7505800039181,6244276
2015-02-18,427.76812744140625,429.3420964332479,420.62467024061846,426.6598324398122,8613764
2015-02-19,433.02105712890625,434.7533740125863,426.9393710941476,427.30258782556683,9673624
2015-02-20,425.2723083496094,435.12595585472314,424.11739999693924,433.7289333081005,6971628
2015-02-23,422.0124816894531,430.13381007501414,418.75276324346373,428.4201386157477,5090488
2015-02-24,423.35369873046875,427.6658232341307,420.5224089509505,424.5085615446943,6437676
2015-02-25,431.6985778808594,434.90240690555936,424.6948205446392,426.35260231163204,6044972
2015-02-26,420.61553955078125,430.09664710204515,418.24987847609634,429.8172426106406,6445776
2015-02-27,422.0404052734375,424.8158045115224,419.3860631019064,423.74475416160635,7801076
2015-03-02,426.8741149902344,430.00345396483766,424.33155265361097,428.9789709686035,7040992
2015-03-03,428.01971435546875,428.9696622425128,424.37813376516635,426.5574794777812,4905552
2015-03-04,423.6982727050781,431.00935701151974,419.4606378522999,428.42022687428505,4375228
2015-03-05,418.6596374511719,428.1873108096255,416.00529523081855,422.28257264972046,5684916
2015-03-09,407.9399108886719,420.78319588660315,405.8816218844215,420.78319588660315,7984720
2015-03-10,409.4207763671875,411.0878809883146,402.3797730287305,409.4394215264843,6329916
2015-03-11,406.4776611328125,417.2440570574397,404.0375557632957,408.69429747152606,6780912
2015-03-12,413.2019958496094,414.7200753881262,405.50904979685026,405.88158911682905,5688564
2015-03-13,413.5931091308594,415.3813159459548,408.37755897548413,414.4499677039235,6179684
2015-03-16,422.2081298828125,425.06738751155456,411.7584286673578,411.7584286673578,6818632
2015-03-17,417.3371887207031,424.60170573034713,413.0064189649538,422.2081223201057,5539312
2015-03-18,415.2881774902344,421.5002884006562,413.99361254032897,419.9449186596696,4905564
2015-03-19,415.46514892578125,418.92046017134777,414.03088165667555,416.2381952908381,6891740
2015-03-20,420.4943542480469,422.627132350919,415.93074845305273,417.4302280237473,6430896
2015-03-23,416.02398681640625,423.76350072708203,414.5431520299433,419.66556797279816,5078700
2015-03-24,411.9260559082031,419.7400595317602,410.91089529381384,416.29407060930527,6736532
2015-03-25,413.3510437011719,415.22301750756236,409.9329770595452,414.0588320677704,6170968
2015-03-26,399.79986572265625,412.56861334649614,397.12687816003046,411.2833710025081,15740840
2015-03-27,410.1937561035156,414.3941464671696,402.90131634890264,403.08758602821325,10074220
2015-03-30,415.0088195800781,417.24405559217905,408.8432753896357,410.83639721455353,4623088
2015-03-31,413.2112731933594,423.51194788235824,410.6034982389827,418.17534089826046,8016412
2015-04-01,404.9408264160156,409.7000242447666,401.91394512755124,409.58824428372327,6738488
2015-04-06,405.7325439453125,406.9432966745216,402.41693506858815,405.8815687610283,7741752
2015-04-07,402.24932861328125,406.5894207632095,398.2445309447536,405.1365083278012,8542268
2015-04-08,409.89569091796875,410.70593661682415,404.77327549903885,406.5335146114369,10185576
2015-04-09,412.58734130859375,413.3137748703865,406.8874709086951,411.91675227001883,10581548
2015-04-10,416.1170959472656,416.87149716199286,411.6931915426198,411.6931915426198,7123776
2015-04-13,417.0205078125,417.9891009119287,412.79219578884727,416.87148299505185,4872336
2015-04-15,412.3450927734375,418.17534159781593,408.87118217951166,416.5920496585814,6237784
2015-04-16,408.7967529296875,415.56767428469846,402.4356612694267,413.8912470912595,9007812
2015-04-17,405.9281005859375,408.8525247495219,401.12233492535466,406.07712538858834,6450316
2015-04-20,397.15478515625,406.0678054056629,393.98820135262787,405.32272686363416,12825384
2015-04-21,399.10137939453125,401.42975007270337,394.9103121738213,400.1072173371057,8881648
2015-04-22,398.1886291503906,401.4111032508038,390.7844104245347,400.6753472147532,12350984
2015-04-23,395.2641906738281,400.47974078639515,393.4014942050542,400.2375811502569,11891800
2015-04-24,371.64520263671875,400.51699885687066,368.8139130058114,397.8533337232974,43565452
2015-04-27,369.68011474609375,372.9118890572068,362.8719490349902,372.5393497074993,19822640
2015-04-28,365.25616455078125,369.1864496538872,363.598360103122,369.1864496538872,10393500
2015-04-29,365.302734375,367.32375556160156,360.9812647844196,365.25616696176957,8289056
2015-04-30,361.7822570800781,366.019891961567,359.92888300732875,365.08854363596504,13134260
2015-05-04,371.2540283203125,372.53929343024566,363.2071886774168,364.9953727382832,13361592
2015-05-05,365.6007385253906,373.2284712427597,363.60766245833,372.53928266502675,9408516
2015-05-06,358.0195617675781,367.88252986548355,356.7622417287974,367.88252986548355,10508408
2015-05-07,362.10821533203125,366.41103988637144,355.7750469568826,358.0102828539939,6779984
2015-05-08,364.70660400390625,366.49481059837063,362.3409888562168,364.715926580374,5777676
2015-05-11,371.35650634765625,372.5393141223958,363.6356154196725,366.0198761252539,4785512
2015-05-12,362.6856689453125,371.5334782467933,361.7356981784371,371.3565311559624,8284892
2015-05-13,364.47381591796875,366.00124069436174,359.2210208707986,363.5517902434956,7099084
2015-05-14,360.39453125,365.23754219481333,355.40249548860993,365.08851737823665,6233844
2015-05-15,365.4143981933594,366.3178012314569,359.9287674125287,360.43168625163776,5189344
2015-05-18,371.2447509765625,372.3344239282765,365.3865565895948,366.95122626441275,6469976
2015-05-19,376.702392578125,379.1890876629484,369.93149587939126,370.1736555005919,10272076
2015-05-20,381.34991455078125,382.22537292768766,378.79800636163327,379.9901368286953,5882188
2015-05-21,381.5640563964844,384.0693741000188,379.4778454064924,381.6478686439951,10059312
2015-05-22,381.1915283203125,382.1415217560452,378.14602399315595,380.7351767584371,6888824
2015-05-25,375.668701171875,383.0729209805064,373.8525717848522,381.94598031694943,4675808
2015-05-26,373.8990173339844,378.39741046674567,372.9397242433534,376.264632412869,3965040
2015-05-27,366.67181396484375,374.2157349531984,364.1571736353922,373.8431956451315,8454708
2015-05-28,375.6313781738281,378.4999353813051,367.91980998214154,367.91980998214154,10980540
2015-05-29,376.85150146484375,383.0542680644119,372.72562357284716,373.4427572814972,18993044
2015-06-01,381.4429931640625,384.46055235771905,376.87006422371854,378.6489484521604,5724892
2015-06-02,374.15057373046875,382.8028134646935,373.47068489366154,381.4989257867605,4673140
2015-06-03,376.4323425292969,379.88763091508173,374.02945948203745,375.92940082843165,5495796
2015-06-04,377.7641906738281,382.7841488839449,374.88631080219534,378.1274074133373,7489464
2015-06-05,374.7093811035156,380.73520029840824,374.0574372673882,378.1274249538986,6125788
2015-06-08,372.54864501953125,377.1308741379597,370.11781684540364,376.2647156656846,6141048
2015-06-09,371.0677795410156,373.96428180552147,369.3727302081838,373.2378255948806,7561740
2015-06-10,377.47540283203125,379.8689630149494,369.74521323542166,370.67656137959153,6385840
2015-06-11,372.1015625,380.8748582700535,371.6172659684927,379.2356762917277,9229464
2015-06-12,367.891845703125,377.2984621172413,364.25026530305735,373.4706120852109,9852924
2015-06-15,374.5763854980469,377.73424670803155,366.08605855246145,369.47084645831734,5236426
2015-06-16,377.9422607421875,379.3226565119539,372.51527085171944,376.0513202810113,5223444
2015-06-17,376.56182861328125,386.129981219905,375.238170499403,382.3481008945386,6412068
2015-06-18,378.9255676269531,381.1946962042897,376.5997016020753,380.3059403285045,3474426
2015-06-19,376.429443359375,382.12119163069787,375.5785202988103,382.0833589783469,6670458
2015-06-22,387.2078552246094,389.0609860437331,377.0535145425049,380.0412095979651,5710868
2015-06-23,378.33935546875,388.55043338594544,377.4884323089837,387.6427727824209,6952116
2015-06-24,376.33489990234375,383.860850942098,374.8599804331123,383.860850942098,7073694
2015-06-25,374.5763854980469,379.51173528656517,373.51746349895296,377.8855311719457,7117466
2015-06-26,380.1734619140625,382.5749463224939,377.46940865938535,377.8097870700308,5320284
2015-06-29,374.4629211425781,377.99897031108054,371.5697732172452,373.2716195067899,5690668
2015-06-30,372.2693786621094,375.7109035899893,370.62426996222,374.40615026795695,6212530
2015-07-01,377.20477294921875,380.07899291627484,372.8934199158677,374.0279840738267,6880852
2015-07-02,373.6498107910156,378.7175401299928,372.5341513750355,377.8098795346403,4007568
2015-07-03,374.5196533203125,375.5407657591722,371.3806968534814,373.6498253474946,2695306
2015-07-06,371.872314453125,373.6498029501091,368.7333581744498,372.51523877111083,4305602
2015-07-07,370.8133239746094,374.406109877474,370.24604198994655,372.51516992859786,3497418
2015-07-08,362.1151123046875,370.2461566018685,361.0939997996503,370.2461566018685,7024178
2015-07-09,354.74041748046875,365.32968367391555,353.24656995448237,362.1150850080478,8587772
2015-07-10,354.55126953125,360.07280540231073,352.71706686331436,358.5600533189774,7411522
2015-07-13,359.3354187011719,361.16962168289365,353.24657667444814,355.8749884854481,6531768
2015-07-14,367.31512451171875,368.16604758008566,357.5767827292974,361.1695690179577,5367074
2015-07-15,372.1369934082031,372.87446462754656,366.08598538530555,366.8423613881677,4129566
2015-07-16,374.046875,374.9734403112204,370.43518384754447,373.53633038094284,3472938
2015-07-17,378.8876647949219,379.88987229740394,374.06576746113205,374.7843339439794,3447978
2015-07-20,378.6607971191406,382.2724884950843,373.4229016929716,378.7175345615538,4377180
2015-07-21,420.7909240722656,434.53804983615163,391.42461408217315,391.42461408217315,38310112
2015-07-22,417.19818115234375,420.5451363587826,407.17619723731883,417.89781985292694,12665660
2015-07-23,415.2503967285156,422.43596825660467,412.22489292721497,417.5005967145232,7710748
2015-07-24,411.3173522949219,418.4461884689524,409.615505911255,414.3239752720561,4480302
2015-07-27,402.8837585449219,411.44968116640644,401.04950952258355,411.05261140296307,6752244
2015-07-28,401.9571228027344,406.9303044367165,398.70471510446873,404.0938943221483,8476602
2015-07-29,410.4852294921875,412.9812608466173,402.7701857157944,406.1738774260687,7071334
2015-07-30,404.66119384765625,412.2249544803227,400.12293746805636,412.2249544803227,11956598
2015-07-31,407.3275451660156,408.95372643081305,400.8794190629833,407.89482736280286,7931012
2015-08-03,408.0459289550781,412.98130087960317,404.2640489103931,407.68666881704416,7961012
2015-08-04,399.8393249511719,408.04598735650256,397.4756495849436,407.6867271670497,9099054
2015-08-05,410.84454345703125,412.2249389536056,401.6167465996428,401.635674466724,4753476
2015-08-06,411.07147216796875,418.0868787856735,407.30851963109035,413.73771631978906,7238252
2015-08-07,414.3427734375,416.38499791925597,407.87576771654636,408.2539557255557,4988058
2015-08-10,410.71221923828125,418.40833676530264,403.5266463418472,415.2504758044501,3992754
2015-08-11,419.46728515625,422.39824254560614,414.38062818120864,415.55304806937784,7574406
2015-08-12,432.79833984375,434.5379953439628,420.1668518948152,421.6796038368307,10168440
2015-08-13,437.94183349609375,441.28878905265776,399.19647990559616,433.7817642659927,9787960
2015-08-14,434.63262939453125,441.98836871968007,432.3067635847209,440.58909135925944,5109066
2015-08-17,431.9476013183594,436.22109968002536,424.5161949968861,434.9163690391261,3107436
2015-08-18,440.34326171875,445.3920631243747,434.9162722502989,434.9162722502989,4150446
2015-08-19,444.57891845703125,448.60658369372385,439.7570214940072,442.47995660691583,6869518
2015-08-20,429.0732727050781,441.9127385995446,426.5961224991753,438.3199521068654,8369114
2015-08-21,434.8785095214844,439.05746036654386,422.625205732899,431.47481658940734,10822142
2015-08-24,413.0003356933594,424.70523899645815,407.9136780167404,419.76986579390757,14122684
2015-08-25,410.5798645019531,423.1924266990643,395.0174170573482,416.00685377030453,13735078
2015-08-26,402.6190490722656,414.87235295979235,400.5012049083137,412.1494170583599,11498212
2015-08-27,409.5020446777344,416.04467033402835,407.70565141535474,411.46860409875745,15343392
2015-08-28,420.1857604980469,425.42365462405377,416.6118564995556,416.6118564995556,7208820
2015-08-31,413.88897705078125,429.1866639466171,409.3885303934883,429.1866639466171,9917064
2015-09-01,411.84674072265625,421.5283444946011,409.19942466658773,412.224928730666,9071550
2015-09-02,415.798828125,421.6796706982607,412.2249695615284,415.2504739252827,11171830
2015-09-03,415.7610168457031,420.5451048343443,413.1704379779866,419.8454661862066,8590536
2015-09-04,406.1550598144531,420.1669462915607,403.52667119090484,417.1414417278051,7318888
2015-09-07,400.40667724609375,410.33411552492254,398.98847177768965,410.3151876524601,5180988
2015-09-08,400.4255065917969,406.17394620974466,397.9672843847547,401.63568982751286,5459496
2015-09-09,411.73333740234375,415.8555966390951,405.41761503728713,411.12824571748496,9148664
2015-09-10,408.61328125,412.7922778844444,401.2575417639904,410.29624585869925,8363004
2015-09-11,412.50860595703125,418.4272580351779,410.523118740644,412.8111748562175,9883810
2015-09-14,415.91229248046875,417.51959163304156,409.4452862996937,415.6286514535441,6557076
2015-09-15,415.70428466796875,417.21703686278016,411.52533442912215,415.7799499770293,5291886
2015-09-16,416.6308898925781,419.6942039775319,415.36396911142543,419.0323748656052,7478240
2015-09-18,417.6898193359375,422.77647686770115,415.64764057355944,420.4695387418581,11576876
2015-09-21,417.765380859375,419.3537519833785,413.1703874545779,416.0067974371036,4351234
2015-09-22,418.82440185546875,429.6027629364819,416.4229166021055,421.6797405378832,9626986
2015-09-23,422.1524353027344,425.9721255962185,415.04248108405284,418.8243618034502,4758254
2015-09-24,431.3424072265625,435.93735519040285,419.78874360965074,421.1124018102217,13399262
2015-09-28,418.1058349609375,432.2122221277491,416.3850607938948,431.1154675029052,9788464
2015-09-29,424.27020263671875,428.63829254483073,415.06133398148785,416.76317999781287,8699370
2015-09-30,439.4356689453125,442.0829857936113,425.82089658263334,429.0166139059764,9495692
2015-10-01,443.6334533691406,452.9746785345757,438.6980814862098,442.4421519319993,10864394
2015-10-05,446.9236755371094,449.7978951460448,439.45446242785795,443.61453048870686,6881760
2015-10-06,436.6558532714844,451.0081154953539,434.1976312844067,448.9280815062882,8711880
2015-10-07,428.5626220703125,442.0072239031607,426.76622907477025,437.18532691512627,9182488
2015-10-08,428.16558837890625,434.76495105131875,425.8586506237252,429.77288751008996,9080874
2015-10-09,441.49676513671875,443.57679953578497,429.6216504253064,429.6216504253064,11782138
2015-10-12,424.6674499511719,461.3138880787325,419.4106258405311,453.4475567022514,30404970
2015-10-13,415.7799377441406,420.1669097469157,410.40963991124255,418.82432374730814,15326862
2015-10-14,415.09918212890625,421.88768512427885,411.16601729251545,412.7733164573192,8865510
2015-10-15,415.0046081542969,417.65192425372896,411.884557037109,415.96900605673017,8255666
2015-10-16,417.88629150390625,420.36712156528927,416.01611798576516,419.4511134553724,6418992
2015-10-19,424.39361572265625,425.9393821163773,420.023557364761,420.59605653427224,7347494
2015-10-20,429.7369384765625,431.28270486011047,423.87837299847416,424.79438098168407,8788310
2015-10-21,434.4887390136719,437.7137992303429,429.3744034676804,429.3744034676804,7278098
2015-10-23,438.87786865234375,440.06102427382814,429.412530500266,435.78638248327115,6033362
2015-10-26,439.736572265625,442.16014249429435,436.301577632523,440.4426451777433,3195942
2015-10-27,438.6871643066406,440.82448582900065,436.6643146966607,438.9161547215158,5263748
2015-10-28,440.1372985839844,441.969314378067,434.7176589608103,436.8168223710688,5255472
2015-10-29,437.0267028808594,441.1677699560609,433.5917086376356,440.09908644435484,5887324
2015-10-30,433.3627014160156,437.00763085966014,431.282640062372,437.00763085966014,4044676
2015-11-02,431.7407531738281,433.4964548291589,425.2142709802261,431.2827724055471,3544988
2015-11-03,437.1985168457031,439.08774540161966,432.58036636116265,432.58036636116265,3614682
2015-11-04,433.87799072265625,441.81661672655304,432.16049347213743,438.9541213090217,3205572
2015-11-05,428.5729675292969,437.0077808815653,427.23713588468075,436.22534656796023,2345306
2015-11-06,434.4505615234375,436.5878824699953,428.5728939778268,428.61105127167383,3026172
2015-11-09,433.0383605957031,435.0993669148993,425.634028717903,427.4660446883221,6125676
2015-11-10,421.3020935058594,430.3285056247891,419.87084570444654,430.3285056247891,4680052
2015-11-13,420.1380310058594,422.12267594569556,416.01601878915744,419.8135775723409,3520868
2015-11-16,412.2757263183594,417.54273743761723,407.31406673272045,413.59250239322523,6808334
2015-11-17,405.1385498046875,413.3062133533433,401.5127219920219,412.1993723872468,7184106
2015-11-18,389.2994384765625,398.89835061584324,385.95985996021943,397.3144269157859,10125252
2015-11-19,399.9096984863281,401.5126772308704,390.7496901593986,393.21144079572645,8539622
2015-11-20,401.6653747558594,405.7873402897615,397.7151403145839,399.9860347575604,6082978
2015-11-23,402.1615295410156,405.48205238844076,396.1693907258069,400.7493836821746,5616350
2015-11-24,397.3717041015625,401.05479160683893,395.78778032995507,400.7494400640818,4325802
2015-11-26,401.6653747558594,404.37519449010995,396.95180818718393,397.29527037243736,9853968
2015-11-27,406.9896240234375,408.3827145640355,398.8410623545954,403.80272150350424,5142478
2015-11-30,415.2145690917969,419.18390594143517,403.1157254884773,408.3827364260879,18105534
2015-12-01,411.8177490234375,417.92440702563863,409.50865033031397,415.25274414967566,5898550
2015-12-02,404.83319091796875,412.18026293071,404.184377220415,412.18026293071,6397616
2015-12-03,403.7073059082031,406.3980704734819,400.3868295677346,404.9477206982779,5504726
2015-12-04,400.38677978515625,406.43617722964996,396.9708407570005,400.3676778470291,8375530
2015-12-07,399.3181457519531,404.18438838835687,396.9327326948925,402.7722424946164,4513870
2015-12-08,398.612060546875,405.6156237490102,396.66557287019214,398.8601528151997,5724372
2015-12-09,392.4290771484375,399.58531673797165,390.2726775958217,398.077754233817,6818254
2015-12-10,399.7380065917969,401.36008762260485,393.2306271163821,395.635095749165,5587746
2015-12-11,401.8180847167969,405.291236874209,399.1845793349878,402.27606539619865,5390198
2015-12-14,408.19189453125,409.58498511625373,400.00517531063247,400.55857252038044,4816672
2015-12-15,411.2643737792969,411.8559283508444,404.10813355013255,409.62319071736624,5431808
2015-12-16,418.2487487792969,419.06934013857096,413.4970248973706,413.4970248973706,5495852
2015-12-17,422.54254150390625,423.5730679560424,415.25272811331956,419.8327214380988,4958782
2015-12-18,413.4016418457031,421.130380301767,411.98944933423905,421.130380301767,7219820
2015-12-21,421.1494445800781,422.6570536476495,406.83696565434116,411.05439474716525,4331012
2015-12-22,413.6307067871094,418.8595146174868,412.2376159652604,418.8595146174868,4109254
2015-12-23,420.15716552734375,420.786923983299,414.890200691412,417.9435298450323,2870928
2015-12-24,418.43963623046875,421.531122446669,416.05422300961953,420.6151610419444,1230054
2015-12-28,421.6456298828125,423.64937693588763,416.01605482893467,416.01605482893467,5526952
2015-12-29,421.6264953613281,423.64934419940016,418.80220367207653,420.30976603566614,3345062
2015-12-30,414.60394287109375,422.35173749087943,413.34442598413074,420.25257373934414,5153970
2015-12-31,421.89373779296875,423.6302906825485,414.871071876487,416.0733294708745,7943938
2016-01-01,421.83642578125,423.2485716106179,417.23733098084665,419.83267890465953,1806550
2016-01-04,411.7795715332031,420.76778038530404,410.69183244792987,419.8136151192572,3975362
2016-01-05,409.928466796875,414.2985247228599,405.4247884724624,414.2985247228599,4949786
2016-01-06,408.13458251953125,410.15743122686365,404.14619092065766,410.15743122686365,5588328
2016-01-07,401.05474853515625,407.581229397261,399.9479075491621,404.585159889902,5294088
2016-01-08,405.8255615234375,407.3903831335082,402.8485474632268,405.1385439433588,3156716
2016-01-11,402.92486572265625,408.3636074126358,401.55087714004947,403.15390264483915,5360622
2016-01-12,400.730224609375,405.69188293804814,393.4404128444965,405.3293188500661,6565212
2016-01-13,413.49713134765625,416.3977848756982,400.02429712397594,403.4211353012035,8751294
2016-01-14,432.4277648925781,440.8244205215602,402.40971170094554,406.8561318406781,30227006
2016-01-15,435.0611877441406,444.2593312466046,434.1642817456402,438.15267377242446,13036614
2016-01-18,432.0078430175781,443.53413993744226,430.65290980460355,435.06117164165846,10066612
2016-01-19,434.9658508300781,442.3319798024231,430.72936575000915,433.19109385880245,7500436
2016-01-20,427.943115234375,442.7326766304348,426.32103430706525,432.8093580163044,7507998
2016-01-21,433.9735107421875,436.0535726056645,428.2294165982981,433.19107650540855,6743000
2016-01-22,433.66815185546875,439.8702266344799,431.6644046191729,438.1908862993728,6436018
2016-01-25,434.20245361328125,437.713763142772,429.2026369564691,435.19477616812856,4579262
2016-01-27,434.52685546875,438.7633398667626,433.1910241168478,437.5610823320306,6971962
2016-01-28,431.1300048828125,436.0916640405771,429.83233086199283,433.5726771708087,7788598
2016-01-29,444.60272216796875,446.54920940376263,431.8932260335192,434.3358976935743,10232108
2016-02-01,447.8279724121094,450.3279043564849,443.343395103268,446.5494001144185,4251126
2016-02-02,448.6675720214844,454.1826281559102,444.25931022981473,449.163709963731,7632702
2016-02-03,441.8549499511719,448.80130288432537,439.96572085938897,445.7098159204473,5245966
2016-02-04,450.27056884765625,456.07187476892494,442.75176552455287,442.75176552455287,5549346
2016-02-05,448.3430480957031,452.9039849179311,447.2553092736125,448.6483995429975,3984224
2016-02-08,439.2214050292969,447.38902301339675,436.5497420950313,444.16396282164646,4221044
2016-02-09,422.75250244140625,430.63391742276656,417.35191732986226,430.63391742276656,7579572
2016-02-10,423.095947265625,430.32850077115,421.7410140595306,422.8860122877465,5866054
2016-02-11,411.68414306640625,424.7943641236305,408.8216473512875,424.03103193293214,5214378
2016-02-12,413.9741516113281,421.51205721248317,407.23773551556684,417.80986802646294,7408096
2016-02-15,416.6839599609375,419.90901983341143,414.71837025015475,418.40145739150694,5093478
2016-02-16,411.875,417.0656498797509,409.7948917056553,414.8710697042225,5125448
2016-02-17,419.0120849609375,420.9776745363112,411.0543567321915,412.8672705617903,4164598
2016-02-18,428.7637634277344,430.13775225355766,419.83276617472353,419.83276617472353,4189072
2016-02-19,430.23309326171875,432.88565390992784,425.1187584172347,427.16066264896017,3974018
2016-02-22,430.004150390625,432.79028515775417,425.19516651864444,431.66438872153327,3857010
2016-02-23,428.9545593261719,432.23687862285925,425.9584896179765,431.3781298573834,2501960
2016-02-24,429.50799560546875,436.5306621328847,426.83633253667733,427.2752579302858,4950714
2016-02-25,423.76397705078125,431.5117725280576,420.252620250984,429.52712703390546,4484528
2016-02-26,427.9049072265625,432.04597460863516,425.93931772370746,427.5232411712545,4235636
2016-02-29,413.7451171875,431.43533001593187,407.7338766522982,431.0918212387583,8166076
2016-03-01,429.546142578125,431.3972606462364,417.848112551605,417.848112551605,6386154
2016-03-02,441.20599365234375,444.06848928590136,429.37434503363903,433.9734399875942,7214898
2016-03-03,446.2822265625,455.2704360125838,440.442716109752,445.7860419551043,5814304
2016-03-04,446.7974853515625,452.2743852558378,442.3892227073303,448.6867141476015,4281680
2016-03-08,444.04937744140625,454.3734634322046,437.923664876282,443.8776463432624,7617746
2016-03-09,449.7936096191406,451.79735713759675,436.22535778669345,437.0077921204209,6305782
2016-03-10,436.0534973144531,443.8394946808008,434.85123984191233,443.8394946808008,24381016
2016-03-11,436.2444152832031,441.1869733557496,434.412399102664,437.4657283434913,4058548
2016-03-14,435.5574035644531,440.53816559316743,434.52692356752965,437.3894197702143,4174262
2016-03-15,432.9620666503906,440.6335465358084,430.881958290421,436.62605217580324,6720258
2016-03-16,439.85101318359375,440.8242802305296,431.87423014673493,435.824464378834,5588850
2016-03-17,443.4005432128906,446.45387167917266,440.4617332001322,441.5494721482262,6474622
2016-03-18,455.4802551269531,457.6175756032451,443.4959323194085,443.801283783204,8477422
2016-03-21,456.0528869628906,457.6177088427471,450.3851540154282,453.4193812386852,5138392
2016-03-22,454.1636047363281,455.7093712396403,447.31271615817286,454.65978935445685,7097950
2016-03-23,460.9763488769531,462.08314333007354,451.167501840932,454.18267344484667,6333176
2016-03-28,459.8694152832031,472.1208856991729,456.37716174194503,470.36523125468835,10787510
2016-03-29,456.94976806640625,465.2128489890522,454.77428979037524,457.6176837850249,6995356
2016-03-30,460.2701416015625,461.8159076972474,456.30085206367687,457.0832394904306,5756818
2016-03-31,464.98388671875,469.4112047172842,458.1138960551296,461.9114555914774,17996320
2016-04-01,460.0793762207031,466.47228332083205,456.1291414499866,464.10597216458535,5511428
2016-04-04,474.67816162109375,476.3193446658402,463.170964725169,463.170964725169,4577054
2016-04-05,465.556396484375,474.14388500838504,463.3427141399207,474.02936652535544,4790716
2016-04-06,458.2665100097656,468.68601413929497,456.47269780993224,468.68601413929497,4931354
2016-04-07,450.93853759765625,461.20536592657595,448.45770772513424,461.20536592657595,5657890
2016-04-08,444.9273376464844,449.4119151436717,443.51519145362624,448.7821566451939,4195578
2016-04-11,451.8544921875,452.94223122337667,439.33582582942404,444.9463452930545,5768678
2016-04-12,451.20574951171875,456.0529380608425,449.8317605508271,450.55693562716493,5842138
2016-04-13,447.579833984375,456.07190503477517,445.1562634745284,456.07190503477517,12511386
2016-04-18,472.7697448730469,483.91442213239696,470.78509993417055,477.0825901238047,25015990
2016-04-20,474.6400146484375,475.72775385751856,467.84638513498516,474.7926904264029,8072848
2016-04-21,468.0370788574219,477.4642113161156,464.9073894063304,477.4642113161156,5441100
2016-04-22,462.2929992675781,468.8767385760328,460.67091856839363,468.03709190896296,5143938
2016-04-25,464.0487060546875,467.46464551311476,458.4191312290533,462.5984028672275,5364134
2016-04-26,470.26995849609375,473.0942973388626,461.281701980618,463.8961058037482,5846744
2016-04-27,473.32318115234375,474.1628278616551,468.8958641039732,469.1439097748407,4486208
2016-04-28,461.4915771484375,473.11329133333453,460.6709857100557,469.8309721699076,12165168
2016-04-29,461.0907897949219,466.9875587855632,459.90763424476006,462.3693618667113,5036410
2016-05-02,458.4001159667969,462.2549344936126,456.52994264484585,461.81600913385324,3615250
2016-05-03,449.5264587402344,462.655738448604,447.23646159247994,459.0490115769353,6824810
2016-05-04,453.74371337890625,455.3276369411049,446.79740930553385,450.74764394588846,5812842
2016-05-05,455.1177062988281,457.6176378019256,450.7858055342358,456.14823268663633,6302668
2016-05-06,450.93853759765625,454.1063851478415,449.24014193635594,454.1063851478415,2596720
2016-05-09,457.6367492675781,458.59091450387257,450.59498186966556,451.1293237200103,5123678
2016-05-10,462.884765625,464.3541711123106,456.70174550304046,458.95358530196194,3395704
2016-05-11,458.7054748535156,463.6098757960125,455.1369054994868,457.42690250828923,3709888
2016-05-12,461.8160095214844,462.9610078921988,456.77803532638205,459.48785548571897,3406932
2016-05-13,460.76629638671875,461.81587792746296,455.0031488810138,460.2892138681986,5652064
2016-05-16,463.72430419921875,467.02572523026186,459.9076432593075,461.8922883120216,4533878
2016-05-17,463.4380798339844,467.82724015359804,461.1099258520358,465.6326599937912,3796294
2016-05-18,461.75872802734375,463.3426516818381,457.19783670654886,457.61766010422065,4256596
2016-05-19,460.1938781738281,464.1632147429427,458.38096428510687,462.1785231633365,3954400
2016-05-20,458.6099853515625,465.44181799230705,457.9993288977191,459.90765943479295,3994548
2016-05-23,453.4192810058594,459.964863277793,452.2742828215011,459.2969476702507,4585946
2016-05-24,453.3238830566406,454.85054736497705,449.44996305621754,454.58339974705706,3485060
2016-05-25,461.3007507324219,462.9991462769085,455.74749022521974,455.74749022521974,3857396
2016-05-26,471.03314208984375,473.18956448581923,461.85405539630807,461.85405539630807,6136436
2016-05-27,476.1284484863281,480.7084415779802,470.05994832186934,470.05994832186934,6180764
2016-05-30,483.79986572265625,485.47920562617423,473.8383913403265,473.8383913403265,5285700
2016-05-31,476.5673828125,483.47552987156735,472.8842956470274,482.80761419974954,13782038
2016-06-01,480.21240234375,484.1435829064301,475.55609326086864,475.57519520723736,4840534
2016-06-02,481.4909362792969,486.58616991679685,478.6093382938779,478.99100443286824,5053552
2016-06-03,483.53271484375,488.2653830523827,480.9183117907438,480.9183117907438,3998380
2016-06-06,483.4755554199219,487.38763313300984,481.31913253322364,482.76948241899476,4225768
2016-06-07,479.9069519042969,485.67010055752945,479.029101259391,483.5709370580667,5692420
2016-06-08,472.54083251953125,482.406892793224,471.4912506480723,482.406892793224,8741370
2016-06-09,457.7335510253906,473.4675385448209,455.6292697071136,473.4675385448209,12740804
2016-06-10,455.84161376953125,459.47105844765144,451.78745737146374,453.8338599301888,6383956
2016-06-13,455.9574279785156,457.5018683834678,450.2043780435527,454.37438598995584,5286722
2016-06-14,453.67926025390625,456.53648374499795,450.68690768627414,456.53648374499795,2940728
2016-06-15,459.4517517089844,460.49427738802143,455.2431888023168,457.03856328425,6711572
2016-06-16,457.9265441894531,459.2779294379043,451.7873846342595,459.2779294379043,5302564
2016-06-17,455.4168395996094,460.53279816230105,453.7179458201999,459.08488536153925,8515082
2016-06-20,466.71063232421875,467.88828710576496,455.4941138897835,455.9960759254621,6229566
2016-06-21,465.6873474121094,469.0465333108381,461.65251602140944,467.656499348563,4761724
2016-06-22,463.1390686035156,467.94612053340427,458.75672836046124,464.87656406722203,3031258
2016-06-23,467.8110046386719,469.0658625090184,460.7644950590336,462.28965828869644,3828626
2016-06-24,461.2278747558594,462.9460459817404,447.88775090810583,458.6988345507153,7808348
2016-06-27,450.2815856933594,456.84545747974994,447.8877218948847,452.5403675141528,5583778
2016-06-28,447.5595397949219,452.71410029500544,445.9957750091006,448.9688511114823,7655974
2016-06-29,454.3936462402344,455.57130085804783,447.9649038682698,451.3626914852623,5459150
2016-06-30,452.0577697753906,457.34745982877627,450.9573181727314,455.80301927215737,9346224
2016-07-01,452.6753845214844,455.6098111668928,451.7873126466906,455.6098111668928,3991912
2016-07-04,457.1350402832031,461.24712233086126,454.14268696734877,454.14268696734877,5381322
2016-07-05,453.85296630859375,458.50561051463217,452.1541200683194,457.5403355451277,3596416
2016-07-07,446.8258361816406,452.13484914124103,445.95708860643333,451.24677721133344,5954876
2016-07-08,447.19268798828125,450.590475637897,445.37798941586476,449.0460352758134,5551648
2016-07-11,453.6985778808594,455.10784168576276,447.88760348264753,450.7448269313782,6668882
2016-07-12,454.27783203125,455.74502205103363,450.9765720047253,455.6098929499793,6197368
2016-07-13,460.9382019042969,461.71042201327873,453.7565171847057,455.6098642992921,5275420
2016-07-14,454.1620178222656,461.8070168690335,449.4321689650306,461.40158239966627,7413328
2016-07-15,414.1223449707031,459.4323490353161,406.18776474364154,459.27789559178865,61484126
2016-07-18,417.7518310546875,418.8908842034347,407.4041079801761,415.93713231950863,14332824
2016-07-19,419.6823425292969,420.859997154182,414.72083731046297,420.31943360288096,10404644
2016-07-20,418.19586181640625,420.8214294871404,413.1378286676461,413.1378286676461,9822896
2016-07-21,416.9602966308594,419.7788720151618,415.30000438679264,416.61278812249896,8668002
2016-07-22,414.083740234375,416.9602886362599,411.86360725404717,413.137789382745,9386538
2016-07-25,417.32708740234375,418.2537610582989,410.43503162240637,410.43503162240637,8469552
2016-07-26,420.3580322265625,420.8213926098074,413.27292156737,413.27292156737,7189610
2016-07-27,419.06451416015625,423.3696504471225,416.4389942198725,418.8135332126289,7431820
2016-07-28,416.0335998535156,419.6823211569728,414.70153896687617,419.08387882884097,11258562
2016-07-29,414.6242980957031,415.7440267491261,411.78639844712603,414.1416604978983,8156784
2016-08-01,419.0260314941406,420.0299084365567,412.5007606695576,413.71701704305156,9096662
2016-08-02,418.4661560058594,418.9294692847545,415.06836818535584,416.9603171505775,6822502
2016-08-03,418.890869140625,419.50863589213657,413.2536709426359,419.18045172407557,7213460
2016-08-04,413.8327941894531,419.6630468524879,413.15710156318073,419.46999181641013,4237278
2016-08-05,412.3656311035156,414.46991252156204,409.27674997165406,413.9100716694464,5609968
2016-08-08,416.4969482421875,417.38502032996445,410.2613077999368,412.75169910521,4643064
2016-08-09,418.3117370605469,418.7364487900178,413.71701694652285,415.84062272646304,7192664
2016-08-10,417.90618896484375,420.0491185224251,415.14549277480705,415.4543996573212,5576454
2016-08-11,415.9756774902344,422.79052970143505,415.1648557638978,417.65524688034105,5038552
2016-08-12,410.26129150390625,416.5355804132063,409.276691929723,415.08766758798316,7449928
2016-08-16,406.1106262207031,408.52381437058705,396.9211868929126,402.32672834865264,16429408
2016-08-17,398.9676513671875,406.4388736150614,397.88652405480866,405.39634789257,6599316
2016-08-18,395.14501953125,401.2069282321044,394.411401037705,400.203051566893,8434000
2016-08-19,394.33416748046875,401.16831969967814,393.23376332551624,397.6933294424143,5686016
2016-08-22,392.07550048828125,397.6933976545117,389.62368724646245,393.0600765167893,10253518
2016-08-23,401.4193420410156,402.3266912752458,393.8708713507191,393.8708713507191,7406138
2016-08-24,408.2728271484375,410.0682485310789,404.25727270177015,404.25727270177015,6129966
2016-08-25,400.06793212890625,408.3499737323418,398.5041675952854,407.34609704292143,4796562
2016-08-26,393.9288024902344,403.8711368829063,392.6932455417708,400.01003614788806,6881054
2016-08-29,394.91339111328125,397.693388444794,390.3572968132881,392.90561395350596,5220282
2016-08-30,401.7088928222656,403.48498956993444,395.76278881261516,398.6392897416874,4375438
2016-08-31,399.9521484375,403.77464795703537,396.8439903282811,400.4347860755075,11139814
2016-09-01,400.6085205078125,401.728202000632,398.4655907741649,400.7822511856426,2877826
2016-09-02,398.40765380859375,401.5544602069227,396.22612255499297,401.1876745049562,3332592
2016-09-06,403.4850769042969,404.99091580442763,399.8556323362488,400.87883358458015,8215044
2016-09-07,407.09521484375,408.89063641315767,403.0989843393169,404.6434248923411,7425470
2016-09-08,400.6471252441406,403.4850248440402,395.3767133399973,403.4850248440402,9092774
2016-09-09,399.8170166015625,401.9406221943279,396.3613499900041,400.3961817632258,5053438
2016-09-12,406.9599609375,408.5044010169592,395.85929786638695,395.85929786638695,6203096
2016-09-14,403.7167053222656,408.42727675400863,401.8054792078086,406.9407151843422,5152418
2016-09-15,402.40386962890625,404.1800135401245,399.7590252499122,403.7166532070604,4701722
2016-09-16,409.3345947265625,411.0141640823471,400.8208489425637,405.0294580764511,9949384
2016-09-19,409.7400207519531,412.71309681227655,402.0757446656923,403.87116606371535,5809154
2016-09-20,405.4734802246094,408.17625058654494,403.7745865705921,406.6897363139953,4214004
2016-09-21,407.6357421875,409.7593477589243,405.82104355222435,406.9600495056832,4231532
2016-09-22,408.8133544921875,409.6627777796993,406.18778720475365,408.8905576519336,3629514
2016-09-23,402.5390625,408.8133509842581,401.5544629925169,408.1183340222023,5205294
2016-09-26,399.9714050292969,403.09888696718264,398.07945638234224,402.616249410948,6371798
2016-09-27,401.45794677734375,405.37697342895177,398.9868328936271,399.6432482946174,6525660
2016-09-28,401.1490478515625,402.4425543226862,398.94823925359395,401.5544822876726,5434708
2016-09-29,397.38446044921875,403.465693979155,395.3767069622068,403.465693979155,8902638
2016-09-30,400.0293273925781,403.0602817921678,398.11805440740136,398.11805440740136,6502354
2016-10-03,400.8208923339844,401.5545109632219,396.1875710536395,399.8170154830926,3656160
2016-10-04,405.106689453125,405.9561599346109,400.89812715867674,401.554495461688,5066586
2016-10-05,402.1336669921875,405.35767688337165,400.39617155151075,405.1066958932023,2307574
2016-10-06,396.689453125,403.4849802072391,396.1295653035425,403.4849802072391,3721882
2016-10-07,390.9557189941406,399.16058096720457,390.00974467633716,397.674019596859,6288558
2016-10-10,397.67401123046875,398.36902814568555,389.97113489425,392.6739051360913,5413170
2016-10-13,406.322998046875,408.5045297732207,394.37290801854704,394.37290801854704,9778690
2016-10-14,396.5929870605469,418.04137420968107,384.6621758924241,406.53532184521936,33461690
2016-10-17,394.7589111328125,402.2494552748026,392.80903659353845,399.60456381611505,8014858
2016-10-18,401.18768310546875,401.7475238483826,396.65088982798824,397.69336815361277,6388134
2016-10-19,402.24951171875,403.7553033678182,400.01005433757354,402.3267148839301,3509836
2016-10-20,400.260986328125,405.68580416392115,399.1605821298198,403.38846825636165,3535490
2016-10-21,405.1977233886719,406.25138227016674,399.0317371481705,403.90987574411395,3863620
2016-10-24,400.8268737792969,406.9147810850853,400.2024815804083,404.88549452917954,2902974
2016-10-25,396.96343994140625,405.43189392203834,396.18293770944086,404.4952817160647,5636014
2016-10-26,395.79266357421875,397.9975679598614,393.88042368950397,396.88536187161156,2775216
2016-10-27,391.6170349121094,397.2561688781895,390.68042261041353,397.23666108420423,7227790
2016-10-28,389.2755126953125,394.153651952146,387.5779297615502,392.2804512413298,5840706
2016-11-01,386.13397216796875,392.9048195148416,384.9437110258865,392.9048195148416,6332798
2016-11-02,382.8558349609375,385.3729593070542,382.44607607181075,384.3192765785592,5377194
2016-11-03,377.31427001953125,383.2265837671795,376.63133058817425,382.8558404549211,5225108
2016-11-04,378.93377685546875,382.1338402909696,375.0312662802322,377.3727726253741,6005548
2016-11-07,381.64605712890625,384.7875736305411,380.4948116529184,384.39732254166626,4537672
2016-11-08,383.460693359375,385.470495905377,378.7776805009953,385.13879202218914,5261108
2016-11-09,373.97760009765625,380.3386878510587,351.61621828256125,362.93349944814867,12764158
2016-11-10,366.60186767578125,375.6166579386959,364.8847534261617,375.6166579386959,7287330
2016-11-11,359.6358337402344,368.787225203536,358.52362782675743,366.835970043729,7096782
2016-11-15,360.41632080078125,366.8164469861377,354.56255556504,360.5919385216598,9235850
2016-11-16,367.187255859375,373.4117416176137,362.36764066222776,362.93350949998654,12222616
2016-11-17,362.85540771484375,370.34823235345146,361.5285684867674,364.59202958504954,5706730
2016-11-18,359.031005859375,364.2018328459366,358.05537812606144,362.93351679262906,6040228
2016-11-21,355.5577392578125,361.7237252001108,353.9382116137055,361.7237252001108,7940568
2016-11-22,356.7674865722656,362.4066185643943,355.77235123695635,357.8211690880769,5483126
2016-11-23,359.1285705566406,360.1627454871078,356.08461677620255,359.85052555554574,8251786
2016-11-24,363.0506286621094,366.79705387569646,360.31887069803173,362.23111080050177,16780644
2016-11-25,381.4704284667969,384.39731154966233,363.10912002409475,363.10912002409475,12631380
2016-11-28,382.3484802246094,383.7924139262383,378.77767345886826,382.17286248187816,7365712
2016-11-29,379.5582275390625,384.2802803545515,377.4118463917597,381.9777892325569,6125506
2016-11-30,380.70947265625,381.2753415400505,375.0508314563209,379.7143370711045,8500918
2016-12-01,380.7289123535156,383.8314129444595,377.37276287315683,380.88502230010454,4611590
2016-12-02,376.3972473144531,378.38751872131445,375.0703838305184,376.51431789973185,4453228
2016-12-05,375.2850341796875,377.99726066215806,373.8606079308318,376.9436015948295,3659576
2016-12-06,377.177734375,382.2509992967538,375.2850258356539,375.34354921640414,3562110
2016-12-07,377.138671875,379.7143196026551,374.71911029563614,377.7630641062386,3385980
2016-12-08,384.26068115234375,384.82652608315954,378.5630018980228,378.5630018980228,5941662
2016-12-09,386.09490966796875,393.43164927798335,383.0314481128671,384.39732693955585,8648384
2016-12-12,381.4118957519531,383.5387689700231,376.670359269193,383.5387689700231,5345020
2016-12-13,386.4266662597656,387.4608174429582,378.972855528661,382.6412256077427,4854282
2016-12-14,390.1535339355469,392.18284440224477,384.04609474442503,386.7388368393368,5382614
2016-12-15,387.2657165527344,397.6464113638714,385.9583847367022,389.23650390212225,7966416
2016-12-16,392.2609558105469,394.03659379218715,389.3730877518721,391.73410246278104,6436742
2016-12-19,392.06573486328125,393.47062914416637,387.9485671470362,392.6315798420325,4124134
2016-12-20,394.9925842285156,397.6657942204415,390.7583463185567,391.03152679968827,7636498
2016-12-21,390.85595703125,398.8365962303912,389.5681332553699,396.49508979459637,7343976
2016-12-22,384.28021240234375,392.9828060241767,378.34839169854945,391.2266763051014,7060054
2016-12-23,385.7436828613281,392.82672563649595,379.94844006087936,384.35829629806136,7306036
2016-12-26,383.51922607421875,387.90955046326474,380.5337959620538,385.5680441224402,3213828
2016-12-27,389.84136962890625,390.99261522193666,382.44610597907456,383.5192965825873,4912816
2016-12-28,389.6656494140625,394.07548124352485,388.29977082322705,391.4022712433598,5476816
2016-12-29,387.2657165527344,393.37315653649733,385.62668078906415,391.7145891602274,6240124
2016-12-30,394.3876647949219,394.93402574154453,387.42169373015645,389.47051155144413,7267768
2017-01-02,390.68035888671875,395.3048486208634,389.9974194753462,394.58286980884776,2335222
2017-01-03,387.85101318359375,392.1633065266506,383.2265475699612,391.8510866180053,6778482
2017-01-04,389.373046875,391.89017131041237,387.22666575967804,388.31936410912533,7073586
2017-01-05,388.7486572265625,393.95850007738534,385.8607894517234,390.8755067453013,8207074
2017-01-06,379.42156982421875,389.8022378562088,377.78251070889587,388.2607653189377,14393448
2017-01-09,378.68011474609375,381.25578608930687,376.5922810574823,379.42160130376914,10545692
2017-01-10,378.7581787109375,382.8363072368497,377.7435354364968,381.275302925996,11939854
2017-01-11,378.19232177734375,381.84118376013,376.1825429553401,380.1826166276916,12241574
2017-01-12,390.27056884765625,391.96817525468106,381.489919973842,381.489919973842,11855740
2017-01-13,380.8070068359375,405.8611314446961,375.69472711170044,401.95862056542023,31276246
2017-01-16,372.94354248046875,376.7679992066809,371.69473396481715,376.59238141526964,12351372
2017-01-17,372.845947265625,376.20209752924535,371.67519385007756,373.1776512057478,5560094
2017-01-18,371.05078125,375.0313476643557,370.66053010778944,373.8996098243293,5952962
2017-01-19,373.8995361328125,374.484912730757,369.99702547984907,371.12876309682235,8876480
2017-01-20,370.2312316894531,371.9678538874538,369.17754893186543,370.73855336709534,9124742
2017-01-23,371.792236328125,373.86056244212887,366.8360424797507,368.7872980248557,7948580
2017-01-24,369.00189208984375,370.738514103927,366.87501900828266,370.738514103927,6826010
2017-01-25,365.5091857910156,369.48975193881853,364.80673854588287,369.2165713937564,9978090
2017-01-27,367.675048828125,369.7823902785954,351.6747552322847,364.43594594739795,10635138
2017-01-30,370.4848937988281,371.32394324022846,362.48474578366813,365.86042752255827,11369208
2017-01-31,362.3871765136719,367.42142543384847,352.92358695788766,367.42142543384847,24068534
2017-02-01,357.7626647949219,360.2797889347062,353.23576195643693,359.460247404595,11531782
2017-02-02,365.2359313964844,368.787206075525,355.16743623887976,357.86017774736126,11828268
2017-02-03,365.3140563964844,367.1872807892165,359.440781924999,364.4164836027388,8423958
2017-02-06,364.9823303222656,368.29946457272194,363.1481454435002,365.7628324988436,6727934
2017-02-07,367.7140808105469,370.66047170619277,362.36763624084483,364.104258313866,9268002
2017-02-08,365.4700927734375,368.43599109961843,363.8895808519986,365.2749672567405,6319962
2017-02-09,369.1775207519531,370.73852506802905,365.48964329141666,365.6652610407823,11907266
2017-02-10,377.880126953125,379.32406075478485,368.12384967033734,369.2750951535135,12252452
2017-02-13,384.1436767578125,384.82661621125845,375.753277758334,379.6557889208821,13724268
2017-02-14,385.45111083984375,385.9584326305546,379.4607406931309,382.446171868497,9338818
2017-02-15,383.1484680175781,389.7827357271763,378.07520447494414,386.03633525407537,7259486
2017-02-16,394.97308349609375,395.6755544507803,386.3680524915252,386.73879575782433,12815858
2017-02-17,390.29010009765625,395.6170369289252,387.40225636365335,395.6170369289252,4851208
2017-02-20,394.2511901855469,402.3489008476108,387.7144839884591,388.88523733719126,4650662
2017-02-21,395.5584411621094,399.8121869885761,390.2705443800934,398.87557497314197,7613996
2017-02-22,386.4071044921875,396.10483400398135,384.9436629872467,396.10483400398135,6607838
2017-02-23,393.70477294921875,398.0560818024178,387.6558815100643,389.82179395156976,9542656
2017-02-27,395.09027099609375,399.2269236292501,392.96339747981324,393.09997585373225,5328696
2017-02-28,395.09027099609375,399.10985304888527,393.86097035466344,394.8756138098785,5940132
2017-03-01,400.0659484863281,400.7879035366513,394.1926500267873,394.93413668850155,4282448
2017-03-02,399.3438720703125,401.17805666517575,396.69016984450496,399.7731624924048,2948498
2017-03-03,402.4269104003906,403.6367269062258,390.40720524852435,394.2511690094453,5401612
2017-03-06,403.48065185546875,404.28063808718093,397.939081059109,398.07565942666207,5286386
2017-03-07,397.9779968261719,400.3195268322411,395.98772609480386,398.83655385855843,4644496
2017-03-08,393.2950439453125,396.84634315760445,391.9877123207385,396.84634315760445,6179176
2017-03-09,394.75848388671875,395.32435272896333,389.86083748887893,393.2950423045533,3480630
2017-03-10,398.7780456542969,401.0415209115654,395.48044317379345,396.1048353570872,4550324
2017-03-14,403.831787109375,406.60255990992624,399.14875090471236,399.14875090471236,7878396
2017-03-15,394.9145812988281,403.8708482608453,393.1779592460435,403.8708482608453,6373978
2017-03-16,401.50982666015625,402.6220327452502,395.44142694058905,395.44142694058905,6702956
2017-03-17,405.9782409667969,406.9928843056341,397.7634362043304,404.06600103702243,9507846
2017-03-20,398.6415100097656,400.61229717615504,396.1438933709783,400.61229717615504,4427388
2017-03-21,403.0708312988281,403.8903490653371,397.58780821385625,398.4073497994017,4869584
2017-03-22,401.06103515625,405.84161111624866,398.2122307180337,399.01224070671594,3990852
2017-03-23,406.0367126464844,407.0318719447223,400.63174477579133,401.2756685782941,4501662
2017-03-24,402.50494384765625,407.4220975665354,401.0609863749725,405.08059125868175,4883896
2017-03-27,401.50982666015625,406.58309085847577,399.8122439367947,400.8659028304473,7684824
2017-03-28,403.9684753417969,405.4709326966471,401.97820406406805,402.54404915937585,4796796
2017-03-29,402.6805114746094,406.4464434014775,400.33900531963207,403.6366550707306,6981186
2017-03-30,400.2024841308594,404.26110490660716,398.153665952715,403.51961832404544,12157180
2017-03-31,398.9342346191406,401.6855242579527,393.373155779989,399.3244857657478,14153854
2017-04-03,393.6852722167969,402.91469567378124,392.6315895705081,402.79764893634734,4315600
2017-04-05,388.67059326171875,392.35847097226576,386.7388455258096,392.2023610024608,7398338
2017-04-06,390.0949401855469,392.5145014601796,387.129041732148,389.5290952180808,5379008
2017-04-07,383.0509033203125,390.60227523124,382.05576793271115,390.60227523124,6404508
2017-04-10,372.0654296875,386.1534856809376,370.7775819281288,384.3583400452054,9528472
2017-04-11,377.4313659667969,379.2070037318611,373.0995644071381,373.0995644071381,8655466
2017-04-12,378.0947265625,381.2362666225531,374.7775925822492,378.54352480508874,6696752
2017-04-13,363.4798583984375,386.3485617158205,361.62616580434644,378.54354026701606,30973188
2017-04-17,360.9432373046875,363.7530260557026,360.39687625919237,362.93350830649587,7213434
2017-04-18,360.0652160644531,364.49455688008055,358.67980549217253,360.88473391312044,4647518
2017-04-19,358.7188720703125,362.93357984665914,356.162731728749,360.20182171878105,10071702
2017-04-20,361.8797912597656,362.8164033005427,358.46509459719016,359.61633995009373,4549000
2017-04-21,360.47491455078125,364.8066918572427,359.4602474874148,364.8066918572427,3577466
2017-04-24,361.5871276855469,362.3481220433059,356.299230399072,358.05536023126893,5556666
2017-04-25,362.67987060546875,364.10429672800063,359.24566549660074,361.3335232901617,4737060
2017-04-26,356.78704833984375,365.09939154392146,355.2065362365178,362.91399503303074,9084496
2017-04-27,361.0798645019531,362.54330626567355,357.47004148477606,357.47004148477606,7797208
2017-04-28,358.6212463378906,361.9188728344374,357.3138908861519,361.70421567826077,5029702
2017-05-02,360.0456848144531,361.5286581711148,357.11880132478746,360.59204592680624,3231126
2017-05-03,364.611572265625,366.4847726497804,358.11390620005153,361.56761866399313,4659448
2017-05-04,365.9189453125,366.69944749515855,362.50424826336894,365.66527257552144,5279806
2017-05-05,363.5189208984375,365.8018804392665,359.0310329861111,365.27505095108694,4432788
2017-05-08,368.9823913574219,370.17265237218714,363.7140018457083,366.0555082953588,4707098
2017-05-09,369.4312438964844,371.49957013373825,367.6555821893985,370.97271681374264,5649372
2017-05-10,368.2604064941406,370.7384910911894,365.7237747129904,369.6262851455292,3364302
2017-05-11,368.4360046386719,370.67994816314615,365.87986503981665,369.5091950199422,3229482
2017-05-12,376.2995300292969,376.9824692852484,371.30432194957183,371.909206241037,10979996
2017-05-15,371.34344482421875,376.0069504262134,370.3873248258038,376.0069504262134,7297164
2017-05-16,372.6898193359375,374.6996221301287,369.548302585971,371.9483326808476,6130168
2017-05-17,371.83123779296875,374.03616600283124,368.3384857360431,371.36293171611766,2915508
2017-05-18,375.323974609375,380.06553473902085,367.94821970082273,368.0067668901904,8057848
2017-05-19,373.841064453125,375.6947572695812,369.8995138572373,375.22645116266887,4257396
2017-05-22,375.2068786621094,377.3337516590492,373.2946389799358,374.0166177174656,5503052
2017-05-23,373.5872802734375,377.37271976497925,372.33847230048144,376.4556394358722,4039982
2017-05-24,372.6117248535156,376.7874161557657,370.5824144822409,374.64103522479036,5636286
2017-05-25,383.7338562011719,385.0216799141112,375.0312624706036,375.0312624706036,10438514
2017-05-26,388.572998046875,390.251072896523,382.68019255471637,385.1778089488682,4988004
2017-05-29,384.45587158203125,388.9632669164106,380.7679940106168,386.69981535385574,6308434
2017-05-30,388.7681579589844,390.2511074033095,381.91925578786373,383.22658747004994,3716910
2017-05-31,381.2948303222656,387.7339734356377,380.436273143342,387.7339734356377,7763900
2017-06-01,384.90057373046875,388.1893013227874,379.8089674471563,384.0684702921334,5508606
2017-06-02,384.1278991699219,386.50529600936545,382.0476769354088,385.6930235927152,3917966
2017-06-05,379.8882141113281,385.13829894780804,379.2146134841609,384.3458333121129,5462698
2017-06-06,388.05059814453125,391.2799052641616,382.12693690074883,382.36466691637054,7008686
2017-06-07,380.89862060546875,391.8346613951615,374.44003021218055,390.2893436603151,12455046
2017-06-08,378.9768981933594,381.55241160944746,375.68817051425805,381.55241160944746,6195352
2017-06-09,375.866455078125,376.797616744589,365.7229042440346,371.8843199499976,14757662
2017-06-12,381.908935546875,382.44386428264403,372.49840750933026,373.78616397762585,8591676
2017-06-13,379.51177978515625,381.5523884260287,377.05513153148274,377.80798354255626,4937794
2017-06-14,379.8287658691406,381.1363535027919,376.8966575556924,380.3835014824552,7438110
2017-06-15,377.2532653808594,383.53357020707676,376.262683312131,380.2448425757251,5528062
2017-06-16,372.5578918457031,377.9466482758546,370.87390243826445,376.0645424675408,10948450
2017-06-19,368.43707275390625,372.55790369684604,367.70405172100305,372.43903868936604,6855860
2017-06-20,373.8654479980469,375.1928423686246,370.1012364544813,370.47766244566395,5184396
2017-06-21,373.7861633300781,376.02488809088806,370.8936690277431,374.4399570557315,3735864
2017-06-22,372.51824951171875,383.8306902924825,370.51725466988563,375.5098020974078,9465242
2017-06-23,373.7466125488281,376.08439589228027,371.66639021553226,374.4400199932601,6403018
2017-06-27,367.3276062011719,375.62868805784166,366.0200428200751,374.43998967791174,6904660
2017-06-28,366.39654541015625,369.6852734453511,364.9304789315845,369.6060220332945,5905224
2017-06-29,368.57574462890625,375.60887662343373,367.1492920801015,368.57574462890625,15914040
2017-06-30,370.69561767578125,371.6663929419337,368.10029748726697,368.81351174137376,4216700
2017-07-03,377.1739501953125,378.40226200040655,370.319104531145,372.89461730915826,5088924
2017-07-04,381.2353820800781,384.3457997549586,376.1834140936083,377.94663063177825,5167726
2017-07-05,376.7777404785156,379.9872161550792,374.5984603024437,379.9872161550792,4226228
2017-07-06,375.2323913574219,379.194718615684,374.12294456193376,374.4399259057694,3829720
2017-07-07,370.6361389160156,374.61827337669445,369.7049774056244,373.9842864407438,5776886
2017-07-10,379.214599609375,380.30423981858775,372.45883514908223,373.7267849566287,1464376
2017-07-11,386.4656982421875,392.07240270951417,379.05616333919846,379.05616333919846,11539708
2017-07-12,385.2769775390625,388.9025175598089,383.85054904336715,386.3071973940712,6275976
2017-07-13,387.1392822265625,389.6751820155686,382.0080622344513,387.21853362949383,5170392
2017-07-14,385.1581115722656,398.9470090049072,382.7807146292539,396.01490061900546,22478180
2017-07-17,389.91290283203125,393.06295859713106,385.93076781613473,386.3270006373012,7698250
2017-07-18,390.52703857421875,398.13471318210736,388.74399097162603,390.7053481713042,8260180
2017-07-19,388.2486877441406,391.7355556267068,383.98918527208747,388.88267471557543,5890278
2017-07-20,384.1278991699219,388.248705847812,383.13731715348706,388.0307826410226,6809740
2017-07-21,388.3477478027344,389.3185229750539,384.90054187706176,385.53450466740543,5980754
2017-07-24,392.4884033203125,393.85541134541006,389.33834765833933,389.69496685936696,6129176
2017-07-25,393.7959289550781,395.83653739508077,390.7647627737914,392.27044246359355,7145614
2017-07-26,393.87518310546875,395.83654016835396,392.42894799471054,395.47992099905514,6870024
2017-07-27,384.7618713378906,397.8177474686328,383.0778818690244,394.6478849390022,12676852
2017-07-28,395.1827697753906,397.4214947484735,381.29481509981997,386.7232092467698,11098428
2017-07-31,400.6705627441406,404.8310066306386,390.98266714304106,393.0232754848317,19158248
2017-08-01,398.4318542480469,402.9687242696191,395.57897348718836,400.5913276662585,7689398
2017-08-02,393.59783935546875,401.28476529344374,391.16102216359747,398.610193912816,4257584
2017-08-03,389.8930358886719,395.73746909940144,388.4071630384864,392.6666652090181,4640348
2017-08-04,389.79400634765625,391.87422849080764,386.7430090342081,391.47799570163596,5349018
2017-08-07,383.65240478515625,389.79401312408726,382.64201599202926,389.69495492507224,6073744
2017-08-08,381.908935546875,384.44483488117,378.42209210031564,383.75142755208776,6004648
2017-08-09,384.0882873535156,385.8911660926553,382.18637459016645,383.41471088409304,3922410
2017-08-10,388.8034973144531,391.27995271136047,384.08831656508767,384.3062639873233,9140684
2017-08-11,391.3592224121094,395.04418337810705,384.1873927369902,386.7232928555993,6544156
2017-08-14,388.8826904296875,391.9534946615329,387.17889420884467,391.47801045977576,3816470
2017-08-16,386.4062805175781,390.72520407612996,383.9496320084578,389.10065906326685,6178080
2017-08-17,404.4941711425781,407.82253573502805,395.46006977123375,398.2138920706371,25784260
2017-08-18,365.8219299316406,403.32537385173725,350.3490440413283,403.32537385173725,164404960
2017-08-21,346.0697326660156,366.11910241005705,344.72253148998874,366.11910241005705,90407176
2017-08-22,346.8621826171875,355.44060772771456,340.7601881784792,354.70758676400567,49242598
2017-08-23,353.75665283203125,358.07560019451745,346.26786712976235,348.6848776305944,61284190
2017-08-24,361.42376708984375,363.84077755568444,357.54066620695926,360.57185687522224,42380524
2017-08-28,372.8550720214844,377.9862917176924,371.6663735984616,374.0239636409497,40712108
2017-08-29,367.48614501953125,373.2513278905686,366.7332929647825,373.03340466970957,13369392
2017-08-30,367.1691589355469,372.0626246769744,366.15874587905415,371.34941042496325,16149664
2017-08-31,362.533203125,368.0804622932982,361.72093072646817,368.0210176999856,15022452
2017-09-01,364.514404296875,366.87199452071974,360.5718827204131,362.92947294425784,8433922
2017-09-04,356.6888122558594,364.9700642140059,354.0340473549274,364.9304506031205,10177108
2017-09-05,357.3623352050781,358.5906470849775,355.5198432011006,357.40194880734776,9783392
2017-09-06,354.86602783203125,356.7283265235649,352.64713418943387,356.609461539877,7735910
2017-09-07,354.925537109375,356.8076429438931,353.57833589101483,356.6095265402596,6241192
2017-09-08,350.3887023925781,356.21333009073277,349.5169852907907,356.21333009073277,8604542
2017-09-11,348.1698303222656,353.36047128461837,346.16885915055565,352.80575977293086,13787642
2017-09-12,350.28961181640625,351.7556780543037,348.2093895581296,349.6952625997558,17241354
2017-09-13,350.1707458496094,351.69623249450956,349.0811056220717,350.86415326713336,11478228
2017-09-14,353.59814453125,355.2623028692912,349.31881113591606,350.4678958780205,13698006
2017-09-15,359.8784484863281,361.8596125297431,353.5189167437924,353.55853035100813,13459460
2017-09-18,360.2152404785156,363.64266398322786,359.105793439392,360.57185968372363,8475860
2017-09-19,361.46331787109375,362.9491906494074,357.996281388362,359.77932872233833,6033330
2017-09-20,361.6416320800781,363.34542805090683,359.56141016375614,363.34542805090683,5767830
2017-09-21,360.3935546875,362.6520865863776,359.838843252914,362.5530283819017,8204152
2017-09-22,355.93597412109375,360.670961645828,351.8547804905194,359.8388823115651,17604088
2017-09-25,354.76708984375,357.38224129153474,352.29063441069724,357.0058152288837,9088700
2017-09-26,358.9472961425781,359.9378781231194,354.3509812423885,355.42081461819913,7366478
2017-09-27,356.53021240234375,359.73971208690006,354.6679136990768,359.0264738120251,6000138
2017-09-28,355.0246276855469,358.15487682205276,354.3510270149418,355.0642412962334,17537266
2017-09-29,356.57000732421875,357.5605896046126,354.6284563809918,355.8171551174644,5705832
2017-10-03,358.0160827636719,361.36425421023023,357.2434240938312,360.61140234030813,4947522
2017-10-04,356.4510192871094,358.7491888878295,355.48026826874735,357.79822048862593,4991492
2017-10-05,357.81805419921875,358.570906253879,356.2133160660038,356.6095488981128,8611300
2017-10-06,364.5935974121094,365.3266183718502,358.17462162341366,358.19442842532817,8574308
2017-10-09,366.0794982910156,368.10027592329294,362.1567838470288,364.5341806775345,3504832
2017-10-10,370.656005859375,372.43905359533255,368.3182224874665,372.43905359533255,7143220
2017-10-11,368.7738342285156,371.6663285370207,367.70400094067725,370.6559398367788,5982504
2017-10-12,367.4266357421875,370.22007188032353,364.3558318335416,368.4964690375092,10280972
2017-10-13,368.5360412597656,369.88324217432944,367.52565266590574,369.60587443496325,7180728
2017-10-16,372.0625305175781,373.2512286981455,369.68513415644344,370.85402553749327,5758750
2017-10-17,368.694580078125,371.19084160829794,368.29834732145855,371.19084160829794,5625102
2017-10-18,366.25775146484375,368.4964762901506,365.70304009703494,368.0606299165773,7231852
2017-10-19,367.2879943847656,369.28896516390273,366.5945869930952,368.4964995734222,1091434
2017-10-23,372.2607116699219,373.25129365946395,367.74364812395766,368.4965001096619,9154096
2017-10-24,367.10968017578125,375.09378057316997,365.16812982985573,374.83621958584894,14529328
2017-10-25,370.5965576171875,374.32115585821754,362.6520942863641,364.1379673850517,13984134
2017-10-26,375.3711853027344,377.13442634333484,372.4984971055751,373.2513492033119,33659258
2017-10-27,374.9748840332031,379.47214062491184,374.0437466680099,378.40230727537016,8524956
2017-10-30,374.0833435058594,378.26361852104054,372.87483841026534,378.26361852104054,12968326
2017-10-31,370.3670349121094,373.6414292893279,369.6237795120233,371.6326044006756,9954988
2017-11-01,372.45623779296875,373.40040025464145,370.9496190452044,371.63262444854877,5633134
2017-11-02,370.7889404296875,372.0344021616854,369.623812082884,370.8491904685833,4686138
2017-11-03,372.2955627441406,373.60129904915345,368.3984371755904,368.41852052207867,3699086
2017-11-06,373.119140625,375.6502550864656,370.68846740820993,370.889349897561,5066534
2017-11-07,383.88641357421875,385.6943558673469,371.9740728785594,372.1347886688855,13442820
2017-11-08,382.6008605957031,386.4377120029328,380.67239321779743,385.794897717562,5369994
2017-11-09,383.4847412109375,386.89974414471743,380.97370964198166,382.88209363438807,4723232
2017-11-10,386.5180358886719,387.44209053820794,381.67677226067104,385.212299562517,6589428
2017-11-13,382.46014404296875,389.47094723291747,381.4155404735912,386.51796017605795,5021216
2017-11-14,381.3151550292969,383.6253037995198,378.96483956743816,382.4602000023943,5733710
2017-11-15,382.3999938964844,383.08299942908593,379.4671137501538,379.72827085790544,7023516
2017-11-16,397.1045227050781,400.11776010564745,381.0740899253338,382.3999094772266,15687502
2017-11-17,390.0937194824219,395.9393951456637,387.76348745948906,395.9393951456637,8057670
2017-11-20,385.91534423828125,390.11379315756847,384.58952471687167,389.310263202558,5661190
2017-11-21,388.2054443359375,390.31471065703835,385.71449634761274,386.21670261454153,5364656
2017-11-22,388.2254943847656,390.1338780354159,387.0201994475128,388.34601897413324,6084920
2017-11-23,398.24957275390625,399.5352257115431,389.31030113345287,390.31471367507686,11894618
2017-11-24,405.601806640625,409.51901496370317,397.8276645466154,398.10890492032195,18619912
2017-11-27,401.2628479003906,404.4568849857836,399.0732234505431,404.4568849857836,6017730
2017-11-28,395.61798095703125,401.72481356119664,394.2519702154642,399.5151061698188,4616868
2017-11-29,394.81451416015625,398.53084082202264,393.8502682445767,396.8032560349189,3838070
2017-11-30,392.16278076171875,397.526357870156,389.04910221759326,397.526357870156,17266944
2017-12-01,385.2123107910156,395.01538745722826,384.5092219795149,393.4886852280422,4085000
2017-12-04,395.8791198730469,400.4793338755486,389.12947300021517,393.7296870027169,17811606
2017-12-05,395.4773864746094,402.97031388446754,393.32795343259596,395.87915149343735,9976738
2017-12-06,397.86785888671875,399.39456092208246,395.3367443910121,395.7385093751493,7490094
2017-12-07,401.6846618652344,402.93014813960684,395.97959368009185,397.3456045560382,7549544
2017-12-08,402.5082702636719,404.5773698985824,399.7561897210422,402.1667798098123,5983244
2017-12-11,403.89434814453125,404.5371868552954,399.3343252196303,399.73609021818686,5139098
2017-12-12,405.9835510253906,407.3897285895558,402.56854836956103,402.56854836956103,9320434
2017-12-13,403.2716064453125,409.398522508367,400.82084982880616,406.1442359163782,5362398
2017-12-14,407.0281677246094,407.7915311384132,401.48381486570673,403.8743218491526,6023572
2017-12-15,410.9654235839844,412.371601067818,406.5259007675924,406.9879403209963,10384134
2017-12-18,408.434326171875,414.0992033760703,404.0952686833646,406.54605011833775,4035448
2017-12-19,403.35198974609375,408.9766999286569,401.5842138800006,408.7758174221368,7118898
2017-12-20,408.1330261230469,409.237880037318,402.16682479469995,403.814051730896,4186326
2017-12-21,410.6238708496094,413.3960343496406,401.12214429602994,407.7110749010587,11059162
2017-12-22,417.5744323730469,419.7640809937773,408.1932296691881,408.1932296691881,12906940
2017-12-26,416.06787109375,418.4382946696787,411.0056413318112,413.81799664884215,10808906
2017-12-27,415.5254821777344,417.47403276405,412.7734015316117,413.0144507408373,6970172
2017-12-28,415.1237487792969,417.83566293778733,411.32706405305163,413.8180123326163,8433472
2017-12-29,418.6592712402344,421.3711852064106,413.81798298688665,413.85814968137265,6601768
2018-01-01,415.2442321777344,419.64353927650944,413.8179468212587,416.91151768006387,5431340
2018-01-02,413.6973876953125,418.63911665521874,411.0055818985497,416.7307329660515,6112248
2018-01-03,410.32257080078125,414.46074520687387,409.23780044611135,413.2152835726382,6846552
2018-01-04,407.9522399902344,410.2021144527568,405.62198309187386,410.2021144527568,8947614
2018-01-05,406.586181640625,412.37160747268575,404.175591630898,407.91200124161696,11025976
2018-01-08,416.2486267089844,417.4338137813082,409.8203625139517,411.7689373779769,5594690
2018-01-09,418.3780212402344,419.8043067723211,413.3760660302237,417.83564823633685,9948236
2018-01-10,422.7571716308594,424.2637902040271,415.0433041536701,420.567572255285,9468634
2018-01-11,432.2187805175781,435.2721845244803,423.96249064870875,423.96249064870875,16775298
2018-01-12,433.2834167480469,436.27659523156444,430.10951268717093,436.23642854286527,18016528
2018-01-15,434.36822509765625,439.10902251367736,427.91987744490405,433.9061855543227,10649250
2018-01-16,451.1218566894531,455.9229782513763,434.40844115522646,434.40844115522646,22646966
2018-01-17,462.8734436035156,466.77059350366574,451.18209199022294,451.92534742654897,26154088
2018-01-18,463.11444091796875,468.01600276237576,454.83809270896046,460.02087040255986,13204970
2018-01-19,459.3981628417969,461.18604649151604,456.4050332534726,460.020918200023,5988278
2018-01-22,462.0297546386719,464.8220017992737,454.79798456606653,454.8582591253875,9650214
2018-01-23,472.9176025390625,477.29685113343083,464.0386052686133,464.0386052686133,15403796
2018-01-24,476.41302490234375,490.5752431822333,469.0607047310943,471.993609268903,20604718
2018-01-25,472.2345886230469,475.44870860817076,466.9513690887837,474.88622780205833,13548914
2018-01-29,475.24786376953125,480.61141711101914,468.1365933127734,468.6790153381097,10823002
2018-01-30,470.3263244628906,475.3282803440612,467.1322624894325,473.6408865402809,8628312
2018-01-31,462.1302490234375,468.69909778592955,458.8759619253171,465.7059677791736,9213698
2018-02-01,459.8602294921875,465.20372384551206,449.39428020630714,458.89598364090426,13005454
2018-02-02,459.3179016113281,467.2125947934655,454.0346813008056,456.10378115395605,10244486
2018-02-05,457.2889099121094,463.9783070663418,456.34477195734405,458.01210653986743,9860220
2018-02-06,445.05523681640625,453.3315870875068,439.9930069646524,441.9214497901091,10552078
2018-02-07,445.5775451660156,451.90534465872577,443.3678374066565,448.36979262631723,8342056
2018-02-08,455.7019348144531,460.58338919711224,448.5907141883612,451.10174534779725,8807244
2018-02-09,445.6177062988281,450.0973963274113,444.3521366073688,449.1733171130545,4382690
2018-02-12,443.06646728515625,450.21785495048965,441.0576422594593,447.887647346829,6291972
2018-02-14,441.0374755859375,448.8920000065597,438.0041305841549,444.35203643638977,8345712
2018-02-15,447.7469787597656,453.8738949294029,443.146789187535,443.146789187535,7986736
2018-02-16,453.2110595703125,458.67505414381236,449.2134681145268,451.98565661716185,9889222
2018-02-19,454.6975402832031,456.4050415389607,450.09735063512335,453.3516373373807,6461840
2018-02-20,456.78668212890625,461.82885233072227,443.4481041844582,443.4481041844582,7188594
2018-02-21,460.9852294921875,462.79317222233885,458.0121583049994,461.0253961885849,13771358
2018-02-22,466.3487243652344,467.654460616957,458.1928752370431,460.2419159746096,17859974
2018-02-23,464.2997741699219,468.45803248835307,460.7240555368944,467.45361989725455,9459828
2018-02-26,457.4496154785156,464.05867910102234,455.7421142423741,462.4315112467972,5083608
2018-02-27,462.1100769042969,463.4961955610125,452.2467757187169,460.00081068386646,6616026
2018-02-28,471.1095886230469,477.8994263470755,459.0365808388264,461.0654644879675,17268416
2018-03-01,466.3487243652344,469.9043348112093,464.46044848017493,469.9043348112093,6579852
2018-03-05,464.4002685546875,470.38657809116285,459.3179304536117,466.34881939560887,8101456
2018-03-06,462.5720520019531,468.2168690037044,459.458373729462,467.07184873801873,6689734
2018-03-07,459.6593322753906,466.047405661711,457.2286834220097,464.0385806373071,6370416
2018-03-08,464.7015075683594,468.37766721021484,461.6279954401333,461.6279954401333,6093014
2018-03-09,467.41339111328125,468.4579702605499,464.25954580489093,466.9915182636261,4220964
2018-03-12,476.392822265625,478.8435788206629,470.7681125783227,472.47561373339664,7676970
2018-03-13,475.6094055175781,480.91268366487276,472.1341286130389,474.1630123468824,8581052
2018-03-14,474.40411376953125,478.341381195257,469.70343402023144,474.08268216419236,4429710
2018-03-15,475.0870666503906,477.4574897303421,470.8685345575119,474.08265424732423,6101500
2018-03-16,470.8283996582031,475.04693203589716,469.7637126303553,474.8862162318409,17954826
2018-03-19,460.7240295410156,474.28359875576103,459.0768027932738,467.65447602855215,7526620
2018-03-20,467.8755798339844,470.0651800724403,461.467396884619,461.467396884619,8553766
2018-03-21,469.0607604980469,472.2748813408601,466.9313858222464,470.065173261426,7692994
2018-03-22,466.5696716308594,473.05813655514623,464.1590818503715,467.85529989635637,6813168
2018-03-23,469.10076904296875,471.59174128247514,458.9562035530707,460.8244204718066,12008084
2018-03-26,464.13897705078125,468.8195487141958,459.6191211825092,468.8195487141958,8930722
2018-03-27,463.63677978515625,466.56968371145285,462.0698865785536,466.04736962806,3802088
2018-03-28,454.7176208496094,462.33104755074197,452.4878056085363,462.33104755074197,12558322
2018-04-02,456.8671569824219,461.8490536354026,450.4991904619803,458.4139426858345,8072702
2018-04-03,458.19293212890625,459.4384430200625,453.23114356499207,455.8827830890172,4077168
2018-04-04,451.6641845703125,459.84014139565767,449.97679122066626,459.6191510325377,4813302
2018-04-05,461.0454406738281,462.55205940849027,453.63284707314347,457.831320706549,7763544
2018-04-06,452.78912353515625,460.422658004693,450.82046536324475,459.2173630884504,5937742
2018-04-09,446.46142578125,452.3071270590826,444.5731496046043,451.98569539159166,7202882
2018-04-10,447.32513427734375,451.784715704125,444.11101446797693,446.76265350198935,8926058
2018-04-11,451.684326171875,454.5971225825898,448.57064725007643,449.1732947833278,9025574
2018-04-12,467.0919189453125,471.1698429780537,451.98556670246035,453.7734011044321,17044366
2018-04-13,470.6475830078125,476.45311660224223,462.1301847451336,471.67210336082314,21227038
2018-04-16,455.280029296875,458.0120506197557,442.7449822657639,442.7449822657639,24745084
2018-04-17,452.06597900390625,452.94989147037404,447.9679954344052,452.78917565432704,10397940
2018-04-18,452.3673095703125,455.90286140218836,447.5059625841697,451.12184780348645,10430380
2018-04-19,455.1394348144531,457.93173077202874,451.2222263710794,451.5838246514905,8525542
2018-04-20,473.46002197265625,479.5869392234933,456.786771749067,457.61040975104055,24272692
2018-04-23,477.1763916015625,487.9035492415317,464.13913367074906,469.26163871667165,21830638
2018-04-24,463.8377380371094,480.67170299849386,462.0699620548428,476.09157174012523,8526216
2018-04-25,466.18804931640625,470.46685675487475,460.10129921747915,462.8333210773832,11594178
2018-04-26,472.6564636230469,474.7456712657391,466.04744830545917,471.67215888845607,11302084
2018-04-27,476.1717529296875,478.7430581689627,471.75233890840985,474.0825950097836,7663370
2018-04-30,481.91717529296875,485.3120703326632,474.3439139434761,474.76573781791507,5511678
2018-05-02,480.93280029296875,482.7608015690264,474.4844525941355,481.67605571481977,10295042
2018-05-03,475.1072998046875,484.0063568077337,472.5158856952593,481.0132266747183,5332230
2018-05-04,471.310546875,476.4933255706145,464.0386096408598,476.09156054062237,6023368
2018-05-07,475.2879943847656,478.1003493811252,472.2747568886661,474.58490563567574,4638960
2018-05-08,468.2771911621094,473.2389788469179,466.46924875556215,473.2389788469179,5718556
2018-05-09,470.3462219238281,472.8371941171684,467.2526513303861,469.0605936614151,3783504
2018-05-10,469.2615051269531,475.28797993594657,467.1924056338166,472.47562502508293,3182862
2018-05-11,474.3840637207031,475.36836843620716,468.4781373405126,470.98916880208736,3311706
2018-05-14,477.8191223144531,478.7029856751885,470.06503838856105,475.8303561874317,4432094
2018-05-15,479.928466796875,485.33218717740095,477.3370527620362,477.3370527620362,5611974
2018-05-16,478.080322265625,481.31455067515924,475.89072226604856,476.9955762012378,6205004
2018-05-17,475.24786376953125,481.0935155295595,471.4913705479548,480.5109758535247,9519598
2018-05-18,475.3682556152344,476.7142073940651,471.27027285996763,475.2879222449631,7139660
2018-05-21,473.88177490234375,477.4574928896351,470.06500774543633,473.9018827679679,8475320
2018-05-22,479.6470642089844,481.31439852008464,471.6318732667506,472.0738048924036,5636804
2018-05-23,476.0514221191406,485.19157709429646,474.6854111273233,480.10923935433885,9538442
2018-05-24,490.5550231933594,493.1866033365195,481.31442898087187,481.31442898087187,9740570
2018-05-25,493.48797607421875,501.66388413076015,490.4747385317406,494.21112365826565,8901438
2018-05-28,487.9034423828125,495.21554601377323,484.5286064594534,494.57273180065266,5739794
2018-05-29,488.827392578125,492.78481655049137,484.6088606244361,487.7627547008617,3388934
2018-05-30,486.81854248046875,493.66865410397844,484.367786234221,488.94791621122425,6323066
2018-05-31,494.8941345214844,498.992117803892,486.2360793656685,486.8186189839987,19720340
2018-06-01,490.4747009277344,500.69959992051633,489.028307783374,494.33163487768473,4998356
2018-06-04,497.9476623535156,499.3940068687941,486.93928907882423,490.59534158909736,4270156
2018-06-05,490.4948425292969,498.99218299038625,488.94805692375206,498.99218299038625,4710862
2018-06-06,497.1640930175781,498.8113687967906,490.17342106423354,492.2424716350747,4038184
2018-06-07,503.19061279296875,505.4204284181297,497.3851274893836,497.3851274893836,6676226
2018-06-08,506.2440490722656,507.02747126859924,500.6193386144523,501.40276081078594,6459878
2018-06-11,507.18817138671875,510.24157573198914,504.2352082965137,508.45374100925847,5171290
2018-06-12,505.62115478515625,510.7436575451966,502.3869275427618,508.533950472238,7839820
2018-06-13,512.1699829101562,515.8662008690471,508.95586327857336,508.95586327857336,5766928
2018-06-14,510.27642822265625,515.7508992063706,507.9714063200377,515.7508992063706,7598848
2018-06-15,527.379150390625,531.59818359375,508.34204935213415,509.1652753429878,19957760
2018-06-18,521.6783447265625,531.4953050751257,519.5996789046469,528.511110719428,8214846
2018-06-19,511.0584716796875,520.0316513315206,509.5972763034825,519.8669961529564,7545700
2018-06-20,511.6967468261719,515.4835665930193,509.576929678605,513.8988664812103,5371802
2018-06-21,513.0961303710938,517.1916590251336,508.7535937565182,512.8491224105582,5798790
2018-06-22,513.6311645507812,516.7800133911971,510.89392862425717,511.63485196754925,4343118
2018-06-25,523.7568969726562,526.3706794957707,516.1626578702234,517.4592487585157,7731178
2018-06-26,525.9796752929688,528.469954104192,521.2049744214521,522.3369102000574,4483504
2018-06-27,522.7484130859375,532.400716048174,520.9373061725591,528.4903932731218,6952142
2018-06-28,530.8161010742188,534.2736602342792,525.3210777149452,525.3416784627054,10996818
2018-06-29,538.0604248046875,541.2710258930641,528.2023148116156,534.2942065321225,9966600
2018-07-02,549.3797607421875,551.561329382061,540.8593931403195,540.8593931403195,4830144
2018-07-03,557.2210693359375,558.9292732449119,548.16558381395,548.2273358098357,8127452
2018-07-04,553.7018432617188,556.7683905679689,551.0881104976509,556.5214327922448,5025722
2018-07-05,528.5111083984375,554.5456314562265,521.9664514462269,554.483879455165,17019902
2018-07-06,528.614013671875,535.8583926751917,522.336915203122,531.0836917579418,11215356
2018-07-09,534.6235961914062,536.331800386065,526.4736880060419,533.8621221033969,6644998
2018-07-10,535.6731567382812,541.4562891165733,532.7507145502259,538.5955989263365,5974488
2018-07-11,543.5143432617188,552.4257743921196,531.536415506497,542.3207058076921,11899832
2018-07-12,532.7713012695312,546.2516276462352,528.6963223309389,545.8400146270992,13272240
2018-07-13,542.2588500976562,548.1037332396074,534.4176041735583,541.2709690783321,19496158
2018-07-16,548.6182861328125,569.8369528666404,530.0339522118036,542.2588864344154,35344680
2018-07-17,546.5809936523438,555.4718257191912,540.3244449788326,547.321867014569,11161690
2018-07-18,544.3787841796875,552.9609050375756,540.8594729900234,551.4791083114059,6919016
2018-07-19,541.9707641601562,548.2273112975863,538.8425157143025,544.5639459056149,5118864
2018-07-20,554.8953857421875,562.7366322256283,543.8641892690364,545.7987499586866,11705738
2018-07-23,558.1265869140625,563.0865433038812,550.0178314984,556.5624877745416,7675702
2018-07-24,566.8528442382812,569.0138124548829,558.1472193736836,565.7209085057756,6172246
2018-07-25,569.5695190429688,573.7062500112748,562.0369806440542,567.614357188982,6936922
2018-07-26,565.2474975585938,572.3066698747181,563.5804449716011,567.4290663458037,7362218
2018-07-27,565.329833984375,571.7304359975406,563.2100673088264,565.2269307381551,6493232
2018-07-30,556.0891723632812,565.144658515755,554.8543333424893,563.9098194949632,6409970
2018-07-31,561.892822265625,563.9097357492006,549.7296898645985,555.0806581600289,7943996
2018-08-01,557.3445434570312,563.2717298299051,556.089103842296,561.3577697800974,4675706
2018-08-02,557.179931640625,562.5720517380083,555.7392861816288,559.6290088226281,5940742
2018-08-03,561.4812622070312,562.3456394254896,558.1472070811342,562.3456394254896,3970390
2018-08-06,560.0612182617188,565.9678545491411,554.6484974581582,562.2839384305478,6178930
2018-08-07,563.06591796875,568.0052733960715,560.0611735645624,565.5561964283133,7351528
2018-08-08,560.9255981445312,564.9388247685703,557.0358755149069,564.650715775904,3992358
2018-08-09,568.0053100585938,571.9156333576193,565.4121784393064,565.4121784393064,6409524
2018-08-10,570.2691040039062,571.7303499786689,565.1651439558908,570.4132087235135,4779520
2018-08-13,579.85986328125,580.3126275707793,567.4908714764077,572.1421188720053,9979746
2018-08-14,579.674560546875,586.3632712493456,577.9046046934702,582.0001336099245,6151320
2018-08-16,588.42138671875,590.62350622885,580.8888486888341,582.411796696937,6626774
2018-08-17,588.7506103515625,591.7554051755665,585.7252650261871,588.9770175867212,6390408
2018-08-20,569.7753295898438,579.5305381794903,565.3504895731627,571.318878432872,16101876
2018-08-21,569.6517333984375,574.6116896430002,565.4533013231172,572.1420118938182,8361482
2018-08-23,575.18798828125,576.8755914500466,570.2280317741315,573.3768811201677,7717182
2018-08-24,567.326171875,577.0402278361073,566.4205932011865,574.8175077676677,7053000
2018-08-27,582.5969848632812,584.4697936556562,568.6021444339464,569.2607151108883,7012950
2018-08-28,586.4248046875,592.063930854835,580.9915351899583,583.3377083262357,6496890
2018-08-29,580.4154052734375,590.088309507237,578.3779412884362,590.088309507237,5646496
2018-08-30,582.9262084960938,585.1283778573205,574.6733994376802,581.5267647375629,11507962
2018-08-31,593.1754150390625,598.6087361525383,584.9431559996036,586.5896078074954,10875864
2018-09-03,590.3558959960938,604.206682339656,588.6065408920439,596.4271872395606,10976328
2018-09-04,606.8409423828125,616.1845354812011,589.4296959312492,594.3690509250864,15370124
2018-09-05,600.8726806640625,612.5212984779981,597.1681636445447,610.792543967181,8658978
2018-09-06,598.6088256835938,605.4827429113521,596.0979461044412,603.0542160823443,5598659
2018-09-07,603.260009765625,605.1946210355574,595.850975679472,604.5360000313169,6510605
2018-09-10,601.6546630859375,614.9497822242837,600.4610256597255,607.334942216821,5629871
2018-09-11,604.4947509765625,613.0974714338756,602.6013415100329,605.8119425262022,6963561
2018-09-12,611.5745239257812,614.5381169837444,606.1000517471961,612.809362740886,4636617
2018-09-14,604.000732421875,613.3031731875233,600.1727126520173,610.7511935047592,7896514
2018-09-17,597.620849609375,609.1871634059794,596.5094645016746,605.0710339235065,5427054
2018-09-18,591.9818115234375,600.9549952494259,590.2530569778609,600.9549952494259,7729732
2018-09-19,592.516845703125,598.4852335202111,587.1247260692469,598.4852335202111,4849498
2018-09-21,580.621337890625,590.582403498253,569.6724411942745,587.6599107492981,14350769
2018-09-24,591.2821044921875,600.913859229894,581.6091985015391,581.6091985015391,8637881
2018-09-25,597.8265991210938,605.894202088895,590.2529115458393,591.2819438184088,9602273
2018-09-26,590.9527587890625,602.4779226874019,586.1369068298329,601.9428559395581,6599606
2018-09-27,596.6741333007812,601.6134887920886,590.6234429222187,594.3691107873157,14592616
2018-09-28,600.99609375,604.7006105188461,588.7712085110974,593.5459089640209,7490031
2018-10-01,614.6616821289062,621.4532962878195,603.4246276949598,607.1291445089124,8252398
2018-10-03,599.7200317382812,619.0246879703525,597.9089248190975,612.3153771944166,7792464
2018-10-04,582.1853637695312,600.7490976773931,578.3161920087273,599.7200653072708,6173037
2018-10-05,596.5094604492188,602.1897391947301,583.914114367564,586.9600602130453,8543578
2018-10-08,588.1537475585938,599.884716499051,583.8729628785459,596.8799219002245,7259306
2018-10-09,590.8704223632812,594.6984431080207,578.4397306849279,590.3353054004341,6777212
2018-10-10,576.6285400390625,592.640292408577,572.4712596656931,592.640292408577,8866251
2018-10-11,554.3192138671875,570.4133225631018,546.0458025138632,563.9098169842622,10985897
2018-10-12,558.8058471679688,563.1277840424382,544.5640461831492,556.8301347442219,8909221
2018-10-15,575.2701416015625,580.374151278974,561.0283462363415,566.8732289381711,6222176
2018-10-16,572.3478393554688,587.7010233573607,567.5319876663015,584.490422067433,11588963
2018-10-17,580.6624145507812,594.2044917296878,577.3695106894411,584.4904353878793,20360697
2018-10-19,562.7161254882812,566.1325335062276,558.1472312111409,565.5562652537667,10421001
2018-10-22,559.7525634765625,572.1832567494798,554.6897031641683,566.9557914234555,6672840
2018-10-23,541.353515625,561.4402545062156,537.8136531017477,556.4597461686147,9041701
2018-10-24,534.9321899414062,548.680072781936,532.7506714123623,545.7987820771547,7058164
2018-10-25,539.8837280273438,546.2083571637642,529.4813440576454,535.0986314012825,8270469
2018-10-26,527.2760620117188,539.8421733636645,524.1969967359701,537.0127043723934,5464141
2018-10-29,536.5548706054688,541.3815657582716,525.5283455406801,527.3591749552968,7137446
2018-10-30,548.9130249023438,552.4082363797855,530.4800293750304,533.5174952835432,8793411
2018-10-31,571.2157592773438,576.6665986091341,551.7840745115141,552.4914671348552,11947995
2018-11-01,554.8215942382812,573.9619818696494,548.9130093198185,573.9619818696494,5860244
2018-11-02,551.1182861328125,562.3944598581148,549.3290558267017,554.1974018537782,6654067
2018-11-05,554.239013671875,556.4026892038885,546.7492972709038,552.1585368938274,5799426
2018-11-06,554.613525390625,561.7287460149021,549.7868292871493,555.8202121147168,6975525
2018-11-07,562.1448974609375,563.8092790966472,559.2322295984455,560.0644204163004,758956
2018-11-09,548.829833984375,565.057554625308,545.5010707759785,565.057554625308,9694143
2018-11-12,552.7411499023438,562.8938880116516,551.1599670354816,554.2390832119047,7118080
2018-11-13,553.9893188476562,555.6952994999738,546.1667065195701,552.1584892822652,4137808
2018-11-14,543.5869750976562,553.9893588418977,533.0181430549292,553.9893588418977,7323026
2018-11-15,546.2501220703125,554.2391343199257,538.1778602557213,544.2528436114586,5513390
2018-11-16,541.6314086914062,551.3264526667821,536.0973698686796,549.1627767168724,8583785
2018-11-19,542.3387451171875,550.9103000500213,540.2998675339521,548.413727693299,6018930
2018-11-20,533.76708984375,545.9170527119535,532.6852013915676,542.338643165254,5384830
2018-11-21,515.2093505859375,532.6437595822173,509.3840144587825,532.6021601970318,14359086
2018-11-22,516.5823364257812,522.7405674389496,513.2535738873952,517.830622377676,6632975
2018-11-26,517.1649169921875,522.6157558798083,499.1895675244097,516.7904210212754,15075209
2018-11-27,531.6867065429688,533.4342868535686,520.3688815255654,520.5353298391688,12285851
2018-11-28,554.5719604492188,556.485989099619,532.6021033681257,533.3926947738917,17719890
2018-11-29,550.1196899414062,561.6455624054709,548.2472607375261,558.3999981349215,13399070
2018-11-30,555.44580078125,559.2322590432756,550.036560180385,550.0781595648887,10445773
2018-12-03,557.859130859375,565.0576022210297,554.197521497453,560.1893059358435,8260890
2018-12-04,570.2586059570312,572.7551777452416,558.6495369832769,559.6897752283645,7827923
2018-12-05,567.0547485351562,568.9271775614118,559.6482311808126,568.3862333033383,5177288
2018-12-06,556.3195190429688,570.4251624816944,553.0323554061258,562.6441484561432,8039771
2018-12-07,568.2198486328125,570.6748215673646,553.9061572041518,559.2321984590142,5553948
2018-12-10,556.9019775390625,569.0519403715724,553.5732150323053,557.484521136322,5121196
2018-12-11,561.3126831054688,567.470915216519,549.7452109051886,556.9020821143679,7120933
2018-12-12,564.641357421875,566.4305876409559,558.0670309534561,563.4762701918381,6926183
2018-12-13,580.6610107421875,582.5334396553654,565.8896270937836,567.5540083499418,7521474
2018-12-14,587.5681762695312,593.934454820769,577.8731860358398,580.4113572647082,9560576
2018-12-17,577.873291015625,592.3949793180732,576.5001559279427,592.3949793180732,4778465
2018-12-18,563.0601806640625,571.2988885214392,561.3541999683516,571.2988885214392,8021298
2018-12-19,553.2820434570312,558.8577320803576,550.1613278984041,558.8577320803576,8295459
2018-12-20,555.1128540039062,558.8577125433428,546.2500526029764,549.2459191173679,11705260
2018-12-21,537.7616577148438,548.8297842206083,535.4731332165774,548.8297842206083,12802132
2018-12-24,540.0918579101562,548.2473180251044,538.9267704110645,546.7493846640565,8379825
2018-12-26,535.9722900390625,538.4272622123622,530.3966034402662,538.4272622123622,6178552
2018-12-27,546.5828247070312,551.9504647147002,540.0917476062426,543.2124626347841,15333902
2018-12-28,546.7077026367188,552.1585416839125,543.6701861972622,552.0336927589905,4736598
2018-12-31,548.3721313476562,550.910303099126,545.7507100414315,549.2459215187662,3373319
2019-01-01,553.4483642578125,554.4886025376719,544.3775169331695,550.0364030170276,2943390
2019-01-02,556.7772216796875,560.8965761288266,550.9518863192991,554.2390500026684,7416655
2019-01-03,556.8604125976562,563.3930891039366,551.8256183605706,559.2321357132133,6827249
2019-01-04,550.1196899414062,560.8133716481908,541.7561829893202,559.0241412028815,7889310
2019-01-07,558.9825439453125,560.5636759144103,550.4941880302582,553.406855691794,8046340
2019-01-08,557.6093139648438,563.7675448610787,556.3610280366516,561.6870683140918,8621545
2019-01-09,562.6441040039062,574.0451265914124,552.5746169933219,571.0492604308932,18130292
2019-01-10,565.64013671875,567.5541655348478,559.6899517629186,567.221268874266,9572493
2019-01-11,568.8024291992188,570.4668108501309,559.6483301192021,566.0562096337932,12281903
2019-01-14,584.1146850585938,591.0218578567815,579.163140129804,588.358837401619,19312937
2019-01-15,604.6698608398438,607.499330091677,588.5253885706812,588.5253885706812,19671304
2019-01-16,613.1581420898438,613.9903328502243,606.2509689372635,607.4160563189535,9658944
2019-01-17,610.2871704101562,614.9890692677262,606.7503591186978,612.3260482544008,6903771
2019-01-18,608.289794921875,612.6587960437128,604.4200878968061,607.4992036079171,5902151
2019-01-21,619.982177734375,624.9753227899538,610.8280784658137,614.3232901632986,8129422
2019-01-22,620.2733764648438,623.3108931236587,610.8280314456149,616.8614145900027,6723375
2019-01-23,608.8722534179688,617.9846995634815,606.833376354319,617.7766519201067,7212099
2019-01-24,612.5123901367188,615.9431085050859,603.307968973462,609.2489840227174,7429783
2019-01-25,611.1317749023438,617.4493964470417,606.0275248423582,609.1653960445105,5543112
2019-01-28,609.1233520507812,613.0142803188987,601.6342918886505,611.6754761760828,7944693
2019-01-29,609.0816650390625,613.2236136590734,599.5425173282316,607.073407287693,6760819
2019-01-30,607.4080200195312,614.8552013839228,603.3915052700768,609.0815508077685,5763026
2019-01-31,627.197509765625,628.6618492492686,607.4916943572995,607.4916943572995,13825233
2019-02-01,633.473388671875,638.0337714164227,622.9719905829859,628.7038145268627,6276585
2019-02-04,632.5110473632812,638.0336791076966,626.9047084275192,633.4314689633131,3945391
2019-02-05,631.6323852539062,635.899919731023,625.0637968404512,625.0637968404512,4694366
2019-02-06,638.7030639648438,641.7572783158081,631.2140029002915,632.2181316644517,5880482
2019-02-07,639.2887573242188,643.8491389096047,636.7784611567153,638.4938199900881,3961797
2019-02-08,636.6948852539062,646.1921531885313,631.674292286433,635.9417758799401,5915169
2019-02-11,638.28466796875,643.2634325554711,635.1049695084262,641.7154369189782,5500216
2019-02-12,627.95068359375,636.2346314519882,620.0432393551623,636.2346314519882,7310690
2019-02-14,619.248291015625,630.0844143317692,616.9053578567023,628.4108833508083,4610535
2019-02-15,620.8380737304688,624.64534593265,613.0142869124298,621.1309211798269,5586389
2019-02-18,620.0849609375,625.6076429667727,615.8593060762618,621.1727456930507,5346825
2019-02-19,606.0691528320312,619.6665902191703,603.5588566990209,618.4532702071276,9401334
2019-02-20,619.792236328125,621.7167868266243,607.5336009234917,608.3285383889042,5210675
2019-02-21,613.7255859375,617.5328582502312,608.4120950640344,617.5328582502312,7202786
2019-02-22,614.9806518554688,617.7001390115113,609.1651229535119,612.9305667080322,3750833
2019-02-25,631.6741943359375,634.2681465380559,615.4827538832928,615.4827538832928,6547552
2019-02-26,621.2982788085938,629.7495885022662,619.3319006445734,626.4025270676071,8319610
2019-02-27,615.2317504882812,624.5617049775716,613.1398370218132,623.390213007507,5936354
2019-02-28,614.4368896484375,621.2147207668366,612.7633586669235,618.1186782366133,8559921
2019-03-01,620.79638671875,622.0515350533434,615.4410667289715,615.4410667289715,3998826
2019-03-05,612.9307250976562,621.2983800477949,611.048002733875,619.6248490577672,4826505
2019-03-06,612.9307250976562,615.9430604508611,608.32851487508,615.9430604508611,6076668
2019-03-07,604.939697265625,614.604329675783,602.9314394082929,614.185946878182,5951551
2019-03-08,596.0698852539062,604.93963022333,594.647424757402,604.93963022333,7193994
2019-03-11,595.1493530273438,601.2159017928245,593.6013575643038,596.8647117741968,9932198
2019-03-12,591.5513305664062,598.2454540020323,590.4216665933791,593.2666894823636,11997387
2019-03-13,592.806396484375,601.2995337720054,591.0073306317494,594.1033725057065,11348867
2019-03-14,592.7228393554688,598.2036944033026,590.9238241195305,597.4505850017655,6415187
2019-03-15,601.2578125,605.6090031167811,593.7687514007487,595.7770089383739,14638664
2019-03-18,594.2708129882812,605.5671461866016,590.212470047842,603.7680801002481,8065544
2019-03-19,604.3538818359375,607.9101352077655,591.9279346008663,596.4464376535681,8917337
2019-03-20,618.3277587890625,621.1309022518581,608.4539379821952,608.5375940874326,13471173
2019-03-22,621.8003540039062,624.519841578804,612.7632978155909,623.3902287073048,8883260
2019-03-25,615.2317504882812,621.2146434312226,611.2989429569,621.2146434312226,7644966
2019-03-26,608.9561157226562,615.2318572106947,601.7180734442727,615.2318572106947,9406261
2019-03-27,610.5878295898438,612.7633995822337,608.4540876603621,610.8388490394094,7387487
2019-03-28,617.3655395507812,623.3902610125731,610.8387792472192,610.8387792472192,9277241
2019-04-01,631.8414916992188,635.9416623193295,620.8798861065032,620.8798861065032,6584982
2019-04-02,635.4397583007812,640.7950270022326,631.4232429345496,635.1050316628905,7283600
2019-04-03,630.3355102539062,634.6867015468316,624.8965339057792,632.5947875667828,6897127
2019-04-04,625.8169555664062,630.7538415126704,623.4739712424957,628.74563489918,7688525
2019-04-05,635.3558959960938,636.7365792001846,625.9004581133473,628.3270979653548,6276040
2019-04-08,642.00830078125,644.3094058019713,632.0926504844406,638.4938756260898,4919911
2019-04-09,636.4436645507812,646.8195746637489,634.4354584809847,644.3092787724278,6730692
2019-04-10,629.8333740234375,641.5480905018834,628.6618819467486,639.2888135380467,7031088
2019-04-11,621.4656982421875,629.0384152078535,619.2482494125446,629.0384152078535,8200995
2019-04-12,625.6912841796875,628.8709822633381,619.7083915584225,621.8003049124168,7043212
2019-04-15,608.746826171875,611.9683525207116,596.2790013307149,606.4038932752568,31574803
2019-04-16,605.90185546875,609.0816051075615,597.5342007815854,609.0816051075615,12524411
2019-04-18,600.0026245117188,604.5630061915296,596.4045434782183,604.5630061915296,13801105
2019-04-22,603.3497924804688,607.2826007985825,598.287371093333,600.002730264562,6455426
2019-04-23,609.3326416015625,610.8388092730187,601.1323499928678,605.7345601997193,5516668
2019-04-24,616.2360229492188,617.4493432572881,605.8182812410777,609.332706899165,8285120
2019-04-25,609.62548828125,617.2400848929625,608.3703400446931,616.2359560892945,8005235
2019-04-26,617.5327758789062,619.03894316663,610.0018883681879,611.6754189261253,6895168
2019-04-30,628.7036743164062,630.753759798181,617.5328764517122,617.5328764517122,9920046
2019-05-02,611.5082397460938,626.2353437326921,610.4204547703845,625.0638515606267,6351352
2019-05-03,605.4833984375,611.6754825750359,600.9648961041484,604.8977035389561,6348116
2019-05-06,601.1322631835938,603.9772348028114,594.6473315558803,598.2872404922709,8858265
2019-05-07,606.2783813476562,609.0815761779796,601.3833240170102,602.8058354606853,5747536
2019-05-08,601.92724609375,607.4917571354754,599.542484831361,603.3079296069941,6247642
2019-05-09,603.3497924804688,611.0898738547531,598.9567733220912,601.7599685711829,7396525
2019-05-10,599.8353271484375,607.4917518882712,598.2873314051157,603.1405610818115,8352335
2019-05-13,602.2200927734375,607.8682594502103,595.8606448348428,599.5842612287666,6808993
2019-05-14,597.3250122070312,600.588417979127,588.7481661125888,599.5424611383414,10513001
2019-05-15,599.2078247070312,606.8224222972884,596.2791451120368,598.2037468464426,6668929
2019-05-16,613.4327392578125,616.6961449857673,601.7180227994668,602.4711321434904,6468556
2019-05-17,605.7345581054688,615.6920367844168,602.554808388584,613.4746388811405,8155948
2019-05-20,604.4794311523438,607.8264932272247,590.7564562164862,602.2201540373762,11213708
2019-05-21,593.5177612304688,604.6886113419297,592.1789568541374,604.6886113419297,8645535
2019-05-22,593.894287109375,601.0067935418226,591.5931820871125,594.1034784750352,5795713
2019-05-23,586.6143188476562,599.7097165674486,583.6019841169173,598.2872053054488,7233736
2019-05-24,593.4340209960938,595.5677625124865,586.1123238805557,588.9154674902336,7016424
2019-05-27,592.5134887695312,597.2830611961118,590.3379194173862,591.9277939169467,10247544
2019-05-28,609.2489624023438,613.7256886343324,593.9361634067533,595.7770577885003,23860490
2019-05-29,608.9978637695312,613.8929721303094,605.5253179123381,607.0733135138195,10293077
2019-05-30,613.8091430664062,616.9051847267247,604.6047252542747,608.3283408563294,15089296
2019-05-31,617.3236083984375,621.6747982315252,613.5163364465238,616.2776517593347,8290306
2019-06-03,623.0973510742188,628.3271346188822,610.0019526495396,610.6713547288356,7744761
2019-06-04,615.2736206054688,618.7462176260473,613.4746055445828,616.9053234352841,11733702
2019-06-06,615.524658203125,623.0974265507804,613.89300639723,616.2777675536236,7563925
2019-06-07,618.4532470703125,622.5115896434501,615.7337596946228,615.7337596946228,3218358
2019-06-10,630.502685546875,631.0047243235122,619.2900095290115,619.2900095290115,4435148
2019-06-11,631.6741943359375,635.1049119028819,627.9924063018615,631.7578504435781,5733127
2019-06-12,630.753662109375,633.3894931880159,623.3901378100653,633.3894931880159,8738342
2019-06-13,630.2022705078125,634.0633255723081,627.953497401044,627.953497401044,4808577
2019-06-14,628.3352661132812,632.6206133635378,626.4683672912566,631.2204262986297,5556353
2019-06-17,628.420166015625,631.7720900826338,626.0865552060518,630.4992114592302,3085588
2019-06-18,636.5665893554688,638.5183261244877,628.1231512050501,628.1231512050501,6202838
2019-06-19,638.0516357421875,641.0216858187757,635.2512613779825,638.5607664664632,4596253
2019-06-20,640.5973510742188,642.2945224356091,624.4742231410103,626.0865048581953,7148684
2019-06-21,636.6090087890625,640.6822098305977,634.0208327372009,640.6822098305977,13200318
2019-06-24,632.6207275390625,638.0516974935789,630.2022786743483,638.0516974935789,4758178
2019-06-25,634.8270874023438,637.203169343465,625.6623700940438,631.3479059498877,3677911
2019-06-26,627.2745361328125,637.6697105656219,626.2562229725195,630.4991513124417,5447130
2019-06-27,619.9342041015625,631.9417111438258,617.8976297233054,629.6505196489261,11122346
2019-06-28,621.1648559570312,627.5292499729844,618.1948054162531,624.1349064978094,5919494
2019-07-01,620.5707397460938,625.8319816796044,619.3402800674687,623.7105173349278,3224968
2019-07-02,627.9535522460938,629.353739667855,619.55253130267,622.862036957612,4837606
2019-07-03,620.5707397460938,630.6689307441798,619.4675886455746,628.8020317621517,5958379
2019-07-04,622.6922607421875,624.8986149375191,618.279604145092,618.6190591885485,3274064
2019-07-05,609.2845458984375,624.8985438366578,605.4659101650907,623.7105031133029,4926289
2019-07-08,608.9451293945312,615.1822658961481,604.4476351607228,607.9692868326704,7177092
2019-07-09,607.1630249023438,610.8543517157738,601.6896371702989,609.284489000535,5022638
2019-07-10,608.6481323242188,613.2729350442659,599.5258354647062,601.6472998506393,7573816
2019-07-11,612.2545776367188,613.9517490230992,602.1563871703314,610.514987324391,6252688
2019-07-12,616.709716796875,619.9767513387097,610.642307740821,613.1032272249635,7874441
2019-07-15,661.3452758789062,663.2970645161327,640.0033755899351,647.4709197446603,31064152
2019-07-16,666.0125122070312,668.5158505546938,658.5025489576079,659.3511347165739,9924322
2019-07-17,673.9044189453125,674.6256961420003,659.1390056330802,665.2064146868779,6754348
2019-07-18,672.6738891601562,677.5956758205541,667.1580821559814,669.5765306634647,6534471
2019-07-19,666.4791870117188,674.2012956720372,662.9575358637874,669.2795092844959,6812754
2019-07-22,665.6307373046875,672.079968813246,663.6365295534063,666.9460349657472,7107151
2019-07-23,670.4251708984375,682.2629526368571,666.6065349694999,667.8369946830927,10782564
2019-07-24,667.2430419921875,673.5650169191506,664.9518498436383,668.6856482926496,5745146
2019-07-25,674.201416015625,679.0383654193844,668.3886240210227,668.8977547820219,9773568
2019-07-26,667.8370361328125,674.6257226500456,663.7638345811862,672.3345305917659,4941763
2019-07-29,671.6132202148438,676.2804419650602,667.1581449078191,669.9584675992359,6244316
2019-07-30,672.6738891601562,677.001655476777,669.1522378169898,671.9950309645084,8673253
2019-07-31,673.4801635742188,678.6989353438777,663.25466290491,671.1040818193248,7350584
2019-08-01,652.4351196289062,669.0250121319372,648.6589545546309,667.3702595950685,10066407
2019-08-02,658.1630859375,661.812046091557,646.8344869104138,649.2105166479282,10838336
2019-08-05,659.0966796875,666.9036803356762,652.2655735429357,655.6174464171396,9976238
2019-08-06,657.187255859375,665.0366741831933,653.2413113359215,660.8785832185556,9331718
2019-08-07,658.58740234375,664.8245388953432,655.4052056726001,660.9634839597277,5130457
2019-08-08,669.322021484375,672.7163645410311,662.9576282531448,664.1880879698956,8009009
2019-08-09,670.2554321289062,676.1106945056844,665.970084461571,672.0799122039562,4362520
2019-08-13,648.9560546875,666.9885047196796,645.0525803391394,665.4186415519539,7517099
2019-08-14,657.4841918945312,660.4118229266736,651.7138194766275,657.7387572465522,5940968
2019-08-16,657.2721557617188,661.939377908336,647.0467066901167,661.896958974808,5128088
2019-08-19,659.90283203125,664.4427457837356,656.2538713028164,658.1631895378272,3881451
2019-08-20,672.71630859375,677.1713834850993,665.1638752033717,666.3094969658549,8435344
2019-08-21,678.4019775390625,682.0508863858965,672.9285883720261,672.9285883720261,5926896
2019-08-22,675.2196044921875,679.9716633614776,672.3768115204302,678.7836745409336,5222488
2019-08-23,680.735595703125,687.3121361997831,675.3046254142627,675.8562269475399,6895015
2019-08-26,681.0325317382812,684.639021432272,667.7521948824325,675.3894671755893,5412074
2019-08-27,665.8428344726562,674.5832574048105,662.830313602603,671.231333308338,16061642
2019-08-28,680.9901123046875,683.1115768290011,667.2430118284215,668.1764872952599,5881134
2019-08-29,684.7662353515625,687.0998460074028,675.0499188076244,675.0499188076244,7830413
2019-08-30,691.512451171875,693.5914445322359,680.5656758184696,687.3543608640404,8174186
2019-09-03,690.9609375,697.8769319854633,689.0940385167863,691.5973768038073,5647088
2019-09-04,696.9434814453125,697.9193757967025,687.5666190602846,687.9909119446168,6199015
2019-09-05,707.7628784179688,710.6905093824952,701.4833754410532,704.41095461202,7926895
2019-09-06,712.9392700195312,718.7520611306138,708.6114520345811,715.6122837988404,6106841
2019-09-09,703.5623779296875,713.0665480578456,702.2470804631638,710.0964981298937,4377870
2019-09-11,695.9251098632812,703.0956693664964,690.8760663975625,697.7920087566569,7981036
2019-09-12,692.7852783203125,695.7128570945957,688.0755869838338,692.7852783203125,4400017
2019-09-13,703.732177734375,705.2172028509347,693.7188758785718,694.2280066296802,4832021
2019-09-16,702.3744506835938,711.0724548074671,696.307041723661,706.0657780577628,4846496
2019-09-17,705.3870239257812,708.5692210261983,696.3071445072101,705.5991703991424,5540901
2019-09-18,704.1988525390625,706.8294993976851,699.2346466992177,704.2413232607271,3199389
2019-09-19,696.434326171875,701.7804059674489,691.7671046086091,699.955925911656,6601607
2019-09-20,683.111572265625,708.5691463873253,680.565814853455,698.3012788756664,22462366
2019-09-23,648.616455078125,684.723817825331,629.5657476654427,684.723817825331,17279260
2019-09-24,673.8194580078125,677.7229832650279,649.1680540273172,649.1680540273172,13717998
2019-09-25,672.631591796875,679.7172628961548,663.2971474874397,668.4310814989151,9313576
2019-09-26,664.060791015625,676.3228658812185,660.2845739402602,668.4734474252571,18442824
2019-09-27,663.7639770507812,673.9894279534301,661.981915381367,667.8795984177993,5087642
2019-09-30,683.6631469726562,685.65730281664,665.4185529001838,666.2246679476037,8178091
2019-10-01,673.3952026367188,685.2754029794016,671.6980311591926,684.8086911817946,5881438
2019-10-03,666.6489868164062,677.0441629140253,665.4185788356234,672.5466685121362,5497672
2019-10-04,673.310302734375,676.8319021495865,667.8793337893327,670.3826718467125,8201713
2019-10-07,670.0009155273438,680.5658192142587,667.0732841258757,674.498409958949,3679845
2019-10-09,664.9942016601562,675.3893764404133,660.8785299567345,675.0075025183448,6335025
2019-10-10,664.4849853515625,674.3710289283493,659.0115975299415,666.4791927126332,10402917
2019-10-11,691.4276123046875,699.0648835417649,659.0116284730473,663.1697190862135,20636344
2019-10-14,667.0732421875,676.322847646897,661.8968897924462,667.6248436464193,15150858
2019-10-15,651.9684448242188,658.4601467627168,649.1681221071755,656.0416462120604,13762133
2019-10-16,654.6414184570312,658.4600539310638,646.2403996967362,649.3801770007635,10767032
2019-10-17,652.9866333007812,653.877637841311,649.2528358627306,650.8651692549697,9860495
2019-10-18,651.5864868164062,656.6355819180058,644.9251100159024,648.1497252072702,10037200
2019-10-22,546.1073608398438,586.4576037644675,541.6947044858973,586.4576037644675,90152532
2019-10-23,559.039306640625,564.2379159688392,528.5353162771628,541.3384205346815,60516887
2019-10-24,545.9354858398438,561.2734393921497,543.0569612166646,558.5237734032152,25666433
2019-10-25,547.7399291992188,560.671891063379,546.49398117442,555.9459211003926,16549337
2019-10-27,557.5355224609375,560.6718688356935,554.6999510846636,559.4688737327847,2945281
2019-10-29,559.082275390625,561.7459829741329,555.9459288478225,559.3829979597101,16709764
2019-10-30,567.6319580078125,576.9120868141313,563.8512133510844,567.4601465040402,22879467
2019-10-31,589.1137084960938,597.5775238538986,572.3579941951182,574.3343511716492,27405901
2019-11-01,591.0900268554688,596.331536675127,586.5358679763203,592.8944672994779,9713519
2019-11-04,609.2206420898438,629.4134278290699,582.7122613635802,585.8485561919323,29381982
2019-11-05,598.1358642578125,609.0056150855132,594.1832561998341,609.0056150855132,12897805
2019-11-06,612.0560913085938,619.9613610094597,594.6129754934803,597.8781807657579,21372589
2019-11-07,618.7583618164062,622.4102478417876,611.8842234156884,616.0946541643336,13733737
2019-11-08,608.4901733398438,622.3243562068998,606.2130939647467,620.3910047378414,8585630
2019-11-11,605.267822265625,607.673759879313,599.7684913381897,600.5418527780032,6951494
2019-11-13,594.054443359375,601.487126688807,590.961101971753,598.4796910553631,9973690
2019-11-14,606.041259765625,609.9079628935795,598.3508063887009,598.3508063887009,10539902
2019-11-15,604.8382568359375,612.6146151982521,603.4633977263906,609.2634518420883,7362623
2019-11-18,605.9553833007812,610.079856347548,600.8856846430654,605.783519331016,7490916
2019-11-19,612.5286254882812,613.5168037835034,605.7833986937954,609.9938291097293,6495885
2019-11-20,612.6575927734375,614.3761273955229,605.783454285096,612.485728822126,6142171
2019-11-21,612.8724365234375,619.9184392726071,610.509451314269,614.8057880582118,9692973
2019-11-22,595.6441650390625,611.7983814765877,588.684067715065,611.583564629159,14415826
2019-11-25,599.8544921875,605.9123687203597,595.6441138073487,595.772972437411,7334511
2019-11-26,593.409912109375,607.7167320825221,589.457303935822,605.7833808669891,27253106
2019-11-27,597.8351440429688,599.4677726728878,592.9802634688726,596.5462432652979,3861635
2019-11-28,603.0767211914062,604.3656221150429,596.374446877598,600.713736164739,4837683
2019-11-29,598.3507080078125,603.4633584588111,594.2262358385775,602.2604158174349,4262379
2019-12-02,595.214599609375,604.9243117376499,593.1523366593319,604.1509500200024,9383736
2019-12-03,600.0692138671875,601.2292560268968,591.6484059966056,595.2143857699801,5239013
2019-12-04,609.091552734375,610.5093646367881,595.7729107190756,598.9092570750756,7427886
2019-12-05,614.2472534179688,615.1495261054678,604.7523595466082,607.0294390366008,4814422
2019-12-06,614.4619750976562,618.6724055021945,609.7360053334035,615.1923837103466,5226096
2019-12-09,616.3095092773438,620.691751801841,613.7317072169296,615.2354250855045,6435865
2019-12-10,613.9896240234375,617.3837413718599,610.0799671176346,612.6577697955964,4457939
2019-12-11,619.5747680664062,620.9925802998907,612.6576757646197,615.7510175251946,6043554
2019-12-12,603.2915649414062,619.2739685752227,601.1004437625204,617.3835699804038,11112042
2019-12-13,611.1968994140625,612.5717587400071,601.7879107674444,601.7879107674444,10302412
2019-12-16,613.5167846679688,618.8442518306578,610.2515797764845,612.0560199296576,5616324
2019-12-17,627.0074462890625,628.339300299739,614.3762047375225,618.4147720969294,10525565
2019-12-18,629.3704223632812,633.5378483064871,621.0355180313489,628.1244741347854,12215295
2019-12-19,627.9954833984375,632.3777780829872,622.625062789073,630.2725627150136,7199210
2019-12-20,628.5968627929688,631.5613449009926,625.7612917335344,628.1242763573138,7794167
2019-12-23,632.4208374023438,633.5378745879988,628.6830450073188,629.1126787283802,4975608
2019-12-24,630.186767578125,633.2371565305662,625.8044721243651,633.2371565305662,2890759
2019-12-26,626.3629150390625,631.1747909886018,624.3006525203946,628.9836698409637,3821806
2019-12-27,633.2369995117188,633.7095860020081,626.2769034388314,627.0502649287666,3399094
2019-12-30,629.757080078125,634.0963698325123,624.9021984314574,632.5066937215461,5368416
2019-12-31,628.2533569335938,633.924500582762,623.3555224481205,627.0074087612031,6927885
2020-01-01,633.1510620117188,635.8577748694352,629.4562232684716,631.5614385527498,2112415
2020-01-02,631.3037109375,636.5452206149837,628.0385056083046,634.9126441731436,5658200
2020-01-03,641.013427734375,642.7319623931803,630.6163140268093,630.6163140268093,7882938
2020-01-06,634.8696899414062,647.7157479073298,632.8504325536925,641.0993785171215,6519403
2020-01-07,625.4607543945312,638.091943075868,623.0547637452105,634.1393340585887,7899363
2020-01-08,617.1258544921875,626.4059318828291,608.6190862908794,622.9259094170285,8639443
2020-01-09,625.1599731445312,628.5540897917724,613.7746803355894,620.1332799391682,13521186
2020-01-10,634.2682495117188,638.349769643852,627.6948329522857,636.2445540339635,9341405
2020-01-13,664.6862182617188,668.0803346309402,648.7468201239355,653.0431566810477,36952038
2020-01-14,666.49072265625,667.607759691393,659.2299032595474,661.592888406991,11414418
2020-01-15,659.5306396484375,664.944013428589,654.8906274563863,664.944013428589,6047430
2020-01-16,659.0580444335938,663.7840147652558,653.2579899356449,662.237344054906,5740586
2020-01-17,659.788330078125,664.1276716019415,654.9764545063318,662.2372731824834,3762957
2020-01-20,660.3040161132812,665.416667416314,655.5780456130107,663.0106768415801,3887680
2020-01-21,655.19140625,662.0655455942623,653.6876882684426,660.3040578763993,4448374
2020-01-22,661.8075561523438,668.5098292988873,658.1986237055884,660.3038386699876,9733935
2020-01-23,673.9663696289062,674.9545481250569,667.3930054333838,667.7366809288342,12528017
2020-01-24,672.5916137695312,675.8138667898261,664.7292954218022,666.576741464981,7540490
2020-01-27,668.5958251953125,674.3529262503606,665.4165783317211,669.4121395706309,3741610
2020-01-28,668.510009765625,671.7752152625233,663.3544055772012,671.087811859837,5121009
2020-01-29,678.5632934570312,681.2270007011925,673.8802768995811,675.8995337673641,6832757
2020-01-30,670.8298950195312,678.5632996061508,668.5098631544441,678.5632996061508,3859680
2020-01-31,666.7484741210938,674.481879846576,663.0106298864689,670.7010827359123,6092028
2020-02-03,659.4017944335938,679.6375303151891,656.9098981061286,671.9470769378582,6416745
2020-02-04,676.9736328125,678.7351725035899,661.7216402316978,661.7216402316978,5771311
2020-02-05,674.1381225585938,675.3840705824857,665.4165912823738,671.087734255625,6310409
2020-02-06,662.7958374023438,676.0715282077489,661.6358474791257,673.9663127493939,7341622
2020-02-07,667.9083862304688,669.2402399056735,662.4950133420671,666.7483964849213,2853344
2020-02-10,664.385498046875,668.5099706672875,661.4210153228079,665.0729014093579,3827682
2020-02-11,664.6862182617188,669.4551413510103,660.948426435237,669.3692355980739,4312817
2020-02-12,671.1306762695312,673.0210747118617,666.0180256341979,666.6195231993272,2948825
2020-02-13,680.7544555664062,682.2581732025579,672.1188304878938,674.5247682166347,4387430
2020-02-14,675.7708740234375,686.7265336458709,674.1811978265952,682.6879662763401,5321680
2020-02-17,678.3485717773438,681.7856409332788,673.0640569718882,679.0789279947746,2929629
2020-02-18,685.3945922851562,686.5975350544546,673.3648499190842,674.5248398118925,5083346
2020-02-19,687.8005981445312,691.5813432225175,684.105758828003,687.4139173269309,3985192
2020-02-20,684.8360595703125,692.6553712672503,682.1293465122486,690.2064803636806,4564569
2020-02-24,683.847900390625,697.3813611703688,680.6686531479877,687.4997866327781,6627536
2020-02-25,686.0390625,692.5694732797665,683.4612604902738,686.5546019237387,6996695
2020-02-26,672.5916137695312,688.6599259865061,670.6582619573544,682.2154199459166,8760569
2020-02-27,668.381103515625,670.8729998695887,663.5262743370657,668.5100145994749,5223386
2020-02-28,628.725830078125,650.2934161406274,620.4338804966222,644.4504095828447,14123957
2020-03-02,636.760009765625,658.1128332217729,630.4873690869798,633.2799877575525,9821523
2020-03-03,641.8726806640625,652.1838883855736,636.9318936308385,648.7468191450699,7826587
2020-03-04,651.9690551757812,654.3320402192519,640.6267164780191,647.8016298045927,11013444
2020-03-05,648.4030151367188,664.6861392414813,645.9541245685034,656.2653310797399,7755293
2020-03-06,634.95556640625,639.2948556767816,626.4917522394582,636.7170538393751,9216022
2020-03-09,605.3109741210938,623.699266341372,598.9094210398131,622.5392762458315,10308654
2020-03-11,589.4574584960938,598.0071799356881,574.892865031029,593.4530730340792,16165009
2020-03-12,542.3695068359375,575.7090661476228,539.1902074740797,573.990531621809,13965574
2020-03-13,551.9503173828125,573.1312768534269,489.7823505344128,508.6862307304778,16903113
2020-03-16,501.0817565917969,534.5931819350706,498.3750435666342,534.4642708593905,19140152
2020-03-17,476.8504638671875,508.6863111988923,472.5970796611331,505.3351472921777,16059887
2020-03-18,459.1064758300781,496.65646470613166,453.6931027073313,488.06379230637157,15390183
2020-03-19,468.7732849121094,479.471173740036,437.58189108801673,437.58189108801673,16583991
2020-03-20,502.8432312011719,530.5546014471804,470.87847735853364,472.1673783002085,21354894
2020-03-23,452.361328125,482.0060530911666,443.29606764618916,464.0043907747818,17146150
2020-03-24,506.7958679199219,516.5485837208066,448.53755261022576,448.53755261022576,20027097
2020-03-25,520.8878173828125,545.6347036910361,486.0874937615732,512.9825481945646,18339548
2020-03-26,552.5088500976562,559.2540771338631,525.9574706932967,528.4493667341502,14843813
2020-03-27,560.8438110351562,579.9195567351105,551.8644567193235,571.455741852175,13495283
2020-03-30,538.5028686523438,570.123897225642,533.6909399364066,537.1280093997111,14624804
2020-03-31,551.2199096679688,568.8348872957059,544.5176359865167,558.5236808794696,15175521
2020-04-01,517.9663696289062,547.7829584028392,510.4048271235866,545.0762451595822,13083824
2020-04-03,503.2729187011719,520.7160361559045,500.22252996857037,518.5678676899148,10221655
2020-04-07,549.0718994140625,553.5830535172297,526.6450399936691,528.4494806567268,15145605
2020-04-08,542.7133178710938,563.3787426636848,538.2021636137175,541.3385108851509,11806896
2020-04-09,546.7089233398438,560.9297893635475,543.1429423901444,555.77418458549,11931114
2020-04-13,547.6969604492188,559.9844715077093,537.9442457955366,540.4790946458554,8330276
2020-04-15,549.1146850585938,561.3592424665503,546.150202775987,559.7266662794603,11963447
2020-04-16,536.053955078125,545.5489019562737,518.5678841868994,532.7028436318851,17783287
2020-04-17,540.2643432617188,555.0867049655194,537.9013580625622,553.3681702752236,8878320
2020-04-20,561.3593139648438,567.9756826328771,549.0718021216468,549.9310694176118,13322913
2020-04-21,544.0880737304688,555.5163185179138,539.4480092565216,539.4480092565216,11660575
2020-04-22,551.5206298828125,554.2273425338553,539.6627530432827,544.0880000897794,8266728
2020-04-23,583.7002563476562,587.4381005055866,548.2984337082895,555.9888863999373,14451289
2020-04-24,565.3978271484375,580.0053697951296,562.6481615728995,574.46308577243,7319940
2020-04-27,571.0690307617188,585.1610355625768,568.0186423136012,568.0186423136012,7183306
2020-04-28,567.7179565429688,581.7240040539833,561.1445402456878,578.2869346061016,7296571
2020-04-29,581.3373413085938,586.0203590658929,565.3979417380608,572.2720808473382,8639056
2020-04-30,614.8057250976562,618.6724277712265,599.854453781647,601.487082555359,16253821
2020-05-04,578.888427734375,602.5182800042948,576.0098506269107,592.722611176012,9122740
2020-05-05,578.888427734375,589.1136777947754,575.7091280307733,585.8055194551935,6393053
2020-05-06,572.1861572265625,585.54775421405,570.5964811398504,581.6380982067876,7934250
2020-05-07,571.369873046875,579.4469552092237,569.2217045283481,571.8854125131132,4779548
2020-05-08,579.318115234375,585.0752175386579,574.4202803651933,577.6425332468231,8400321
2020-05-11,586.793701171875,600.2412038897027,582.5832701293116,586.4499732496389,7370186
2020-05-12,590.8753662109375,593.7538915957438,580.4352442444645,583.0130469576153,7356039
2020-05-13,596.4603881835938,601.4011749176295,587.52398772122,597.0188804340474,8287101
2020-05-14,565.5267333984375,577.2127464381863,560.7577584420578,566.2570895463563,16888262
2020-05-15,560.5000610351562,571.2409025100194,555.6881850326236,571.2409025100194,9255353
2020-05-18,570.467529296875,576.1816248521922,561.1014956048989,566.9874550936073,10435442
2020-05-19,574.5060424804688,579.8335097351161,562.8200292632821,570.5534342455256,5902208
2020-05-20,575.3223266601562,578.2868089036671,566.8156130930672,574.4201066153067,5794636
2020-05-21,577.5994262695312,583.8291135120306,571.7564197587714,572.7015927070163,7213225
2020-05-22,594.9137573242188,597.9211931934447,578.7165879781676,580.0054890649786,11867731
2020-05-26,584.7743530273438,601.0145260450187,583.4424991957494,595.4722414472081,7099606
2020-05-27,606.1702270507812,609.3924799561697,580.0055229699225,589.5004177086959,8774636
2020-05-28,607.845703125,610.0797771052081,592.8944312712586,607.5019752301157,9440091
2020-05-29,601.8361206054688,610.3715571254415,587.8571591161989,603.1425665981,28290128
2020-06-01,609.2827758789062,615.4666513657602,602.271527227805,608.5860154019216,12276438
2020-06-02,616.7294311523438,619.8213950978599,607.5407739082339,610.1101276902748,7059304
2020-06-03,611.0247192382812,620.0392275848711,606.1908801790817,618.9940602630236,11378568
2020-06-04,616.4246826171875,617.9053318367771,607.4973028971929,611.4166403352393,10782424
2020-06-05,612.7666015625,619.8649781519487,610.1972475918731,615.7714374549481,7718679
2020-06-08,627.8343505859375,632.1456328286368,613.1586290936992,616.3376688179678,10719105
2020-06-09,625.003662109375,635.455228720966,622.7827148362952,627.0939966954599,10078029
2020-06-10,623.4795532226562,626.6150554935999,617.6876745639556,622.7392550922599,7263049
2020-06-11,613.1149291992188,621.3455470907938,609.8923527619546,620.1261766033726,8825715
2020-06-12,602.75048828125,605.450507961928,588.3360479962732,588.5973265048777,9795316
2020-06-15,598.8312377929688,613.5070118687655,596.828031391361,603.5780018303001,7857344
2020-06-16,610.719970703125,620.1263713216243,608.9345051254461,611.4167312749723,10131760
2020-06-17,612.8536987304688,618.6455761010103,607.9327319999423,609.587584482618,7291916
2020-06-18,621.7811279296875,624.1326878506742,614.9004920943274,616.8166232398189,6670195
2020-06-19,614.508544921875,620.0391973657015,610.5456699641194,617.5133808909567,22438862
2020-06-22,612.8973388671875,617.2521585931737,609.6747616380736,615.8585843852059,7804096
2020-06-23,627.6600952148438,631.0132846424152,602.7940357424677,605.9295373754688,12157390
2020-06-24,621.9989013671875,633.0165629999383,617.8618227695662,624.3940521342314,10220838
2020-06-25,610.1102905273438,614.5521857256574,604.0135424421312,613.8989627165274,14945284
2020-06-26,651.6552734375,654.6165191327829,618.3844381074404,618.5586415387919,26030458
2020-06-29,637.3278198242188,648.606812713326,635.890708157022,640.5068592531488,8954428
2020-06-30,640.9859619140625,643.5988538956462,630.7956725540013,638.2424040696302,10411290
2020-07-01,637.4585571289062,646.5165506096668,635.5859633113594,642.1181931501195,5477468
2020-07-02,658.9713134765625,666.6793764486785,640.5069199791261,642.205257180301,17263756
2020-07-03,664.2841186523438,665.4163609907333,655.4002770229408,657.5776865811566,7796572
2020-07-06,665.4163818359375,674.9969841922141,663.238972209511,666.4615490885051,8810958
2020-07-07,691.6759643554688,694.1146525092771,666.7663662916871,670.1196090176614,19362533
2020-07-08,674.7357788085938,683.6196216792831,672.5583689461415,683.6196216792831,8476642
2020-07-09,680.8325805664062,688.0615712527464,674.9971110390866,679.3519311103065,6854166
2020-07-10,680.9631958007812,687.9744986690126,673.6906675186166,673.6906675186166,5206452
2020-07-13,694.2018432617188,701.4308338058166,684.6212392935491,686.3196297197912,10804688
2020-07-14,682.1826171875,702.3454569484188,680.527764168023,690.6309794143028,8961822
2020-07-15,723.7274780273438,738.9693465867283,692.2421111394763,695.9001702256123,30060599
2020-07-16,793.4481811523438,832.2060780362947,778.8595345724297,783.9546525619442,90432109
2020-07-17,786.6111450195312,801.1997917813194,777.0305411759688,793.4481910441225,31682878
2020-07-20,813.7415161132812,823.0608399595206,789.7464726278258,791.2706593684916,18421053
2020-07-21,815.8753662109375,827.154358420009,809.2995999387448,823.0608177948609,12877784
2020-07-22,799.4578247070312,817.8351426443229,792.5771882921554,817.791605079048,14354201
2020-07-23,790.7916870117188,797.6287323921299,784.4336611464684,797.4981197022231,13051307
2020-07-24,803.7689208984375,806.2947371801037,786.6980516963853,786.6980516963853,18209580
2020-07-27,826.0657958984375,829.8544679404932,800.1110799754764,802.6368436170394,16827870
2020-07-28,838.6076049804688,842.7011461138305,819.7512676512282,823.9318839144705,15818463
2020-07-29,831.0302734375,836.1253912768248,821.8415612454107,830.2463846194097,11152710
2020-07-30,837.3883056640625,847.1431125977414,835.0366923522814,837.8673252077128,12492320
2020-07-31,841.3511352539062,859.1623578070553,830.2898829887673,844.1817679553299,12704346
2020-08-03,833.42529296875,840.8284853707694,825.194674313446,836.1252595221921,8479792
2020-08-04,827.284912109375,845.4445385313459,819.1849597151263,836.5171599272772,11133170
2020-08-05,822.7996215820312,836.9527852085158,817.2254312592177,829.1576475331221,9614176
2020-08-06,845.5753173828125,848.6672818881982,820.8835110206543,830.4641143323012,10976491
2020-08-07,828.1995239257812,844.3558922763157,826.5446713915798,844.3558922763157,8010948
2020-08-10,828.5914306640625,833.3381942396638,823.3221100464963,826.4576117765276,5716319
2020-08-11,826.0657958984375,837.8673471732026,824.0189986536602,827.3287042989302,6802442
2020-08-12,831.7269287109375,835.0801182274267,820.6221397633403,825.6737193978155,6908726
2020-08-13,828.4608154296875,843.5284792332567,825.891461469216,831.5962639906402,5097703
2020-08-14,830.5512084960938,838.7382909592568,829.2012249940352,832.5108774002041,4663873
2020-08-17,833.9479370117188,846.9688579917226,830.986638478145,830.986638478145,9008210
2020-08-18,842.7010498046875,844.138161399413,834.9930411114858,839.5220636954849,6141761
2020-08-19,835.515625,846.1849323454503,833.9043631136369,845.6188377288921,6622744
2020-08-20,831.9011840820312,840.915639115358,828.5479411966406,835.1672986824275,5656501
2020-08-21,826.37060546875,839.1302489140896,824.4109365330139,838.7818420617455,6513773
2020-08-24,825.1512451171875,829.1576579147726,818.0093302889788,824.8028382828674,5798574
2020-08-25,817.05126953125,826.2399818358764,813.1319317116385,825.2383520182071,6233918
2020-08-26,828.1124267578125,831.1172627041618,817.3125067985687,819.7947325337095,5153601
2020-08-27,824.8463134765625,836.9527324016003,823.2350515983608,836.1253061022203,6154280
2020-08-28,814.5689697265625,829.5930966742055,812.6528385564291,828.6785952310149,7593610
2020-08-31,808.7770385742188,827.851168830503,796.5835442411025,814.5689696462156,12808355
2020-09-01,796.191650390625,814.3512259843709,794.4061319130727,806.7302920513621,6907773
2020-09-02,804.7706298828125,806.8609644709502,795.6255090886897,796.9319549164215,5678118
2020-09-03,814.8302612304688,826.8931430703163,804.7706388763972,806.948048613617,8827948
2020-09-04,800.5464477539062,809.5609023800091,796.4529070077833,796.9319264956519,8650342
2020-09-07,805.6851196289062,807.8625293101688,795.2335531588458,800.3287237086498,6700385
2020-09-08,818.0964965820312,829.15775031156,806.1207412597792,809.9530042266699,12891964
2020-09-09,808.0368041992188,823.931896278589,806.5126172874983,814.3512928334891,5528947
2020-09-10,818.7496337890625,820.4480240886459,805.4674338237209,814.6125551113331,5171884
2020-09-11,823.6705932617188,831.0302490487492,810.867412951651,814.264193517794,6671903
2020-09-14,852.151123046875,863.1687847709663,825.9350770836934,833.5124738414082,21871587
2020-09-15,855.6785278320312,865.7381506406906,846.2721279740566,853.1091735941211,11608203
2020-09-16,872.4881591796875,875.8849399351467,855.2866207281788,858.770476617092,10059251
2020-09-17,880.5444946289062,889.2541335470952,866.6090723598038,866.6090723598038,15628241
2020-09-18,872.8364868164062,887.3380037422411,870.1800044146664,880.5444960073027,12897633
2020-09-21,879.5863647460938,897.963679701239,871.3992837449948,871.8347656459168,14140637
2020-09-22,877.49609375,890.5605517214641,863.2993933862256,878.8025395471465,12625762
2020-09-23,888.1654663085938,903.1895940789525,878.0187152752794,888.5138731438482,13486204
2020-09-24,849.5382690429688,878.8026368763717,844.8350423885832,873.5768531090196,14427432
2020-09-25,880.9364624023438,883.9412985407854,849.1898170707385,849.8865775708102,13311078
2020-09-28,880.0219116210938,885.0299538514527,869.65742035015,883.8541207365016,8554526
2020-09-29,878.8025512695312,895.350864920791,874.5348070114925,886.64122615697,8708463
2020-09-30,878.1492919921875,891.8234349169315,875.3186595111812,878.8025148724197,8048817
2020-10-01,886.33642578125,894.0444349601498,881.1977175557054,888.9057267346052,5563358
2020-10-05,913.3798217773438,918.7798618809287,886.6848094840522,886.6848094840522,14212509
2020-10-06,919.5199584960938,923.2215543508022,898.268422207652,918.8667356982041,9090819
2020-10-07,928.9265747070312,933.673285355981,901.8831035318268,910.0701853201703,9284008
2020-10-08,952.5731201171875,978.9633672969411,947.957075503971,949.3505964000585,21482613
2020-10-09,963.98291015625,969.6441756419626,948.0006371530527,953.7925684906646,10567867
2020-10-12,986.01806640625,992.8987014785054,968.5987909417148,978.0923173336505,14633537
2020-10-13,1008.4020385742188,1015.5874906966795,989.0230919409153,989.0230919409153,17523825
2020-10-14,990.2859497070312,1014.5858636680948,985.1472414570976,1012.0600471060425,16649573
2020-10-15,965.2455444335938,1032.9629737859168,951.5278658188146,1027.737191456477,44288251
2020-10-16,982.01171875,989.3713205891544,955.360246804231,970.1230412015893,18365685
2020-10-19,980.6182250976562,992.0278303284492,971.3860295032295,988.5439749102633,12902123
2020-10-20,990.721435546875,996.9923330948903,966.7699283138736,974.5215282821393,10448776
2020-10-21,1000.1713256835938,1005.3971088347969,988.5439794359328,993.9004284296822,19811433
2020-10-22,983.3617553710938,1008.5761157369876,978.7891952608873,994.6406944487392,11271335
2020-10-23,988.1595458984375,999.1635497503132,986.0908146664799,997.402909134013,9069862
2020-10-26,979.3123168945312,994.4098321814356,971.1254022287984,987.9394991901848,6309368
2020-10-27,960.2974243164062,976.8914412836614,948.2370786061306,973.3701599129556,10172479
2020-10-28,947.708984375,972.5339770575176,941.9869016858179,964.3910132306047,7608392
2020-10-29,946.212158203125,952.5064692099676,933.2274350784974,941.9426266678977,6935616
2020-10-30,933.667724609375,953.9150922883643,926.4050818549549,943.7033979076784,8800386
2020-11-02,943.967529296875,950.7018938272915,925.3046738944053,937.541147927628,7183119
2020-11-03,935.384521484375,950.2178993265372,930.938860301847,943.7035066133144,7204782
2020-11-04,963.0262451171875,982.4373486186341,939.1256375241331,940.1819787855746,15702690
2020-11-05,971.8734130859375,988.5994953763658,967.4718124831933,977.0673232893662,9568890
2020-11-06,979.5764770507812,986.927130538027,961.0456905553406,975.3949553558891,8807127
2020-11-09,1000.5280151367188,1008.8469984484382,986.9710619027226,994.1456933751558,10160320
2020-11-10,960.4736328125,980.5448738196894,948.9854083998871,980.5448738196894,15622869
2020-11-11,988.1595458984375,991.5487575926202,956.9081749591105,964.831057732461,12514800
2020-11-12,983.9778442382812,1005.3256078014916,980.4565636505353,993.0891362668831,9180976
2020-11-13,989.656005859375,997.4028672300158,983.3177428913748,985.95870370487,6363212
2020-11-14,997.798828125,1003.2568775156658,995.7300972707205,1000.9240076327739,1136144
2020-11-17,989.2158813476562,1007.9667467831207,979.4884064775566,1007.7466667074038,12813968
2020-11-18,977.6397094726562,997.1387172976902,969.6287091235797,993.4414151834775,9839468
2020-11-19,965.4912719726562,981.2929780941796,962.894370117912,968.3523128971251,10092343
2020-11-20,971.3013916015625,976.2752228404198,960.5174678145515,973.6342619129886,8063554
2020-11-23,1003.4329833984375,1007.7906329732384,970.0688254976338,972.753845158702,10546363
2020-11-24,1003.6090698242188,1016.6818030783726,997.7108601085507,1007.9666117552833,8515426
2020-11-25,982.1292724609375,1006.6461690339797,978.2558420105029,1000.9240876183953,8958701
2020-11-26,979.9725952148438,985.9147577263824,966.855907639641,985.9147577263824,10962256
2020-11-27,968.352294921875,986.8390205522016,960.4294125088778,984.1980597478693,25306145
2020-12-01,1001.6724243164062,1003.7852145126838,972.797983170525,972.797983170525,8933802
2020-12-02,1004.3575439453125,1010.1235779629529,986.8391468752237,998.2833118256054,6741637
2020-12-03,991.6369018554688,1009.7275296118999,988.3357002547323,1009.7275296118999,16212632
2020-12-04,998.8554077148438,1000.9241388403057,981.5570930579954,990.3602956863183,10564055
2020-12-07,1006.646240234375,1015.0092828948267,1000.0438381340183,1009.9915002829443,7792141
2020-12-08,1015.3173828125,1027.3337762375502,1007.9667298988817,1007.9667298988817,12308330
2020-12-09,1034.552490234375,1038.3379109356183,1018.5307019521072,1028.258285348404,10039346
2020-12-10,1027.9940185546875,1031.4272891775722,1012.3683334085982,1018.8827250462048,9488782
2020-12-11,1023.9885864257812,1031.6913894754193,1016.9900826393592,1020.9074652059261,10574009
2020-12-14,1025.177001953125,1032.2635155708274,1010.7836797307418,1029.4465337227045,6728187
2020-12-15,1016.4179077148438,1024.4288018261318,1014.1290961774737,1017.6503777614232,6905926
2020-12-16,1026.189208984375,1029.006298086756,1015.5373561102448,1021.1714268540456,7788404
2020-12-17,1020.4672241210938,1029.0063953013716,1017.8262632848994,1026.3654344651773,6658153
2020-12-18,1047.4052734375,1051.9828966141033,1034.9046590597186,1041.2869820726494,15995676
2020-12-21,1036.401123046875,1064.9674735459034,1014.1730356676362,1045.8205071895295,10858352
2020-12-22,1074.4310302734375,1077.3800820720362,1035.3447836733826,1040.5386954389212,10901851
2020-12-23,1103.0853271484375,1108.1911200982577,1083.2781216149863,1089.8364644627864,15878346
2020-12-24,1088.119873046875,1100.312286849666,1079.272611671543,1100.312286849666,7313885
2020-12-28,1091.861572265625,1098.639997212746,1088.0761510857003,1090.232893352239,4607051
2020-12-29,1100.6646728515625,1104.3179166547845,1087.1957273342005,1087.1957273342005,6878105
2020-12-30,1097.5833740234375,1103.305455874379,1089.968582068067,1103.041316804562,5194690
2020-12-31,1105.5062255859375,1107.7950367699373,1090.7168022322983,1094.2380832725962,7430470
2021-01-01,1109.599853515625,1114.0455147136158,1105.5064494461576,1107.355100874464,4253550
2021-01-04,1134.07275390625,1135.6133146043567,1110.2160925877665,1117.1265862270766,7208454
2021-01-05,1138.9586181640625,1143.5362414271035,1122.4526100603225,1128.5707940797126,8145280
2021-01-06,1128.6585693359375,1146.1769637767932,1116.2901343186134,1144.4163232794403,7161715
2021-01-07,1111.09619140625,1142.3475593355365,1105.2420404287118,1140.8950094747993,10954918
2021-01-08,1155.068359375,1159.2059296743757,1125.2695357392688,1125.2695357392688,13186251
2021-01-11,1211.49658203125,1217.7908927756303,1179.6290346758822,1181.4776855514658,20528626
2021-01-12,1207.579345703125,1213.0813474604747,1197.2355823993075,1213.0813474604747,8309868
2021-01-13,1221.1363525390625,1226.1101838358318,1197.2356343753304,1209.4280493067367,14442997
2021-01-14,1206.47900390625,1218.3633282789128,1160.6582880628148,1197.2356405052901,27521697
2021-01-15,1183.98681640625,1201.153063298787,1179.6292736409982,1197.235680710267,15018441
2021-01-18,1155.0242919921875,1179.629201379863,1149.6983111955979,1177.8685607807886,8861765
2021-01-19,1159.07373046875,1171.70630512877,1154.980219631064,1162.0227819458878,5585744
2021-01-20,1179.1448974609375,1187.0238280519566,1162.506930964582,1162.506930964582,8225838
2021-01-21,1179.364990234375,1198.1599134497121,1175.227528063781,1188.4323317498906,6142421
2021-01-22,1180.3773193359375,1193.714191865566,1167.7888049454957,1168.1849060513318,9646591
2021-01-25,1166.5125732421875,1186.583921909131,1155.8607175958405,1184.030971185381,6542611
2021-01-27,1145.296630859375,1168.6691761875868,1131.2995175680549,1161.6705658114433,8133665
2021-01-28,1123.4647216796875,1141.291207719844,1120.251638559747,1137.1978043016243,4660690
2021-01-29,1090.760986328125,1136.6256556459916,1083.6743644373792,1132.3120643847108,12183519
2021-02-01,1109.995849609375,1125.005245731887,1092.4774547493232,1100.8845563097436,8880279
2021-02-02,1119.107177734375,1139.4866141052723,1112.3727059690884,1126.8099803343166,6892490
2021-02-03,1130.9034423828125,1147.937617904773,1120.6476898717608,1124.7412005689066,8182968
2021-02-04,1126.2376708984375,1138.6062131817557,1119.8113976609816,1131.2115017172475,5032240
2021-02-05,1119.8553466796875,1134.5127000483542,1110.9641338203862,1132.4439689934175,5477481
2021-02-08,1147.5416259765625,1153.2196492039,1122.8485973737208,1131.6518008027583,6921922
2021-02-09,1149.30224609375,1172.5866757624497,1142.5237150981163,1150.4906570432056,7965949
2021-02-10,1141.33544921875,1148.2459431730363,1129.979294062902,1140.7192678958165,5951207
2021-02-11,1137.946044921875,1140.8950964026346,1129.494991625902,1134.7328543695958,4673317
2021-02-12,1153.0435791015625,1165.324004378613,1145.780936581356,1148.8179986508705,5797875
2021-02-15,1152.911376953125,1169.4173807823101,1150.6665174479708,1162.0226695746428,4363513
2021-02-16,1135.9652099609375,1161.8025863930768,1132.0917795806,1156.7407452324326,6896421
2021-02-17,1127.9544677734375,1139.574653000407,1122.4084067790798,1135.9653611845283,4575741
2021-02-18,1137.7698974609375,1149.6982801822862,1122.4083516327833,1123.2886719085736,6437551
2021-02-19,1136.7578125,1143.9763970305332,1123.9931662845765,1140.9832860809256,5389696
2021-02-22,1113.78125,1151.9432226672286,1109.2036272212563,1140.0148390885133,7371303
2021-02-23,1114.79345703125,1136.4933713221178,1107.0467037947092,1119.0190369500622,6612942
2021-02-24,1121.7921142578125,1123.8167863141757,1102.1609301061992,1109.247550955885,4537258
2021-02-25,1122.0123291015625,1144.196358621312,1119.767469256633,1134.2486958235556,8788221
2021-02-26,1103.305419921875,1121.792145299428,1095.7786387480553,1117.1264049578488,15132388
2021-03-01,1115.365966796875,1130.771574073075,1108.3234034706122,1112.1088242428739,5756286
2021-03-02,1148.3778076171875,1153.2195691671259,1126.1056615030825,1128.7906813469826,10461434
2021-03-03,1182.75439453125,1185.7914566139111,1151.458964551593,1161.3185090312531,9056399
2021-03-04,1171.13427734375,1200.6250121210674,1167.2168943651895,1175.227788887128,12041941
2021-03-05,1159.117919921875,1179.6294298582864,1148.8622724146642,1169.5057444527863,6486176
2021-03-08,1175.887939453125,1184.999233830919,1159.5579535326617,1166.2484743431805,5119392
2021-03-09,1184.5150146484375,1188.8284981205222,1160.9223877834072,1170.3858309444852,6518173
2021-03-10,1204.4102783203125,1209.5601307472373,1192.8340445141969,1194.5066746296966,7925984
2021-03-12,1210.308349609375,1225.1417252536396,1206.0828766227546,1208.6797785376261,9462061
2021-03-15,1209.207763671875,1214.7538237256626,1195.9149506008914,1206.0386325529785,6658635
2021-03-16,1218.36328125,1237.7303276282514,1215.2821602352783,1220.1679808287263,9352771
2021-03-17,1221.0042724609375,1232.4484365142844,1216.602670901958,1225.625954097866,7626744
2021-03-18,1177.076171875,1226.946334982818,1156.300635695018,1226.946334982818,10961755
2021-03-19,1183.546630859375,1193.0100744562515,1160.2622009937772,1170.826045008895,12767112
2021-03-22,1206.7430419921875,1211.320664308968,1176.1958648328152,1188.5203483359587,4862758
2021-03-23,1207.4033203125,1217.703024581029,1196.883428513493,1208.1955225939473,7165335
2021-03-24,1191.733642578125,1206.4349490534235,1185.1312401261687,1195.3429344263322,6134303
2021-03-25,1174.1712646484375,1190.6332113514952,1168.713214286175,1185.5713696026812,8749994
2021-03-26,1176.283935546875,1194.3305015997794,1172.586633291157,1183.7666580566158,4922071
2021-03-30,1219.5078125,1232.4484785402813,1176.240046207622,1185.7034898821278,10546381
2021-03-31,1204.322265625,1221.8846131538799,1200.1407440742212,1216.6026911950014,8220987
2021-04-01,1219.4195556640625,1225.0536267024227,1206.919051217892,1214.841933392189,5675155
2021-04-05,1241.16357421875,1254.4563888469693,1221.004218477717,1224.5254995692171,9479572
2021-04-06,1242.1761474609375,1255.3368944995218,1238.1265876389239,1252.6959332908973,5793571
2021-04-07,1259.033935546875,1263.2154565915005,1238.258399848928,1241.4715901438333,5879234
2021-04-08,1267.529052734375,1277.9608258941146,1250.9350380080934,1258.857920022219,5654434
2021-04-09,1268.5855712890625,1280.8659961023566,1258.9020482944743,1280.8659961023566,6052712
2021-04-12,1255.11669921875,1300.717334887364,1245.6532557562905,1297.5921547595563,20384532
2021-04-13,1229.9395751953125,1263.4797584027474,1210.4404583199982,1261.4990376527692,14855206
2021-04-15,1197.89599609375,1202.8698278949166,1162.022939440566,1172.8509234515661,25342491
2021-04-16,1191.733642578125,1206.78709867639,1185.4393307483979,1201.6372462560596,10879878
2021-04-19,1199.48046875,1214.577875938815,1172.8947311912377,1179.6292029840504,12508028
2021-04-20,1189.6209716796875,1213.9618526540346,1181.7421469474377,1213.9618526540346,8560766
2021-04-22,1189.400634765625,1201.4610863273435,1184.1627724101147,1193.3181242443113,6622446
2021-04-23,1174.1712646484375,1187.0239195967097,1171.7063248124512,1182.2701684621502,7316262
2021-04-26,1182.75439453125,1189.576876928249,1162.9031285723656,1172.8067320518805,7088606
2021-04-27,1187.1119384765625,1191.073379873036,1179.7612853775233,1184.911137700744,3636115
2021-04-28,1193.71435546875,1196.7954765927475,1183.6786823155342,1195.4749961110342,4879234
2021-04-29,1194.0224609375,1205.1585346306288,1189.6649182780477,1204.278214298539,5412357
2021-04-30,1192.26171875,1209.4720227612527,1184.8230555616503,1185.1752051566957,8354677
2021-05-03,1190.237060546875,1198.1158839558777,1177.8685178052642,1180.3334575384226,4560337
2021-05-04,1170.2979736328125,1192.7900956141655,1165.632232479059,1191.9538342097132,4887060
2021-05-05,1180.949462890625,1183.062252710015,1168.8891200072455,1180.597313343901,3939788
2021-05-06,1198.6444091796875,1201.3733813237113,1177.3406953909832,1184.0311099101714,4810090
2021-05-07,1190.67724609375,1208.7238119609947,1187.1119059502223,1201.90132974289,4991435
2021-05-10,1179.23291015625,1190.9851627686044,1175.2714694468525,1188.3001433034078,7195348
2021-05-11,1171.398193359375,1180.5094866973957,1166.5123728573353,1176.900195068442,6420988
2021-05-12,1168.18505859375,1170.826019540081,1157.1810546507043,1170.826019540081,5241898
2021-05-14,1158.853515625,1168.052818594496,1154.3639041636238,1168.052818594496,4824609
2021-05-17,1170.2979736328125,1175.1836874279068,1162.2870794002622,1162.2870794002622,5017129
2021-05-18,1179.6290283203125,1183.678479611907,1170.3856665312355,1177.868387979536,5620150
2021-05-19,1176.98828125,1194.9907890147208,1173.6870800123877,1181.3898829001496,4435878
2021-05-20,1179.0128173828125,1187.6398903579711,1175.227397761446,1187.0237092386583,4490092
2021-05-21,1192.393798828125,1195.0347596228717,1185.2191671768692,1186.2315569737161,4969733
2021-05-24,1186.7159423828125,1199.8766892029557,1184.1189327608447,1194.2866762296803,4225371
2021-05-25,1198.6444091796875,1204.2784820498991,1192.3500959136152,1195.4752767717566,4099340
2021-05-26,1230.0272216796875,1232.4481018798085,1199.0399981025166,1204.1898490360395,6850024
2021-05-27,1234.4290771484375,1246.7535607141913,1225.141655477,1236.1456586607087,15365391
2021-05-28,1236.8941650390625,1244.7729892781776,1229.015233338966,1241.0316277474617,4261312
2021-05-31,1240.1864013671875,1247.0825051236686,1230.6208380920684,1247.0825051236686,4429904
2021-06-01,1234.358154296875,1246.6377126880795,1226.7502591241341,1245.7478927646762,4791325
2021-06-02,1226.7501220703125,1238.584660557052,1214.6040597487086,1228.6187219765782,9272276
2021-06-03,1236.5382080078125,1244.858002094692,1225.3264993342227,1235.1589437566838,5115645
2021-06-04,1232.97900390625,1242.9894780877164,1225.8604444883183,1240.3644441299962,4194328
2021-06-07,1236.5382080078125,1238.6292629848542,1225.5489543024312,1237.7394431120204,5154576
2021-06-08,1257.2708740234375,1265.1013319051262,1241.7880960173904,1242.1884714890496,7360630
2021-06-09,1259.3619384765625,1267.9931466228882,1249.8408019576455,1257.671259223617,5394317
2021-06-10,1267.370361328125,1271.552470863138,1262.6542730264473,1267.1033719447926,3496575
2021-06-11,1287.4803466796875,1291.6624564744493,1271.952925317914,1272.531329937339,6140828
2021-06-14,1300.738525390625,1314.26374184493,1293.3084437450773,1308.9248234623508,7132294
2021-06-15,1311.5054931640625,1313.3740931171444,1301.806435115435,1302.6962549617203,5403104
2021-06-16,1317.4671630859375,1325.3420465256531,1305.8105455279979,1310.4375650008872,7661710
2021-06-17,1330.5474853515625,1337.0876386411505,1312.5730616381588,1312.5730616381588,7677951
2021-06-18,1337.666259765625,1348.7890081884066,1323.518102047729,1342.7381895981773,13533974
2021-06-21,1334.99658203125,1339.8905905376864,1320.67039750686,1328.500854565387,5454052
2021-06-22,1345.27392578125,1353.8161733934135,1336.598183486593,1343.3607916536985,6427862
2021-06-23,1337.53271484375,1356.975256632698,1333.528525561883,1356.975256632698,5529809
2021-06-24,1387.4072265625,1395.9050505575603,1344.6958688402606,1349.8568680132712,10785137
2021-06-25,1400.75439453125,1404.1357534821677,1372.9920580627281,1398.7968342674067,9780240
2021-06-28,1398.618896484375,1406.0488705757884,1388.6528489007708,1399.5976766042195,5019178
2021-06-29,1390.8330078125,1400.2650768226906,1387.407114375736,1389.0088336090437,5913567
2021-06-30,1406.6273193359375,1415.703438725539,1398.84139533289,1398.84139533289,6058722
2021-07-01,1388.474853515625,1403.1123459447122,1387.27361849601,1403.1123459447122,4814317
2021-07-02,1395.0596923828125,1396.5278083315611,1372.636165574309,1387.1846993165,5166064
2021-07-05,1404.98095703125,1410.3644103739707,1389.053269198572,1396.2607879943475,4058338
2021-07-06,1390.07666015625,1411.921783026772,1385.5386002081234,1400.309589417197,4089574
2021-07-07,1392.2122802734375,1397.506774179586,1374.460415614269,1393.5025843809224,4797120
2021-07-08,1388.7862548828125,1402.356006852675,1378.3308722175086,1395.2374484422553,3326813
2021-07-09,1390.6993408203125,1396.928079212835,1380.110463828909,1384.5595626807105,3436594
2021-07-12,1377.3074951171875,1404.1355826311178,1364.7610582132302,1397.5064688609696,4588982
2021-07-13,1374.7271728515625,1384.9156755957686,1367.0303178269412,1384.9156755957686,4456160
2021-07-14,1403.156982421875,1408.406941407783,1368.6319278283077,1382.7800855630126,5657716
2021-07-15,1406.6273193359375,1420.9088633348867,1384.5597427133494,1386.2504222209864,10021355
2021-07-16,1384.0701904296875,1401.1547960825774,1378.8647662261394,1400.3539365234356,6265593
2021-07-19,1371.8350830078125,1381.801129510059,1368.1424178936406,1374.5045422926073,5669162
2021-07-20,1379.2652587890625,1386.072293532128,1368.5428864837877,1368.8098758786696,5069939
2021-07-22,1414.991455078125,1417.3494993598415,1389.3647090584504,1389.3647090584504,7854575
2021-07-23,1415.214111328125,1422.3772054512997,1410.4091704426617,1413.523540301329,4179719
2021-07-26,1427.1820068359375,1434.0781103240706,1418.4617292994851,1418.4617292994851,4586710
2021-07-27,1425.980712890625,1431.9869963256106,1421.8430292446305,1428.1607278743518,5892859
2021-07-28,1428.694580078125,1430.474219592079,1410.8092246870028,1428.2496701996365,4686788
2021-07-29,1438.838623046875,1441.5080824588358,1423.8006466353795,1423.8006466353795,4660873
2021-07-30,1433.0548095703125,1444.5335068880067,1429.184115105897,1432.6098996635847,6234257
2021-08-02,1451.78564453125,1454.6330246516857,1440.796282299438,1448.1372961874185,5553389
2021-08-03,1472.829833984375,1475.89977776786,1455.3893859177253,1465.5333543568822,5513668
2021-08-04,1467.535400390625,1494.8084007547138,1458.4592812898322,1485.198302842802,6740391
2021-08-05,1471.3616943359375,1482.4399083057124,1465.5778651618755,1467.7578804023244,5420536
2021-08-06,1468.380615234375,1477.6792974732823,1462.8637758297223,1474.431433424483,3754855
2021-08-09,1480.0374755859375,1483.73014125567,1464.999497628351,1477.9908463781162,5018477
2021-08-10,1492.450439453125,1494.897444198092,1478.035400403738,1484.2196053109628,6846517
2021-08-11,1492.717041015625,1498.4563344779585,1484.2192196610658,1490.2700369064714,4899639
2021-08-12,1503.439697265625,1509.5794763648796,1489.5585284024805,1494.1411226602154,5659579
2021-08-13,1523.54931640625,1532.7145031826544,1504.9521707241793,1510.024099797367,5612790
2021-08-16,1516.6090087890625,1530.44564260102,1503.8845411944826,1519.5453491889418,4564109
2021-08-17,1549.754638671875,1556.205832064848,1500.7255906093967,1516.1639420394988,9510390
2021-08-18,1542.4581298828125,1562.078700442846,1536.7188354684106,1538.4984751157394,6686090
2021-08-20,1542.0133056640625,1552.735678583318,1527.0198625262155,1527.0198625262155,6206972
2021-08-23,1547.17431640625,1559.9877444028339,1541.1680322160316,1544.504856766153,6189051
2021-08-24,1531.2464599609375,1563.4134691115678,1523.9944064933602,1557.1847301908044,7602939
2021-08-25,1544.326904296875,1554.4263380022362,1528.7105222770665,1528.7105222770665,6153253
2021-08-26,1537.3416748046875,1553.6254211203336,1530.4901055710045,1542.9475831744894,5302248
2021-08-27,1520.5240478515625,1537.3415544026807,1517.3206098222295,1534.939084501257,6698514
2021-08-30,1510.958740234375,1529.289008639401,1504.1515962050153,1515.407839780284,6559667
2021-08-31,1518.4329833984375,1526.0409862826573,1500.1027168908208,1512.8271837232185,12255438
2021-09-01,1492.8951416015625,1521.1469197245544,1488.8019923220322,1521.1469197245544,7801974
2021-09-02,1502.9947509765625,1507.6218795661478,1479.4590583890802,1492.539367293398,6830050
2021-09-03,1513.2720947265625,1517.988074588119,1498.8125226886418,1509.1789452891753,5339139
2021-09-06,1539.744140625,1541.1678305226144,1512.1151935175735,1517.276191594575,4876026
2021-09-07,1518.611083984375,1543.748494999435,1516.2530396340658,1539.3883559665105,3520341
2021-09-08,1506.6875,1513.450109310874,1497.522311859604,1513.450109310874,4584896
2021-09-09,1505.2191162109375,1508.155564929437,1496.8103627488554,1500.1471869196148,3331674
2021-09-13,1505.486083984375,1514.028332014795,1490.6260287182015,1497.5666663419925,4662374
2021-09-14,1500.369873046875,1509.0900430510817,1493.651689233019,1509.0900430510817,4945167
2021-09-15,1522.8819580078125,1526.1298217987796,1503.973288440521,1506.6872821089974,4062344
2021-09-16,1514.69580078125,1529.8227378429513,1505.0857031997,1526.2189240947241,3246568
2021-09-17,1504.952392578125,1528.7105397062314,1498.8570395600073,1510.0243223989958,7454864
2021-09-20,1501.88232421875,1519.5452254836232,1493.0730864950874,1499.3463595187543,5660743
2021-09-21,1529.1107177734375,1536.4962652038262,1499.0348751630181,1512.6935867071113,4672222
2021-09-22,1527.7318115234375,1547.307849368149,1524.3060266247317,1527.820771789522,4553892
2021-09-23,1550.5555419921875,1552.7355570624668,1531.4688420353173,1541.1678996173023,3826090
2021-09-24,1569.5086669921875,1590.9978373584784,1559.3646993251812,1564.3032427719265,8280446
2021-09-27,1531.5133056640625,1574.0911595675952,1528.7993119407154,1573.868704627012,5045337
2021-09-28,1501.2152099609375,1521.5921084591596,1490.4484103328025,1521.5921084591596,6557197
2021-09-29,1505.7977294921875,1513.939603321405,1472.6519381353644,1476.4336727196999,7792548
2021-09-30,1490.6260986328125,1515.3631327387895,1486.088039336983,1515.3631327387895,6914031
2021-10-01,1481.6834716796875,1493.9629198300943,1478.2131527121837,1481.638937241155,5733906
2021-10-04,1493.7850341796875,1502.0158675772525,1481.9059612165079,1488.223660262414,2947154
2021-10-05,1506.287109375,1515.3186940990138,1479.7704339769668,1486.8889928896642,4373310
2021-10-06,1489.157958984375,1520.702027218349,1485.9990552689544,1514.562248918571,4271698
2021-10-07,1504.6851806640625,1516.4307577863626,1491.9162891164272,1501.125901703296,5476108
2021-10-08,1533.9158935546875,1540.7230369842214,1511.2700223097372,1517.3652664264184,4738376
2021-10-11,1504.6407470703125,1539.3882537018142,1480.3931575250094,1496.6769033100875,8840633
2021-10-12,1499.4798583984375,1502.9056429059303,1478.8805082946456,1492.227805300915,7439300
2021-10-13,1520.8800048828125,1524.839768285372,1494.9418438218438,1509.089892174887,7104171
2021-10-14,1526.70849609375,1587.082754690168,1511.0921133732145,1560.7441073282457,19655776
2021-10-18,1594.6904296875,1600.7856730330225,1548.2863096595104,1548.2863096595104,13438109
2021-10-19,1621.3851318359375,1632.3743843811635,1585.9258353711248,1614.133078913835,10324260
2021-10-20,1603.766845703125,1644.3871451191753,1596.381405840583,1627.8365170060551,5876115
2021-10-21,1560.4324951171875,1614.133097673442,1554.3816771021532,1614.133097673442,8779629
2021-10-22,1530.312255859375,1568.9303513205284,1518.9225180752499,1557.095812221997,7369809
2021-10-25,1519.4119873046875,1539.1659452933711,1501.3040657577042,1532.3143756306038,5905209
2021-10-26,1529.421142578125,1549.9786248274681,1522.419103935256,1535.1216613849867,5871709
2021-10-27,1552.08837890625,1556.7565147555208,1527.1322237405088,1534.2689409244713,5090259
2021-10-28,1529.6009521484375,1548.318096377301,1518.9631602125999,1543.4704630848398,5329972
2021-10-29,1497.148681640625,1537.4107603815037,1491.1340972820406,1525.2019847743497,5875091
2021-11-01,1526.1446533203125,1532.5631615525838,1504.5547869181817,1505.901345498359,3636806
2021-11-02,1524.214599609375,1531.8899179452385,1513.8460544672046,1521.6112310437475,3471772
2021-11-03,1528.343994140625,1541.7646508726255,1525.2020241086177,1534.179081342924,3530713
2021-11-04,1533.9097900390625,1541.3607916889025,1530.5883225565397,1539.565380166842,483407
2021-11-08,1559.763671875,1562.9056418615107,1528.792824865108,1553.0308790467627,5245903
2021-11-09,1564.2520751953125,1570.9848674845318,1549.4399321590297,1557.2948564964524,4016134
2021-11-10,1562.142578125,1571.83773382555,1545.8042688196354,1549.4400206968505,4780368
2021-11-11,1555.993408203125,1561.7835664122908,1534.179114814545,1555.679123526493,4731349
2021-11-12,1598.0955810546875,1600.4745229836617,1560.257374940205,1564.7009741488232,5069009
2021-11-15,1604.3349609375,1615.8704586842389,1593.8766663299257,1599.801502761789,4354074
2021-11-16,1608.9580078125,1623.9047204027208,1595.2230664459416,1606.8932408206165,6034233
2021-11-17,1604.6041259765625,1617.665788691909,1598.544612062206,1609.1825130450993,4732492
2021-11-18,1597.3775634765625,1606.3994401188306,1579.0643450623231,1599.352472206742,4326924
2021-11-22,1579.4234619140625,1602.7638105783417,1572.017389741743,1601.5070006566984,6621839
2021-11-23,1559.22509765625,1568.5163300051972,1535.0767917063313,1557.6091835159034,8436160
2021-11-24,1522.5087890625,1562.4566906623122,1515.3271438310733,1562.007837835348,7333061
2021-11-25,1546.2086181640625,1549.6198347328273,1523.3619379375202,1526.0999846845134,4476260
2021-11-26,1518.60400390625,1542.5727043871634,1511.7365327759849,1528.3890188200792,4494181
2021-11-29,1522.822998046875,1536.8721137604516,1498.4054475493863,1518.020294608016,3942776
2021-11-30,1537.455810546875,1552.9412350958905,1526.1447397494564,1530.1844157187647,14808963
2021-12-01,1539.4754638671875,1563.7135167756164,1537.7698011903226,1539.5652125168729,5193264
2021-12-02,1569.4141845703125,1571.4340226456925,1536.2888182174336,1539.5654663452515,5559574
2021-12-03,1558.0133056640625,1603.8860489685592,1555.3201883320971,1589.926680297916,6754012
2021-12-06,1521.8807373046875,1556.5769799646932,1518.469411317681,1553.0310857697832,3991449
2021-12-07,1536.55810546875,1548.452706939299,1520.7135766875624,1527.0872657475893,4202122
2021-12-08,1573.992431640625,1579.782699760564,1555.3650364192983,1555.724140653463,3029169
2021-12-09,1583.0592041015625,1588.4006192094105,1563.8034590731309,1579.0644572385977,2082171
2021-12-10,1579.2889404296875,1583.328616559819,1567.3943384909674,1579.9622197847095,1823469
2021-12-13,1566.182373046875,1590.1510729588513,1560.930816277759,1586.2910039483113,4040584
2021-12-14,1572.9151611328125,1582.6552466615897,1535.3910167263787,1553.8389138318717,4768144
2021-12-15,1556.80126953125,1569.144723607344,1545.1310947683974,1566.4965354752162,3053149
2021-12-16,1590.3756103515625,1595.761845276833,1578.166833104262,1582.3411870879927,4481031
2021-12-17,1634.58740234375,1653.5738998202182,1621.9297738871765,1633.8243744151991,18887243
2021-12-20,1614.883056640625,1642.4875112060606,1604.4696908187657,1617.3965672413594,5773891
2021-12-21,1626.2838134765625,1649.98326863144,1616.7681538657364,1616.7681538657364,5353584
2021-12-22,1638.043701171875,1642.0385576629037,1626.9570566497555,1638.3130567405199,4156428
2021-12-23,1667.5780029296875,1671.1688255499423,1640.1082318013803,1643.9234808354008,4112933
2021-12-24,1672.8746337890625,1683.871529020571,1664.346429323811,1681.357909134367,3780347
2021-12-27,1675.2537841796875,1682.749606067074,1656.3122127711727,1669.7328713175555,2647733
2021-12-28,1694.8685302734375,1701.9604279258667,1686.2505766124211,1688.3152341779669,3340933
2021-12-29,1692.669189453125,1700.0752621912457,1684.4551595905639,1690.828848757635,3236635
2021-12-30,1699.222412109375,1714.438591263301,1682.6148547067908,1691.726590549719,4584738
2021-12-31,1694.64404296875,1704.1597020773836,1680.191002196057,1696.6638809222288,4619420
2022-01-03,1704.249267578125,1718.253563550426,1694.6438608427336,1694.6438608427336,3329616
2022-01-04,1704.8779296875,1711.6107229414722,1685.8914307946536,1704.2494699005285,3921999
2022-01-05,1655.952880859375,1708.244239129732,1651.7785273383165,1705.6408706210877,6995719
2022-01-06,1631.849609375,1641.0061644901782,1615.8704026708538,1641.0061644901782,6449205
2022-01-07,1628.70751953125,1648.1876896772642,1621.9747266812612,1629.739793435008,4834389
2022-01-10,1661.4288330078125,1678.6199191698154,1627.5404426546881,1629.3358540641252,7857560
2022-01-11,1665.7828369140625,1678.7098221671822,1660.890384206812,1665.2442353583547,5142287
2022-01-12,1685.3975830078125,1695.7661280475315,1669.7326618149332,1677.7222647477881,5362535
2022-01-13,1702.7681884765625,1716.8621239088293,1675.4329845969487,1710.1293312660496,14277630
2022-01-14,1731.9886474609375,1735.2652955175927,1688.5845943448485,1689.482300136632,7688506
2022-01-17,1741.100341796875,1754.0273268080673,1733.0209898627827,1740.2475651482325,5262464
2022-01-18,1724.268310546875,1746.0376748737065,1715.9196032810285,1725.48019138657,3690315
2022-01-19,1676.0616455078125,1720.0043002642583,1672.2912154253556,1720.0043002642583,5747770
2022-01-20,1637.1458740234375,1658.9601668033267,1629.7847309693936,1655.369343931458,5533463
2022-01-21,1603.0328369140625,1623.0517155127945,1594.3251364771697,1611.3815427795719,8252758
2022-01-24,1559.1353759765625,1587.7272819323061,1551.2355216165236,1584.450634058544,7116712
2022-01-25,1545.98388671875,1562.0079114802231,1526.5485364782296,1549.9786332337899,9137653
2022-01-27,1506.888916015625,1534.807544146456,1494.6801391976826,1527.8952534020755,11231734
2022-01-28,1513.71142578125,1550.8316470432278,1507.6968409545839,1509.0433996097977,10998502
2022-01-31,1558.5965576171875,1570.5360869932047,1539.8794161078179,1542.2583580762077,8788872
2022-02-01,1590.779541015625,1597.9162579975496,1557.2501431039855,1585.4381259763172,5119935
2022-02-02,1604.2899169921875,1609.4069054950608,1590.7345821422696,1605.9955798264787,4253717
2022-02-03,1560.7064208984375,1597.0185757090092,1556.6218157838234,1597.0185757090092,3832922
2022-02-04,1562.9954833984375,1574.530980546349,1535.2115338427761,1554.826382864696,4700077
2022-02-07,1539.5654296875,1554.8264281158893,1521.9704181220025,1546.0288675415272,4310209
2022-02-08,1541.630126953125,1548.5424173887602,1522.5089506616448,1535.0768311505972,6053401
2022-02-09,1559.584228515625,1564.701107408803,1548.5424040620683,1557.5194614769207,3867244
2022-02-10,1588.5799560546875,1592.4401343281156,1569.8628144650563,1576.0570055996025,4334630
2022-02-11,1545.265869140625,1567.3494100787207,1537.770047567958,1562.0081043597472,7551371
2022-02-14,1510.12060546875,1542.7522979398288,1506.5747115034765,1517.1227543219873,7459637
2022-02-15,1560.43701171875,1568.0675105535606,1517.5266332614685,1525.2020612168308,4669915
2022-02-16,1555.993408203125,1575.8775027443555,1550.2031404107388,1560.4370077977667,5350642
2022-02-17,1548.363037109375,1570.0874740490895,1544.3233609325764,1565.5989449637575,3937950
2022-02-18,1532.3387451171875,1546.2981129893628,1529.2417041958663,1535.076791414694,5602215
2022-02-21,1553.6591796875,1559.584124854063,1518.4691607935565,1526.9973647708184,5120890
2022-02-22,1556.935791015625,1571.8826121857755,1518.065201649821,1526.0098748318906,8878515
2022-02-23,1564.56640625,1578.3910963789203,1556.083130953027,1570.9850241223437,5478811
2022-02-24,1506.48486328125,1539.5203677498448,1499.6173926642882,1517.212402711859,13592379
2022-02-25,1521.252197265625,1551.3702701049137,1505.4525974086314,1539.5654171471692,9737281
2022-02-28,1540.1038818359375,1551.2803835859368,1494.6799951900482,1510.1204894452117,15076542
2022-03-02,1528.6134033203125,1539.0267681608032,1518.0204315789038,1535.0768409224868,6771489
2022-03-03,1544.81689453125,1556.5319982242845,1531.0820625145825,1544.2333638859598,7344147
2022-03-04,1547.0164794921875,1558.417299543807,1509.0434795697809,1521.835787472142,9074499
2022-03-07,1561.8731689453125,1571.88260896013,1522.508797713524,1523.4065033725533,9742588
2022-03-08,1596.30029296875,1615.8703218106334,1542.6623753419804,1542.6623753419804,10984500
2022-03-09,1627.8544921875,1644.2376200350752,1607.7907931510836,1607.7907931510836,10193515
2022-03-10,1639.1209716796875,1656.042703365668,1625.0269254755779,1656.042703365668,6547182
2022-03-11,1635.619873046875,1644.058328995704,1625.7451098177226,1628.438227062037,4758657
2022-03-14,1697.292236328125,1701.1524149287986,1644.1930282991682,1644.1930282991682,10289724
2022-03-15,1651.1502685546875,1695.1826708755325,1642.8015610504856,1695.1826708755325,7140443
2022-03-16,1696.1251220703125,1700.209617136358,1659.857790930526,1674.2210817119692,5233979
2022-03-17,1664.885009765625,1726.5574586044008,1645.5395172103943,1726.5574586044008,17731459
2022-03-21,1663.4937744140625,1693.8810937888873,1652.766124367728,1670.6304916817223,8362085
2022-03-22,1694.3299560546875,1696.663969227985,1650.8809732329441,1660.755737075012,5709382
2022-03-23,1680.864013671875,1705.6406667031322,1667.039325298798,1702.9475498609693,6192824
2022-03-24,1693.7015380859375,1700.7934360280046,1666.2766908514945,1666.2766908514945,3784303
2022-03-25,1684.58984375,1700.2547659493473,1667.937357515252,1698.4593543696753,3438588
2022-03-28,1682.2109375,1688.494878163367,1663.1346890576358,1675.11903969184,4008555
2022-03-29,1693.072998046875,1696.125219429775,1670.2264311695085,1682.2107806865477,3917785
2022-03-30,1709.1868896484375,1722.6974055786316,1701.1524666865591,1714.6180534941045,7795839
2022-03-31,1711.790283203125,1717.3111957910278,1700.4342829138939,1705.6410203883704,5399145
2022-04-01,1708.8277587890625,1714.8872723694526,1686.1606894698257,1693.8360075883895,6171518
2022-04-04,1690.3350830078125,1699.3570700816317,1681.4029541800826,1696.43952624763,7364074
2022-04-05,1670.7200927734375,1696.3047057811573,1667.1741990144267,1691.0980783575872,5472024
2022-04-06,1641.76904296875,1667.488333118964,1635.7544586287402,1665.244068875197,5407453
2022-04-07,1625.7449951171875,1641.1406695276235,1622.6479543380187,1634.7669810824043,5797544
2022-04-08,1628.9766845703125,1649.9830191353592,1623.0518490733023,1636.5174341043307,5131446
2022-04-11,1585.8421630859375,1628.4382578043667,1582.2513400257294,1628.4382578043667,8248407
2022-04-12,1564.207275390625,1577.7177902011679,1551.0110452461267,1577.7177902011679,6456184
2022-04-13,1569.683349609375,1577.7177718117732,1554.8262764028398,1575.4285784375936,6257693
2022-04-18,1455.5400390625,1481.2144000805872,1427.352058259475,1441.266496563262,30523965
2022-04-19,1402.2164306640625,1469.2301891678217,1391.4439612863616,1469.2301891678217,17044923
2022-04-20,1425.2872314453125,1433.007587781904,1403.1139454937625,1413.8864134054227,10678747
2022-04-21,1453.2060546875,1460.7466950238763,1426.6788069866927,1431.8406148458548,7766514
2022-04-22,1423.2674560546875,1445.934524945016,1420.5295194238047,1440.2341156753782,8134245
2022-04-25,1401.4083251953125,1411.9115474766672,1395.1243853901856,1411.9115474766672,7000570
2022-04-26,1419.27294921875,1429.1477135713155,1406.3011435161732,1415.8616231545702,5345435
2022-04-27,1393.95751953125,1411.8667052446997,1391.7580747141747,1411.8667052446997,8819356
2022-04-28,1420.7093505859375,1437.9453697998335,1398.132025043332,1409.3982780418676,9245177
2022-04-29,1407.19873046875,1433.9054772566708,1401.1392164916588,1427.3521812703787,9831395
2022-05-02,1383.364501953125,1393.9125440673035,1374.387444834675,1392.2518104170338,7072627
2022-05-04,1378.4720458984375,1409.3979637538907,1373.6244131510482,1388.9751588651002,6220959
2022-05-05,1422.998046875,1426.8132956565494,1398.131536125333,1400.4656583406077,6144870
2022-05-06,1385.0252685546875,1402.0816774855332,1378.0232295856404,1391.4438864637286,6171472
2022-05-09,1409.7122802734375,1424.4796064245756,1366.4429045725087,1382.466931176316,6832202
2022-05-10,1394.136962890625,1408.6349319744825,1387.8979520606213,1398.6254914253664,6212545
2022-05-11,1370.5721435546875,1391.3988714459604,1356.9718806196374,1391.3988714459604,7846080
2022-05-12,1354.4586181640625,1371.2456735751925,1350.4189418752976,1359.1266447088979,7034979
2022-05-13,1350.5084228515625,1372.8163866855402,1344.8528333350223,1363.8842591619366,6723761
2022-05-16,1336.7735595703125,1357.196364606125,1327.3925786728635,1355.5356309484275,6145331
2022-05-17,1363.1212158203125,1369.0012321589384,1329.4124315587235,1341.9803117228055,6516378
2022-05-18,1354.8173828125,1391.1744632386558,1351.3164182898859,1366.30805947183,6594126
2022-05-19,1281.1607666015625,1332.8236661016863,1272.6325620859147,1329.502198702564,16561140
2022-05-20,1306.2965087890625,1316.709873291496,1298.7108296562692,1304.3664195619865,10488908
2022-05-23,1318.1910400390625,1335.7860494185243,1301.7181627575667,1306.251510683421,5887569
2022-05-24,1293.59423828125,1319.2237862803554,1288.4324292110784,1318.3708999014248,5693167
2022-05-25,1266.1689453125,1294.940456480411,1256.1146854282254,1288.207663812402,9630092
2022-05-26,1278.2880859375,1283.7192496732532,1263.1169461079405,1272.946780445226,13040065
2022-05-27,1311.8623046875,1316.934364203155,1290.362295335605,1296.2422023774436,8284860
2022-05-30,1370.6171875,1373.4898020762826,1333.093043191686,1334.888454697668,10904213
2022-05-31,1364.08544921875,1377.149338611248,1350.0690526193273,1370.5266393915629,16033857
2022-06-01,1341.3594970703125,1374.2005553330084,1335.5079082065708,1372.612932971673,8738508
2022-06-02,1368.076904296875,1373.3840770354834,1338.6831873873698,1346.303797066686,7205840
2022-06-03,1380.5057373046875,1410.715969239275,1377.1490940869578,1383.408884845195,9395707
2022-06-06,1388.0810546875,1394.0232323627165,1354.4687745578685,1375.334669946235,6624883
2022-06-07,1366.8975830078125,1378.8274543628195,1363.1780324002411,1378.8274543628195,4904592
2022-06-08,1360.8193359375,1379.1449920306206,1353.5616328125,1379.1449920306206,4697608
2022-06-09,1374.427490234375,1376.196511023312,1344.0358592621958,1347.2111042891397,4361061
2022-06-10,1339.7718505859375,1355.3304608518883,1336.8687033026622,1348.208862822303,6516436
2022-06-13,1292.32470703125,1309.6524503470807,1280.712338233923,1309.6524503470807,6987685
2022-06-14,1306.8856201171875,1314.4608258731198,1272.9558346588265,1279.1702210306835,6090247
2022-06-15,1290.238037109375,1312.1926539494157,1287.1988962903904,1306.5678679807882,4651958
2022-06-16,1267.5577392578125,1309.7885413741665,1262.8402767742612,1304.5720675297325,6641772
2022-06-17,1258.576416015625,1267.3309313181774,1240.2960551585052,1261.9784641623437,9692047
2022-06-20,1282.9351806640625,1290.3742823551895,1253.7682629623148,1261.0713713096377,4595194
2022-06-21,1315.3677978515625,1320.9017735176885,1290.7369493628373,1291.8709653085084,6270787
2022-06-22,1303.8917236328125,1324.167909536378,1301.850494634257,1302.8031124644206,6253366
2022-06-23,1317.6812744140625,1322.7163500853471,1300.036028581826,1306.2051203282867,6254281
2022-06-24,1307.3843994140625,1331.334840499222,1296.3164470818606,1322.716318533469,6114340
2022-06-27,1337.77587890625,1346.3037007769008,1329.2027628450262,1331.833701929255,4511097
2022-06-28,1342.81103515625,1350.1594366168376,1318.1801857243508,1332.6955903847702,4412178
2022-06-29,1327.4791259765625,1339.9533019425135,1321.8090459920393,1328.794540235472,5060038
2022-06-30,1326.25439453125,1344.489349388375,1319.994604156603,1329.1121369570396,9165177
2022-07-01,1342.130615234375,1347.2109846776757,1308.518337278756,1319.087388364539,4651635
2022-07-04,1349.932861328125,1353.788516341999,1326.3453247726604,1342.9019610087078,4800224
2022-07-05,1339.000732421875,1369.8459686483452,1335.4172860401247,1359.7306341867263,7379669
2022-07-06,1353.2440185546875,1360.8192234162877,1333.602838947962,1344.6707910009138,5209162
2022-07-07,1359.6397705078125,1373.4747656207644,1356.9181321249366,1363.5862347579819,3323472
2022-07-08,1373.928466796875,1376.1964989390626,1360.7738803721873,1374.427478165659,3652582
2022-07-11,1336.4608154296875,1360.7287624956787,1330.3371278522877,1356.2833967722195,4702638
2022-07-12,1305.1163330078125,1332.332717447335,1302.757601838471,1326.1637367539608,4710356
2022-07-13,1310.4234619140625,1324.530665006667,1305.116289274943,1315.4585371641556,5264025
2022-07-14,1296.2711181640625,1318.134926705403,1282.799028870994,1316.3659058640824,6157606
2022-07-15,1297.6318359375,1311.8297387301836,1279.7597876672385,1311.8297387301836,5620018
2022-07-18,1351.6563720703125,1355.0130151308297,1313.6895385614898,1315.4585592229448,5835171
2022-07-19,1346.4400634765625,1348.8894940377877,1333.6936777845513,1335.0092029512389,3418540
2022-07-20,1374.6995849609375,1384.2253192557744,1360.819184976676,1361.9532009641566,5079392
2022-07-21,1390.66650390625,1392.9798300677912,1363.631518545163,1376.2417984383378,5008061
2022-07-22,1366.53466796875,1397.1076946516139,1353.6975848594027,1391.6644179192049,7020642
2022-07-25,1364.08544921875,1376.3782297074208,1342.7659436473637,1342.7659436473637,7859626
2022-07-26,1316.501953125,1357.780137915972,1310.9225719330734,1357.780137915972,7268273
2022-07-27,1334.5555419921875,1336.3245627981846,1310.9226023376623,1316.3658795792028,4517285
2022-07-28,1376.604736328125,1383.0005201751158,1351.6109791825675,1357.5532673695334,6636841
2022-07-29,1405.90771484375,1411.35099196503,1386.2212402192902,1390.5759062138168,7009465
2022-08-01,1407.13232421875,1418.8806845664817,1395.2024548819911,1418.8806845664817,2983249
2022-08-02,1400.373779296875,1403.4583252373575,1386.538782878084,1403.050123738897,4374635
2022-08-03,1420.785888671875,1424.3240406030138,1397.0169585338326,1405.2725725439927,6011955
2022-08-04,1451.449951171875,1455.033397854832,1428.814922709787,1440.2004889831908,7402209
2022-08-05,1466.6456298828125,1474.8558394703302,1453.6271480443154,1459.1611241061719,5361971
2022-08-08,1469.1405029296875,1471.499234177275,1447.9117002138908,1466.963169953547,3763409
2022-08-10,1453.76318359375,1470.7734244892295,1440.744701377161,1470.7734244892295,4423829
2022-08-11,1469.6395263671875,1479.981775810349,1466.0560796284728,1478.7570605163432,3462090
2022-08-12,1446.18798828125,1464.241546222961,1442.6045418057784,1463.6065415227213,3562286
2022-08-16,1448.3199462890625,1459.7055121386732,1443.4663795689878,1459.7055121386732,3004430
2022-08-17,1457.2105712890625,1462.4270449294747,1437.9322991397132,1448.319841482686,4067324
2022-08-18,1436.0726318359375,1449.9076287158357,1427.9531205875353,1446.1880779329435,4635706
2022-08-19,1448.9095458984375,1455.9858500611736,1438.0229922596134,1438.2045012665105,4739884
2022-08-22,1429.449951171875,1450.633349099086,1427.9530278186126,1438.8395820332398,3950555
2022-08-23,1399.2850341796875,1410.262286827083,1390.757211776081,1404.3654036721289,5551574
2022-08-24,1394.83984375,1402.5511534552845,1388.9429598577235,1392.5718114837398,2888426
2022-08-25,1377.2852783203125,1405.0005658088057,1373.2935194346403,1404.3655610799822,4331088
2022-08-26,1380.36962890625,1401.598319043365,1376.6499679693022,1392.707700379583,3079136
2022-08-29,1326.118408203125,1332.2874999956043,1315.458657016953,1332.2874999956043,8079050
2022-08-30,1354.4234619140625,1357.2812047129148,1329.9741184273807,1336.4153079026626,6725875
2022-09-01,1328.341064453125,1331.8792168601256,1316.411303587629,1324.5762195682023,8140604
2022-09-02,1318.18017578125,1340.8604953920767,1313.6441118590847,1340.8604953920767,5175653
2022-09-05,1325.7100830078125,1330.8811515691712,1312.1471854668405,1316.3657470530793,3669352
2022-09-06,1320.0853271484375,1333.602820058323,1311.330701453046,1325.7101129718044,3428442
2022-09-07,1322.39892578125,1329.7473282333433,1304.6175748217827,1306.3865957059622,3600574
2022-09-08,1338.95556640625,1343.6730292773457,1327.7968032291676,1338.1390526321622,4061475
2022-09-09,1371.3883056640625,1378.9635106957787,1342.674997256416,1349.9326999442885,4816910
2022-09-12,1393.6602783203125,1402.4603090481628,1380.0067919378967,1384.2253536649393,5494819
2022-09-13,1401.5985107421875,1408.9016188074963,1398.287272287198,1407.903706776797,4947158
2022-09-14,1338.5018310546875,1359.8666267473366,1335.4172852850338,1358.097606026967,14332197
2022-09-15,1299.854736328125,1338.3204761404947,1296.4526878251136,1338.139077851174,12784100
2022-09-16,1249.277587890625,1292.7784028322828,1241.3847690902326,1292.7784028322828,20464045
2022-09-19,1261.2979736328125,1275.5411699960084,1252.4979432114847,1262.8401910629045,6595241
2022-09-20,1259.71044921875,1282.3907705057266,1256.5804984348933,1277.3102899424387,7219797
2022-09-21,1249.458984375,1259.9373378172006,1241.4301722440514,1251.8631207430983,7917054
2022-09-22,1241.0218505859375,1255.5372570833497,1233.809552280041,1239.5703320849489,9168498
2022-09-23,1238.753662109375,1265.3804461403417,1235.6238222755599,1240.6134926298298,10426200
2022-09-26,1252.1805419921875,1269.5989844950832,1229.2734174239552,1233.8094816948922,9414587
2022-09-27,1264.2464599609375,1275.9948215927839,1250.1392564200899,1264.1556500846286,8561254
2022-09-28,1265.289794921875,1275.405240966301,1249.232170793064,1251.0465966039471,7022098
2022-09-29,1268.873291015625,1279.0340307679621,1263.7475161988737,1274.5433714005803,6119965
2022-09-30,1282.2999267578125,1287.6072103937954,1248.3248506647649,1260.0732124836215,8120130
2022-10-03,1264.427978515625,1280.9846139293722,1257.3970785454037,1280.9846139293722,4943169
2022-10-04,1296.7701416015625,1299.3556762181945,1282.7990407907328,1287.9701100239968,6631341
2022-10-06,1320.130859375,1324.3494214633474,1310.106112640393,1310.922626390357,6180672
2022-10-07,1316.54736328125,1322.5803514308293,1306.5227268238814,1312.1474027075963,3994466
2022-10-10,1326.93505859375,1329.066986901801,1294.0031838358084,1294.0031838358084,5274677
2022-10-11,1291.689697265625,1342.3575126771138,1288.3329432818086,1326.9348942612842,12824774
2022-10-12,1296.1348876953125,1307.3843486042717,1282.3907023211864,1303.664798259727,5481467
2022-10-13,1288.151611328125,1304.5267376311374,1283.7062459953604,1298.2216523105023,4821514
2022-10-14,1337.45849609375,1355.37594923796,1331.1080063717516,1347.2110338811046,14990688
2022-10-17,1351.70166015625,1356.2831290703418,1338.5924795607286,1339.8625996229894,4286396
2022-10-18,1364.176025390625,1370.7533190697093,1358.3245463460491,1369.8915110920248,4692004
2022-10-19,1347.6192626953125,1365.3099129941174,1343.854418021596,1364.4481050975749,3553171
2022-10-20,1361.6357421875,1364.448079777653,1337.4130934739194,1338.138908026621,4583939
2022-10-21,1361.2728271484375,1366.26249762449,1352.9718077531638,1361.0914288831727,3594485
2022-10-24,1377.012939453125,1380.5964964935235,1370.7985538626567,1377.6026499274944,982837
2022-10-25,1384.678955078125,1390.6665374705215,1379.9160878294856,1386.3118716885508,3914341
2022-10-27,1397.6563720703125,1407.6989851035105,1387.1553072532172,1403.9387848432514,6760137
2022-10-28,1387.8431396484375,1401.3248686337695,1382.1110929788172,1399.5365148544627,3053981
2022-10-31,1410.2210693359375,1418.2459346568946,1403.4343037022636,1403.4343037022636,4542336
2022-11-01,1442.6414794921875,1444.475734393004,1418.8878561358067,1424.3448316381566,4542692
2022-11-02,1424.5740966796875,1442.412180597886,1416.9618941495685,1441.7243350182016,2938906
2022-11-03,1403.892822265625,1415.9530704364693,1395.546984991158,1411.2298417515794,3174027
2022-11-04,1388.5308837890625,1394.4463107382567,1376.7458190882635,1394.4463107382567,4509682
2022-11-07,1382.5235595703125,1401.2788807869697,1367.528549999092,1395.3175530956448,4898592
2022-11-09,1385.962890625,1402.2878032270442,1376.6999262188187,1402.2878032270442,3334755
2022-11-10,1377.4794921875,1386.6966675969895,1361.934227104186,1361.934227104186,3435763
2022-11-11,1439.9818115234375,1443.1000672976652,1418.475217234108,1418.475217234108,7214098
2022-11-14,1453.922119140625,1459.516573917289,1438.468432811522,1444.613253594111,4908813
2022-11-15,1461.901123046875,1465.4320412606673,1442.4121651643493,1447.089492665349,3497614
2022-11-16,1469.971923828125,1475.658069244969,1461.4425937488243,1464.7901313371106,4497697
2022-11-17,1455.84814453125,1469.9719297297695,1451.7668601838732,1464.8359264182825,3469515
2022-11-18,1461.350830078125,1465.5695937519367,1444.9342271315247,1459.7916463166098,3126064
2022-11-21,1438.2391357421875,1456.2607114407933,1434.4331466169938,1450.9872289206992,3071764
2022-11-22,1453.69287109375,1456.3983522183364,1432.5530391467516,1438.972931127563,3399329
2022-11-23,1451.9503173828125,1460.0668727709146,1448.4193991579355,1457.2238001205214,3245067
2022-11-24,1494.734130859375,1500.4202753854638,1453.4175008662064,1457.315291923901,5282215
2022-11-25,1500.099365234375,1507.7573561793968,1480.0601551236466,1496.2015740155414,4563255
2022-11-28,1488.864501953125,1516.4700116769118,1485.7462466988793,1493.083265201096,3825766
2022-11-29,1494.04638671875,1502.9424774251793,1481.2066035401367,1486.8468473018079,3131710
2022-11-30,1499.457275390625,1509.3622952833127,1479.4639668758568,1485.7003655141252,11868134
2022-12-01,1519.771728515625,1533.9872026204164,1515.369584352362,1518.9462914993808,5407928
2022-12-02,1502.1629638671875,1524.0823307242517,1498.540243529846,1518.7629471181933,4283343
2022-12-05,1503.8597412109375,1508.5370688309101,1488.7730393891545,1502.254768168023,3824966
2022-12-06,1479.2347412109375,1491.2490872351268,1474.328132226153,1490.3319598752034,4822398
2022-12-07,1472.447998046875,1489.2314737623112,1464.3772323790536,1474.7408164804579,4898087
2022-12-08,1485.884033203125,1489.3232610774244,1466.0282018846967,1472.4480939167222,4206837
2022-12-09,1439.248046875,1493.083379473675,1431.7275351622377,1493.083379473675,8880658
2022-12-12,1418.9794921875,1436.1756312245805,1403.2508465781414,1421.5474937319827,8037679
2022-12-13,1441.8616943359375,1446.768302956747,1413.430748287342,1418.9793012308687,6135067
2022-12-14,1448.5111083984375,1456.8569457535275,1442.6414703621647,1450.895617363601,4976020
2022-12-15,1412.8348388671875,1439.8900986832095,1408.019919747387,1439.2481542488501,6443866
2022-12-16,1396.0513916015625,1421.089016341961,1386.7426373339622,1398.6193933020268,9630453
2022-12-19,1382.4317626953125,1391.190372871532,1371.1511644903626,1382.982016664381,6222740
2022-12-20,1382.3861083984375,1390.3650716135553,1359.5954040399706,1376.608161274371,7396259
2022-12-21,1384.4495849609375,1394.9506479498932,1377.8462011118406,1389.447884052655,6236361
2022-12-22,1395.913818359375,1403.159035330933,1386.467361260263,1395.4093535025568,6302640
2022-12-23,1373.031494140625,1384.7707703774543,1369.2712939559335,1383.6701502561066,6283822
2022-12-26,1377.8922119140625,1384.7706673330085,1372.3435464278352,1376.1496474837907,4115459
2022-12-27,1389.3104248046875,1395.363443276997,1373.3982867447278,1384.8164781367202,4860076
2022-12-28,1385.0,1398.5734186856855,1374.3154431330508,1380.368461733021,5029860
2022-12-29,1391.7867431640625,1395.2259709449818,1376.6082397759933,1379.3596220007287,4624745
2022-12-30,1383.2113037109375,1403.571596275557,1379.4053151039816,1401.370468436948,5060544
2023-01-02,1397.7020263671875,1399.9948446519106,1379.4053812367044,1388.5307532282952,3801140
2023-01-03,1396.372314453125,1405.6352784494222,1389.5396484110163,1393.8960033950495,4551130
2023-01-04,1370.92236328125,1394.95106130448,1367.5289240333252,1394.95106130448,7059590
2023-01-05,1352.9462890625,1381.1021672768188,1347.489425840876,1381.1021672768188,9868404
2023-01-06,1328.4591064453125,1352.7629837810398,1326.6248515520501,1348.1773465478836,6443714
2023-01-09,1361.4298095703125,1365.9237565030876,1328.1839392343245,1328.1839392343245,11498717
2023-01-10,1347.9478759765625,1360.9252499203978,1333.5490218618731,1359.1826856249468,7158624
2023-01-11,1349.3236083984375,1370.1882555291525,1342.674435137001,1348.177199215431,6173092
2023-01-12,1357.8988037109375,1361.9341866547945,1334.4203647021723,1359.136903308,6591385
2023-01-13,1379.0384521484375,1393.4832067580094,1346.3428423397786,1360.558315130151,11610426
2023-01-16,1399.0780029296875,1401.3708216824402,1377.800689685759,1384.862526662621,6073063
2023-01-17,1411.91748046875,1414.3936794008594,1397.702007297418,1400.4533892015468,5922644
2023-01-18,1417.32861328125,1423.2440398411995,1412.0092299289386,1416.7324581195912,5843098
2023-01-19,1411.3673095703125,1421.1347382958118,1399.6739357893398,1412.284436925683,6165284
2023-01-20,1399.1236572265625,1416.9617391940312,1397.7020650690638,1410.541847819042,6496429
2023-01-23,1419.713134765625,1424.5739544918447,1401.4622781488283,1407.7904792411075,4855020
2023-01-24,1423.2900390625,1438.7895145635266,1421.3181927553053,1430.7187486357645,5200802
2023-01-25,1415.1275634765625,1427.0502195525155,1411.2297720671163,1418.7960730383943,4158617
2023-01-27,1393.2540283203125,1422.4186107141427,1382.47778201832,1417.8788751387417,6209955
2023-01-30,1411.275634765625,1416.0446522844554,1394.0335955131943,1402.104361110933,6964719
2023-01-31,1406.6441650390625,1420.53866769089,1387.6137712822178,1420.53866769089,9448126
2023-02-01,1422.5562744140625,1426.1789947825198,1401.4165552146444,1414.3938182397721,6194199
2023-02-02,1452.5006103515625,1455.4353734330107,1423.3818135852407,1423.3818135852407,6916834
2023-02-03,1466.853515625,1471.668434244157,1442.6413310350065,1465.1109512577386,7040194
2023-02-06,1439.75244140625,1465.569600374364,1432.186140277909,1465.569600374364,4570612
2023-02-07,1432.919921875,1445.4387337102248,1426.2248468410608,1438.972940534242,4336238
2023-02-08,1458.691162109375,1470.1552548640857,1435.7629765999538,1435.7629765999538,7983338
2023-02-09,1482.994873046875,1485.5169731711044,1454.609827339428,1463.9185800529144,6904911
2023-02-10,1475.245361328125,1482.3530988577234,1464.1480299444947,1479.2806324268656,4786762
2023-02-13,1437.55126953125,1464.6524284395919,1436.2214796095184,1464.6524284395919,4001199
2023-02-14,1461.2132568359375,1463.7353572321708,1447.3646552328803,1453.3717726405816,5043736
2023-02-15,1464.6983642578125,1466.48671791268,1445.3927876362625,1452.7298068628425,3465747
2023-02-16,1469.0545654296875,1480.6561363023575,1465.4318453938986,1467.4036914951487,4290289
2023-02-17,1452.5465087890625,1462.8182915089533,1444.934306126869,1461.9011640534618,2857734
2023-02-20,1460.4794921875,1470.1552310976708,1451.3541192838827,1453.6010366458702,2417716
2023-02-21,1448.6026611328125,1468.917054491703,1445.3927153816476,1466.211461614736,2723288
2023-02-22,1432.3695068359375,1444.475542793936,1426.4081791990102,1433.4700148488394,3656244
2023-02-23,1422.189453125,1439.7524657040512,1419.850845363736,1439.7524657040512,4766854
2023-02-24,1422.1435546875,1438.972819252259,1416.96176274362,1430.7186730615194,2790986
2023-02-27,1384.2203369140625,1412.376101427138,1377.525262560754,1412.376101427138,4920268
2023-02-28,1364.2728271484375,1397.702074099726,1358.5407812408764,1389.9981820091593,9679811
2023-03-01,1372.068359375,1376.4705032985075,1358.7241122088913,1368.7208222966754,5125043
2023-03-02,1350.149169921875,1365.235871380038,1345.7011242723827,1361.9342350192826,4644499
2023-03-03,1356.706787109375,1366.3366260835123,1350.9288389432752,1363.5393423617886,4615015
2023-03-06,1382.5235595703125,1394.400425758518,1369.4087058218104,1370.6927064845922,6561742
2023-03-08,1368.9959716796875,1372.02253676298,1358.3573166463943,1367.0242374099919,4137080
2023-03-09,1357.71533203125,1374.1777229481327,1352.3959486952547,1371.10536876011,5104656
2023-03-10,1349.598876953125,1352.1209773156488,1336.850783639018,1339.0060106489143,3699580
2023-03-13,1316.1695556640625,1355.7895279106722,1309.6579732857313,1342.8579415523982,8798403
2023-03-14,1302.321044921875,1328.3215870546833,1294.0668974540602,1321.580722346776,7402784
2023-03-15,1302.0,1323.2773119475332,1299.4319983717653,1318.8292662290141,7556182
2023-03-16,1287.7386474609375,1300.3033608672233,1282.7861367735707,1300.3033608672233,7323117
2023-03-17,1302.9627685546875,1323.32306269695,1294.4335514559468,1311.4920976074493,9090018
2023-03-20,1287.3258056640625,1302.0456322126888,1270.0837669911443,1302.0456322126888,8221829
2023-03-21,1275.448974609375,1288.5639406373286,1274.8070302390654,1283.0611764780233,8536755
2023-03-22,1274.1192626953125,1290.6275561835369,1267.60768043243,1286.7297646654838,8356487
2023-03-23,1260.637451171875,1269.258358749589,1256.4644769231124,1269.258358749589,7607718
2023-03-24,1266.23193359375,1283.015297395886,1263.3429599696206,1272.972797414035,7559127
2023-03-27,1273.8441162109375,1280.0806276002397,1260.2247960834827,1271.3679168983215,4170193
2023-03-28,1263.4345703125,1282.1439899820111,1261.8295975067285,1276.7329164174637,6633366
2023-03-29,1268.8917236328125,1274.7154605284104,1251.4663021459326,1264.7187489688145,8813966
2023-03-31,1309.612060546875,1311.4463153951938,1278.3839389266645,1287.6469035198686,8711975
2023-04-03,1293.9293212890625,1316.0779729812627,1288.701739279046,1316.0779729812627,5242764
2023-04-05,1305.576904296875,1309.1995131593774,1283.9785067762718,1283.9785067762718,7506334
2023-04-06,1304.0634765625,1310.024804681296,1293.4706102774894,1298.6524024946332,6948465
2023-04-10,1309.291015625,1315.160653204444,1297.7352331131717,1305.9434783219242,4993788
2023-04-11,1289.61865234375,1314.5644716127188,1273.8898958181142,1310.483299665465,6942255
2023-04-12,1309.93310546875,1312.8678683565352,1283.9783553609145,1295.946912669283,5831169
2023-04-13,1274.073486328125,1294.1128118939118,1268.3873405735476,1292.9205013547064,11267238
2023-04-17,1154.0216064453125,1156.6353974938597,1087.0712972968981,1146.6845862646644,53171705
2023-04-18,1154.984375,1164.7059031013866,1149.2523287192262,1164.7059031013866,12430884
2023-04-19,1130.0843505859375,1150.3987451220048,1127.5164610086156,1150.3987451220048,11307230
2023-04-20,1122.0137939453125,1135.2662413976043,1120.1795389648407,1128.7087574516104,8621249
2023-04-21,1125.6363525390625,1131.047426880891,1118.8954881773257,1126.324198126057,8691352
2023-04-24,1124.67333984375,1128.0666663348547,1117.0611378828073,1126.2324115928468,8313774
2023-04-25,1123.389404296875,1133.110932602619,1114.3098204064606,1124.3523209198693,6808576
2023-04-26,1125.81982421875,1130.8181239428047,1119.3999321931217,1126.2324867816417,5680192
2023-04-27,1142.969970703125,1144.3915628906238,1123.8478876663187,1128.0666511252507,8020704
2023-04-28,1148.931396484375,1154.6634429645405,1141.7777576955154,1151.6368776414001,10118277
2023-05-02,1171.5843505859375,1173.6937883843755,1150.5822227207543,1150.5822227207543,8886401
2023-05-03,1163.9722900390625,1167.044644512001,1157.506496932256,1161.0833162689144,5549783
2023-05-04,1168.0076904296875,1170.0712271598577,1157.8733874843501,1163.788814662558,4505401
2023-05-05,1154.7550048828125,1173.0058612365624,1150.3069596997327,1173.0058612365624,5373791
2023-05-08,1160.716552734375,1165.027119198115,1151.178404252146,1157.8275786908769,5260842
2023-05-09,1165.393798828125,1166.5861092874693,1156.2225243840412,1161.083344621019,4969897
2023-05-10,1158.5611572265625,1170.621404606506,1154.800957377408,1170.621404606506,6515734
2023-05-11,1152.0037841796875,1170.162952733371,1149.20661258924,1164.9811601752815,6888461
2023-05-12,1142.0069580078125,1151.9119783998672,1136.3667142373067,1149.4815684750179,8292212
2023-05-15,1154.067138671875,1163.742876662217,1142.4196665102663,1146.317457613311,5534710
2023-05-16,1159.524169921875,1168.3743594123644,1158.1025777274938,1160.1661142944206,5236469
2023-05-17,1143.5660400390625,1156.4516112883057,1139.4847564270556,1156.1306391276796,10465667
2023-05-18,1142.74072265625,1155.2595338626716,1139.4848756551935,1154.2965053260136,6948732
2023-05-19,1163.7430419921875,1167.778425157087,1148.9773124596102,1151.9579766677468,11094136
2023-05-22,1185.662353515625,1188.2302430762331,1164.9810857591126,1167.4572849700612,7625947
2023-05-23,1192.3116455078125,1205.2431208057392,1189.5602630208477,1191.5319975732739,7436031
2023-05-24,1191.0274658203125,1196.851202152626,1184.2866021300276,1188.8722389198845,4824077
2023-05-25,1196.255126953125,1198.6855370050355,1182.4065253127328,1187.2214442639772,4334121
2023-05-26,1208.2694091796875,1213.7721734013032,1197.7683455717138,1197.7683455717138,5521606
2023-05-29,1205.472412109375,1222.255778238723,1201.2994371898862,1222.255778238723,4419365
2023-05-30,1214.1390380859375,1216.4777576450638,1200.6573106206852,1206.0224833077132,6274719
2023-05-31,1209.0489501953125,1220.7881123252594,1205.2428495541365,1210.4704303212359,17800782
2023-06-01,1210.149658203125,1219.3209326116369,1208.8656573951266,1212.9469416793345,4277841
2023-06-02,1207.3612060546875,1220.2806442692772,1204.619361093427,1216.655749596294,10909311
2023-06-05,1212.4732666015625,1217.0740205048828,1205.7812402951347,1212.008539400872,5002553
2023-06-06,1188.772216796875,1197.6949566393228,1183.195490212996,1197.6949566393228,10008100
2023-06-07,1198.020263671875,1202.7140540111552,1192.025327874271,1199.4609634477556,5397578
2023-06-08,1192.3040771484375,1200.8550117245732,1190.72393668932,1195.464131149108,5034942
2023-06-09,1176.642822265625,1192.0253388838628,1174.8304314613665,1192.0253388838628,5339073
2023-06-12,1200.8084716796875,1204.2939254038927,1183.1953575768823,1183.6600847401096,4785588
2023-06-13,1212.7987060546875,1214.3323287023295,1205.5490288839856,1208.1979515705652,4846587
2023-06-14,1208.6624755859375,1214.5179699939283,1201.970336101225,1214.1926836588375,3457981
2023-06-15,1196.02197265625,1202.6674808789603,1192.1647141872293,1202.6674808789603,6161155
2023-06-16,1200.52978515625,1209.6848882031022,1190.677591317118,1196.2077995523568,8536287
2023-06-19,1202.714111328125,1207.826111028515,1196.2544479993342,1202.714111328125,4451787
2023-06-20,1211.450927734375,1212.9380321318201,1200.018592852604,1202.7140333935445,4009180
2023-06-21,1207.6865234375,1211.8226634951286,1203.6434195847064,1208.2441733725773,4041529
2023-06-22,1191.142333984375,1198.4385283465883,1183.6601806665321,1198.4385283465883,6676607
2023-06-23,1175.7598876953125,1189.0975364568558,1174.2262651500378,1186.402095840736,7239467
2023-06-26,1180.7322998046875,1184.1248308422635,1173.2037423317481,1180.6393770623117,3403244
2023-06-27,1188.91162109375,1191.5605434478787,1184.3107537282526,1189.7016346437479,3240024
2023-06-28,1202.1099853515625,1205.2236353137198,1191.0030491785699,1198.996335389405,5662358
2023-06-30,1241.286376953125,1244.446544670447,1212.4267718508554,1215.9122259231685,12821692
2023-07-03,1239.61328125,1251.0456156922185,1234.7336456761632,1236.1743453719541,7732412
2023-07-04,1250.2554931640625,1251.0455066392037,1237.4754963466114,1249.4654796889213,5797775
2023-07-05,1252.25390625,1262.1525044299242,1246.3982983908247,1262.0595816855596,5414936
2023-07-06,1249.09375,1252.3932449368162,1242.819933005186,1247.8390092927943,5963897
2023-07-07,1236.360107421875,1250.8596857725443,1231.8522766020494,1239.89207926807,6295647
2023-07-10,1235.3843994140625,1247.2349435988492,1226.229295814045,1242.262385005227,3940315
2023-07-11,1253.462158203125,1255.5999486675075,1233.3859662223854,1239.38090160913,6126128
2023-07-12,1239.2415771484375,1256.52940602109,1233.3859691382677,1255.6928743826675,8102770
2023-07-13,1268.7982177734375,1279.6729026631901,1236.9644035943056,1240.728739413603,9977644
2023-07-14,1325.35546875,1329.1198044888868,1283.251252109647,1283.251252109647,12833381
2023-07-17,1322.56689453125,1356.027247907638,1314.52720594533,1325.3552573126158,11569884
2023-07-18,1371.131103515625,1373.6871031492155,1328.1903550548216,1332.8376271158952,16743977
2023-07-19,1370.8988037109375,1393.0663832409173,1357.6540777205,1381.1693208273919,13687062
2023-07-20,1347.244140625,1367.2274100444117,1339.0648965954,1367.2274100444117,8347221
2023-07-21,1237.6614990234375,1254.7634832648805,1212.9380338227177,1227.065695806331,45548305
2023-07-24,1242.3087158203125,1254.670504599167,1240.1245206940966,1246.398337830829,8859789
2023-07-25,1240.449951171875,1248.1179507855234,1230.8301198028764,1242.680664660333,6801982
2023-07-26,1253.694580078125,1254.7634753600048,1244.9112811341217,1248.2572943766568,5528885
2023-07-27,1257.6912841796875,1267.5899965472738,1252.0216348505492,1262.7567654377913,9191861
2023-07-28,1245.93359375,1267.6363307852569,1241.7510490488623,1258.3417870049511,6122735
2023-07-31,1260.061279296875,1261.7343425932213,1239.1950734898064,1253.6016166280715,7902180
2023-08-01,1268.8912353515625,1272.4232078276652,1261.2697538510895,1265.9170263413293,6064652
2023-08-02,1261.1302490234375,1275.1649885403967,1253.322808944047,1272.7020250125254,7419145
2023-08-03,1268.0545654296875,1270.1458376352903,1253.833869048077,1254.7633233616784,6503741
2023-08-04,1281.1134033203125,1288.13082917061,1265.9168471204257,1272.3301049407662,5712345
2023-08-07,1294.7301025390625,1296.5890115161467,1279.85883072239,1289.989907339258,3729093
2023-08-08,1292.12744140625,1295.2412043648678,1286.7366740453401,1294.5905182197114,4161877
2023-08-09,1296.0313720703125,1297.5184765723313,1284.9708408748197,1286.3650226189877,4090828
2023-08-10,1291.10498046875,1297.3323925229795,1287.8518903304866,1293.4286162817955,3873025
2023-08-11,1275.0721435546875,1298.3085062446034,1270.610829993505,1293.8006745745201,5783517
2023-08-14,1295.2413330078125,1296.5889966171926,1269.2630122762964,1275.0721027629324,4304135
2023-08-16,1318.4310302734375,1319.7786937329943,1306.2552006588273,1311.2742769730567,7735313
2023-08-17,1311.971435546875,1319.825280033983,1306.812918118155,1319.825280033983,5618346
2023-08-18,1290.826416015625,1309.322469240219,1288.3633389732208,1304.6751968805124,5134103
2023-08-21,1306.25537109375,1307.7424755952752,1289.2928265453395,1291.7093855426679,3032722
2023-08-22,1304.7215576171875,1306.8593480283198,1298.1224543541218,1305.6044938755163,2890714
2023-08-23,1308.6253662109375,1316.665170010188,1306.48768902064,1316.107520023971,2559125
2023-08-24,1323.171142578125,1324.5189194126233,1314.6666128884629,1321.2193112047876,5171963
2023-08-25,1319.9180908203125,1322.148803936989,1311.8318834134902,1313.3189876716804,4307172
2023-08-28,1315.7822265625,1324.2867575475643,1311.83204511479,1319.9182535183484,3133464
2023-08-29,1317.64111328125,1323.914930768979,1315.4569180328365,1323.5431263001694,3074444
2023-08-30,1333.906494140625,1335.30067572943,1323.5430549720845,1326.3314181496944,3070887
2023-08-31,1334.185302734375,1342.968715084765,1327.8650807492497,1333.906534483456,9792735
2023-09-01,1341.99267578125,1343.9910253779606,1327.446692130181,1330.0026916597724,3582133
2023-09-04,1361.74365234375,1366.2980017078678,1333.4882151949037,1341.2027322887438,4609014
2023-09-05,1374.5701904296875,1375.639085724664,1353.7503883361237,1361.6507510555587,5496840
2023-09-06,1373.222412109375,1378.2880068646311,1360.0707225971962,1377.3585524279374,5075786
2023-09-07,1362.76611328125,1369.4582536129653,1358.908967956038,1366.8557356852762,4411743
2023-09-08,1365.92626953125,1370.7129827544118,1357.1893748015916,1360.2566199430964,3125838
2023-09-11,1372.29296875,1373.7801866277496,1361.1860335253727,1365.9262284990148,4182226
2023-09-12,1395.2039794921875,1397.8994199484737,1372.8970738547118,1377.9161503149019,6793161
2023-09-13,1392.64794921875,1398.8288435447748,1383.6322871056639,1398.8288435447748,4804686
2023-09-14,1400.6412353515625,1405.846270656975,1393.3915592483722,1398.8288446904617,6444213
2023-09-15,1404.9632568359375,1411.2835921776357,1402.5466980730964,1410.9117877236317,8657816
2023-09-18,1386.5601806640625,1398.7360111511314,1383.0282084042437,1398.7360111511314,3991916
2023-09-20,1385.1195068359375,1389.6273382680865,1372.060626309963,1372.060626309963,4169337
2023-09-21,1395.8082275390625,1398.4107453961012,1371.8747753272223,1381.680565209184,6779195
2023-09-22,1390.6031494140625,1400.641188325793,1380.4255561991947,1386.6529684238076,5455613
2023-09-25,1370.1551513671875,1384.7475392640083,1367.7385927513728,1384.7475392640083,4217863
2023-09-26,1357.6075439453125,1375.4995405113145,1356.0739215478982,1374.8024497360157,3996528
2023-09-27,1363.5096435546875,1365.9262023716149,1347.7554364104253,1353.2856448640935,3863586
2023-09-28,1337.903076171875,1368.7145118891362,1333.7670495202924,1364.346121640076,5814602
2023-09-29,1334.185302734375,1344.7347011757531,1316.1074596363055,1331.0716531169655,6068968
2023-10-03,1332.837646484375,1335.626009761539,1320.1041662355099,1334.7430734406207,4181867
2023-10-04,1342.4573974609375,1347.6623192444497,1318.1521429784143,1324.4724780818983,4510406
2023-10-05,1360.2099609375,1371.5493723980028,1347.8946904576385,1349.5677537176623,7384621
2023-10-06,1374.3841552734375,1379.7750360960613,1360.0706484952473,1365.8332203052626,3598672
2023-10-09,1371.363525390625,1385.8165874982192,1359.04825390548,1361.5578490003716,3567552
2023-10-10,1389.6737060546875,1391.3931739252298,1365.4613746452874,1379.2173445271933,5688951
2023-10-11,1388.9766845703125,1411.144149422588,1376.940181958551,1391.3932433298958,7220129
2023-10-12,1362.1153564453125,1398.2711535251433,1349.5677226602481,1386.6529740945282,11081662
2023-10-13,1330.188720703125,1336.555460811477,1301.2361927232737,1305.8834648401426,17973439
2023-10-16,1332.9771728515625,1341.7604723545678,1329.1199140456142,1331.071745773082,4850745
2023-10-17,1340.6915283203125,1350.8226045344618,1336.6020195003289,1338.6467739103207,3923764
2023-10-18,1338.925537109375,1351.426652993233,1336.8806694215968,1340.2732005613768,4264837
2023-10-19,1332.5123291015625,1338.0890555260446,1325.49490296724,1325.49490296724,6795691
2023-10-20,1326.563720703125,1337.0200821379894,1324.7048120035936,1329.119720164981,3928622
2023-10-23,1309.2760009765625,1331.304025507751,1306.1158332337493,1325.0302081269804,2636516
2023-10-25,1289.8814697265625,1320.4797298426586,1281.6434766183827,1317.1374123821106,6940777
2023-10-26,1279.9014892578125,1293.6001393242148,1273.9230836517906,1275.7590480024355,6357656
2023-10-27,1299.5784912109375,1303.956418417084,1283.8557413785777,1283.8557413785777,4634358
2023-10-30,1296.4716796875,1299.5785105468342,1283.3378978736482,1299.5785105468342,2667696
2023-10-31,1288.3280029296875,1300.3319358033273,1283.24396131538,1299.2020849293924,3451595
2023-11-01,1274.9117431640625,1296.848271394198,1272.5580310195833,1292.7058299617952,3090672
2023-11-02,1289.9754638671875,1295.7656185619023,1281.972842805629,1289.8342181571022,3758060
2023-11-03,1307.7696533203125,1310.5469878192453,1297.1308279223888,1299.2962891749294,3349045
2023-11-06,1321.1859130859375,1324.9047327710196,1309.4173508833169,1312.3359313240937,2736381
2023-11-07,1322.127197265625,1323.6335500133118,1313.2300966352614,1318.078766511828,2272209
2023-11-08,1309.60546875,1322.7862570767434,1305.3216665728671,1322.7862570767434,3550635
2023-11-09,1294.3533935546875,1315.725053279232,1289.8813406007866,1314.2187005328615,5498051
2023-11-10,1288.75146484375,1292.7998955154703,1281.3608320382564,1289.7870751538298,2943649
2023-11-13,1293.176513671875,1301.5556365838725,1290.6344357148544,1299.1077990502322,3462092
2023-11-15,1327.9644775390625,1331.2596747537996,1311.488491465377,1317.1374009763547,8551860
2023-11-16,1360.351318359375,1368.3539386173018,1328.058345935866,1333.2365119851127,6673907
2023-11-17,1353.4315185546875,1366.0944431282537,1351.0778065575678,1356.726715350655,4901251
2023-11-20,1352.5372314453125,1367.036122395586,1349.7598968645575,1357.6212730677928,3584210
2023-11-21,1354.7967529296875,1365.1530866907901,1352.6784119330985,1357.6212075918063,3793135
2023-11-22,1372.4967041015625,1373.5793197717323,1352.1605387506925,1352.1605387506925,3108786
2023-11-23,1364.447021484375,1382.0057382429595,1362.9876738861756,1382.0057382429595,3186928
2023-11-24,1353.2904052734375,1367.6480498608116,1349.948087939533,1360.9635301203575,2973195
2023-11-28,1358.2801513671875,1360.4456124998921,1343.5460053605395,1359.504127646951,3755373
2023-11-29,1374.1912841796875,1375.226894544369,1364.964801471109,1366.1886628376049,3875778
2023-11-30,1370.001708984375,1375.179875684024,1364.729416784748,1368.21286477539,10120867
2023-12-01,1367.318359375,1374.4736205469867,1361.5282051305396,1374.4736205469867,3489187
2023-12-04,1378.663330078125,1385.7715867334168,1364.4940519087752,1374.9915161431222,5511948
2023-12-05,1368.871826171875,1381.0641237085301,1357.621128395019,1380.0285133783032,5123039
2023-12-06,1388.0311279296875,1390.5730909944189,1366.1416056780827,1371.5080232268922,5269178
2023-12-07,1380.1226806640625,1386.6659544767813,1376.2626157196041,1386.6659544767813,4424453
2023-12-08,1403.8951416015625,1407.2373438258442,1380.4521461092754,1384.3593311792147,6323433
2023-12-11,1401.4002685546875,1410.3443750721678,1395.2806167269378,1402.8124958995527,3862018
2023-12-12,1389.6787109375,1402.812378171591,1381.7702154844862,1391.0438179520306,6103494
2023-12-13,1364.211669921875,1389.6788833678963,1349.2891566973667,1389.631763150233,8549258
2023-12-14,1413.5924072265625,1422.5836336750658,1375.8388870549381,1377.7689770027378,12489858
2023-12-15,1486.0396728515625,1495.5957668241965,1431.9984208352303,1433.9285107001285,18395389
2023-12-18,1472.8118896484375,1499.7854551895782,1468.9989447357254,1476.2012123244115,6467243
2023-12-19,1467.1158447265625,1481.8499902553428,1452.9464521784103,1478.225296674548,4221721
2023-12-20,1446.497314453125,1490.8412269194432,1440.4717885612556,1473.470877793026,6592367
2023-12-21,1446.1207275390625,1456.1475641627426,1432.2338260213533,1432.2338260213533,5319038
2023-12-22,1471.446533203125,1474.3651129316345,1433.8812688345336,1445.1319655836069,6741060
2023-12-26,1453.6055908203125,1457.4186507029785,1433.8815277911087,1445.1793467888062,6878067
2023-12-27,1475.4007568359375,1478.1310856483994,1453.6524816822475,1453.6524816822475,4225849
2023-12-28,1471.2113037109375,1477.1425892283842,1464.0089217215004,1477.1425892283842,5702253
2023-12-29,1452.616943359375,1468.1984480838207,1449.8866144117019,1450.8752194379208,4388990
