Price,Close,High,Low,Open,Volume
Ticker,ITC.NS,ITC.NS,ITC.NS,ITC.NS,ITC.NS
Date,,,,,
2014-01-01,141.86480712890625,142.30483016395718,141.2927667240333,141.82080482540115,1930884
2014-01-02,138.58657836914062,143.00885628282032,138.30056866840278,141.84277972380912,7046088
2014-01-03,138.49862670898438,139.0486608611479,136.5625039831345,138.60863772314076,12462028
2014-01-06,138.89462280273438,139.35665221023862,137.94855760674633,138.60860260584002,8469206
2014-01-07,139.35667419433594,139.66469036149408,137.61855681710153,139.26865911583968,8078735
2014-01-08,139.42266845703125,139.92870023260016,138.05858643916997,139.70868869089801,7763390
2014-01-09,138.87265014648438,139.35668605251456,137.57456621404148,139.35668605251456,7959027
2014-01-10,141.9528350830078,142.7888894464178,138.168594521946,139.7967009380238,9541138
2014-01-13,143.2069091796875,143.5809235718887,141.95282769979943,142.3928507843349,6603277
2014-01-14,142.7668914794922,145.2090460179537,142.50287759947176,143.44893256586613,7859778
2014-01-15,144.70297241210938,144.98899259588447,141.402768486629,143.05287044936918,9189578
2014-01-16,143.22891235351562,145.60505804888723,142.41486437626952,144.76901414595503,4928354
2014-01-17,142.94288635253906,144.328974772167,141.9088268634994,143.44891813465838,11712237
2014-01-20,145.29702758789062,145.42903450695306,142.17283245882402,142.7888752070895,8938669
2014-01-21,144.79100036621094,146.24308698064632,144.5489824440358,145.3190385182924,7243659
2014-01-22,144.04295349121094,144.65899627079702,142.04083276134517,144.5489852696648,11806241
2014-01-23,144.7469940185547,145.20902346649018,143.14089414223307,143.6029235901686,6535486
2014-01-24,142.67884826660156,145.3850159532247,142.30482347473642,144.28494795800077,5324998
2014-01-27,142.65687561035156,143.22890562231672,140.21472133407647,141.0287692730655,9599991
2014-01-28,143.73495483398438,144.30699537463775,140.324738895312,142.63488652593642,13619641
2014-01-29,143.00888061523438,144.54897173099033,142.65686217947462,144.0209440773507,9476826
2014-01-30,142.8328857421875,143.31691113996828,139.92870197757873,141.49079963210602,15933336
2014-01-31,143.05288696289062,143.31690079717242,141.73280733217433,142.96488235146336,9742894
2014-02-03,140.94076538085938,142.89888381315956,140.67675152782502,141.97482486823128,6870129
2014-02-04,142.96487426757812,143.3388990746486,139.00462514005253,140.14869548322332,13377546
2014-02-05,140.3467254638672,142.89888023117493,139.70868677204024,141.9088230774594,9475363
2014-02-06,142.81089782714844,143.14092041615143,139.26867489589384,140.80877682480468,12047787
2014-02-07,142.3268585205078,143.88895622508522,140.89676774682744,143.88895622508522,12389542
2014-02-10,143.00888061523438,143.16289391053277,141.24876751782156,141.9308084667596,7082805
2014-02-11,143.05288696289062,143.55891870825104,141.93081247823204,142.6128639057543,7869507
2014-02-12,141.05076599121094,143.8889408505082,140.36871456549113,143.22889580724066,9472266
2014-02-13,139.44468688964844,142.12884884895703,138.71863305033438,141.1167852103713,4303860
2014-02-14,140.72076416015625,140.94077572049196,138.47662532611469,139.97271439570613,6031797
2014-02-17,140.8527374267578,141.79879213970966,139.7306630483046,141.2487581406968,5141648
2014-02-18,139.44468688964844,141.49081009323675,139.11466431892546,140.80876902537398,6074237
2014-02-19,139.33468627929688,140.30274767799426,139.09266831479513,139.84071813635893,3359398
2014-02-20,137.22251892089844,139.46665734899523,137.02450332276118,139.04863023032044,7077222
2014-02-21,139.75270080566406,139.8627013545799,137.55256431564342,137.94858511849603,7146272
2014-02-24,140.83078002929688,141.0287956847922,139.04867050776872,139.04867050776872,4309197
2014-02-25,141.6668243408203,141.86483998210326,140.41274271154364,140.41274271154364,5560257
2014-02-26,144.65899658203125,145.14302197757686,141.90882614088852,142.04083306694642,12391503
2014-02-28,144.17495727539062,146.08908380567266,142.98688451000604,142.98688451000604,12367281
2014-03-03,144.8570098876953,145.6270555070576,143.47092149725853,144.2409671166208,9759053
2014-03-04,145.93505859375,146.96912842771414,144.416963415316,145.3850245635626,9650893
2014-03-05,146.66111755371094,146.9471377902869,144.96701297759586,145.97907653832,6304100
2014-03-06,147.21116638183594,147.4751907201218,145.36305876968925,146.3971183586696,5899637
2014-03-07,148.79527282714844,149.34530697966576,145.64907078079145,146.13310669221985,20820893
2014-03-10,147.67318725585938,148.72925316926032,147.0791508332781,147.84919649820813,9347006
2014-03-11,146.96914672851562,147.98119984752034,144.68099525544997,147.58517906182286,9354714
2014-03-12,150.04933166503906,150.9293883285772,147.07914957749267,147.1011559622526,10726780
2014-03-13,151.10537719726562,152.60147646136755,150.18132880740535,150.20332472989142,6257265
2014-03-14,152.7775115966797,153.19553878790117,149.6093137731923,150.53337277912306,6897445
2014-03-18,156.60574340820312,157.08976880293244,152.97551634015537,154.0095758221856,13749124
2014-03-19,158.27786254882812,158.40986949213953,156.45175081072324,156.649766455345,8840284
2014-03-20,156.56175231933594,157.77182112253084,155.02165048893963,157.77182112253084,11469950
2014-03-21,157.39779663085938,157.83783020890388,155.13166188040708,156.86976888837646,11193774
2014-03-24,158.6958770751953,159.86195400349553,156.36373367790338,156.67174985433215,10948547
2014-03-25,159.64193725585938,160.60999858730696,157.83783198938292,157.96983892649274,9008127
2014-03-26,157.99183654785156,159.97196154435807,155.65969304860928,159.72994359407275,15149289
2014-03-27,158.36585998535156,159.59793519294453,156.6717552674976,157.9698391734031,26459965
2014-03-28,157.72784423828125,159.06993065243972,155.76972536009978,159.06993065243972,9733769
2014-03-31,155.26365661621094,158.849881359701,153.85556182827983,158.0358229650412,12461507
2014-04-01,154.86761474609375,155.5936684740618,152.18345319842234,155.5496661686674,10255405
2014-04-02,151.52342224121094,155.32965861916202,149.76331940253976,155.15364938122573,26083709
2014-04-03,152.2054443359375,152.9755003450884,149.93930999041638,151.63341438379595,10760165
2014-04-04,151.69943237304688,153.4815520659236,150.6213705546804,152.64549772149152,10707643
2014-04-07,152.00746154785156,152.60149796899572,149.89532972615928,151.69943491517796,11748896
2014-04-09,153.1074981689453,153.78953907028287,150.92935810142941,152.07342839710955,9400948
2014-04-10,151.30343627929688,153.87759796767807,150.9294113557803,153.2175527544947,11032927
2014-04-11,151.14938354492188,151.72142397515915,149.7633056933992,150.84136740672875,12132005
2014-04-15,150.02731323242188,151.34739280003598,148.15719964002636,150.79735877525454,7200749
2014-04-16,152.271484375,152.9755318434477,150.02734548975243,150.02734548975243,6787207
2014-04-17,155.43966674804688,155.65967829139868,151.36941658846072,152.77750092522018,8527505
2014-04-21,155.5056610107422,156.51772454362657,153.61355132692157,155.06563793527405,6880755
2014-04-22,154.33961486816406,155.79170166691472,153.591565082476,155.28566983412145,5147127
2014-04-23,155.41766357421875,156.20971560595308,153.37154048982228,154.889635859268,11759510
2014-04-24,155.41766357421875,155.41766357421875,155.41766357421875,155.41766357421875,0
2014-04-25,151.12741088867188,156.6497585998029,150.70938369282737,155.63769495919172,7124547
2014-04-28,150.4893798828125,152.00747542192065,149.60932313356454,152.00747542192065,7566809
2014-04-29,149.74131774902344,150.88538829106295,148.94926569397808,150.04933392514332,6681067
2014-04-30,149.9393310546875,151.78744900139202,148.99326569658479,149.74131542916678,6704337
2014-05-02,149.71932983398438,150.70938711128278,149.60931882125828,150.09334426677307,4510618
2014-05-05,151.67742919921875,152.0294476603428,149.82931135970196,149.82931135970196,6812515
2014-05-06,153.1074981689453,154.44958405057406,151.94142149291255,152.2494376027055,7776414
2014-05-07,152.53549194335938,154.18559430423045,152.0294601343199,153.12952837490062,7307541
2014-05-08,150.5553741455078,153.06353738346658,149.87333305917804,152.689512490474,8634471
2014-05-09,152.05148315429688,153.65758337962723,150.15936264489034,150.84140377354984,8210979
2014-05-12,158.03582763671875,158.40985249896607,151.80944328558937,151.96345659925245,11539433
2014-05-13,158.78390502929688,160.54401864328693,157.52982329488069,158.40988010187573,11467467
2014-05-14,160.8960418701172,162.3701352344028,158.98192531916888,158.98192531916888,10709542
2014-05-15,161.99606323242188,162.67810420325532,160.23595007850457,160.8959951260504,9930518
2014-05-16,157.06776428222656,170.5106004639365,155.1096458368128,162.72211853210717,40343155
2014-05-19,148.7732391357422,158.8498717462821,148.06920224369208,158.4098382294435,25167174
2014-05-20,149.9833221435547,156.20970609615856,147.21114543090428,150.48935390256352,9597444
2014-05-21,150.33534240722656,150.8853764797525,149.03726910839453,149.41128349189373,11070806
2014-05-22,152.16146850585938,152.90951826350138,149.76332683106298,150.929393319884,10932427
2014-05-23,150.97340393066406,153.65757646780764,149.9173379333027,153.56957183963664,10369650
2014-05-26,151.65541076660156,153.04149903611332,149.67529662079264,152.16144249391664,12807080
2014-05-27,151.28143310546875,152.95353152784622,150.57738560907805,151.8094608832797,7111658
2014-05-28,150.86338806152344,151.45742447103396,149.87332040613376,151.36941985179598,6491105
2014-05-29,150.70936584472656,153.12951364941225,149.78530693801022,151.80943397952075,15904432
2014-05-30,150.3793487548828,151.72143485650997,147.91519855399633,151.72143485650997,11472325
2014-06-02,148.1351776123047,150.97335204366007,147.58514364561867,150.48932675507086,11280670
2014-06-03,149.47171020507812,150.41319521051852,148.3957288640822,149.4268780932263,11193101
2014-06-04,148.3733367919922,149.65106812525136,147.38701955068643,149.06823994134453,15654413
2014-06-05,149.62864685058594,150.5925427055947,146.1541204446624,148.41816902092737,22003710
2014-06-06,150.951171875,151.9150674846319,149.31478401717376,150.1890154145864,16024262
2014-06-09,151.5115966796875,152.81173856916456,150.32352974063525,151.8030000760331,12511733
2014-06-10,151.24258422851562,152.40822971321887,149.98727452626215,151.9823300081308,8811973
2014-06-11,149.4268798828125,152.29616704534902,148.17157007937513,151.98234225862757,17591289
2014-06-12,149.78553771972656,150.72701201880392,148.462974505244,149.7407056102467,10194744
2014-06-13,149.11306762695312,151.01844854842412,148.77682142750473,151.01844854842412,8416552
2014-06-16,150.72702026367188,151.26501626340996,149.20271780142494,149.85278875271786,10149136
2014-06-17,150.6597442626953,151.60122906259542,149.89758787105254,150.61491216063098,6098558
2014-06-18,149.2699432373047,150.99599520705294,148.95610785622358,150.8390775165124,6865546
2014-06-19,150.74942016601562,151.04083418032405,149.3820249621105,150.1217600318551,8788560
2014-06-20,150.50283813476562,151.64607281002225,149.47168905155178,150.86150563537257,6990450
2014-06-23,141.20008850097656,150.18901641660239,140.1016965656877,150.18901641660239,33376555
2014-06-24,143.6883087158203,144.6746257934534,141.2225213500131,141.2225213500131,18077894
2014-06-25,141.69326782226562,143.32965586994936,141.4466858817787,143.06065254553118,13574151
2014-06-26,141.78292846679688,142.50024222967275,140.5500294520274,141.22252176127455,13659957
2014-06-27,143.35203552246094,143.89003139812291,141.71564782950207,142.11914740038583,11439941
2014-06-30,145.7281951904297,146.78176582996795,143.71073945038933,143.7331501785967,22314069
2014-07-01,145.79544067382812,146.87142198242745,145.2574446912529,146.87142198242745,14962757
2014-07-02,147.656005859375,148.0370841697982,145.92995342599818,146.22136750532795,9306027
2014-07-03,148.5526580810547,149.13548623678813,147.4094231555247,147.7232586193284,10115952
2014-07-04,149.47171020507812,150.23386676311108,147.924986361362,148.93372486285588,10708319
2014-07-07,150.099365234375,150.63735055798386,147.8129062959351,149.47170503361357,17027402
2014-07-08,150.54769897460938,151.28743418494173,148.6199074133044,149.74072092145695,15803786
2014-07-09,153.10313415527344,153.7756157463639,150.50284003340676,150.8615075385384,26261085
2014-07-10,153.39456176757812,156.46559881700264,151.08569195498535,152.6772479570103,42430312
2014-07-11,155.0757598876953,157.13805811217165,153.7756181348429,154.67227092677393,14437515
2014-07-14,154.64988708496094,156.60010005325148,153.0134989186069,155.68103637644717,6912659
2014-07-15,153.48423767089844,155.99485733768125,153.05832726476623,154.8964545731189,5904027
2014-07-16,154.3136444091797,154.76196556500565,152.4306742416059,153.1928308630624,8598157
2014-07-17,154.33602905273438,155.120596271098,153.59629394237578,153.82045448240103,5706924
2014-07-18,154.268798828125,155.56894072308876,153.19281749150818,153.7756349432103,6100526
2014-07-21,156.84669494628906,156.91393779540186,154.26882150498412,154.67231056931982,8177341
2014-07-22,158.2140655517578,158.6399759649243,156.77942724083783,157.3622553819768,8148776
2014-07-23,158.55032348632812,159.1555624011435,156.5328568847593,158.4830806383224,8044919
2014-07-24,159.80564880371094,160.0970629239049,158.0347640064612,158.7072564905159,6278041
2014-07-25,160.18667602539062,161.0384967248214,157.98988144380883,160.05217970283056,8495970
2014-07-28,160.14187622070312,160.61261877289382,158.97623053350532,159.2676446194429,4496205
2014-07-30,161.06092834472656,163.41464093625055,160.45568948641352,161.57650297636746,11848905
2014-07-31,159.62628173828125,161.39716610754795,158.70721813453687,160.50051323102718,10259935
2014-08-01,156.712158203125,160.47809804865295,156.08450866657094,159.6038665801772,9545592
2014-08-04,158.931396484375,159.15555706446565,156.60010513832734,158.70723590428435,6475186
2014-08-05,159.60389709472656,160.1418825146299,156.2638669815579,159.60389709472656,4971636
2014-08-06,155.1430206298828,159.31244938054743,154.26878917873643,158.88653901805287,7650927
2014-08-07,155.23269653320312,157.20533078486824,153.9773867339303,155.27752864544317,4920727
2014-08-08,156.26382446289062,156.689734799369,153.86528014373863,154.78435430416047,4388250
2014-08-11,155.8827667236328,157.74331535728743,155.1430315470281,157.13807651674253,5595000
2014-08-12,155.59136962890625,156.7794367117781,153.99981349386894,156.7794367117781,4348476
2014-08-13,160.18667602539062,160.50050077803076,155.79308686222703,156.68973966917784,10789938
2014-08-14,159.98492431640625,162.2265509789301,159.1555250088445,159.98492431640625,6878404
2014-08-18,157.20529174804688,159.15550413104438,155.36715428954355,158.97617572661457,7225243
2014-08-19,156.28628540039062,157.9675057904838,155.7258786036929,157.36226687631236,8052736
2014-08-20,154.64988708496094,157.3622566573636,154.1791445537802,157.3622566573636,7099498
2014-08-21,155.18785095214844,156.0172502848812,154.33603023696588,154.64986565195983,6235710
2014-08-22,154.06703186035156,155.95000165412475,153.12554696346498,155.2326772906516,7123904
2014-08-25,156.60008239746094,156.91390716401543,154.04463084241556,155.4344368937077,4210814
2014-08-26,158.01231384277344,158.61755266476737,156.71216132094287,156.89150042007722,6166860
2014-08-27,157.96749877929688,159.11072305241225,157.51916696790568,158.55031628058745,7417246
2014-08-28,159.29005432128906,160.05221095449792,157.74333032501067,157.81058382769777,13099525
2014-09-01,157.16049194335938,160.5005108036094,156.7569922939244,160.5005108036094,7340711
2014-09-02,159.0210418701172,159.6935341872415,156.46559024683688,157.13807190741005,7618002
2014-09-03,156.42074584960938,159.4693504511818,156.1517425499586,159.2900220224482,10204218
2014-09-04,157.09326171875,158.1916645691261,156.51044419825558,156.73460478306114,9127941
2014-09-05,157.2725830078125,157.81057904334136,156.17419086412568,157.18291877798305,7591967
2014-09-08,158.68479919433594,159.15554169534448,157.02600040529737,158.25888880501623,6563491
2014-09-09,160.59017944335938,161.21783966166842,157.36224609835995,157.36224609835995,6017390
2014-09-10,157.3846893310547,160.0522271608389,157.25019296861433,160.0522271608389,10499079
2014-09-11,157.45191955566406,158.23648688214996,156.6897629579939,157.38466605611296,9151782
2014-09-12,159.4469451904297,160.47809434753793,157.42947898493307,157.45190036756836,8462450
2014-09-15,157.6760711669922,159.1555415075295,156.91391461262987,158.90895956525617,6591435
2014-09-16,158.32615661621094,159.2900524329494,156.91392898549583,157.6312534939271,8095323
2014-09-17,159.04344177246094,160.72466168164573,157.72087870047298,158.483035136066,9693797
2014-09-18,160.81434631347656,160.94884264450567,158.34854827495639,159.20036902802514,6594580
2014-09-19,161.12815856933594,161.75581872193246,158.79686769949217,160.50049841673942,8646616
2014-09-22,166.21665954589844,166.77706623991372,160.23151434876698,160.94883875346486,13115537
2014-09-23,166.23907470703125,168.07720177441394,164.89409016649216,165.88040718983063,14202136
2014-09-24,169.10833740234375,169.91532593092057,166.0597223605921,166.1493972251447,10508318
2014-09-25,168.86180114746094,170.3188501576914,166.91157757792692,169.24286878215779,13621698
2014-09-26,166.64256286621094,168.77210395080817,165.25275688138854,167.92029391089952,10573858
2014-09-29,164.1319580078125,167.18056289035187,163.41463357021726,166.19425644141646,3128759
2014-09-30,165.9700927734375,166.9564099237631,162.74214864234062,163.36980888583938,10195275
2014-10-01,163.23529052734375,165.88040617150165,162.89904439427318,165.88040617150165,4091374
2014-10-07,162.6300506591797,164.26643854969592,160.5453310420609,162.60762927740194,10091137
2014-10-08,163.95262145996094,164.961349242978,162.40589771119755,162.7421332011694,8661042
2014-10-09,163.86297607421875,165.11829666801916,163.1232408126757,164.10955804691733,6208759
2014-10-10,158.30374145507812,163.77331307349772,157.9675059020642,163.4594882509601,5365779
2014-10-13,157.16049194335938,158.21405186416513,155.65860026279825,158.21405186416513,5717478
2014-10-14,155.56893920898438,157.8105660837397,153.99979400272488,157.16049514258475,8105627
2014-10-15,155.56893920898438,155.56893920898438,155.56893920898438,155.56893920898438,0
2014-10-16,158.01231384277344,158.48305633282996,153.9773812584466,154.6722843017321,13245841
2014-10-17,158.68479919433594,161.35233648120058,157.51915363387462,157.76573557643897,11709385
2014-10-20,157.81056213378906,160.43326721665548,157.272566155907,159.1555360936677,8346354
2014-10-21,157.51914978027344,158.21405282272585,156.0172580906129,157.8553959379894,6726352
2014-10-22,156.465576171875,158.25887109530424,156.24140498196493,158.01229983688347,8451846
2014-10-27,156.712158203125,157.5415682183978,156.0172551736647,157.47431472549152,5825822
2014-10-28,156.9811553955078,157.7208905058703,156.3983273348886,157.47430858356597,5101908
2014-10-29,158.90895080566406,159.155532734345,157.0484022905052,158.2140477853367,7158670
2014-10-30,159.11068725585938,160.38841824451615,157.58638501579068,158.30369870215247,15426750
2014-10-31,159.2452392578125,161.39720238250808,157.92268635783034,159.9849745838228,15343260
2014-11-03,159.3572998046875,160.3436169696317,158.3485612544584,160.00737078622203,7727962
2014-11-05,161.01609802246094,161.30751209066293,159.37970988266366,159.4693741103332,7884245
2014-11-07,159.4469451904297,161.6213184481706,158.25887832452645,160.6574227824175,9694742
2014-11-10,166.64256286621094,167.00121972511985,159.46935109218006,159.60385807082125,24492668
2014-11-11,163.23529052734375,166.86672318878516,162.54038753582475,166.01490249341978,7493377
2014-11-12,165.65628051757812,165.8804411013104,163.25773563026152,163.30256774700797,6902166
2014-11-13,165.14065551757812,166.26146875120705,164.24400279936515,166.26146875120705,5038832
2014-11-14,165.52175903320312,166.17182995559105,164.69235967106005,165.02860582387646,7768029
2014-11-17,165.9700927734375,166.5304995186303,163.45947311254608,165.43210741319726,6218698
2014-11-18,165.99252319335938,166.64259420064226,164.75962402420777,165.54420203542372,9904004
2014-11-19,164.91650390625,169.1307644498007,164.35609725917834,165.99248509488953,13208757
2014-11-20,165.90284729003906,166.50808613894813,165.028615765293,165.43210477904853,5258120
2014-11-21,168.6376190185547,168.88420095398396,165.67867841960762,165.94767108195714,6902462
2014-11-24,168.09963989257812,168.547961013026,166.7770766024297,166.7770766024297,8904624
2014-11-25,159.3348846435547,169.82570629905302,156.308690187758,167.76340766056865,26184187
2014-11-26,162.92149353027344,164.2216355201817,160.54535946862134,160.72469858494676,22267406
2014-11-27,161.66616821289062,162.94389943577815,159.26763414959984,162.36108195876844,16590815
2014-11-28,162.8094024658203,164.08713368377056,161.3971749075414,161.66616758819876,10866476
2014-12-01,163.45944213867188,164.51301258766267,162.3610502413727,162.3610502413727,8533342
2014-12-02,163.99746704101562,164.4906202816228,163.01114990324967,163.36980680550943,8924397
2014-12-03,162.85423278808594,164.08713187903305,160.09703120029383,164.08713187903305,8164612
2014-12-04,171.77587890625,172.15695712890775,167.24779365267855,167.24779365267855,27702699
2014-12-05,175.45216369628906,175.74356706779145,171.55172770383328,171.70864540891182,16908709
2014-12-08,178.34384155273438,179.19565150400862,175.8780439346612,176.28154351549824,15662453
2014-12-09,176.79718017578125,179.33022151008873,175.65394517025112,178.657729076653,14415357
2014-12-10,177.0885772705078,177.7610589828208,173.21055144168568,177.42481279838833,9649673
2014-12-11,177.8058624267578,178.859432924327,175.07108259121588,177.0885487159535,11225006
2014-12-12,177.40237426757812,179.46466185202726,176.19189671856546,177.53687058896284,9041914
2014-12-15,175.9901580810547,179.19568058560384,175.49700487133597,177.08856076025467,8901903
2014-12-16,170.6326904296875,174.8469411677912,169.42221268007074,174.39862002221167,14072416
2014-12-17,166.68740844726562,172.47080404740768,164.35611736281382,169.26528147042424,16246094
2014-12-18,168.05482482910156,169.69121306956927,163.6388133902197,169.69121306956927,6500408
2014-12-19,165.34243774414062,168.54796038477315,164.7596096331794,168.54796038477315,9788570
2014-12-22,167.71856689453125,169.55670485936602,165.43210779512788,165.70110047586903,17438456
2014-12-23,167.96511840820312,169.24283873845116,167.1357084747291,167.65128301432654,5262474
2014-12-24,166.508056640625,169.66874666314555,164.64750831087034,167.89786254278513,21419026
2014-12-26,164.96139526367188,167.18060126804062,164.26649205048912,167.18060126804062,3026088
2014-12-29,165.81317138671875,166.53048513843112,164.5354402816548,164.58027239113682,3433537
2014-12-30,165.11827087402344,166.53048767247185,164.66993911583023,165.9925023505012,3283195
2014-12-31,165.29762268066406,166.14944355074613,164.75962662609288,165.40969764364166,3824375
2015-01-01,164.60269165039062,165.38725888447868,164.08711706972406,164.80443081218138,2636761
2015-01-02,165.11827087402344,165.947670240337,164.64752838902362,164.64752838902362,6853849
2015-01-05,165.76832580566406,166.687389303631,164.78200882066417,165.29758336608344,8556295
2015-01-06,161.50924682617188,165.6114221563331,160.9488401273728,165.27517600574345,13597291
2015-01-07,158.5054931640625,163.19049745259994,158.25891118662557,160.0522172208986,12421217
2015-01-08,162.47317504882812,162.8990855039949,159.35731616335366,159.35731616335366,8774566
2015-01-09,160.0073699951172,164.01988147780628,158.30372835775884,162.7869823635837,11224780
2015-01-12,160.43324279785156,162.00237706945416,159.6486756620503,160.25391438470263,10249032
2015-01-13,161.44200134277344,162.159325789182,160.1866915539721,160.67985544105028,12071158
2015-01-14,155.92758178710938,161.26265581692212,155.16543596610063,161.26265581692212,16849719
2015-01-15,160.45570373535156,161.35235673825048,157.31743421003438,158.3037407910152,16665762
2015-01-16,161.44200134277344,162.27140074057144,158.86412826909591,160.7022661687076,11230052
2015-01-19,160.85919189453125,162.1817445886799,159.6038820432527,161.39717726369977,7117173
2015-01-20,166.37356567382812,166.70981179813836,160.54532793658421,160.99365965451457,12477394
2015-01-21,158.12437438964844,167.20296654925906,156.55524000340594,167.20296654925906,33697892
2015-01-22,157.20529174804688,161.30746629729987,156.39830327156386,158.25885145234645,30768622
2015-01-23,156.66734313964844,159.5814625603745,156.3759397228175,158.46064903802633,17392494
2015-01-27,161.46446228027344,161.84554065276197,156.62253972987486,156.91395385666655,26228540
2015-01-28,162.42831420898438,162.94388881022525,160.2987729662575,161.39716500650263,12792194
2015-01-29,165.9700927734375,166.77708147034966,161.3971745851882,162.74214864234062,21906152
2015-01-30,165.2303466796875,166.7770704732163,163.03355195712427,165.88041760872193,14453148
2015-02-02,161.6885986328125,165.52178185911384,161.12819185302052,164.53546464789366,8820985
2015-02-03,164.1095428466797,164.5354532486001,162.04724433487632,162.04724433487632,6541497
2015-02-04,164.804443359375,166.10458527311442,163.79571550397068,164.75961124705816,6030862
2015-02-05,165.3872528076172,166.82189089636935,163.05596191718854,164.04227893337764,9843219
2015-02-06,167.44956970214844,167.85305871238882,164.1319614260728,164.1319614260728,7606977
2015-02-09,164.93893432617188,167.6064715635509,164.40094899588595,166.3959939138564,7464839
2015-02-10,165.83558654785156,166.77707152870147,164.49061257087357,165.02860855559544,8320305
2015-02-11,166.39598083496094,167.18054804156907,164.91651063641135,166.35114872762762,4720532
2015-02-12,166.0597381591797,166.77706254799827,163.4818759490157,166.77706254799827,5498120
2015-02-13,169.4894256591797,170.02742159563098,165.90282515685513,166.4183997117021,9373648
2015-02-16,174.66761779785156,175.2952780764995,169.46704973142164,169.6463781948775,12053473
2015-02-18,176.30398559570312,180.22683257746783,172.60529916730044,172.60529916730044,14195768
2015-02-19,174.51068115234375,176.50572595508802,171.97764039383495,176.16947981480402,7249013
2015-02-20,177.55931091308594,178.388721018045,172.3139108784819,173.72612781671063,9275383
2015-02-23,174.95901489257812,178.79220838127074,174.51069377746566,177.0885668307407,6077614
2015-02-24,177.40237426757812,178.43352338807784,174.24167341711143,175.7435649907328,8556081
2015-02-25,179.19566345214844,179.33017042576208,176.3936302052803,178.2541892327027,16358450
2015-02-26,177.3799591064453,179.95783199810052,175.7211604279763,178.38869753703247,12153247
2015-02-27,176.5057373046875,177.82830056845725,172.17940128072465,176.99889052734417,35742645
2015-03-02,153.88771057128906,160.500505224728,153.32730388348745,160.500505224728,52676159
2015-03-03,153.1255645751953,154.89644897766487,151.98234039502384,153.99979608433247,46726874
2015-03-04,154.33602905273438,157.27255876844148,153.73079026639093,154.6722751910475,33411001
2015-03-05,155.23269653320312,156.51042771687176,153.1928194414537,155.56894270327925,21288890
2015-03-09,151.69093322753906,154.6274633277127,151.19776931836526,154.0894779612161,16929751
2015-03-10,151.7805938720703,153.64114253877526,150.23386999507966,152.43066483618284,13538973
2015-03-11,151.6236572265625,152.74447056364667,151.33225385789888,152.5875635166471,13191922
2015-03-12,155.41200256347656,156.12932691239246,151.89265561893131,152.00473055508849,28375424
2015-03-13,152.1616668701172,156.91391328966523,150.9511892096012,156.15175674172875,16254309
2015-03-16,150.36837768554688,153.1480008596608,150.18904922074321,152.87899750590287,8926276
2015-03-17,152.43064880371094,152.7220628346423,150.7494287651,152.20648826320624,11361862
2015-03-18,150.92877197265625,152.99107046028888,150.63735791319695,152.99107046028888,9094350
2015-03-19,149.44927978515625,152.81171970064577,148.61988049690748,151.75814922612437,10865286
2015-03-20,146.80418395996094,149.60621780301807,146.33344142180317,149.60621780301807,10980106
2015-03-23,146.78175354003906,147.85773481769357,145.70577226238456,146.31101106503078,11832346
2015-03-24,146.4006805419922,147.8577401285655,146.15409860419024,146.6472624797941,11128170
2015-03-25,146.49034118652344,147.34216192791064,146.15409503528628,147.34216192791064,7528966
2015-03-26,144.54013061523438,147.47666048823652,143.73314197136665,146.15409724641873,25124845
2015-03-27,142.34332275390625,145.81784828763807,141.26734154691286,145.25743097445704,22227555
2015-03-30,146.8489990234375,147.72324115367405,143.30723036212325,143.30723036212325,17152877
2015-03-31,146.0868377685547,147.40939020317145,145.257427835685,147.40939020317145,12752488
2015-04-01,149.04579162597656,149.29237355589083,145.32469457704684,146.08685109320868,11257250
2015-04-06,152.8789825439453,153.17039659900738,147.54391861195884,147.65599356321636,20059841
2015-04-07,152.69964599609375,153.775627279084,151.0856793998838,152.92380654326863,10955870
2015-04-08,155.23269653320312,155.54652131888346,153.10315521697362,153.32731577817384,12858493
2015-04-09,155.6361846923828,156.44317336484278,154.22396783626724,155.52410974067126,7962836
2015-04-10,155.41200256347656,155.83791289659382,153.43936859637031,155.5689202619566,5808788
2015-04-13,157.58639526367188,157.98988423848937,154.6050227629267,155.56892907648324,11311123
2015-04-15,159.1331329345703,160.769521016265,157.54157696511857,158.7072225399866,18165922
2015-04-16,156.958740234375,159.78319512030836,155.41201646206162,158.19163923821276,8168670
2015-04-17,157.74330139160156,158.37096156086275,155.88275292266923,157.13806260464105,9146535
2015-04-20,153.282470703125,157.8553883910929,152.69964263674154,157.8553883910929,11709786
2015-04-21,153.30487060546875,156.33107501002627,152.87896027700103,153.26003850018532,11309747
2015-04-22,153.9549560546875,154.67228046377215,151.78058275749314,152.43065367400231,11183242
2015-04-23,153.3721466064453,155.34478084159633,151.66850504248268,153.95496406068682,9268343
2015-04-24,155.99484252929688,156.89149536990175,152.94622713386062,153.327305390359,17985818
2015-04-27,154.60501098632812,157.72087957467002,154.31360763276538,156.42073787607546,9732828
2015-04-28,151.33226013183594,154.6722788996732,149.56136518179886,154.62744679059318,11098180
2015-04-29,147.11801147460938,150.63735897115242,146.73693318749415,150.21144857123255,10479677
2015-04-30,144.51771545410156,147.23008489185491,144.00214083395295,146.9610922178343,20809376
2015-05-04,148.03707885742188,148.3509036549871,143.5089927234873,144.9884631399896,7487026
2015-05-05,146.26620483398438,147.4991040402894,145.0781377448239,147.3197649151584,13976353
2015-05-06,142.7244110107422,146.9835040316154,141.76050467343802,146.15409402256395,20990280
2015-05-07,144.60740661621094,145.12298133240068,141.49154758700513,142.79168974351316,11010190
2015-05-08,147.05076599121094,147.63359414598625,144.65222118406606,145.95237383936052,12625098
2015-05-11,146.35586547851562,148.28366778155367,145.43680177131776,147.94742158294028,9134733
2015-05-12,145.3695068359375,147.05072669327288,144.8539323200927,146.82656617693806,14846868
2015-05-13,146.98350524902344,147.85773671818254,143.9124684305552,146.53517349458346,11037270
2015-05-14,145.57127380371094,146.60242295705768,144.5401246503642,146.60242295705768,8347876
2015-05-15,146.3334197998047,147.00591208539288,145.63851678819057,145.75060238797215,5659055
2015-05-18,149.29237365722656,149.69587329855122,146.26617963004585,146.73692210722405,7175678
2015-05-19,149.09060668945312,150.5924981670918,148.2836288127171,148.7319498553482,8901031
2015-05-20,148.82164001464844,149.83037852129166,148.17156906120238,149.0682219593681,5360856
2015-05-21,146.78175354003906,149.47170140589995,146.1540933545111,149.29237296904932,7458421
2015-05-22,147.5663299560547,149.40446786118105,145.90753115548205,147.49908711632955,12962351
2015-05-25,142.02951049804688,145.4816149538975,141.8501714006544,144.11421960765503,24332194
2015-05-26,140.77420043945312,142.3433457251774,140.21379369238414,142.3433457251774,11448185
2015-05-27,142.43299865722656,142.9037411399587,140.77418927603927,141.22252103207276,9485450
2015-05-28,144.1142120361328,144.56253311468234,141.89499605593647,142.6123204381662,20765291
2015-05-29,146.6472625732422,147.92498306078664,142.858911908358,144.36080360671136,20563442
2015-06-01,148.86647033691406,149.62862688967425,145.9299403895545,145.9299403895545,10448028
2015-06-02,142.85891723632812,147.63358517457016,142.3881747265549,147.45425672447587,11266482
2015-06-03,139.30787658691406,143.63265184189564,137.56882232752534,143.60976425307646,21470134
2015-06-04,138.0264892578125,140.33761397900608,136.47049192662482,139.58249746713363,11429057
2015-06-05,139.26211547851562,140.9096520547747,135.0060028924653,137.95782747362,17605227
2015-06-08,139.2849884033203,141.06981769333098,138.32392731470924,140.4977585575511,10689359
2015-06-09,137.56883239746094,138.66718654415362,137.1569536717508,138.16376833459776,10292547
2015-06-10,137.7976531982422,138.85024303662797,136.65353475461694,137.5688316851436,9861385
2015-06-11,135.9441680908203,138.2095280236319,135.09752314380628,138.2095280236319,11520780
2015-06-12,136.1730194091797,137.36290228886415,135.00602412243794,135.82978166197321,8653038
2015-06-15,136.60775756835938,138.55275656346066,134.54834238843335,135.9212822156736,8680427
2015-06-16,136.813720703125,137.36289235643906,135.1204196824745,136.37895437185168,8231138
2015-06-17,137.7976531982422,138.71295012876882,136.0357112301846,136.60777045199723,10881861
2015-06-18,138.1637725830078,139.30789106773778,137.38577941052168,137.84342245316057,11296145
2015-06-19,139.5824737548828,139.78840766432452,138.39259108537442,138.57564828404776,8757082
2015-06-22,142.0537872314453,142.85466802486093,139.4452000352993,140.13166462474138,7197508
2015-06-23,143.95301818847656,144.15896299857073,140.77237181838234,142.0537832273546,7586161
2015-06-24,143.5411376953125,145.57766554560868,142.3512549102017,144.25048984815425,7368751
2015-06-25,142.94619750976562,144.36491275954288,141.75631466933297,142.145316711459,10885448
2015-06-26,140.93252563476562,142.94617657072908,140.52064693891782,142.94617657072908,5507615
2015-06-29,141.8478546142578,142.30550859137654,139.01044564428472,139.6740335768795,9719271
2015-06-30,144.2275848388672,145.00558879298865,140.97828700474977,141.96223574158134,11639874
2015-07-01,143.5182342529297,144.79964550474065,143.01482696326988,144.27335062648513,8850821
2015-07-02,144.1818389892578,145.21155215643535,143.4724868313174,143.74707265797832,6562181
2015-07-03,144.4335479736328,145.02849480899897,142.9461917633502,143.83861201639942,5122200
2015-07-06,145.71493530273438,145.82935148390547,142.78599854856873,143.19787722014897,4419337
2015-07-07,145.23443603515625,146.1268563330335,144.66237676232208,145.82938290040775,7595780
2015-07-08,143.22079467773438,144.61662244575095,141.5961453604038,144.22762037285008,11611813
2015-07-09,142.14532470703125,144.1132117424082,141.80208695184064,143.15215037912796,6711914
2015-07-10,141.82496643066406,142.64872394222894,140.2918458558297,141.41307679674847,7493999
2015-07-13,143.97589111328125,144.79964851347745,141.39018096733614,143.24365143497513,6623752
2015-07-14,142.92330932617188,144.84542091223244,142.16819289470533,143.67842575763842,5465329
2015-07-15,143.70132446289062,144.25050705591022,142.48856482011786,142.48856482011786,5687830
2015-07-16,145.509033203125,146.40145357047643,142.92333335600128,144.0674519907383,5838516
2015-07-17,147.49977111816406,148.23199989981998,145.37170402614797,145.78359359396083,6133622
2015-07-20,146.676025390625,148.02608873137476,146.0810894141453,147.2709722452378,4946419
2015-07-21,143.42672729492188,147.56843505820794,143.01484854123808,146.67602565282655,7069753
2015-07-22,143.93014526367188,145.5090192555096,142.19107988406353,142.83179104448055,8060271
2015-07-23,144.20472717285156,145.2801937707572,142.7860228511436,144.20472717285156,5631003
2015-07-24,143.95301818847656,144.43354882660776,143.01484450361698,144.15896299857073,4199466
2015-07-27,142.62582397460938,143.4038279312643,141.77917900891515,142.55717208743866,5315522
2015-07-28,142.41989135742188,143.6555384069985,141.6647749246953,142.76312906633368,6795594
2015-07-29,139.12481689453125,142.78600430195783,137.5688198610669,142.32835043696383,9718356
2015-07-30,144.59371948242188,145.4632412119747,137.29424267647548,139.12482561682398,20744023
2015-07-31,149.19305419921875,149.83376523186172,144.29623093435296,145.50899023731623,16948958
2015-08-03,151.7330322265625,152.6254416426071,148.7812072612254,149.19308601983062,14905871
2015-08-04,150.9779052734375,151.73302171764823,148.52948784930453,151.68725741430612,10317915
2015-08-05,151.84742736816406,152.41948655927277,149.46766200340244,150.97789478692724,5929897
2015-08-06,149.3074951171875,151.4813158902049,148.27778195249553,151.2753819597727,8786024
2015-08-07,148.48370361328125,149.00999847013088,147.36247289284955,148.27775883682196,4644064
2015-08-10,146.88192749023438,149.7650996786542,146.14968793092098,148.50657619380513,5799938
2015-08-11,146.49295043945312,147.31671872379403,144.77677285931978,146.49295043945312,5520369
2015-08-12,144.95982360839844,146.44717962060338,144.61658593202324,146.44717962060338,12386018
2015-08-13,144.7767791748047,146.30989962043634,138.66718498251478,145.25730978845436,6900635
2015-08-14,145.6005401611328,146.56159046189154,143.97589119265268,145.30306677183214,7890438
2015-08-17,145.02850341796875,146.35567920255787,144.38779224016707,146.12685766696205,4495638
2015-08-18,144.0902862548828,145.80646370136765,143.06058413824425,144.8454025908352,9429541
2015-08-19,145.02850341796875,145.53191079627956,141.41307964302132,143.70131675524624,7657887
2015-08-20,150.72622680664062,151.18388081122902,144.77681177206912,145.57769268243044,18701959
2015-08-21,151.36691284179688,151.61861108034233,147.70572492763773,150.5431444732978,18452566
2015-08-24,146.53872680664062,150.79485060172198,144.43354706115667,146.92772883067127,17120031
2015-08-25,146.4014434814453,149.2617398711749,143.01485212088014,147.3853815233843,22094589
2015-08-26,145.37173461914062,146.83621424691015,143.51826380832023,145.34885790396527,16777892
2015-08-27,149.05580139160156,149.90244654822953,144.77680042127056,148.04897571420594,20810590
2015-08-28,149.65074157714844,150.7262082308393,148.59815163789355,150.7262082308393,10099873
2015-08-31,148.80409240722656,150.33721307944055,147.17944311680282,148.62103517080706,10005743
2015-09-01,144.36488342285156,148.23199370981422,143.83858856894815,147.59129355262021,9835616
2015-09-02,146.49295043945312,147.84301361682685,144.22759037704859,145.94376795718193,13515913
2015-09-03,146.44717407226562,148.59811776751008,146.03528452496784,146.14970070546855,10476984
2015-09-04,145.1199951171875,147.13363499634275,144.0445178562625,146.44717056417525,16321889
2015-09-07,143.44960021972656,146.21836764283637,142.3970104120254,144.75388824543265,7386243
2015-09-08,143.19789123535156,144.4335382491596,142.00800852286486,143.28941983799422,10634960
2015-09-09,143.88438415527344,144.79967029316194,143.17502108120985,144.2733753248094,6359030
2015-09-10,143.40383911132812,144.52506995685593,142.03088828592686,142.32836168997264,9313670
2015-09-11,143.5869140625,144.68526833165703,142.85467425701745,144.02168042718023,6970833
2015-09-14,143.5411376953125,144.25048984815425,142.60295314376538,143.58690199942703,7762278
2015-09-15,145.09710693359375,145.48610888262067,143.01481518072097,143.243636657169,5374153
2015-09-16,147.43112182617188,147.75147192378574,145.16577267584788,145.82936045997096,5804856
2015-09-18,145.5319061279297,150.10838020557614,144.044549877068,148.7354401579088,13322309
2015-09-21,143.81573486328125,145.21156256606793,143.42673280855925,144.79967291841712,7060328
2015-09-22,142.85464477539062,145.64629961918152,141.87070691825883,144.57082228688898,15513834
2015-09-23,144.66236877441406,146.0124320647581,140.49778446014506,140.49778446014506,12103872
2015-09-24,147.61422729492188,147.98035269005013,143.93017277234108,144.0674657162135,14665105
2015-09-28,146.1039581298828,148.73543276943693,145.71495611210534,147.88878771788157,6603226
2015-09-29,146.63023376464844,148.73541319929885,145.07423677640432,145.96664601391706,8618175
2015-09-30,150.47451782226562,150.95504854466577,146.44722567040563,147.36252280250758,13981834
2015-10-01,150.45159912109375,152.78560017367087,149.6735951441908,149.6735951441908,6445786
2015-10-05,150.79483032226562,151.71012715957468,149.5591833992443,151.02365181206008,9680157
2015-10-06,156.90444946289062,157.27056390614035,150.4744938454531,151.93897337471793,11133386
2015-10-07,158.91810607910156,160.1766299597781,156.65274568887045,157.40786219290302,11119883
2015-10-08,155.1882781982422,158.68927490390715,153.49497707096538,158.68927490390715,9729114
2015-10-09,157.17901611328125,157.79683959993278,155.69166005189598,156.0120101506441,5747871
2015-10-12,155.943359375,159.4443552874201,155.0738268547153,156.99594908310655,6302130
2015-10-13,157.45362854003906,158.3002736689771,155.43997725110518,155.60015776663406,7275026
2015-10-14,157.4764862060547,158.18583827750564,156.74424654610624,157.52225050491825,9432417
2015-10-15,159.9020233154297,161.2749632239786,157.27054881180067,157.43072930441528,9861249
2015-10-16,159.65029907226562,160.17659392305362,157.20188200501184,159.28418469889343,10008030
2015-10-19,160.63427734375,161.09192039472612,157.9799150136899,159.26132643455588,11618584
2015-10-20,159.55880737304688,160.7486902397691,159.16980532232614,160.4054524963018,7671159
2015-10-21,159.5130157470703,160.17660352766333,159.10113705232925,159.76472483292227,5676290
2015-10-23,163.99795532226562,164.27254110991913,160.22236266857098,160.22236266857098,9060774
2015-10-26,163.1513214111328,164.6615542235502,162.46484601741656,164.22678792461417,8200648
2015-10-27,162.92251586914062,163.3572713325422,161.66398115005984,162.3275690192092,15515511
2015-10-28,162.55638122558594,164.27255890148797,162.00720959080084,162.1673792118803,10086513
2015-10-29,160.17662048339844,162.92251137340378,158.84944478172224,162.51062175693,7932853
2015-10-30,153.1517333984375,160.84021287828097,151.43555562299863,160.84021287828097,28847862
2015-11-02,154.31874084472656,155.46285937160195,151.0007905899081,152.39661823857332,10723717
2015-11-03,153.2432403564453,155.09672166478154,152.30506678610416,154.13566050583134,4061707
2015-11-04,153.6322784423828,154.77639706655515,152.8542851750768,154.15857344462745,5171885
2015-11-05,154.2958526611328,155.23403724670425,152.51103385780456,152.85427159017786,5595613
2015-11-06,154.54757690429688,155.34845777277798,153.31192964935246,153.60940310505904,4635192
2015-11-09,156.9959716796875,157.4307380024062,151.1838507391451,151.7101456689485,12462025
2015-11-10,154.11276245117188,157.91124252992503,153.38053371551305,155.96623275550442,7507146
2015-11-13,150.93214416503906,152.76273809373777,149.69649707051389,151.20672999090405,19348452
2015-11-16,154.82215881347656,155.14251985519806,150.84063128877128,151.0236885251071,9111652
2015-11-17,159.7647705078125,160.29106554062014,155.18829574535818,156.6070003109667,12018593
2015-11-18,159.1926727294922,160.7029055554918,157.47649510789918,160.63426454238203,10350049
2015-11-19,161.1147918701172,161.549558193476,159.62744656373428,160.1766182070512,17590094
2015-11-20,157.63668823242188,161.20634779043831,157.01886463163703,161.20634779043831,10237807
2015-11-23,154.34164428710938,157.81976477601685,153.88400114835906,157.13330006789135,9335921
2015-11-24,153.72377014160156,155.4170709553193,152.07624450486534,155.21112617142802,13590345
2015-11-26,156.88153076171875,157.8883561591363,153.2432311299293,153.83817786036593,9778092
2015-11-27,157.59088134765625,157.88835471014457,155.07382331627764,157.61376893467724,5895769
2015-11-30,158.4146728515625,158.71214625780271,155.85185014733685,157.06460960642028,17919712
2015-12-01,158.46044921875,158.8036869537651,156.05779595177734,157.97991856535546,10516942
2015-12-02,159.9020233154297,160.06219292991236,156.69848961006096,158.34601532469324,4813524
2015-12-03,157.1332550048828,159.21554700623517,156.65272440793504,158.39178959272348,5809665
2015-12-04,153.74667358398438,156.40102494726364,153.31190726101062,156.19509102026845,14148517
2015-12-07,143.49539184570312,153.72380759487658,142.12244078943044,153.3119288048752,52829599
2015-12-08,144.04454040527344,145.62342516361628,142.14530552843755,142.32836273900503,19736148
2015-12-09,145.25733947753906,146.21840090126938,144.27339045889397,146.21840090126938,15655011
2015-12-10,147.01927185058594,147.24809339358362,145.07427241790518,145.30309396090286,8649047
2015-12-11,146.90484619140625,147.56843406248575,144.34202331840038,146.90484619140625,9358275
2015-12-14,146.49295043945312,147.54554022551878,145.1428872620794,146.44718613910817,7573029
2015-12-15,147.79725646972656,148.2320119049795,145.5318962976808,146.44719322701107,10478148
2015-12-16,146.1039581298828,148.5752522685484,145.57766320197197,147.82013582374864,8099047
2015-12-17,146.676025390625,147.24808465322974,144.75390278727053,146.30991094356057,9018268
2015-12-18,145.1199951171875,147.82011030664086,144.79963417071207,146.85904922347575,14774200
2015-12-21,149.4447784423828,149.85665715495543,145.09712629714397,146.4471895055522,8352379
2015-12-22,146.56158447265625,148.96423732169794,146.21835767547708,148.75829254088544,6326849
2015-12-23,147.1336669921875,148.27778550606516,146.44720241074066,147.3624993974694,5475581
2015-12-24,148.1404571533203,148.6209876844526,146.72175314622996,147.82010709194225,3799114
2015-12-28,149.28460693359375,149.6736089579472,147.56842921071632,147.6828454101612,9432149
2015-12-29,148.66677856445312,150.10837041564437,147.98031402445656,149.39901828524845,4606143
2015-12-30,149.4447784423828,149.8795447447199,148.39218863212082,149.42189085261833,4984557
2015-12-31,150.016845703125,151.02367126604523,147.98031786442385,148.9642558363508,8342404
2016-01-01,149.8795623779297,150.56603785777932,149.03291726341288,149.92532668471077,1536435
2016-01-04,148.78118896484375,149.23883197368198,147.1565399662703,148.96424616837905,6133919
2016-01-05,148.66677856445312,149.37613069484905,148.30066414312162,148.78119476018537,6040492
2016-01-06,144.20472717285156,149.6507338146589,143.95301805831215,149.6507338146589,15821205
2016-01-07,141.68768310546875,143.60979497406242,141.2529167280835,143.60979497406242,12264018
2016-01-08,143.5411376953125,145.07425820034868,141.75630807858,142.41989592730718,10219316
2016-01-11,144.63949584960938,144.9827335789734,141.756311976711,141.87072817921,7141566
2016-01-12,144.2275848388672,145.02847638134816,143.0148254872287,144.27334913745486,7222615
2016-01-13,144.502197265625,146.63025369919973,143.9987790481347,145.23442612287263,7126884
2016-01-14,145.18865966796875,145.87513508959913,142.90042276671068,143.54113388544118,11933785
2016-01-15,143.65553283691406,145.25730512368474,142.92330402296807,144.20471532550545,8287068
2016-01-18,144.3419952392578,145.82935120094118,143.35805741999326,143.6555199098252,12285620
2016-01-19,143.7241973876953,145.30308222404537,142.7631361066011,144.27336904653038,7099389
2016-01-20,141.39016723632812,146.44717084801786,139.58246124425415,142.05375496110818,10015115
2016-01-21,140.2231903076172,142.62584351580935,138.9646664808622,142.62584351580935,13042954
2016-01-22,141.29869079589844,143.12927417232444,138.4841583844388,141.41309613797432,15828472
2016-01-25,141.5961456298828,142.71738754085646,139.14773873036205,139.74267475971075,9688748
2016-01-27,143.22079467773438,143.79285399008643,140.47491432969807,141.6190329544022,8839231
2016-01-28,145.78363037109375,147.29386349238013,142.62586031919122,143.1063910174431,14425495
2016-01-29,146.53872680664062,149.19307820148595,145.0056063016411,147.75148630471332,12977498
2016-02-01,148.6210174560547,148.73543365424607,144.09030788217095,145.8293731771374,7634682
2016-02-02,148.39218139648438,149.1472977717805,147.1107701417195,148.23200091033945,7338991
2016-02-03,147.339599609375,148.392189425263,146.26413308173227,147.2480710060919,5111345
2016-02-04,147.27096557617188,148.55237696100266,146.9048402675541,147.5455513990358,3309501
2016-02-05,148.25489807128906,149.17019499182763,147.36248874087676,147.82013176207994,6754583
2016-02-08,144.27337646484375,148.689681066653,143.81573339228325,148.64391675939697,6509280
2016-02-09,142.96908569335938,143.58690926925252,141.75631525572223,143.35808773709454,11915170
2016-02-10,141.41305541992188,143.2207615586811,140.4977694343209,142.83177045386643,8168586
2016-02-11,136.6306915283203,142.19110461097762,136.1272731979915,142.19110461097762,14580660
2016-02-12,137.34002685546875,139.65114073570624,136.76796756416505,136.92813720372456,13703734
2016-02-15,138.98753356933594,140.0401233897341,136.5620038156761,138.66718345647237,12478912
2016-02-16,135.2348175048828,140.04011233089517,134.38817254867894,139.35363697940858,10988951
2016-02-17,137.22560119628906,138.1180105833921,132.28301274078564,135.6924806606679,13598699
2016-02-18,139.78842163085938,140.36048087293497,137.68325275765267,137.98071529615112,9751124
2016-02-19,139.37652587890625,140.08587794711298,137.75187695948296,139.58247066191612,7194078
2016-02-22,137.22560119628906,138.50701261519242,134.27377632668197,138.50701261519242,15270590
2016-02-23,134.45681762695312,136.35605237792288,133.93052274238414,136.35605237792288,9198036
2016-02-24,131.6194305419922,135.189079122128,130.88719075191304,134.09072487607594,14353186
2016-02-25,130.97869873046875,132.85505677798002,129.9718732570333,130.24645905575252,15129076
2016-02-26,133.15252685546875,133.63305746960495,130.49817556072196,132.2601175198439,12468580
2016-02-29,135.30348205566406,138.04937306125822,122.64953717467702,132.71778243892265,79431944
2016-03-01,148.89561462402344,149.65073107568844,139.58248633784598,139.58248633784598,67402048
2016-03-02,146.24124145507812,152.80848926722177,145.73783415091674,150.10836291050632,24680589
2016-03-03,145.6005401611328,148.73542190893696,144.9598290824953,147.82012503008266,10227569
2016-03-04,144.25048828125,147.2480773635233,144.04454347590527,146.44719661115192,11818471
2016-03-08,146.56158447265625,148.2777619710771,144.61658548340552,144.61658548340552,13109801
2016-03-09,146.4014434814453,146.76755793832803,143.10638073510083,145.07426769711213,20903665
2016-03-10,144.66236877441406,147.27096674675326,143.17501257154686,146.33278219397891,13915900
2016-03-11,147.04212951660156,147.36249051342946,144.15895669207677,144.66236402145552,12149994
2016-03-14,148.75830078125,149.19306707697595,147.3624841708019,147.59130567430716,7708725
2016-03-15,144.8454132080078,149.19306523341194,144.15894870597455,149.19306523341194,16209915
2016-03-16,147.38539123535156,148.00321486111935,144.61662327739455,144.86833242215448,9728463
2016-03-17,148.1175994873047,148.73542298131278,147.13365071223615,147.93454228584034,13035516
2016-03-18,148.6210174560547,149.55920199807926,147.36249366661244,148.9184908688462,14383934
2016-03-21,151.68722534179688,153.8610456081157,149.30746031491708,149.53628178324587,16781906
2016-03-22,147.88876342773438,151.38975925644172,147.476873886853,150.3371695735038,19781991
2016-03-23,148.39218139648438,148.7811833784567,146.60736285089925,148.7354190792912,16015333
2016-03-28,147.56845092773438,150.932165851352,146.58451280461045,149.6507542683996,17073110
2016-03-29,146.44717407226562,149.6735841760669,145.98952022839376,146.9734689219332,18701607
2016-03-30,149.81089782714844,150.68043046069033,146.7217801849679,146.7217801849679,14435320
2016-03-31,150.2227783203125,152.16777739348657,148.68965794840403,149.10153664966964,28529105
2016-04-01,153.79241943359375,154.1356571082431,148.9642370347921,149.23882282325908,14850746
2016-04-04,151.34402465820312,152.39661454768648,149.21596816588215,149.65073450094116,14209372
2016-04-05,149.39901733398438,151.18384688287557,148.36931509147976,150.1541337622387,8964083
2016-04-06,149.1472930908203,150.52024377895782,148.73541441125775,149.58205935831305,6892514
2016-04-07,146.1954803466797,149.65072317414365,145.9895355514149,149.65072317414365,10412846
2016-04-08,146.99635314941406,147.56841232491422,145.989527695158,146.21836006786322,4985755
2016-04-11,149.76513671875,150.24566734868705,145.07425749630963,147.3624944471974,14365804
2016-04-12,147.54554748535156,149.03290363694404,146.90483637086493,148.7354302309991,6187731
2016-04-13,151.59571838378906,152.25930617568682,148.5066009252768,148.7354224262533,12397612
2016-04-18,153.4949493408203,154.84501248019578,151.5041860146484,153.31189214459275,14746380
2016-04-20,153.5407257080078,154.8221370604497,152.21355005291198,153.4720846930931,9345601
2016-04-21,151.00076293945312,153.9983625037193,149.92529650750254,153.586472947462,7212220
2016-04-22,149.10154724121094,151.54996466798877,148.4837237063591,149.17019913536447,6515084
2016-04-25,146.88192749023438,148.9642191195448,146.6302184420126,147.0420970751783,6324530
2016-04-26,149.83377075195312,150.26853702616918,143.01482501606958,143.33517510512777,15023308
2016-04-27,152.64833068847656,153.08309704354417,149.21597503301655,149.21597503301655,9677599
2016-04-28,147.7743682861328,151.93896331489393,147.1565447649883,151.02366638923814,20225037
2016-04-29,148.71255493164062,149.23884989406724,146.49296975505288,147.88879741681623,10729330
2016-05-02,146.97349548339844,148.27778361054035,146.1726147095488,147.93455676327113,3388196
2016-05-03,144.63949584960938,148.02608708161083,143.70131127226327,147.17943111501074,11124246
2016-05-04,143.08346557617188,146.21835808273187,141.93934724070465,144.1589429032646,6402669
2016-05-05,145.37173461914062,146.58450511117886,142.6029667604977,142.78603487256916,6576427
2016-05-06,145.39462280273438,146.17262692826216,140.04014429764774,143.22079094556366,16183901
2016-05-09,148.6439208984375,149.1473282922716,146.21839079006025,146.44721233271213,8857475
2016-05-10,148.04896545410156,149.19308397937942,147.2252079481573,148.7354409205215,8564326
2016-05-11,145.5319061279297,147.24808390704712,144.66237344242492,146.44720311908557,11154663
2016-05-12,145.62344360351562,146.9506194263187,144.2047391638388,146.0124456642959,5782937
2016-05-13,146.14971923828125,147.22519666134704,144.22759678216863,145.5318957171211,9804509
2016-05-16,150.7490997314453,151.0236855805954,145.12003543320012,145.66920713150031,13469690
2016-05-17,151.2524871826172,152.60255041349953,150.42871886562693,151.0236656718233,12444300
2016-05-18,152.2593231201172,153.22038440930356,149.1015534208285,149.9253217941501,7908685
2016-05-19,148.66677856445312,152.85426121002754,147.5913120127257,152.85426121002754,8918517
2016-05-20,151.18385314941406,155.0052106295875,148.6439070669883,149.53631643935796,21044560
2016-05-23,158.7350311279297,162.23603853344542,155.3713275155292,160.01644254589812,54852807
2016-05-24,159.2842254638672,161.00040334546023,158.6435142683603,159.26133787060846,16271995
2016-05-25,162.9453887939453,163.58609993450153,160.10798016123294,160.35967839669007,10338908
2016-05-26,165.8743438720703,166.58369606000545,161.82416468409667,162.92251891531666,13074273
2016-05-27,164.43275451660156,166.53793439973327,163.01405011818963,166.10316804316187,10925400
2016-05-30,167.26058959960938,168.1989399460633,165.52463978585197,165.80614154415278,7646107
2016-05-31,164.70364379882812,168.64470322056187,163.85912708269888,167.02606198015314,15054842
2016-06-01,169.55955505371094,169.9348907582824,165.61848554723616,165.61848554723616,12409528
2016-06-02,167.9644012451172,169.13733678994384,165.71236410688027,168.83238202390135,13708259
2016-06-03,166.04078674316406,168.83237455460372,165.40740202306404,168.83237455460372,7381218
2016-06-06,166.83834838867188,167.4717330066251,164.84436060267984,165.9469260334143,7694861
2016-06-07,170.1929473876953,170.6621170397918,167.49519400784263,167.49519400784263,11008034
2016-06-08,170.2164306640625,171.2486152349551,169.23117421887153,170.7794454991499,7611794
2016-06-09,166.13461303710938,170.28680404473525,165.43084731292032,170.12258906852566,12065100
2016-06-10,164.53941345214844,168.2693517108502,164.23445871411042,165.64197900822333,11163385
2016-06-13,164.16404724121094,165.87653310794877,162.17005959827148,163.55412672610737,12184759
2016-06-14,165.75926208496094,166.0876920293987,163.17880641251202,164.63325479701552,7849407
2016-06-15,168.69161987304688,168.90274067362625,165.97040200665987,166.08770001418688,9890057
2016-06-16,166.50994873046875,168.62123474992103,164.727092663281,168.62123474992103,9057747
2016-06-17,168.83233642578125,169.23113618765422,166.72105078488352,166.72105078488352,9326214
2016-06-20,167.9878387451172,169.37190603782904,166.60377145240537,169.13731004426305,9020745
2016-06-21,168.19898986816406,168.76199355186733,166.79145835466358,167.72980897962353,6913784
2016-06-22,166.41610717773438,168.50392903993037,165.40738676164418,167.002574870091,9255264
2016-06-23,169.02001953125,169.6064871981967,166.55685086922594,166.55685086922594,8991200
2016-06-24,166.13461303710938,168.94965362962432,164.30482884549022,165.40739440324504,12511364
2016-06-27,168.41009521484375,169.55957769174006,166.134605473899,166.134605473899,10639592
2016-06-28,172.89071655273438,173.19567127838036,168.41009578158923,168.90272953732833,16301081
2016-06-29,171.85855102539062,173.57103732893776,170.77944945591594,173.57103732893776,11999827
2016-06-30,172.84376525878906,174.39203609672035,171.7881169266485,172.65608626596648,21706947
2016-07-01,177.5941925048828,182.80202079643405,170.73251592441025,171.22514968670677,29020448
2016-07-04,172.35118103027344,178.75540926766647,171.71779631018495,178.75540926766647,14535927
2016-07-05,171.40109252929688,173.82906534815527,170.4510210576222,173.01974479257606,9335877
2016-07-07,173.8290252685547,174.99023957481361,171.64736984391587,172.0696224948439,9305981
2016-07-08,173.01971435546875,174.11054770346357,170.66211183334005,174.11054770346357,7165465
2016-07-11,175.3421630859375,177.066370175123,173.6531297856846,174.74396332742623,7547920
2016-07-12,174.81431579589844,177.3126694042372,173.82904832758234,176.6089148926683,4302932
2016-07-13,173.89944458007812,175.37734591194578,173.12530897351525,174.84952719402753,4510416
2016-07-14,175.02545166015625,176.6441038013329,172.49191305731276,173.82905223541354,6326605
2016-07-15,175.1310272216797,177.73494699597535,174.21614070989168,175.23659319460148,9705885
2016-07-18,175.1662139892578,175.9051646552985,174.25132746792585,175.27177996328086,7088259
2016-07-19,175.2717742919922,175.94034390301096,172.8438015765069,175.23658935249654,6980063
2016-07-20,176.1162872314453,177.34787160930858,174.49763507084216,175.27177063632192,9671252
2016-07-21,176.36260986328125,178.40351481199875,173.47718829187636,178.05163195653563,12168179
2016-07-22,175.83477783203125,180.30365518620437,173.93461278694207,178.1571844282876,16388121
2016-07-25,177.1719207763672,177.34786777060788,175.23658190455828,175.58846474091985,9212323
2016-07-26,177.1719207763672,178.43869006557298,176.29221926152317,177.10155090036676,7080363
2016-07-27,174.11056518554688,178.5442577401934,173.33642962941556,176.64410378820202,9241105
2016-07-28,178.96652221679688,179.74066897591862,174.70877637829082,175.51809692594088,11787316
2016-07-29,177.66456604003906,180.5148027016762,176.92561538138793,178.89615047112426,12596909
2016-08-01,176.36260986328125,179.59991429014923,175.62365921244484,177.3478773977298,9926094
2016-08-02,183.5409698486328,184.38548645555085,176.64410838839578,176.64410838839578,17425566
2016-08-03,177.84051513671875,182.97796256315877,176.82005148744926,182.97796256315877,11408861
2016-08-04,177.41827392578125,179.3536243454579,176.0811233350295,178.755424516533,8995366
2016-08-05,177.7349395751953,180.5147950868826,176.71448713309138,177.45342660845074,4533189
2016-08-08,175.9051513671875,179.28320652013892,175.58846462116196,178.05162216977334,8739307
2016-08-09,174.28648376464844,175.9403206802137,173.19565041518248,175.9403206802137,9718838
2016-08-10,173.47718811035156,174.81432734674365,172.98455434364277,174.5328255235159,5457692
2016-08-11,177.10157775878906,177.91089836825074,173.51239012697286,173.8290769212417,11158153
2016-08-12,178.8257598876953,179.8110273799422,176.15147037453937,176.3274062186749,8603626
2016-08-16,179.52951049804688,181.57041518802518,178.3683072591405,178.9313108348094,10689714
2016-08-17,178.5442352294922,180.69070578345654,177.48859799551965,179.1424348663986,8649054
2016-08-18,177.4534149169922,179.740647678453,176.9959772863955,179.03688203613902,6939437
2016-08-19,176.60891723632812,177.62936965573448,175.7644006591188,177.3478678473713,5531361
2016-08-22,178.8257598876953,179.28320869541562,176.99598696105386,177.10155292838314,4345966
2016-08-23,176.9256134033203,179.4591521177298,176.1514778130419,179.03689938270168,6694732
2016-08-24,176.1162872314453,177.34787160930858,175.30695557508372,176.78485682851962,5590189
2016-08-25,178.36830139160156,179.45912357160654,176.1162648587701,177.4182189487651,9884849
2016-08-26,178.61463928222656,179.3887748405823,177.38305491569702,178.2979413799247,4936367
2016-08-29,177.91087341308594,178.72020506114595,176.67928904785543,178.05162431880942,4437169
2016-08-30,181.0778045654297,181.50006845312677,178.0868170200971,178.5442658477288,7989072
2016-08-31,183.01315307617188,184.0336055422086,180.44441828914816,181.78156866815505,13265582
2016-09-01,183.6817169189453,185.08923713297906,182.34456658194725,183.6817169189453,8695602
2016-09-02,185.0188751220703,185.58187877077208,183.15390601953493,184.3854904412206,9506919
2016-09-06,184.8077392578125,187.13014598762766,183.75210186282746,185.08924107619248,9519864
2016-09-07,184.948486328125,186.46157251066134,184.385482703051,185.79300291785597,6656556
2016-09-08,186.42640686035156,186.88385571714318,184.87813557908936,185.44113926241337,8645619
2016-09-09,181.78158569335938,186.10971284447103,180.90188405554534,185.08926028286132,10131678
2016-09-12,177.5238037109375,180.6555419976843,177.17192087438127,180.12772331890986,7627126
2016-09-14,177.24232482910156,178.12202645822296,175.62367249326363,176.64412504478992,13020551
2016-09-15,180.09254455566406,181.50007603730907,177.69975664983676,177.69975664983676,8077776
2016-09-16,183.22425842285156,184.52622375249817,179.74064858651994,180.16290128277,14578809
2016-09-19,182.1686248779297,184.8077293764033,181.746372172937,184.0335938411902,6724348
2016-09-20,180.8314666748047,182.4501187013269,179.635078486926,182.41493376547962,6944197
2016-09-21,178.50906372070312,182.13343559650158,178.0516149371152,180.6555344360969,9139238
2016-09-22,179.63510131835938,181.00743666413496,178.57945273969787,179.7758522317568,7988449
2016-09-23,178.36830139160156,180.86665476871516,177.2070870387751,179.45912357160654,5143011
2016-09-26,174.56800842285156,178.22757669051717,174.18094063240773,178.05162968896616,10060086
2016-09-27,173.01971435546875,175.4125018124015,172.42151470320587,174.99024913839648,6900812
2016-09-28,173.7938690185547,175.51808714394872,172.77341657964152,173.33643135925018,7646466
2016-09-29,172.91416931152344,175.44770796620244,169.606495084817,174.6032025160562,18104875
2016-09-30,169.85281372070312,173.79387265187518,169.25461398990052,172.87898616201957,9912734
2016-10-03,170.5214080810547,171.85855864655827,169.99358930460815,171.85855864655827,6714964
2016-10-04,169.7472381591797,171.6825769999306,169.1490384621768,171.0140074280566,8002732
2016-10-05,169.04347229003906,171.18994305700522,168.3397177815942,170.16949065567047,6470467
2016-10-06,167.07293701171875,170.3102298319248,165.84135276658225,170.3102298319248,8986109
2016-10-07,168.16378784179688,169.07868552372304,166.61551661410758,167.42483716891223,4164582
2016-10-10,168.9730987548828,170.73250171606142,168.58603099559306,170.31023786802214,5241260
2016-10-13,168.16378784179688,169.9231910194877,166.75626753006836,168.97311954872228,11089281
2016-10-14,168.83233642578125,169.25458909311334,167.53037118529969,168.1989518487238,9579094
2016-10-17,169.32498168945312,170.13430214519764,167.84708052457768,168.83234796782796,6379993
2016-10-18,173.09010314941406,173.5123558423794,169.1138484702099,169.60648218806242,12234489
2016-10-19,168.51565551757812,172.87897812753064,167.77670491130328,172.87897812753064,8734555
2016-10-20,168.4452667236328,169.85278675040504,167.56556531288535,169.60646990931102,4572220
2016-10-21,169.00827026367188,169.71203585307632,168.02300289935303,168.1989498727634,10999941
2016-10-24,169.85281372070312,170.3102513895708,168.69161035064175,169.60649684049736,9944640
2016-10-25,168.02304077148438,170.94365858890893,167.6007880139377,170.94365858890893,6177333
2016-10-26,168.02304077148438,170.66214559842345,164.32829847461807,168.79717640304716,24852951
2016-10-27,171.08438110351562,172.28076929399268,168.65639748239948,169.74723086510556,15943817
2016-10-28,171.08438110351562,171.92888647839857,168.55083152250933,171.92888647839857,9674418
2016-11-01,168.86752319335938,170.87324290116976,168.30450847868553,170.87324290116976,5730426
2016-11-02,167.00259399414062,168.1637974814714,165.4543226776996,166.79146203203635,4867894
2016-11-03,169.1138458251953,170.52136593185145,166.08767369264288,166.82662425786415,9210542
2016-11-04,175.2717742919922,180.44441763478446,173.86425403884303,176.99599245696302,36621117
2016-11-07,180.51478576660156,182.73163753458002,173.8290455256848,178.61463188781408,25202734
2016-11-08,179.8813934326172,181.1481626308625,177.48860593014064,180.51477803173984,10317962
2016-11-09,174.63836669921875,179.45912655796988,167.88225698829655,168.30450966318463,23914156
2016-11-10,176.67926025390625,178.05159530120667,172.8085719449081,177.94602935108847,12012673
2016-11-11,170.9788360595703,175.20139690689092,169.606500717358,174.53282728195893,13232720
2016-11-15,167.14332580566406,173.758685391305,165.94693751216096,170.27506417553641,22012736
2016-11-16,162.49850463867188,168.2693477454489,160.49278464238816,167.46002721984544,31846924
2016-11-17,162.9207763671875,164.68017956610277,160.73910926317524,160.77429420455968,9640577
2016-11-18,160.3520050048828,162.8503583177417,159.8241863956013,161.86509096595302,8575440
2016-11-21,157.78329467773438,160.87984808986644,157.36104195649273,160.59834627570535,7878052
2016-11-22,159.12046813964844,160.52798856705357,157.29069492965823,158.3463324621817,9570300
2016-11-23,158.09999084472656,160.31684269914484,157.2906703498805,159.92977492089847,10720504
2016-11-24,157.29066467285156,158.5222378398467,156.30539721755986,158.3463020023101,18697423
2016-11-25,161.0206298828125,162.18184460517324,156.97400428366097,157.99445691982112,7890103
2016-11-28,164.46900939941406,164.82089218786183,159.96493647236662,160.7390719156807,9472016
2016-11-29,162.6040496826172,165.84135367262854,162.0410349594279,164.01156976241202,8945347
2016-11-30,163.62452697753906,164.96167739097018,161.26692407180025,163.2726441158866,11507955
2016-12-01,164.32827758789062,165.3839149236425,162.604059530851,163.83564385730787,5358757
2016-12-02,160.80947875976562,163.97640206015782,160.45759591480646,163.97640206015782,8693600
2016-12-05,163.65969848632812,164.11714728414503,160.07052258755442,161.09097499611244,5320355
2016-12-06,162.00584411621094,163.97637884733328,161.26689359204005,163.97637884733328,5100487
2016-12-07,159.89456176757812,162.920744946029,159.40192807472232,162.920744946029,8419775
2016-12-08,164.18756103515625,165.5950814946563,160.66875431034512,161.19657308864242,7648947
2016-12-09,166.19326782226562,168.62124069659544,163.65971781830115,164.7153664413166,8648965
2016-12-12,163.48377990722656,165.1728020699028,163.23746301349036,164.82093035209752,3155645
2016-12-13,165.84136962890625,166.7210711574326,163.413385826732,165.24316991299955,7727181
2016-12-14,164.0819854736328,166.43958851818135,163.2726537289687,166.08770563581092,6556449
2016-12-15,161.65399169921875,164.96167721263123,160.80948621471055,163.27264393937367,5538310
2016-12-16,159.29641723632812,162.42815608292676,159.0501003219174,162.42815608292676,13422991
2016-12-19,159.75381469726562,161.16133478817517,158.59261145867418,158.59261145867418,5665425
2016-12-20,161.8299102783203,162.42810992218892,160.10569236745374,160.80945796637195,6145411
2016-12-21,159.2611846923828,161.72435327278492,158.69818110378762,161.16133853207046,13379223
2016-12-22,160.14089965820312,160.7390993855833,157.81849293136744,158.52224747641452,6668113
2016-12-23,158.13519287109375,160.10572806573398,157.50180815169097,160.10572806573398,11177602
2016-12-26,158.34629821777344,158.94449789449186,156.23501245719737,158.27591719316922,9071721
2016-12-27,164.71533203125,165.31353167744564,157.88884138196738,159.05005573991153,16206836
2016-12-28,165.70062255859375,166.36919216707287,163.76527245976018,163.76527245976018,14711711
2016-12-29,166.08770751953125,166.79146214013264,163.4837875430026,165.5950737090496,14593942
2016-12-30,170.06396484375,170.59179478985467,166.29884109022947,167.10817290617513,10821396
2017-01-02,169.5712890625,170.48617542913487,167.91744100265404,170.3102284514736,5075736
2017-01-03,171.26034545898438,172.91418270039543,168.3749237339307,169.53612718188472,7798116
2017-01-04,172.7382354736328,173.829057814125,168.97311238687269,170.9084513394558,9668664
2017-01-05,173.65310668945312,174.42724220239037,171.78813777985738,172.0696395750856,9532162
2017-01-06,170.80288696289062,175.23659085365395,170.45101526067924,173.82905943632696,8404984
2017-01-09,173.01971435546875,173.54753298600474,170.38061005067004,170.908428681206,5041639
2017-01-10,175.20140075683594,175.83479660757908,172.91417885359525,173.12531080384295,12438618
2017-01-11,174.21612548828125,176.29221521657584,173.5475447688986,175.79958148739686,7931415
2017-01-12,172.1752166748047,174.32168751848963,171.82334498406553,174.32168751848963,5816779
2017-01-13,175.6940155029297,176.6440980239824,170.6621234001561,173.12529204575975,4553691
2017-01-16,175.0958251953125,176.53853027880774,173.89942582177255,175.4125119310546,4813933
2017-01-17,177.3126983642578,177.55901527156712,175.0958573505954,175.0958573505954,4996927
2017-01-18,176.53854370117188,178.9665164175667,175.79959305876469,177.0663624022855,7534139
2017-01-19,178.86094665527344,179.28319935046122,175.62364253580904,175.76439343420498,9538148
2017-01-20,179.7406768798828,180.37406160002004,178.54427732400075,178.93134514452234,11261533
2017-01-23,182.73165893554688,183.0835306508099,179.49435439900907,179.52953934011123,11101905
2017-01-24,182.8723907470703,183.50577538134203,181.11298774608002,182.6964437556995,8341113
2017-01-25,186.84866333007812,187.48205921456648,182.69647205075654,182.94278895512824,18123606
2017-01-27,181.14816284179688,187.86908773953675,180.23327645358086,185.4411041466402,25440485
2017-01-30,180.2332763671875,183.68170115319126,179.8110125327371,181.85192837763628,9253765
2017-01-31,181.64083862304688,182.94279305986873,179.17766952406328,180.3036880904384,10380649
2017-02-01,189.804443359375,190.08594517277288,181.92231451939458,182.9779518956966,35144107
2017-02-02,193.04176330566406,196.98283362093017,189.66369666279545,190.71935642884304,30867395
2017-02-03,192.1620330810547,193.8862399350433,190.36743405031984,192.83060263047398,9356904
2017-02-06,194.80116271972656,196.34943394081495,192.90099748205537,193.46402344773958,8538188
2017-02-07,195.01229858398438,205.60389160645408,193.95666112152531,196.06793604644344,25251605
2017-02-08,193.39361572265625,196.3494181640936,191.423080761698,193.8862494628958,11114871
2017-02-09,195.39932250976562,195.92712997032712,191.88051688907495,194.23811933144611,5070408
2017-02-10,192.37319946289062,196.419813572655,191.10643000964157,196.13831172795994,7975779
2017-02-13,190.4378204345703,194.48445647455767,189.03031134118723,193.81588686717066,9312915
2017-02-14,190.57859802246094,192.47876333363507,189.4173945617265,190.0155943392398,6911954
2017-02-15,192.40835571289062,193.88625699099236,190.86008455609087,190.86008455609087,7827599
2017-02-16,187.65797424316406,191.07121443035788,186.98939349004067,190.05075083118848,10982700
2017-02-17,188.713623046875,189.2414529239392,185.7930164370168,188.15061938083426,9700816
2017-02-20,187.23570251464844,188.22096998140836,186.88383083547959,187.20052872927513,5934404
2017-02-21,185.19480895996094,187.37647595525218,183.54097181973714,187.2005401049766,10251239
2017-02-22,185.40591430664062,187.3764490772437,184.13914514042972,186.0744838243301,8815003
2017-02-23,186.9542236328125,188.7488229467827,184.1039868476654,185.7930201840937,12837302
2017-02-27,186.2152557373047,187.20053438595664,181.4648652516655,186.8838364825914,5270544
2017-02-28,184.52622985839844,186.21525185140715,183.6113434101904,185.0892334720281,8558167
2017-03-01,188.95993041992188,189.8044358265996,184.6669777514389,184.6669777514389,15139871
2017-03-02,186.32083129882812,190.19152045502713,185.44112972478837,188.95994717306792,10453722
2017-03-03,184.0687713623047,185.37073666645102,181.67598382618064,184.38546924237892,10371862
2017-03-06,185.8633575439453,186.53192704177602,184.0687586516865,184.87809018790952,9927375
2017-03-07,185.96893310546875,186.496762928069,183.78727739649324,186.0041291950552,7183529
2017-03-08,185.89857482910156,186.84864626481942,185.44112600501347,186.10969561919424,5993605
2017-03-09,186.4615936279297,187.41166514087016,184.5966243924494,187.2709253707825,9847115
2017-03-10,185.40591430664062,186.53193258239685,184.84289959270316,186.46155156111016,5880374
2017-03-14,187.97467041015625,191.17677862965647,186.63752006840758,187.34127460186477,18508020
2017-03-15,188.74880981445312,190.50821291208365,186.63752386687247,186.63752386687247,14475482
2017-03-16,188.92474365234375,190.8952786693929,188.25617405103927,190.1915129769839,9020039
2017-03-17,197.9329071044922,203.31668274872297,194.8011684768301,194.8011684768301,54015422
2017-03-20,198.3903350830078,200.00899845847437,195.50492464605404,199.09410079824366,16509511
2017-03-21,202.6128692626953,203.10550294101105,199.1644335144851,199.30519555296252,13734401
2017-03-22,196.94760131835938,202.57768161572372,196.06789987788133,200.5719730374679,12874461
2017-03-23,195.36416625976562,198.8126027163823,193.60476309066917,195.29379637818937,17547913
2017-03-24,197.7569580078125,199.1644671088161,196.17349075297298,196.24386063196303,7398317
2017-03-27,198.17919921875,199.09409686088736,194.4492610755814,197.36988985126288,12623097
2017-03-28,197.40505981445312,198.60145925309297,197.0883842135991,198.1791953796342,6532115
2017-03-29,199.30523681640625,199.65710852909484,197.19393962755046,197.19393962755046,8828112
2017-03-30,198.988525390625,200.32566457320345,197.08838258424927,199.86822691689818,14948411
2017-03-31,197.26431274414062,199.16445549576042,196.17347931431777,197.75694647682712,9929324
2017-04-03,198.14398193359375,199.5866868068273,196.10307746077262,199.02368329106332,7507187
2017-04-05,196.314208984375,199.51633923454395,195.43450752862006,199.30520731648468,10685034
2017-04-06,192.90098571777344,196.45498793433893,192.26761221333763,195.78641833911888,16243974
2017-04-07,191.88055419921875,192.9361916298416,190.64895860995776,192.12685993452624,9480161
2017-04-10,192.51393127441406,193.53439493545898,191.49348991761076,193.53439493545898,5687364
2017-04-11,198.49588012695312,198.88294788388595,191.2823324908932,192.19723005466102,11355730
2017-04-12,198.3903350830078,200.43124004422313,196.73649791953608,198.2495953225052,7507416
2017-04-13,196.45497131347656,198.46070223368397,195.2937680667199,198.39031005807098,4085766
2017-04-17,196.4197998046875,198.812598773237,193.92145716798754,194.62522288251628,5017073
2017-04-18,196.38462829589844,199.86823851252015,195.71605866582127,197.1939376879702,4497780
2017-04-19,196.13829040527344,198.1088254081596,195.54009068623728,197.86251968491885,5143709
2017-04-20,196.7012939453125,198.10882531938333,195.89198459424986,196.8420560044156,4400814
2017-04-21,193.07693481445312,198.46070971880295,191.9157092196617,198.46070971880295,9041742
2017-04-24,194.7659454345703,195.3289713389924,190.8248979290495,194.51963972357981,7392939
2017-04-25,197.9680938720703,198.46072764324404,192.76025433455416,195.64566477697085,13211107
2017-04-26,204.72415161132812,206.13168283347736,198.46069789420582,199.3755731147889,19671557
2017-04-27,201.13499450683594,205.42793613409012,200.22011920202945,205.07606444827834,14075606
2017-04-28,195.6456756591797,201.62765112637825,195.18823795487512,201.13501732780324,12851433
2017-05-02,196.49017333984375,197.96807450881136,194.59000832138864,197.40504860808167,7298698
2017-05-03,195.11785888671875,196.70130388224055,193.8862632961292,196.70130388224055,6271881
2017-05-04,197.897705078125,198.60147080675125,194.34372495056067,195.5752982474756,8070845
2017-05-05,195.0474395751953,197.72174002740445,194.51963208484014,197.72174002740445,4192254
2017-05-08,192.09170532226562,195.99757981845352,191.81018116203717,195.32901012245864,11038927
2017-05-09,191.0712127685547,194.69558486227788,190.71934107768917,192.47874414049693,7008749
2017-05-10,192.79537963867188,194.0269749090065,191.42304464296123,191.5638066725726,4754549
2017-05-11,194.69557189941406,196.45497484508047,192.8306029926686,193.88624029922073,9778012
2017-05-12,193.4991912841797,195.15302842894494,192.86581776060018,195.15302842894494,4672675
2017-05-15,195.6104736328125,196.2790431977473,193.8862444345711,194.16774623537316,5673245
2017-05-16,199.48118591308594,200.07938570775448,195.64568139069254,195.9975754309791,11635819
2017-05-17,198.2144012451172,200.14974025350787,196.5253679722302,199.93860830636686,8617269
2017-05-18,195.57528686523438,197.79212759236037,194.9770871459286,195.64565674272913,8229448
2017-05-19,201.41648864746094,208.06703276830768,198.4255125192223,198.63664444436648,37099971
2017-05-22,213.66192626953125,214.5064316133077,205.0056740070507,205.81498326408075,37323445
2017-05-23,211.2339630126953,213.87306741824105,209.89682391790848,212.4655361469213,20546707
2017-05-24,211.05804443359375,212.50074960688102,209.65051304720993,211.12841431164088,9822098
2017-05-25,211.1636199951172,214.43609827596705,207.85592331728355,211.1284239023747,23646915
2017-05-26,217.53260803222656,220.84028156992252,210.8116727052908,212.53590164183467,22579834
2017-05-29,222.2830352783203,225.09807578176955,213.59158573539145,213.9434574342324,20422509
2017-05-30,219.1864471435547,221.82555124599352,218.20117982763867,220.20688823945895,8876322
2017-05-31,219.43280029296875,220.55882988515293,216.0547561248977,219.1864945628214,12782086
2017-06-01,221.121826171875,222.9164253195951,218.72902730824822,219.57355505034707,8570891
2017-06-02,224.64065551757812,225.13328931666905,221.82561479601964,222.4589883638552,11500232
2017-06-05,226.9158172607422,227.4876808289201,223.9493670340857,225.16454596674282,9847609
2017-06-06,222.341064453125,228.02377027501853,221.09013698396762,226.95156291169948,10220219
2017-06-07,223.1988067626953,224.98582643381738,221.84067906203146,222.51974291236337,11978598
2017-06-08,222.7342071533203,223.91363751440844,221.161610684194,223.73491740917575,8081100
2017-06-09,218.73126220703125,223.44898336440315,217.80200380284856,222.12660418478023,10453119
2017-06-12,217.58758544921875,219.80349741907114,216.22945754735758,219.44610249363726,6507632
2017-06-13,218.19512939453125,218.731244325104,216.0149664341004,218.05218051593783,5303687
2017-06-14,214.3351593017578,218.73123355293768,213.83479294264518,217.98067268709983,15135338
2017-06-15,215.8005828857422,216.55114400565617,214.08505992034407,216.55114400565617,7713717
2017-06-16,219.3031005859375,221.30456626184971,216.229427627741,216.229427627741,12798297
2017-06-19,222.2338409423828,222.9129048491182,220.23237511978866,220.8756904745698,7251573
2017-06-20,220.66123962402344,223.16307184730564,220.23237028170485,223.02012295131334,8579082
2017-06-21,220.8399200439453,222.30527056344448,219.588992829906,221.1615663293039,8598645
2017-06-22,222.51974487304688,224.5926849912929,220.3038332119416,220.62550219261956,9289243
2017-06-23,222.30531311035156,223.6634409098834,220.58976775797208,221.59050065899828,7453263
2017-06-27,223.27029418945312,226.23674429749346,222.30530985414882,222.84140219405492,10061814
2017-06-28,220.41107177734375,222.73420659613572,219.51756187078408,222.73420659613572,8224059
2017-06-29,222.7342071533203,223.91363751440844,220.5897697796074,220.94718733573063,10311615
2017-06-30,231.3476104736328,232.09814874228397,221.76917448534837,221.76917448534837,24090343
2017-07-03,244.82176208496094,253.6139123373728,243.24918825883,247.3235943785067,48892799
2017-07-04,241.06900024414062,245.50080081358482,240.35418785440058,245.0361829547068,11664585
2017-07-05,236.63722229003906,241.49791528873016,236.06535873099025,241.06902328302905,12439637
2017-07-06,240.9617462158203,242.14117631252154,236.81586660541524,238.96028084408348,13946670
2017-07-07,238.96034240722656,241.74809522830384,238.0668324685311,241.6051463245446,10301830
2017-07-10,238.24549865722656,239.46067745141036,236.60145055370842,237.6379319144746,1316454
2017-07-11,236.17257690429688,239.49644457184556,235.88665645778866,239.4606960206539,8657755
2017-07-12,235.06460571289062,238.45994760745114,234.0281469935624,234.74295939047096,10643992
2017-07-13,242.14122009277344,242.67733507654108,236.6014634293193,237.3162758562291,18165609
2017-07-14,240.99754333496094,242.9990091101113,239.31774655674724,242.9990091101113,5801768
2017-07-17,232.41983032226562,239.46068615879483,229.23893433614273,239.46068615879483,21102802
2017-07-18,203.39862060546875,209.18857163958455,197.572943676398,209.18857163958455,155236591
2017-07-19,208.330810546875,209.36726927969946,204.57805107782363,205.72175545863809,40641441
2017-07-20,206.93695068359375,210.79691079785724,206.150641116402,210.15357278497552,15896377
2017-07-21,206.50807189941406,208.54526376197975,204.828274963997,208.36656629840544,13681787
2017-07-24,209.61746215820312,211.11853874874117,205.93619981693143,207.29432751996126,18479650
2017-07-25,208.2950897216797,210.9756196110154,207.9019462440842,210.86839660309448,9927828
2017-07-26,209.9033966064453,210.33226595195336,208.36654870987775,208.72396626119993,9564282
2017-07-27,206.25782775878906,211.1542684791995,204.97117461418304,210.6539021088339,19620418
2017-07-28,208.40232849121094,210.68971507594776,205.25715777823206,210.36804602785696,19206912
2017-07-31,203.89898681640625,207.5087747353164,203.36289450356287,206.93693387321395,22065527
2017-08-01,205.7574920654297,206.2578585103964,203.72030038871338,203.93474638717652,14063559
2017-08-02,204.04197692871094,207.22287316336346,203.21994145566342,207.15137605833843,10247374
2017-08-03,201.14698791503906,204.0062149519606,200.61087293434207,203.72029451370256,10592033
2017-08-04,200.68235778808594,203.29141307222008,199.89607087851272,200.43218588701365,11717562
2017-08-07,200.0390167236328,202.29065416127656,199.75309630729228,201.28992137691506,8776750
2017-08-08,195.964599609375,201.14696065452068,195.49998179196578,200.21770236536432,13231816
2017-08-09,195.03538513183594,196.8581535742895,193.2841137960737,195.85742062404162,10291858
2017-08-10,195.214111328125,196.3220446642528,193.53429173801592,194.89244230101835,10380837
2017-08-11,194.0703887939453,196.1790775703891,193.0696559052717,193.71299389985117,14964550
2017-08-14,193.8916778564453,196.1433153721273,193.35556289826383,196.1433153721273,10066349
2017-08-16,199.5744171142578,201.39716276676785,193.96316329964145,194.42778118685519,19412233
2017-08-17,200.14625549316406,202.21919566583955,198.6451561982595,201.4686573455578,14231781
2017-08-18,201.46865844726562,203.00548364647162,197.8588704097073,199.61014160283534,15442589
2017-08-21,201.28993225097656,203.72028990267253,200.82531438111607,201.82604721953905,13592218
2017-08-22,202.21917724609375,203.72027640426614,200.3964091280975,201.57586198078505,12417415
2017-08-23,201.9690399169922,204.14920326026413,201.28995333423813,202.64810384540334,9084531
2017-08-24,201.18275451660156,202.64812820888523,200.93258257788582,201.5759206848902,11235986
2017-08-28,201.89755249023438,202.29069597575972,199.64591458716598,201.64738056960186,10358573
2017-08-29,200.32493591308594,202.2191784822876,199.71734653670623,201.82603508043474,6377756
2017-08-30,201.5758819580078,202.21919728707243,200.57514908671504,200.9682925251271,6785885
2017-08-31,201.75457763671875,202.39789296015476,200.43217578529325,202.29066996385856,11654017
2017-09-01,202.7195281982422,203.25564309046524,200.64658837220853,201.71879550231733,7526993
2017-09-04,202.36215209960938,202.8982443871052,201.57586528781067,202.61232396957288,8807199
2017-09-05,202.1834259033203,202.93398679919727,201.28991613016882,202.04047702604575,8121365
2017-09-06,197.0725860595703,200.86107158915064,196.75091706456635,200.50365404325464,14710804
2017-09-07,193.28408813476562,198.39497521315334,192.67649873461423,198.00180914157886,19958290
2017-09-08,194.677978515625,195.35704240797943,192.99818173316663,193.82021717596808,10090288
2017-09-11,195.57150268554688,196.14334362040276,194.07040324079273,194.7137412832631,9672742
2017-09-12,198.4664306640625,198.8952999345164,196.2862678036008,196.92958303645057,11906324
2017-09-13,194.0703887939453,198.35924079478337,193.6772453487051,198.28776634683288,12593161
2017-09-14,194.42776489257812,194.78518240646216,193.284083218564,194.64221087004066,7312288
2017-09-15,192.497802734375,194.96388624761204,191.7115158940484,194.42777128632562,13653947
2017-09-18,190.85374450683594,194.21336072793076,190.31765216463546,193.7129942826053,10543289
2017-09-19,191.46131896972656,192.9981667366622,188.780800832619,191.56854196064486,35187337
2017-09-20,194.10610961914062,194.427755916145,191.38983178725428,192.56926195450615,9974675
2017-09-21,192.67652893066406,194.71374343330524,190.92525755295156,194.42780030837656,8058682
2017-09-22,191.89022827148438,193.67724807580078,190.88949536871985,192.6407666213868,7142399
2017-09-25,187.45840454101562,192.74797785491356,186.4934202488119,191.92596510623733,18260404
2017-09-26,187.60137939453125,188.53063786411178,186.60064647478066,188.20896885683288,9950366
2017-09-27,184.77789306640625,189.7815464368643,183.56271411779014,189.49562597619158,18208892
2017-09-28,186.95803833007812,188.28044015541496,185.2067558551881,186.1360142533087,22436773
2017-09-29,184.63494873046875,187.92306829277865,184.027359203856,187.8515825078709,12640792
2017-10-03,186.850830078125,187.81582577471903,184.7778897843111,187.63711699459432,11940746
2017-10-04,191.13967895507812,191.92596581151733,188.10173186943513,188.78080705859017,11194466
2017-10-05,189.6028594970703,192.56930992721968,188.99526998906228,191.13970754456318,7204474
2017-10-06,190.24620056152344,191.2111850168341,189.17398176685668,189.99600598164622,8158755
2017-10-09,191.5685577392578,192.39059318589202,190.42487594771615,191.5685577392578,6323114
2017-10-10,190.2819061279297,191.49708503325567,189.53135645002322,190.92524413228182,5683301
2017-10-11,189.71005249023438,191.38984918303098,189.03097730695578,190.49633933986937,7959877
2017-10-12,190.85374450683594,192.42634094524578,188.70932982935062,189.81728571931,9518815
2017-10-13,190.10321044921875,191.28264081384347,188.85229430772077,190.31765645266728,12504487
2017-10-16,191.21116638183594,192.96243765292405,189.7815414616082,190.13895901883626,9504724
2017-10-17,191.032470703125,192.0689295237173,190.10321223091947,191.56856306242852,11038203
2017-10-18,193.2483673095703,193.53428777636438,190.9252550214896,191.56857040819045,7508323
2017-10-19,192.74795532226562,193.92738546471242,192.28333750521207,193.71296215599858,1283342
2017-10-23,190.8894805908203,194.9638863354112,189.99597075783407,192.9981692337095,10144269
2017-10-24,190.85374450683594,191.8902259487036,190.21042916532704,191.8902259487036,8723712
2017-10-25,192.4620819091797,194.07040437037344,191.7115435096058,191.85449241698012,6169387
2017-10-26,191.85446166992188,193.5700068638807,190.96095185182622,193.5700068638807,9616793
2017-10-27,192.53353881835938,197.28703131509417,191.17541105034454,193.4270486982305,23852749
2017-10-30,189.53135681152344,193.42705410655861,188.3161892310507,192.28337230242948,18266520
2017-10-31,189.9245147705078,190.8180360707829,188.63786131541295,190.1746980160636,8452918
2017-11-01,192.8909454345703,193.85592970694378,190.35336483307316,190.8537312436261,7516426
2017-11-02,189.88876342773438,192.96243660055293,189.63858020077606,192.78373915008459,10056813
2017-11-03,189.71005249023438,191.49707217655762,189.3526462875357,190.85373421539782,6210456
2017-11-06,189.35267639160156,191.49710262155318,188.92379567648004,190.31767215959,9368140
2017-11-07,189.63856506347656,191.3540989634171,188.45913479931932,189.92448549227163,9872847
2017-11-08,189.71005249023438,190.49633933986937,189.20968607189025,189.67431526811558,6186540
2017-11-09,185.88583374023438,190.49634326672813,185.34973008872032,190.42486882101718,21026098
2017-11-10,187.0652618408203,189.56709395471458,185.42120235557127,186.24323776178096,17438746
2017-11-13,184.63494873046875,188.208988778065,184.4205027029178,187.99454275051406,7681031
2017-11-14,183.3839874267578,186.4576602069159,182.99084402421454,184.7778636092911,8656529
2017-11-15,181.06089782714844,183.95587371682478,178.98795744234963,183.7056904754062,17666898
2017-11-16,182.34751892089844,182.7049251062764,180.41753911246116,182.06159850346396,10343428
2017-11-17,184.4204864501953,185.13529892758808,182.99087282258117,183.34827906127757,10383570
2017-11-20,185.2782440185547,186.35045131986246,183.88436773055236,184.8493633634657,8221147
2017-11-21,182.84791564941406,185.49270826737765,182.41903495211113,185.49270826737765,17266541
2017-11-22,184.52769470214844,184.88510091227138,182.70493775584302,182.9908581930732,8941555
2017-11-23,184.52769470214844,186.35045164845386,183.27677863030334,184.67065492076352,7814131
2017-11-24,186.3861846923828,186.88655107949367,184.45620491088505,184.7778625442166,7630740
2017-11-27,185.31399536132812,186.2075052895556,183.92011896711955,185.85009905283036,5022804
2017-11-28,183.7056884765625,185.27826236141345,182.99087598680939,185.2067765815695,18183221
2017-11-29,184.4562225341797,184.9208404186234,183.70567288180447,184.42047398370661,9032800
2017-11-30,183.02659606933594,184.56343258389768,182.02586320828726,184.34899791879477,22967997
2017-12-01,182.41903686523438,185.56418466611706,182.02588206295235,183.66994174394634,6847473
2017-12-04,182.34751892089844,183.2052915003716,181.2395631443777,182.99084552371087,6347174
2017-12-05,181.4540252685547,182.52623259293412,180.48902961487664,182.2760493736228,9337698
2017-12-06,179.84573364257812,181.02517549325302,179.309629888911,181.02517549325302,8562019
2017-12-07,181.0966033935547,181.63270700939228,178.70199440535444,178.70199440535444,5635445
2017-12-08,187.4226837158203,188.13748486014237,181.13236568275852,181.38254891506404,13638732
2017-12-11,190.31764221191406,191.21115205653018,188.2089535415783,189.17394915771862,17842707
2017-12-12,186.95803833007812,189.56709343124467,186.2074886979824,189.06672700984754,9599026
2017-12-13,185.13531494140625,187.56566171672165,184.13458191736362,185.56419566863636,8986735
2017-12-14,188.8880157470703,190.24616610396208,184.09880891193544,186.49341799308797,8353203
2017-12-15,189.13819885253906,190.8894813033366,188.31617478707827,190.13894300873636,12742052
2017-12-18,188.13746643066406,189.78152589231374,185.1710164861782,189.78152589231374,9650962
2017-12-19,188.8880157470703,189.71005114014426,188.06599168116657,188.2804376666937,6107682
2017-12-20,188.20895385742188,189.20968669741856,187.7800732090677,189.20968669741856,7728106
2017-12-21,188.03025817871094,190.0674497728356,186.99377677960732,190.0674497728356,7032195
2017-12-22,188.06602478027344,188.8523117626971,187.3869608094843,188.35194525985074,6652053
2017-12-26,188.81654357910156,189.42413299397148,187.74432496571285,188.17321694193646,9917650
2017-12-27,187.386962890625,188.9237996443865,187.0295566235979,188.85231386011216,6325599
2017-12-28,187.17250061035156,188.74507445609703,186.6006483673351,188.28045654376567,16501935
2017-12-29,188.17320251464844,188.70930611665446,187.45839016052747,187.63708758547298,6818477
2018-01-01,187.49415588378906,190.35338308060668,186.74360619601092,188.17323112159087,10863895
2018-01-02,186.3861846923828,188.85226808087947,186.17173871871543,187.70857509993604,5907460
2018-01-03,186.672119140625,187.74432643523588,186.27897571078967,186.77934213552015,11443370
2018-01-04,186.95803833007812,187.81581095635468,186.2789744698264,186.52915768052497,9729737
2018-01-05,187.9230499267578,188.3519306127721,187.20823745622937,187.20823745622937,9566733
2018-01-08,189.85301208496094,190.71078470319839,188.17321539765817,188.70931903636773,14989106
2018-01-09,193.39134216308594,194.42780104106976,189.24545001529137,189.78155373145165,26728897
2018-01-10,192.56927490234375,195.85739376592036,192.31910302625963,195.46425035040252,17074502
2018-01-11,192.85519409179688,193.71297801422605,191.64001530458205,192.64074811118957,11722150
2018-01-12,191.24688720703125,193.96316542168256,190.24617697462457,193.17687853271482,8494789
2018-01-15,191.28262329101562,193.7844553448262,190.85373132340806,191.56854371797397,10944192
2018-01-16,187.0652618408203,192.0689147414385,186.42193520112897,191.71151986274248,13433905
2018-01-17,190.1746826171875,190.8537465170656,185.5284356641367,187.27971824122181,17006334
2018-01-18,195.42852783203125,196.7509297941557,190.60358321216884,191.56856760527273,27461089
2018-01-19,196.2505645751953,198.35925348656102,193.78448074686798,197.28704608133302,26700710
2018-01-22,195.60723876953125,196.92961801529177,194.2133624207141,196.57222311737638,8660321
2018-01-23,197.7158966064453,198.1805371394221,195.53573345034806,195.857402437561,18947034
2018-01-24,201.18275451660156,201.5759206848902,197.32279383761207,197.75168590894833,17971710
2018-01-25,201.03977966308594,202.4336560607835,199.14553679815484,200.86108220786167,13629982
2018-01-29,197.03683471679688,202.50511693701614,196.57221683349107,200.96829173989775,9938281
2018-01-30,196.71517944335938,197.6086893762314,194.39206721049777,196.5722305405318,13560150
2018-01-31,193.9989471435547,197.28706681161032,192.89099106847289,195.78596722482325,19675610
2018-02-01,196.7866668701172,207.5087855372116,191.13968709063514,194.42778354605676,61648368
2018-02-02,196.82240295410156,204.18492844460667,193.57003222712086,196.14333902806632,36356576
2018-02-05,199.6101531982422,201.36144714744458,194.32059076115186,195.53574704006354,20465290
2018-02-06,195.49998474121094,198.2162399046879,191.67575119962441,192.962404343992,16432103
2018-02-07,196.67945861816406,199.25276547886642,195.85742311550143,198.71665044357704,13455081
2018-02-08,195.9288787841797,197.93034451824613,194.8924200211146,197.07258319836387,10156564
2018-02-09,193.96316528320312,194.78520072266124,191.4256071714084,193.71299338886547,14751166
2018-02-12,192.8909454345703,195.75017235729854,192.4978020158744,194.74943953619263,6972242
2018-02-14,190.49636840820312,193.7130133961573,189.49563541881042,192.99820088168482,11738542
2018-02-15,191.64002990722656,192.92670588891286,189.28116924948475,190.49634812929412,12188244
2018-02-16,190.46058654785156,193.5342594336843,189.85300847668555,192.89094414119558,6401588
2018-02-19,188.78079223632812,191.4255843589234,187.6370879367258,190.13893118083263,6303342
2018-02-20,188.17320251464844,189.99595929233666,187.38691572141704,188.70930611665446,9659227
2018-02-21,191.7115478515625,192.24764024787305,188.31620539088635,188.70934887658504,10961665
2018-02-22,190.92523193359375,192.28335965021805,189.74579032814333,190.9967063780633,19855003
2018-02-23,192.31912231445312,192.99818622260364,190.2104334859441,191.17541784729787,6780714
2018-02-26,190.5320587158203,192.6407244055144,190.13891535119902,191.96166065338096,8701511
2018-02-27,190.42486572265625,191.71151899622336,189.78152775870242,191.56854745278676,7716072
2018-02-28,189.45986938476562,190.35336790124606,188.03025590035855,189.42413216262727,13969189
2018-03-01,188.70932006835938,190.2104193266914,187.88728466762836,188.85228028431905,8081243
2018-03-05,186.02879333496094,188.20895648373178,185.85008456694192,188.20895648373178,6878708
2018-03-06,183.34825134277344,187.56561713660003,182.6334389734457,186.6006215707245,8495423
2018-03-07,185.7786102294922,186.2074908840804,181.23957516129224,183.34826386581793,15736814
2018-03-08,185.02806091308594,187.208224066948,184.24177404804328,186.06453099220312,6259151
2018-03-09,185.31399536132812,186.4934370752386,184.59919421504893,185.13529790655116,6345666
2018-03-12,193.06964111328125,193.60575606768978,187.95876538955616,188.70931499855817,20666810
2018-03-13,192.6050262451172,194.42777180971729,190.99670401126863,192.7479751322849,8647577
2018-03-14,191.6043243408203,192.3191368550441,189.6385955902909,191.6043243408203,8211627
2018-03-15,189.81729125976562,192.92671302178582,189.56710802980047,190.8537500775441,5771710
2018-03-16,186.20748901367188,190.42486638036073,185.02805873002347,190.42486638036073,21477001
2018-03-19,185.24249267578125,187.422655662184,184.63490329867372,186.2432254552126,13423983
2018-03-20,185.2782440185547,185.8143476692086,184.06306517171348,184.52769437677108,7769207
2018-03-21,185.1710205078125,187.0295259957018,184.92083729458068,185.88583292480925,13418488
2018-03-22,184.63494873046875,186.88659803823643,184.31327968914232,185.85011645652182,8319663
2018-03-23,182.99085998535156,184.99232571990677,182.09735011487808,182.99085998535156,11616470
2018-03-26,184.4919891357422,185.85011710920804,180.4890570189862,180.77498883244905,12981125
2018-03-27,185.0637969970703,186.2074900647772,183.6341834942293,184.99232255187198,9107151
2018-03-28,182.63345336914062,185.09954830868733,181.81142927407208,184.4204731061484,12743051
2018-04-02,184.59918212890625,185.09954856212718,182.59771639602255,183.70567225917895,7299774
2018-04-03,184.77789306640625,185.85010045751463,184.0630805875531,184.42048682697967,5294559
2018-04-04,184.84938049316406,185.70714188282946,183.77716176532505,185.4927071989989,8716184
2018-04-05,185.5999298095703,185.8501017189784,182.63346819664892,182.63346819664892,9464602
2018-04-06,186.45765686035156,187.27969219794775,185.88581604043196,186.20747366984438,6333848
2018-04-09,189.9959716796875,190.5678125385316,186.493418101342,186.67211553793823,9572467
2018-04-10,190.63931274414062,192.06891491455394,189.49560835346927,190.38911820535535,15248015
2018-04-11,189.53135681152344,191.24689084488816,188.28045200646443,190.78227294375347,5433736
2018-04-12,187.2439727783203,189.5313590681551,186.85082932167725,189.49562184314334,6360898
2018-04-13,186.3861846923828,188.3519016937686,185.85006975821437,187.99449551337952,5183544
2018-04-16,189.03097534179688,189.35264431903272,185.85007942703638,186.2074856260195,5412918
2018-04-17,191.28262329101562,191.85446414493228,187.78006974285088,189.71004961557475,13716437
2018-04-18,196.82240295410156,199.3599838564196,191.56856634764262,192.06893281751218,24733011
2018-04-19,198.2520294189453,200.14627230825295,196.75092999792741,198.18055496680435,13317329
2018-04-20,197.42996215820312,199.6101251595803,195.49999368057183,197.2870132769249,11206130
2018-04-23,196.92962646484375,198.14480541684222,196.5722315515938,197.2870440324366,12198602
2018-04-24,197.2870330810547,199.3242247513123,196.32202609103007,197.2870330810547,8774762
2018-04-25,195.9288787841797,197.50145253113442,194.92814591714645,196.9296116512129,5118640
2018-04-26,198.89535522460938,199.50294473551972,195.14261780248714,196.2505738133034,21064135
2018-04-27,199.71734619140625,200.82530195498663,199.002533828999,199.86031772562336,10107682
2018-04-30,201.18275451660156,202.89830014760096,199.86037505389078,199.86037505389078,6146923
2018-05-02,205.32861328125,206.3650720203735,200.3249490616655,201.64735088848585,16690653
2018-05-03,203.72032165527344,207.0799155703291,202.32644517409673,205.50734162322593,9727173
2018-05-04,198.10903930664062,205.14991783189393,197.17980355280582,205.14991783189393,11324148
2018-05-07,201.75457763671875,202.5765904025347,197.93034362895085,198.9310764914878,6725168
2018-05-08,202.0762176513672,204.39935229267402,201.57587389008796,202.3978866301956,6842664
2018-05-09,201.7903289794922,203.00550798786244,201.21848803002754,201.21848803002754,4376684
2018-05-10,200.25347900390625,202.96973450746572,198.21626472189553,202.25494473558658,5890656
2018-05-11,202.75531005859375,203.00548194651373,199.96755746963404,201.50438265597074,4042002
2018-05-14,203.57733154296875,205.36435134811444,201.5758883908529,202.29067818943756,6728839
2018-05-15,201.46865844726562,204.43510850305782,200.6466230220115,203.6130730778037,8077078
2018-05-16,204.32789611816406,206.43658496212709,199.8245979749393,200.110518430238,18758524
2018-05-17,199.3956756591797,206.36505649264683,199.03828080796146,205.86469010833792,11169294
2018-05-18,201.7903289794922,204.1134639864151,197.28705318452836,199.10979904273984,16016090
2018-05-21,201.82603454589844,203.00546474833325,199.0740307402172,201.79028599879226,8909610
2018-05-22,199.2527618408203,202.3621836800389,198.75239536846726,201.57589674553304,4913188
2018-05-23,195.46426391601562,199.71736733933915,195.10686902413727,199.43144689496816,8195839
2018-05-24,196.46499633789062,197.85887265989484,194.2490845812835,195.85740689964862,6524303
2018-05-25,198.5049591064453,200.4732516529049,195.9170424382445,198.57787508870473,9600297
2018-05-28,200.69195556640625,202.29573753071654,198.57787724036783,199.7442557220758,7266559
2018-05-29,199.78073120117188,202.47799900416643,198.61432951344065,200.32746249835859,9171106
2018-05-30,198.21337890625,199.52556633135737,197.30213699703864,198.65078241592747,8313920
2018-05-31,198.03111267089844,198.79654562204095,196.53668165433484,198.43205814129163,13721531
2018-06-01,196.79183959960938,198.0675921283509,196.17219233203633,197.6666466145007,6862252
2018-06-04,196.02639770507812,198.24982692755262,195.00580496978586,197.01053244842288,8291604
2018-06-05,195.00579833984375,196.71893113642784,194.5319368763319,196.09928391793014,6011246
2018-06-06,197.11985778808594,197.66661207686042,195.22448142686923,195.37026716792846,7577818
2018-06-07,197.59368896484375,198.504930677271,196.90114896002623,197.19274353553254,7059595
2018-06-08,195.29739379882812,197.9217684391609,194.64128858678333,197.6301738240043,7030323
2018-06-11,196.28152465820312,198.21335916160925,195.47963370628995,195.73479342949292,8903144
2018-06-12,197.01051330566406,200.18164207533317,196.2815152650144,196.31797325341947,8774931
2018-06-13,195.26095581054688,198.14049047407397,194.78711740036763,197.92178871432185,8118945
2018-06-14,194.8235626220703,196.02639911792187,193.91232075212906,194.27680825853594,9522749
2018-06-15,192.81883239746094,195.1880590572953,192.1627386831689,195.00581529575518,11231098
2018-06-18,192.8552703857422,193.54781051159287,192.08982582729365,192.7823659531443,6522996
2018-06-19,193.94874572753906,194.75063668378812,191.47016843005943,193.1104083329045,7618626
2018-06-20,192.27207946777344,194.64129445127597,191.76178309989345,194.24034895536485,9907628
2018-06-21,190.15798950195312,193.03751240435372,189.82994843811608,192.745917780507,7412366
2018-06-22,193.29266357421875,194.49551163210157,189.53834519031895,189.93930224425463,17468481
2018-06-25,191.43373107910156,193.47491655696697,189.35609916112054,193.292661252465,14142177
2018-06-26,193.03750610351562,194.02166391878927,191.1056831196154,191.32437330438128,10475574
2018-06-27,191.54306030273438,193.18330009805823,190.6318185391013,193.11039567410486,10423520
2018-06-28,189.90283203125,192.45431374503804,188.8093464693188,190.99632914514262,15200725
2018-06-29,194.05810546875,195.04224021389143,189.75704432785304,190.85054149707483,11327082
2018-07-02,191.7617950439453,194.7142225631509,189.5748121242361,194.64130657468075,18794988
2018-07-03,193.5113525390625,194.45904079458566,190.3766816114416,192.08981437979705,10784961
2018-07-04,192.7459259033203,194.131006200944,191.14214385261397,194.131006200944,8184810
2018-07-05,198.65074157714844,199.59841818139208,192.0897942484539,192.89168511539253,16069118
2018-07-06,198.76010131835938,200.2909902520279,196.9376177931237,198.83299419027082,13434995
2018-07-09,200.03585815429688,201.2022597854788,198.43207612735577,200.47326165398067,10158808
2018-07-10,201.9676971435547,202.29574977536296,199.08818565259352,200.8377534810541,11928591
2018-07-11,201.0199737548828,204.33691147129892,199.56200073484717,201.82188779580537,11800272
2018-07-12,202.07701110839844,202.76955113531844,199.2339350265746,201.01996052252204,10284221
2018-07-13,197.11985778808594,202.8789028461866,196.24507402996767,202.6602011306768,19306087
2018-07-16,197.99468994140625,199.23398456293128,196.60960954318804,197.04701308112078,10676970
2018-07-17,196.71893310546875,199.0152551528273,196.31798761935974,197.5937169559093,10419746
2018-07-18,195.771240234375,197.7759677362068,195.07870010682623,197.63018197457768,7321779
2018-07-19,199.2339324951172,200.18163221165733,194.09453468324463,196.026368999013,9301711
2018-07-20,199.7442626953125,200.3274519565261,197.30213167206554,199.19750832297197,6825663
2018-07-23,207.14356994628906,208.96605390292206,202.04060562614592,203.75373869706678,27059765
2018-07-24,208.237060546875,209.22121854119362,206.70617121519567,207.3987345421364,12577993
2018-07-25,208.60154724121094,209.1847365089596,206.45101082447246,207.216443850402,13814116
2018-07-26,209.36697387695312,212.24650834245213,207.1800026376829,209.22118811642792,21495638
2018-07-27,220.55703735351562,223.91041021691353,215.05312812599445,218.69809561613252,78783846
2018-07-30,219.46351623535156,221.32245786780362,218.69808327135533,220.1560794266812,17738557
2018-07-31,217.0214080810547,219.68221755886822,215.45406106180968,219.24483719622538,15124149
2018-08-01,219.8644561767578,220.84861395358908,215.85500150644552,217.27653963572394,15187911
2018-08-02,218.1149139404297,221.24958516669662,216.72981053538734,219.06259073427844,10226827
2018-08-03,221.57762145996094,222.63464905269092,217.34944177727124,218.69808708929563,12950643
2018-08-06,220.01028442382812,223.72814481892644,218.69809704297433,222.3430645568931,7979881
2018-08-07,219.49998474121094,221.75987195905378,218.51584999637652,220.8486300943009,7465742
2018-08-08,219.390625,220.44767568610737,218.6980849074124,218.88032865221078,6690368
2018-08-09,220.5205841064453,222.05147325771645,218.734558315258,219.97382972958968,9576528
2018-08-10,222.19723510742188,223.72812409392512,219.5364257035701,220.15607289600635,15347074
2018-08-13,223.03558349609375,224.3842287413574,220.99439818561538,221.61404537657646,10341087
2018-08-14,224.45716857910156,226.1338667652076,223.6917354794806,223.80108636570174,12790249
2018-08-16,224.1290740966797,224.89453015738917,222.4159413374649,224.45712669412663,19393491
2018-08-17,228.72174072265625,229.8516842646957,224.38423339979983,224.38423339979983,26392504
2018-08-20,228.39370727539062,229.63300178694988,226.93573411819548,229.04981252407183,19958265
2018-08-21,228.10208129882812,231.0909662922222,227.44599924422835,229.26848276822528,14143291
2018-08-23,227.44601440429688,230.65357822707193,224.05618373383632,228.9039874583206,11745180
2018-08-24,226.2796173095703,227.446018879663,223.80105151699877,226.71702078634547,5655583
2018-08-27,228.4666290283203,229.5236567059785,226.3525274651537,226.86282385903442,5482067
2018-08-28,227.19088745117188,230.21620796657345,226.71704902825545,228.9040204767134,6864300
2018-08-29,228.02919006347656,229.96102446109134,225.9880048053235,227.22729915547666,10748094
2018-08-30,233.1686248779297,233.71537926687756,228.53952243256322,228.53952243256322,25934792
2018-08-31,233.1686248779297,235.17335246419665,231.23679017554738,234.7359720569635,18781195
2018-09-03,228.32080078125,235.42849169858684,226.75347684271696,235.42849169858684,9463966
2018-09-04,225.6964111328125,227.59178755000804,223.80103471561694,227.4460018046431,11615187
2018-09-05,226.17025756835938,229.23203557783407,225.4412595036384,226.27960843326366,10529696
2018-09-06,226.5712432861328,227.26378348426667,224.5665155799752,227.00864682344957,7902786
2018-09-07,226.31605529785156,228.32078254934603,224.60292263712705,227.15440418626608,7465327
2018-09-10,223.4729766845703,226.53475450964976,222.74397866375315,226.13380906378848,10006954
2018-09-11,216.65692138671875,223.61880410981496,215.45408482492138,223.54591122532204,27008217
2018-09-12,223.65524291992188,224.23843215369274,215.3447154749553,217.05784828910933,20171661
2018-09-14,223.910400390625,225.00388596889408,222.37951133947905,223.80104952240578,13317349
2018-09-17,220.15606689453125,223.14492880771178,219.79155632448771,222.3430378991062,6049990
2018-09-18,221.06732177734375,222.2701582116037,218.18778745005025,220.30186570759102,8515415
2018-09-19,218.44293212890625,222.81687409625172,217.2400726735728,221.97854831139927,6387203
2018-09-21,221.57762145996094,223.5094560027276,218.98968170466676,218.98968170466676,16966413
2018-09-24,217.20367431640625,223.32720796282618,213.23065402747463,222.34307316506542,15009283
2018-09-25,219.53643798828125,220.41122184212435,213.1212870816616,216.43820185273051,13785151
2018-09-26,213.70448303222656,220.88506714858494,211.22591714983201,220.88506714858494,20657879
2018-09-27,213.81382751464844,215.12601484938386,211.0436670879422,213.95963637580724,12550275
2018-09-28,217.05787658691406,218.6981167366654,212.72036855138748,215.05314889451856,25554548
2018-10-01,216.583984375,220.84859846372402,213.88669405513386,219.31770957772665,9373133
2018-10-03,215.19891357421875,218.69807181825988,214.7979450141682,216.51110080372436,7861709
2018-10-04,209.29408264160156,215.56342488763462,207.87254439372637,214.21477952059493,8417940
2018-10-05,201.56674194335938,208.49218935268595,200.54614920716548,208.1276787446602,18301682
2018-10-08,199.16107177734375,203.6808231700375,196.20864439911404,203.3892285418564,17063274
2018-10-09,195.73480224609375,200.83774279685764,195.18804788883298,200.83774279685764,10946626
2018-10-10,196.9011688232422,197.66662487709488,194.787090609615,196.75538307274235,11921765
2018-10-11,193.32913208007812,196.3180060631208,192.19918839381725,193.18333475797394,11018554
2018-10-12,200.61904907226562,202.40509797475275,194.86000306261212,195.00581193168395,13942941
2018-10-15,205.94070434570312,206.74259532553666,201.20225134561682,203.3527645530302,18623988
2018-10-16,206.050048828125,206.85193978309852,201.457381728249,206.30518544837892,12325066
2018-10-17,208.82022094726562,212.61099730577843,205.24816943888868,206.96130231231464,15896854
2018-10-19,211.00721740722656,212.53810654203284,207.58095162624682,207.76319538193042,8341467
2018-10-22,210.31466674804688,213.66803947971806,209.43985979826633,212.86614851170137,12965700
2018-10-23,208.49220275878906,212.28295621932088,206.70615380364436,208.49220275878906,11261603
2018-10-24,209.7678680419922,211.15294794765884,208.74727555236885,210.46040799482552,9024700
2018-10-25,209.62213134765625,211.04366956899167,207.3987021403289,208.49218774814298,9953333
2018-10-26,204.7742919921875,211.26233547241873,201.2022407622481,211.18944259733814,22302628
2018-10-29,206.66969299316406,207.9454222834749,203.35275525129535,205.5032914642628,11779416
2018-10-30,203.35276794433594,206.9248425256625,202.66022782328696,206.48746214095596,7110853
2018-10-31,204.19110107421875,204.84720625621821,198.90589404471535,203.79015560874868,14021856
2018-11-01,202.22283935546875,205.4304032000847,200.32743971644746,204.11821589056697,9816770
2018-11-02,206.4874725341797,208.4557421242388,202.8789397791961,202.8789397791961,12093152
2018-11-05,203.82662963867188,207.94543548118048,202.95182266049375,207.94543548118048,7665505
2018-11-06,202.14993286132812,205.46687083331943,201.27514898190327,204.92011646872632,10142476
2018-11-07,204.15467834472656,204.84721845323537,203.24343649586268,204.84721845323537,994001
2018-11-09,202.11349487304688,203.8995205967842,201.12933703187383,203.38922423229872,15613827
2018-11-12,199.63491821289062,202.8060474661522,199.19751470101312,202.51445282620892,7318920
2018-11-13,201.82188415527344,202.58731708899472,199.12459368499802,199.70778288249252,6958821
2018-11-14,201.5302734375,202.95181159561355,200.21808614569696,202.73313296691532,7182329
2018-11-15,200.10873413085938,203.57145763499724,199.37975916487045,201.8218899919167,12621945
2018-11-16,201.60321044921875,202.87893988403016,200.65551054363658,201.05645606062805,13122152
2018-11-19,207.39871215820312,207.76319967710555,201.56675012829012,202.18639739356416,17364041
2018-11-20,206.92483520507812,208.96602060790883,205.43040414369247,207.76318416065286,8096904
2018-11-21,205.3939666748047,207.61739604562902,204.1182372225331,207.39871739112496,5867663
2018-11-22,204.48272705078125,207.39871972407514,203.82664487203814,205.57623585522933,6937634
2018-11-26,208.237060546875,208.74735699076814,204.6285505461556,205.02949610179107,9292657
2018-11-27,207.6538543701172,208.82023294502818,206.15942315704038,208.56509629573847,7146777
2018-11-28,205.72198486328125,209.91370625412125,204.7013922307971,208.05476472268478,9197861
2018-11-29,209.62213134765625,210.8978607061187,206.63324604211243,206.7790549049854,14183469
2018-11-30,208.34640502929688,211.40818359851787,207.61740683130233,211.04369605148392,8972623
2018-12-03,206.26878356933594,211.04369517689665,205.97718891213188,209.40345501418798,8895477
2018-12-04,205.4668426513672,206.52387013936584,204.8107375038472,204.84719549112754,6548740
2018-12-05,200.7283935546875,205.43041175352417,199.89006767198154,204.84722250366158,11894383
2018-12-06,199.0517120361328,200.40035734732277,197.92176846231672,200.10873962820878,10055005
2018-12-07,199.78073120117188,201.34805531115128,199.23397680005948,200.43681337858106,8415885
2018-12-10,197.15634155273438,198.50496380150366,196.2086416962575,198.28626205739948,6940479
2018-12-11,200.25454711914062,201.23868182667374,195.51609422281024,195.66187997744763,10633126
2018-12-12,201.2386932373047,202.44152974892017,198.72366933993376,200.98355660026098,10473073
2018-12-13,200.69195556640625,203.68081775372565,199.37976822252296,203.38922313329866,16430755
2018-12-14,201.0199737548828,202.11348239981248,199.67135159934014,199.99940419281904,8925774
2018-12-17,204.00885009765625,205.13879357950466,201.12931596314186,201.93120686563014,12703296
2018-12-18,202.7695770263672,204.55562585429078,201.93122804803414,203.4256822539123,9172963
2018-12-19,206.63323974609375,207.0341852268731,203.02473041907976,203.38921790927077,13639278
2018-12-20,206.050048828125,207.32577813724023,204.84721239566477,204.84721239566477,5155693
2018-12-21,201.74899291992188,207.03420054220243,201.23869653355152,206.3052024039698,7079146
2018-12-24,201.20225524902344,204.62852097549643,200.65550088674624,203.2798756178287,8869498
2018-12-26,201.67608642578125,203.24343347239446,200.3274411162697,201.45738468867958,8821251
2018-12-27,204.6649627685547,205.3210680254226,202.14993882507738,203.3892333521002,11881735
2018-12-28,205.75845336914062,207.0341826729954,203.4985662668487,203.4985662668487,13702437
2018-12-31,205.321044921875,206.92482678629946,204.92009945576888,206.15939384334132,5662393
2019-01-01,206.0865020751953,206.70614934177567,203.9724236324697,205.7220145555245,2586466
2019-01-02,204.5556182861328,206.48745280164314,202.33218915936547,205.75845472153912,10316782
2019-01-03,203.27987670898438,205.90425145415384,202.47798570928947,204.55562919317106,6350450
2019-01-04,204.81077575683594,206.2687720654686,203.49858832063663,203.49858832063663,8105747
2019-01-07,205.321044921875,207.9454194461918,204.84720658118292,207.25287937781962,10133320
2019-01-08,207.2164306640625,208.12767250090414,205.10235237506072,205.57621384088617,7768619
2019-01-09,211.69973754882812,212.64743733437885,207.4715811589966,208.20057921681087,12651287
2019-01-10,211.11656188964844,214.1054240833571,210.60626552682945,211.95491086512047,10684824
2019-01-11,215.30825805664062,215.78211952627296,212.50163964571917,212.79323426338033,17419014
2019-01-14,214.5428466796875,214.90733421249027,211.40817534423607,214.68865555516405,6646635
2019-01-15,216.18307495117188,216.80272220615737,214.3241331862154,215.2353750722662,7490965
2019-01-16,214.360595703125,216.18307951368993,212.64746276950797,215.78213399952264,8083821
2019-01-17,214.28770446777344,215.49054101952566,211.51752073699774,214.39703224163713,11009380
2019-01-18,212.4651641845703,215.12597322657203,211.88195195669906,213.77735126542234,11418250
2019-01-21,211.3352508544922,213.7409236606578,210.46044394030665,213.48576394271294,8519267
2019-01-22,211.22592163085938,212.1371635238802,207.87254869207183,211.29881451320213,10727385
2019-01-23,202.14993286132812,214.61572443873385,200.47325798311613,212.50164606884738,41735950
2019-01-24,203.3163299560547,206.56035187144334,202.550873862623,203.6079245760541,29105831
2019-01-25,203.5350341796875,206.08649291178529,203.02473781248315,204.11822342679991,9240591
2019-01-28,200.29098510742188,203.71725035023164,199.8900396663254,203.3163049091352,9338450
2019-01-29,202.98828125,203.3892267482037,200.29101363516816,200.69195913337185,7267917
2019-01-30,200.83773803710938,204.26400365094594,199.89006131221527,204.19111077301332,10852162
2019-01-31,203.1340789794922,203.82661906534227,199.4526537131194,201.56673196084384,15937442
2019-02-01,204.7378387451172,207.90894422183578,203.46208647404717,204.59202990411023,19060690
2019-02-04,202.00416564941406,205.50332459235355,201.23870946869445,205.50332459235355,6289877
2019-02-05,199.85360717773438,202.51443986481442,198.65077070098076,202.18638725190243,10205529
2019-02-06,202.44151306152344,202.95180939747115,200.14519110171992,200.47324369709827,8409442
2019-02-07,204.33692932128906,204.8472256988594,201.93123319621492,202.58733844048723,6177040
2019-02-08,200.83773803710938,204.99300174204217,200.1816559278691,203.75370729757094,4575570
2019-02-11,202.00416564941406,202.80605672183617,195.698364849071,201.0564656984033,10335615
2019-02-12,200.69195556640625,204.48270873588078,200.1816592046781,201.9676849187648,7624089
2019-02-14,202.58734130859375,204.26401622781972,201.9312360550327,201.9312360550327,10378675
2019-02-15,204.19110107421875,204.81074826702198,200.76483562312504,203.3892101432786,38998388
2019-02-18,200.25454711914062,205.90424184568545,199.67135789274494,203.24343233628395,42232590
2019-02-19,201.12933349609375,203.53502951719057,199.74425328994963,199.74425328994963,35777932
2019-02-20,201.0928955078125,202.29573194784984,199.9264939543707,202.11348820310292,6208106
2019-02-21,200.50970458984375,201.74899915273335,199.89008041232444,201.12935187128855,7264425
2019-02-22,199.9629669189453,201.16580344905609,199.08818301629879,200.91066680808927,9100951
2019-02-25,201.71255493164062,202.0405844504697,199.01526417201103,200.10874981059828,31204722
2019-02-26,200.83773803710938,201.93122362179207,199.78071044335468,200.43679255259497,12233273
2019-02-27,200.546142578125,203.31632607107215,199.67135873484213,201.20224778852952,13634026
2019-02-28,201.2386932373047,202.14993511918834,199.92650585154922,202.14993511918834,44873000
2019-03-01,202.80599975585938,203.38918889855015,201.38446178060073,201.53024751431354,9170950
2019-03-05,205.9771728515625,207.0342005135173,201.23869650566937,204.1182310649156,14103324
2019-03-06,208.3099365234375,210.8249602623492,207.5809384430763,207.76318218718586,20817638
2019-03-07,211.48104858398438,212.13715380678985,208.38283553119928,209.002482762541,14837761
2019-03-08,212.86614990234375,213.5951248933589,210.24175213978032,211.62685545134056,13169854
2019-03-11,213.55868530273438,214.98022347018332,212.21004001199688,213.59512018912864,15287916
2019-03-12,214.68862915039062,215.5269549935156,213.70447134579933,214.3241185584936,14686757
2019-03-13,214.980224609375,216.5111136519648,214.43347027133473,215.0531174864727,11496644
2019-03-14,215.4176025390625,215.78211312827366,211.73620038431224,215.34470966278937,10503481
2019-03-15,211.99136352539062,216.18308565024583,210.93433582345625,215.74568213003815,22219476
2019-03-18,213.99607849121094,214.46993997803992,212.35586159533332,212.86615797074003,9519926
2019-03-19,218.2971954345703,218.6981410175643,213.85033602175395,214.76157808346105,16363247
2019-03-20,217.8961944580078,220.11962359917587,216.21949655251663,218.69808542013902,16221492
2019-03-22,217.3859100341797,218.6980974172793,216.18307352499875,218.6980974172793,8378083
2019-03-25,215.089599609375,216.51113794384898,213.7409541601771,216.51113794384898,8324586
2019-03-26,213.88670349121094,216.03723962383907,212.17357080357067,215.05310497653804,11178168
2019-03-27,213.66806030273438,216.2924351999879,212.5745515089408,214.32414247508498,8757278
2019-03-28,218.69810485839844,220.15610115763883,213.59514091498227,214.39703194838694,18436077
2019-04-01,216.69332885742188,218.1148668451822,216.18303257709968,216.5110851367182,6442182
2019-04-02,217.16720581054688,218.69809492403107,214.79796770788528,216.80271830425622,10228747
2019-04-03,215.89146423339844,217.96908448890093,215.16246615809266,217.24008641359518,9413878
2019-04-04,214.90731811523438,216.7298018505898,214.14188511211168,215.78212509471638,7233298
2019-04-05,214.72509765625,216.07374315997222,213.34001726037954,215.0896083052183,8107661
2019-04-08,213.41282653808594,215.0530660560166,212.64739375180764,214.79790639131215,5492542
2019-04-09,216.00082397460938,216.29241859592773,213.04839666586594,213.23064041619946,6413515
2019-04-10,214.83441162109375,216.18305689305026,213.95962780096988,215.8185463067234,5540095
2019-04-11,216.07371520996094,216.83914819710736,213.5951262917277,214.72506988069148,11179559
2019-04-12,222.88978576660156,224.09262209477984,215.49050096581203,216.25593386413607,22658578
2019-04-15,222.70751953125,225.98799905609954,221.86919376034567,224.45711015143115,13098155
2019-04-16,223.94683837890625,225.95156581748398,223.1814053946942,223.65524376092435,10121522
2019-04-18,221.90567016601562,224.71231190170573,221.28602289075647,224.71231190170573,9178504
2019-04-22,220.01028442382812,222.70755206671524,219.46353005517057,221.50471555959297,6929432
2019-04-23,221.17669677734375,222.19726647516495,219.82805133848024,220.26545485463606,7784732
2019-04-24,223.400146484375,223.94687782542226,217.60464178335212,221.17671691469,11888770
2019-04-25,221.7234344482422,225.84226376806092,220.15611031012972,223.98332187483692,24135743
2019-04-26,222.01499938964844,223.3636446868423,220.55702632882546,222.05145738014014,4834044
2019-04-30,219.6822509765625,224.20202587482058,218.33362858937295,222.0150313132332,11593138
2019-05-02,222.34307861328125,223.4365643158015,219.13551439150834,219.50000192437315,7781859
2019-05-03,221.79627990722656,224.12905972180593,221.10373987075977,221.79627990722656,6112578
2019-05-06,223.8010711669922,224.1655586936917,219.24486156362144,221.614076695019,6997113
2019-05-07,220.08319091796875,225.62355851664304,219.31775785842763,224.71231658179966,8989234
2019-05-08,219.1719207763672,221.1766712581579,217.7139477306099,218.6980824244864,8179360
2019-05-09,218.58871459960938,219.64576519170816,216.0372330875786,218.26066202579378,10617358
2019-05-10,217.05787658691406,219.02616938740098,216.43822928127793,218.6981167366654,7170576
2019-05-13,210.89785766601562,221.24957055913916,209.73147919554035,215.12601427737366,37262425
2019-05-14,214.57928466796875,217.422361091315,210.56980666133816,212.1371537348932,21959611
2019-05-15,216.54754638671875,218.18778628061753,212.86614422690627,216.91205697643113,18583184
2019-05-16,214.87088012695312,216.511120085893,213.77739452230114,216.511120085893,7637614
2019-05-17,219.7186737060547,220.41121378635938,215.12600665740717,215.12600665740717,11626049
2019-05-20,223.8010711669922,224.2020166879318,220.2289963688504,223.69172028819725,11437612
2019-05-21,222.99917602539062,225.988038380369,222.56177251825235,223.80106705252751,10923996
2019-05-22,222.86639404296875,225.1340906607699,220.67304156695613,224.65081839327664,14266773
2019-05-23,214.27886962890625,227.2159043153453,213.38666927822143,226.76979235804754,32589058
2019-05-24,215.95179748535156,216.84399796651056,213.6097329309487,216.73246996087641,11298665
2019-05-27,216.2492218017578,218.25667899958617,214.91090914856665,216.5466219953651,9371741
2019-05-28,214.7993621826172,217.10424293465172,214.20456184787108,216.95553106900783,16199349
2019-05-29,214.20452880859375,216.8811534660187,213.83276098378352,214.7249849121992,7534947
2019-05-30,214.61346435546875,216.39786514629057,214.35322451269565,214.87368063433,8989691
2019-05-31,207.10401916503906,216.73244547070672,206.28616292541363,215.13391684377027,27294002
2019-06-03,207.10401916503906,209.29737160944887,204.68763429847715,209.22302746873152,20323304
2019-06-04,207.62452697753906,209.7806961065325,207.2899664790478,207.62452697753906,14384170
2019-06-06,205.022216796875,208.47953782543001,204.68765634565517,208.47953782543001,11071548
2019-06-07,204.65045166015625,205.80289188571336,203.86977926821424,205.80289188571336,7995725
2019-06-10,207.7360076904297,208.59104780056023,205.87723918557055,206.91815143340463,8947150
2019-06-11,208.07058715820312,209.22302737641544,207.58731489788627,208.85125954516968,8787243
2019-06-12,208.1449432373047,209.223039376668,206.8809749536133,209.223039376668,8565517
2019-06-13,208.6282196044922,209.185835985398,207.10401160996412,207.36425143884867,7475823
2019-06-14,206.7322998046875,208.55388463715244,206.0631317658753,208.55388463715244,8212601
2019-06-17,204.464599609375,207.32709674622078,204.05567144696846,207.32709674622078,10398919
2019-06-18,204.53892517089844,206.58356579712978,203.7210689204059,205.3196211324943,14378973
2019-06-19,206.1002960205078,207.36426426432777,204.91069548320345,204.98503962580696,9394923
2019-06-20,205.95156860351562,206.65792037854806,204.72478430568606,205.95156860351562,10973042
2019-06-21,203.90696716308594,205.69139173985528,203.16345495910582,205.69139173985528,19311989
2019-06-24,205.3939971923828,206.32338158181517,203.90697274372485,203.90697274372485,9279182
2019-06-25,207.06686401367188,208.1821204077462,203.90694340589727,204.50174367421528,12856683
2019-06-26,206.24900817871094,207.2155527257412,205.46831220651194,207.02968058699784,7707084
2019-06-27,203.34933471679688,206.8438158808234,202.82887857126656,206.65794373540106,24205884
2019-06-28,203.6095733642578,204.7991976406267,202.60584481763587,203.79544553008918,8775151
2019-07-01,204.4274139404297,205.3939821175077,203.832613630188,204.01848578164933,5236646
2019-07-02,203.6095733642578,204.94788594772558,203.12630102031306,204.72482992316168,10360661
2019-07-03,205.7285614013672,206.36054555294524,202.34558464128318,203.94413694772996,18818695
2019-07-04,206.4348907470703,206.88097918980944,204.61328242918177,206.28617889021507,10071080
2019-07-05,207.77320861816406,209.5576331273667,199.26003779818265,206.43489612724056,38474130
2019-07-08,206.28616333007812,210.33828424775132,205.05937896823343,208.29364364467682,12637923
2019-07-09,203.0519561767578,206.36056554740932,202.34560424673398,205.9144534997975,8003290
2019-07-10,203.08909606933594,204.6504645152084,201.3046716220655,203.38649621656214,8477115
2019-07-11,204.9478759765625,205.87726032441842,203.42369130141827,203.72109146506244,8727346
2019-07-12,204.5017547607422,205.54266706868512,203.05193786458602,204.7619946196846,10872126
2019-07-15,201.45338439941406,204.91070530907535,201.15598425082703,204.46459330423824,8865479
2019-07-16,202.19691467285156,202.79171502332903,201.19316257201612,201.49058631117018,6602372
2019-07-17,202.9031982421875,203.08907036518968,201.26748585751213,202.5686142824375,6536611
2019-07-18,202.97756958007812,204.53893803757708,202.4571134275785,202.94040928884382,9447100
2019-07-19,199.48309326171875,203.90695888450753,199.26003725318927,203.79543088024278,8294444
2019-07-22,196.58340454101562,199.40874126465908,196.28600439598677,199.2600294101882,14037538
2019-07-23,201.2303009033203,202.01099680512044,197.02949197809582,197.40123622206065,14951457
2019-07-24,201.3790740966797,203.23784301066507,199.18572112283684,200.9701458781596,12537555
2019-07-25,199.1485137939453,202.60583487722866,198.44218546009114,201.49057837304235,18350433
2019-07-26,201.04446411132812,201.49057613361018,198.44218325453977,199.81767961396665,4972441
2019-07-29,199.0741729736328,201.60210975172254,198.1447886106142,200.74706953984926,5738104
2019-07-30,199.92919921875,200.82139966191076,198.18195862344783,199.2600312134446,13743007
2019-07-31,200.89573669433594,201.56490467594674,197.77302347188905,199.70613614557755,14175457
2019-08-01,198.9254608154297,201.26752543026078,198.14478831976248,201.08165327071285,6153824
2019-08-02,196.65777587890625,198.66524468809658,195.61686350778,198.66524468809658,9233326
2019-08-05,193.16326904296875,196.65776201132485,191.56472852345016,196.58340608350596,12001827
2019-08-06,192.49411010742188,194.4272346019452,191.93648189348744,192.38258210824372,9770895
2019-08-07,188.59071350097656,192.82870706279627,188.1817853311481,192.60565104945084,8816780
2019-08-08,191.6390838623047,192.34541215560876,188.10741883187129,189.5944313460698,6616227
2019-08-09,188.9996337890625,192.4569429419523,188.47917763426562,192.4569429419523,10309668
2019-08-13,183.12591552734375,188.85092106469946,181.4158471021145,188.70222099928247,21801393
2019-08-14,184.94752502441406,188.55354627780477,181.45304356252328,183.12594014174533,14340858
2019-08-16,188.10743713378906,188.40483730917302,183.94379933254072,184.947527869951,10735480
2019-08-19,187.02935791015625,191.3045238426369,186.5832576345614,188.47919853328696,13006987
2019-08-20,183.27462768554688,187.326737135904,182.49394345412983,187.066509058765,15577976
2019-08-21,179.51988220214844,183.57200288367093,179.0737820370999,183.42330282865476,15303762
2019-08-22,178.47897338867188,182.90285018183633,177.69830103065698,180.0775255195313,10917955
2019-08-23,175.54212951660156,178.03288211888804,174.46404520709456,177.69830991757146,17073495
2019-08-26,180.30059814453125,181.00693825794758,174.6871200037684,178.96228563126272,13352257
2019-08-27,182.5311279296875,183.12594005297316,180.4493031711239,181.3786875409173,15089362
2019-08-28,182.86569213867188,184.12964861798199,180.74669553392724,183.01439220788743,9237042
2019-08-29,179.33404541015625,182.49395460217244,178.55336113104937,181.37868629689515,11532941
2019-08-30,182.64263916015625,183.79507944305405,177.73548966717897,180.48647044798835,12225631
2019-09-03,179.59426879882812,181.75043763781093,178.92511254597287,181.75043763781093,9913882
2019-09-04,180.8582000732422,181.8247681336762,179.40835976454662,179.63141574494762,7303230
2019-09-05,181.60174560546875,183.5720423767375,179.92884900821403,179.92884900821403,8777107
2019-09-06,181.3414764404297,182.79131668785868,180.85819243063503,181.63887654709333,9039911
2019-09-09,182.5311279296875,183.27464013830522,180.82105927543276,181.8991437305582,9435127
2019-09-11,181.22994995117188,182.49391808786012,180.67232180108502,181.86193401951599,9314093
2019-09-12,178.99945068359375,182.15935968671403,178.4418224552682,181.63890353175506,8395088
2019-09-13,178.36746215820312,180.26340267562415,177.40089408253658,179.1853183899551,14572355
2019-09-16,177.99571228027344,179.07379660330048,177.1778560201809,178.07005642285128,7357494
2019-09-17,176.3600311279297,178.51620015748543,176.06261915885176,178.29314412616654,11083300
2019-09-18,177.8842010498047,180.15189790540904,174.01796359464385,176.73176069362776,20724917
2019-09-19,175.98825073242188,178.4046475379505,175.54213873130757,178.4046475379505,8810026
2019-09-20,176.9919891357422,184.76164791838204,174.2038360996296,176.2113048717958,66016326
2019-09-23,189.48289489746094,193.68370391792521,185.8025301867378,185.87687432443428,54044544
2019-09-24,190.33792114257812,191.82493348215533,188.70220874723876,189.594409081812,17828419
2019-09-25,184.0552978515625,190.5238036484872,180.4492771205042,189.668775335775,21390350
2019-09-26,186.17431640625,186.91781681353774,183.08875142464515,183.86943568876515,18534981
2019-09-27,188.0702362060547,191.82494524466185,185.876883739669,185.876883739669,18211017
2019-09-30,193.200439453125,193.9067676994468,185.43078161576264,189.40854660128264,21381205
2019-10-01,190.26358032226562,195.1335576082488,189.59442412725662,192.64280496717677,16035574
2019-10-03,194.5387725830078,194.91052867202458,190.37512323715134,191.60191950910234,12832216
2019-10-04,191.26730346679688,196.21162445512067,189.7431190735961,195.54246831972313,18781574
2019-10-07,187.28955078125,191.8249439667312,186.39733861595602,191.45318791602907,22082491
2019-10-09,183.72071838378906,187.51261134232274,183.12591811372045,186.84345514751752,22332047
2019-10-10,180.821044921875,184.12965395825904,180.4121167741832,183.6463698828248,25230638
2019-10-11,181.37869262695312,183.05158925227389,179.25969573312713,180.82106434583216,26037798
2019-10-14,181.49021911621094,183.20028780406406,180.67236273983724,182.49395943936997,15280471
2019-10-15,184.0924835205078,185.2820959012567,182.1965428387369,182.1965428387369,10373904
2019-10-16,181.15565490722656,184.09250829004927,180.04038652286513,183.94380819519273,16681940
2019-10-17,182.79135131835938,183.4233355012176,181.30433872136607,181.4158667279831,14175284
2019-10-18,183.27462768554688,184.2411840655104,182.2337153769908,182.90287160649734,13327812
2019-10-22,185.05905151367188,186.69477600359457,182.1221983416626,182.15937041721887,18979485
2019-10-23,186.65757751464844,187.32673373199574,185.17056500742734,186.17430522442655,13325639
2019-10-24,185.17056274414062,188.85092778554503,184.35270646426326,187.8100155086261,17438024
2019-10-25,184.16683959960938,191.23017019530826,183.64638341293772,191.00711417760402,33846376
2019-10-27,186.17431640625,186.69477258233,185.65386023017,185.83973238650265,3252338
2019-10-29,188.29331970214844,189.6688043397032,185.54233864508137,186.5832510332666,12397313
2019-10-30,192.86587524414062,196.28601239725793,189.073982003605,190.33795034443585,35611812
2019-10-31,191.5647430419922,195.43098059659212,190.48665858962892,193.31198376761398,17296427
2019-11-01,194.27854919433594,195.5425057891926,192.38259662911503,192.82870865949982,13055757
2019-11-04,193.86959838867188,196.99232332703045,193.34914226861943,195.50531089057608,8199342
2019-11-05,195.46817016601562,196.28602654812352,192.27108879125322,194.0555016447652,10674212
2019-11-06,194.31568908691406,196.13728541805833,193.31194896674532,195.50530133432076,9198544
2019-11-07,197.66148376464844,197.99605597361898,194.7989868247377,195.4681430246349,15351749
2019-11-08,193.68373107910156,197.36409630593954,193.3119749926203,196.91799607133615,12357632
2019-11-11,192.90304565429688,195.0592262299409,192.41977334858308,193.75808582617904,7524183
2019-11-13,188.73939514160156,192.75433229779279,188.218939015952,192.494104234968,10664859
2019-11-14,188.77658081054688,190.26359337010322,188.29330850331627,188.92528088830682,9222757
2019-11-15,186.3601837158203,190.15207693122014,185.87689962718443,189.03680867635813,17386229
2019-11-18,186.43453979492188,187.5497962687203,184.94751545391483,186.9549841759261,8167820
2019-11-19,185.35643005371094,187.21519856203824,184.98468577761028,187.17802649081938,12621028
2019-11-20,186.39736938476562,186.8434814320307,183.4233440521345,185.35645698375743,10362358
2019-11-21,182.67984008789062,186.91783403678394,182.19656772411255,186.91783403678394,10793493
2019-11-22,184.12965393066406,187.84719111418278,183.38615356313426,183.7578978559209,17000856
2019-11-25,184.20401000976562,184.687282303568,183.0887417846196,184.20401000976562,10994413
2019-11-26,185.2449493408203,186.17433377309334,184.16685303126036,184.87319321151946,20539741
2019-11-27,183.60919189453125,185.9140724148533,183.34896382875152,185.69101642076893,9182137
2019-11-28,183.42332458496094,184.352708875515,182.64264036706072,183.86942480292257,11416080
2019-11-29,183.20025634765625,183.94376844321724,182.15934412665314,183.460484402907,10185713
2019-12-02,182.1221923828125,183.5720328836017,181.82479222417805,182.9028766356957,10356741
2019-12-03,181.45301818847656,182.75415848126056,180.41210595424937,182.12217437020036,8442322
2019-12-04,180.78384399414062,181.45300010919226,179.9288039803801,181.0440720267693,12406762
2019-12-05,183.60919189453125,184.01812002904848,180.74669495291056,180.7838670246059,11699738
2019-12-06,180.9325714111328,183.75789634848192,180.3005872674495,183.64636834877822,10773814
2019-12-09,179.51988220214844,180.8953783294695,179.1853100238508,180.6723223559677,6981671
2019-12-10,175.17039489746094,179.70580046127398,174.72429464713255,179.63144452857392,15972570
2019-12-11,176.65740966796875,177.54961012000052,175.17038535066908,175.17038535066908,14331297
2019-12-12,177.36373901367188,178.5905234788928,176.65741070617315,176.99198293216216,10704007
2019-12-13,179.63140869140625,180.3005648243782,177.8469962641327,178.4417964792389,8521473
2019-12-16,176.136962890625,180.969756833271,175.72803471618374,180.67235666676052,12476974
2019-12-17,179.2224884033203,179.70577243560777,176.58303582443756,176.58303582443756,16534369
2019-12-18,182.27090454101562,183.90661730385892,178.25596678751413,178.88795100296096,17794641
2019-12-19,181.6760711669922,184.31552377950248,180.85820315224996,182.9400275862199,9699414
2019-12-20,179.296875,182.23372820184875,178.55336278957557,181.67609993500918,14495913
2019-12-23,177.6239776611328,180.52365877469964,177.43810550029696,179.92884665250153,19817033
2019-12-24,177.512451171875,178.59053563426085,177.10352298896856,177.69833511626,8200254
2019-12-26,176.0625762939453,177.99570060349404,175.72800411038136,177.62394456912446,15017235
2019-12-27,176.136962890625,177.28940326329976,175.8023788668327,176.58306314039072,9048085
2019-12-30,177.10350036621094,179.11096894822012,176.58304423954675,176.95480029887204,13680470
2019-12-31,176.73175048828125,177.66113477812266,176.5087062704497,177.36373463304295,7417112
2020-01-01,177.0291748046875,177.4009191210754,176.28566260799715,177.4009191210754,4370931
2020-01-02,178.33026123046875,179.14812916586249,177.02913286742694,177.10347700030988,8726602
2020-01-03,177.3265380859375,179.18530640907474,176.9547820649191,179.18530640907474,9642051
2020-01-06,174.7986297607422,177.17785437636803,174.72427383689816,176.5830423314836,7930726
2020-01-07,174.98452758789062,176.88046843177395,174.4268993140376,175.50498378534215,8740894
2020-01-08,174.12948608398438,175.3190984772628,173.42314599356615,173.98078600756915,7314466
2020-01-09,175.31910705566406,175.91390739042862,174.76146701437563,175.1703951900156,9816703
2020-01-10,176.95481872558594,177.51244698166295,176.0626064466884,176.65741855993917,10357864
2020-01-13,177.8842010498047,178.81358539331325,177.14068886221497,177.32657280009096,12715178
2020-01-14,180.8582000732422,181.26713996462917,177.17784708835845,178.62768739705402,12299570
2020-01-15,180.22625732421875,180.67235757623007,179.2596891052582,180.33778533271092,5687654
2020-01-16,178.99945068359375,181.34150338090902,178.51617838395808,180.30059107099112,9730522
2020-01-17,178.40464782714844,180.00318834250078,177.9957196801018,178.999448120323,7677106
2020-01-20,179.85450744628906,180.85823599353338,178.4790110032359,178.4790110032359,8329721
2020-01-21,177.28939819335938,179.5199111603594,176.95481417913518,179.5199111603594,9939680
2020-01-22,176.9919891357422,178.14442949422835,176.28566080348662,178.14442949422835,7949731
2020-01-23,176.88046264648438,177.51244683442752,176.13696223298416,177.0291745111417,6356150
2020-01-24,177.0663299560547,177.77265822803005,176.2112898333892,176.5087017528133,7063834
2020-01-27,174.42691040039062,176.50873532251487,174.2038543638892,176.21132334652683,7100949
2020-01-28,171.5644073486328,175.3934732768648,171.37853516611932,174.53844474256042,15144538
2020-01-29,175.95106506347656,176.69457720302978,171.86178364180304,172.122011712451,21258057
2020-01-30,174.01797485351562,176.21131591948617,173.2372905406237,176.1741438422888,10794458
2020-01-31,174.83580017089844,177.25219683451465,174.01794392616273,175.28190036385723,19166671
2020-02-03,154.3521728515625,161.26680286323312,152.41906011097393,159.8541344897595,82836335
2020-02-04,160.33743286132812,161.78726165505583,155.5046270150579,156.7314115692662,37145337
2020-02-05,160.93222045898438,161.71290469034423,157.25185530598986,160.82069245708203,22072147
2020-02-06,158.7760467529297,163.49731228548129,157.47490640783252,162.08465572390978,28443398
2020-02-07,158.66452026367188,160.37458876464294,158.18123619319425,158.9619204076782,17793265
2020-02-10,156.5455322265625,159.1478130845905,156.17377613513608,159.1106292280779,9987781
2020-02-11,158.0697021484375,161.3039668821726,157.47490188317255,160.96938289649407,30951617
2020-02-12,158.40431213378906,159.70545265506365,157.4749277303012,158.66454023804397,10310789
2020-02-13,157.54925537109375,158.70169568085174,157.02881099909243,158.40429553057763,9505645
2020-02-14,154.42652893066406,158.29276619758457,153.75737270719623,157.8094821209858,14260540
2020-02-17,152.27035522460938,155.13285217207468,151.6755431664886,154.64957989318003,16161290
2020-02-18,151.56402587890625,152.12166590465924,149.07327303706626,152.08448204830438,21741128
2020-02-19,153.68304443359375,154.0176284965123,151.56404738098564,152.604959867454,9403278
2020-02-20,154.2406463623047,155.0585144488296,152.75363382836636,153.906074138598,16193373
2020-02-24,150.93203735351562,154.24064642847506,150.0398369019439,153.90607420462482,17233132
2020-02-25,150.0398406982422,152.71646568459457,149.81678468872715,151.52685327044273,15903285
2020-02-26,147.66061401367188,150.1513668154214,145.95054545345386,149.1847986409785,18557438
2020-02-27,146.87994384765625,148.0695563608539,145.65315925709683,147.51192807259582,17936226
2020-02-28,146.87994384765625,148.62718464911202,142.79065009716686,144.9840029547955,33885063
2020-03-02,145.20703125,151.26662116438848,143.98024679420226,148.32976817234695,19274852
2020-03-03,144.12893676757812,146.80556149515843,143.16238045638656,146.47098929518882,18638624
2020-03-04,139.4076690673828,145.39290253260344,138.7013290447973,144.94679056424297,28729502
2020-03-05,139.8166046142578,142.1586454447948,138.70133641604167,139.44484854818577,20797182
2020-03-06,135.13250732421875,137.43738800003368,133.64549475456982,137.43738800003368,27795285
2020-03-09,131.74954223632812,133.08785460748066,129.74207367959934,133.08785460748066,22633662
2020-03-11,130.59710693359375,131.4149632155231,128.1435263058493,129.3703225106997,29032759
2020-03-12,115.83849334716797,125.76430910286837,111.93507206620079,125.65279287937535,54043896
2020-03-13,120.63411712646484,121.93525757522667,100.0761333818998,111.52614576708933,63962722
2020-03-16,109.48149108886719,117.548537289162,107.99446688826457,117.47419314830532,34535653
2020-03-17,110.8941421508789,115.83847498989391,108.58927360401282,110.03911388118904,49492914
2020-03-18,112.04660034179688,114.98345343724894,109.55584748726359,113.08751268589778,52178352
2020-03-19,120.33673095703125,121.6006876957172,107.62274871953421,112.04661497787298,93204936
2020-03-20,130.48558044433594,131.2290925903039,122.7531059668777,122.7531059668777,64384067
2020-03-23,114.72322082519531,120.44822670993186,110.9313276901326,117.47420165722289,53330913
2020-03-24,111.30308532714844,121.7121967214291,109.59301677418898,121.15456848897544,54576761
2020-03-25,109.55584716796875,113.01315642539511,103.34755697800145,112.2696560260307,64913270
2020-03-26,116.2845687866211,118.51509307404012,106.50744341411087,111.52612011531505,60694283
2020-03-27,121.34043884277344,123.42226344720083,115.24367688577027,120.44822661488217,33893412
2020-03-30,118.36640930175781,122.60440249601209,116.02435671063114,116.02435671063114,29203338
2020-03-31,127.66024017333984,129.25878049152755,120.11363874726007,121.93523503885469,44272500
2020-04-01,123.71966552734375,128.44094303410495,122.34418098191979,127.6602587952567,18840671
2020-04-03,132.26998901367188,135.87599774690116,124.16574765352516,124.83490379183621,65288649
2020-04-07,134.98379516601562,138.06934803375955,129.1100895614524,138.06934803375955,37509626
2020-04-08,132.82762145996094,136.80538635018755,131.34060908029656,134.46333389939622,39007671
2020-04-09,137.73477172851562,138.4782720336766,133.83135094408715,136.80538751059774,44268652
2020-04-13,135.02096557617188,138.77568636524808,134.61203745569122,137.17714595374485,18427550
2020-04-15,140.7831573486328,144.05459415139805,135.8388359643963,136.8425643568879,50983406
2020-04-16,138.55264282226562,142.15865208960926,137.88348658484057,141.00622354746196,28122965
2020-04-17,139.85377502441406,142.30734382381283,138.99873490441306,141.60101555403855,27694463
2020-04-20,134.351806640625,141.22925218872035,133.4596062771416,141.22925218872035,37141676
2020-04-21,133.53395080566406,137.028443476337,130.89449821326593,132.34433853559668,24232310
2020-04-22,135.5042724609375,136.47082892846126,130.8573505067455,133.0878754011492,26132520
2020-04-23,134.2402801513672,136.80538862545396,133.57112398029142,136.0247044622063,34237726
2020-04-24,133.86854553222656,135.9131862628463,133.310905531188,134.57487382426675,18744844
2020-04-27,133.71986389160156,135.5414488728984,133.31092390715165,134.0172640785123,13589672
2020-04-28,133.42245483398438,134.4261952141572,132.38154237512617,133.8313830453989,18488267
2020-04-29,135.42991638183594,135.9875564413132,133.5711476021324,134.20313181490147,22287597
2020-04-30,135.3555450439453,137.47454149850967,134.16593279257663,137.47454149850967,31326446
2020-05-04,129.407470703125,135.1324754021387,126.87954639730134,135.1324754021387,31461042
2020-05-05,129.29595947265625,131.93541209858924,127.88330298409754,130.11381570960197,18389548
2020-05-06,121.86090087890625,127.43720695409898,119.33297592943049,127.43720695409898,68112675
2020-05-07,119.70471954345703,123.31072854433042,119.33296348747962,121.93524409736554,25183509
2020-05-08,117.66010284423828,122.04679735973144,116.80507425969246,121.89809724859127,26281664
2020-05-11,117.80877685546875,121.56349801226754,117.47420462501597,118.96121718893738,18792383
2020-05-12,122.7159194946289,123.34790362702554,117.10244179276499,117.80877006899874,22211224
2020-05-13,122.97616577148438,129.07292843888354,122.30700946808484,128.92422834723453,20785966
2020-05-14,121.7865219116211,125.09513049964532,120.41103758141352,122.30697798941962,15525762
2020-05-15,122.41851043701172,123.05049452336745,119.81624173512313,120.59691409832094,15526021
2020-05-18,122.49288177490234,124.38882249064592,121.30326937283724,123.42226609582954,21602419
2020-05-19,126.95390319824219,127.62307113434628,122.7530941457356,123.79400633706814,20917906
2020-05-20,130.67147827148438,131.60086266182577,127.1398128754039,127.8461412418369,26295911
2020-05-21,140.48577880859375,141.60103536765416,128.3665978382179,130.55995066151658,60630670
2020-05-22,138.55264282226562,142.67910825004614,137.25150242117337,139.7794272938854,40516307
2020-05-26,142.53042602539062,144.9468231975328,139.6307447060367,141.26646932169893,55283582
2020-05-27,142.864990234375,144.16611883576581,138.9615690843326,143.1252183110445,25491463
2020-05-28,141.7497100830078,143.42260640410157,140.52292573124876,142.97649443476686,25524647
2020-05-29,146.73123168945312,147.21450400128668,140.52294152857033,141.60102593906592,37214719
2020-06-01,149.11045837402344,152.60493973300348,147.95801801863337,149.44503061084038,29606349
2020-06-02,146.65687561035156,150.1141848480796,146.24794744754178,150.1141848480796,23502975
2020-06-03,146.24794006347656,149.370676911219,145.4300837791506,148.7015206984108,19710133
2020-06-04,148.81304931640625,150.56028989145184,144.98398416754137,147.02862488685932,22843181
2020-06-05,148.7015380859375,150.1885507569466,147.69779775838066,150.03985066804145,15193091
2020-06-08,146.95428466796875,151.41533443672773,146.4710123273576,150.85770616112228,20304292
2020-06-09,147.5862579345703,153.31126391804344,146.9542737708342,147.40038578380407,41451482
2020-06-10,147.99517822265625,151.04355909404967,147.4375500180508,148.29259014280785,28247205
2020-06-11,144.4263458251953,149.63090731940528,143.94307353070195,148.70152302143302,20611505
2020-06-12,144.16610717773438,145.1326752597488,139.6678860916011,140.48575411068,23431727
2020-06-15,139.18463134765625,144.20330917659618,138.5154750892614,144.16612531971626,25404661
2020-06-16,137.5489044189453,141.9727818419595,135.24403552179794,141.8612538372342,28700454
2020-06-17,134.72357177734375,137.54889668300436,134.35181570981982,136.80539632991278,24952658
2020-06-18,138.73851013183594,139.40767812786768,134.3518167769073,134.7235728473839,30000032
2020-06-19,136.8426055908203,139.7422872107941,136.50803328649386,139.11030290244915,31707306
2020-06-22,137.5489044189453,139.40768486110542,136.1734198518995,138.66417268424138,32605144
2020-06-23,138.18087768554688,139.40767385874682,137.36302142471763,137.8463054797331,27569189
2020-06-24,142.6419219970703,144.76091850193842,138.40392898733413,139.33331321259283,56757828
2020-06-25,150.2628936767578,151.30380607250558,142.4932463489965,142.93934661204943,78484846
2020-06-26,145.1326904296875,155.6904902573048,143.7200220112079,153.16256535925922,74727243
2020-06-29,146.65687561035156,150.93204117369916,145.87619135899917,150.56029686711352,95027403
2020-06-30,144.72377014160156,148.25542370699307,144.24048602378778,148.25542370699307,42797633
2020-07-01,150.857666015625,151.5639941912968,144.72373305238162,144.72373305238162,46004000
2020-07-02,153.051025390625,153.72018153093475,150.59744502151918,152.01011322081982,40835235
2020-07-03,154.3149871826172,155.02131541614432,153.16254698521564,154.649571155523,39352660
2020-07-06,156.5010986328125,158.1851686007757,155.83530035394764,156.93190636329052,36046969
2020-07-07,152.15383911132812,157.04939290168093,151.95802192465283,156.6577585283303,32467210
2020-07-08,153.7595977783203,155.05202108885052,152.15384957028604,152.15384957028604,22093693
2020-07-09,153.09378051757812,154.3078817629451,152.07550886049253,154.2295474451633,19492371
2020-07-10,152.232177734375,153.91624778934198,151.95802621787584,152.85880267931742,16815128
2020-07-13,154.73870849609375,155.6786583632566,152.81964780423775,153.44628518646226,21079233
2020-07-14,153.4462890625,156.26612632286947,150.97892525350264,154.6212171168712,19185879
2020-07-15,155.6394805908203,156.65776475658757,152.34967476733058,153.79875427844127,24692471
2020-07-16,151.84051513671875,155.75695787209648,150.39143579307358,155.6394626040598,22997164
2020-07-17,151.99717712402344,153.05462216413133,151.1747226289054,151.4097131738953,15455455
2020-07-20,150.9397430419922,153.01545973647956,150.6655915462609,152.74130824074828,19643434
2020-07-21,150.5872802734375,152.11469421021425,149.9998162390653,150.4697849840934,29089491
2020-07-22,153.9553985595703,155.01284359963395,150.78308826407255,151.1747226225772,33826583
2020-07-23,157.2060546875,157.83267958740117,154.1512272696155,154.8170131226739,32700809
2020-07-24,156.34442138671875,157.989330310193,154.54285624372497,157.44102733570156,62500933
2020-07-27,153.83790588378906,157.04938959922282,152.8587951463074,157.04938959922282,23517850
2020-07-28,153.0546112060547,155.6002964159138,152.78045972731013,154.30787333569472,20029937
2020-07-29,154.07289123535156,155.24783152810303,151.48804493352173,151.52720588624288,15402845
2020-07-30,151.44888305664062,155.40449953957443,150.78309716049245,155.40449953957443,16943579
2020-07-31,152.07553100585938,154.26874327497163,151.5663888970017,151.5663888970017,17294202
2020-08-03,150.86141967773438,151.95802574028446,150.31311664645932,151.95802574028446,13776301
2020-08-04,151.68386840820312,153.36793839330016,150.86141389282827,150.86141389282827,17849565
2020-08-05,151.01808166503906,152.42800025277273,150.15646612946267,152.34967833809188,50646546
2020-08-06,153.0154571533203,153.21127432738845,151.25305293732205,152.1146683629759,18574935
2020-08-07,153.5637664794922,154.3078991390014,152.0755259851693,153.13295871404634,21717194
2020-08-10,155.75694274902344,156.3835799802611,153.8378825195608,153.8378825195608,17108987
2020-08-11,159.04676818847656,162.68905926322918,156.6577392261305,156.6577392261305,57266693
2020-08-12,159.94754028320312,160.49584321865112,156.9710474995891,158.6159563059331,22106836
2020-08-13,157.7935333251953,159.94757213458485,154.38621977462762,159.39926908994977,23573090
2020-08-14,153.83790588378906,159.2817625771749,153.13294664929614,157.91101747457796,29858596
2020-08-17,155.6786346435547,156.2660985663931,154.19038194833087,155.1303316722799,12192938
2020-08-18,155.52198791503906,156.57942055820448,154.5037038134802,156.57942055820448,12969115
2020-08-19,155.44366455078125,157.9893501594102,155.16951302909214,155.5611598332691,16070316
2020-08-20,153.36793518066406,154.464541178193,152.38882445606274,154.30788495173837,17561721
2020-08-21,154.15122985839844,156.0311170020189,153.75958308320972,155.09116722403533,17897538
2020-08-24,154.07289123535156,155.87445642102674,153.79873974161086,154.5036989523232,15304895
2020-08-25,153.0546112060547,155.32614493716923,152.81962067788916,154.50369050093556,15784633
2020-08-26,152.70213317871094,153.95539537207935,151.6838615254573,153.91623441950898,23502769
2020-08-27,152.15383911132812,155.79614304720374,151.87968760257448,155.48281817123743,49030500
2020-08-28,153.172119140625,153.75958309728853,151.9971788149513,152.4279865439943,35979788
2020-08-31,149.68649291992188,155.87447013763017,148.8248774101584,155.87447013763017,100730476
2020-09-01,148.9815216064453,150.6655915336981,147.45410790354788,149.6864808222175,41311165
2020-09-02,149.88230895996094,151.17473221466273,148.55072474939323,149.843148004095,21378178
2020-09-03,150.07810974121094,151.3705452669375,148.82485999176015,149.9214535225296,16295787
2020-09-04,146.239990234375,148.82484867696155,145.4566967881742,148.82484867696155,42983034
2020-09-07,148.11990356445312,149.21650961991872,141.61861396754585,146.67082408392912,33918419
2020-09-08,147.37579345703125,149.25569322746964,144.5951171720044,148.51156054601157,26574542
2020-09-09,143.9684600830078,145.8875079714048,142.79351988542572,145.30004407878644,28901363
2020-09-10,144.83010864257812,145.45673362836962,143.49851192924893,144.20347124443845,18469229
2020-09-11,144.08596801757812,146.08335039310535,143.146018259305,144.83008818619,19997552
2020-09-14,143.61598205566406,145.57420341170456,143.34183056932454,145.53504246004061,32185628
2020-09-15,142.40191650390625,144.281816427392,141.61863521274478,144.1251601691597,31956903
2020-09-16,141.50111389160156,143.73348688245258,141.03114520333966,142.4410636804722,52591750
2020-09-17,139.89537048339844,142.16690430272078,139.26873318807213,141.61860132394006,35240133
2020-09-18,140.28700256347656,140.8744788972155,138.64210606604536,140.63948836371995,30929813
2020-09-21,137.6630096435547,141.46195746248137,137.11470661686968,140.99197634683864,24811451
2020-09-22,136.44891357421875,138.44629615569923,136.09642772389105,137.66301495332831,19242719
2020-09-23,135.11729431152344,139.0729102681717,134.49066945443795,137.03635465795261,64164525
2020-09-24,130.45675659179688,134.52985618027836,130.14344410322477,134.49069522229382,32698988
2020-09-25,133.7465362548828,134.0990220444965,130.80920432415087,132.2974569708328,27650738
2020-09-28,135.74395751953125,136.91888555724998,133.55074527595173,133.94239209264063,24087933
2020-09-29,132.6890869140625,136.87968043459392,132.37577452674188,136.87968043459392,26602326
2020-09-30,134.49066162109375,134.80397403138778,132.14079371919883,133.15906525882684,19193371
2020-10-01,133.82485961914062,136.7621913095596,133.23739576352574,136.68386941539472,20517295
2020-10-05,132.5716094970703,135.35228523632537,132.1799627540697,134.02068879259238,25234767
2020-10-06,133.08079528808594,134.41237975756755,131.67087647929378,132.76747034319342,22728054
2020-10-07,132.76747131347656,133.8640775977401,132.37583685111088,133.15911818819208,16913783
2020-10-08,130.9267120361328,133.47239746901363,130.73089485373688,133.23741933260789,26484289
2020-10-09,131.47499084472656,132.2974452016474,130.30006314189362,131.20083939241962,23234939
2020-10-12,134.88233947753906,137.23219550955017,133.15909599842374,133.55074280787485,68801924
2020-10-13,133.2765655517578,136.958017542682,132.76742355653292,135.39144301967247,37058708
2020-10-14,131.43585205078125,133.94237649080853,130.84838810035066,133.58989067314224,39688050
2020-10-15,129.28179931640625,131.43585032279452,128.8901649628324,131.3575160046719,28161148
2020-10-16,129.79095458984375,130.65257011533086,128.3027016925084,129.63429834996862,21006060
2020-10-19,131.788330078125,132.2974721396061,130.14343344169956,130.65256309083367,19748904
2020-10-20,131.1616973876953,131.82749564121448,130.57423345143863,131.5925051017733,16770677
2020-10-21,131.31834411621094,132.2974547433027,130.49588969997242,131.7099908495167,17113482
2020-10-22,132.02330017089844,132.45410784371447,130.8091990498651,131.2400191350262,22893091
2020-10-23,133.7465362548828,133.94236583100562,131.3966806401737,132.33661792111914,20921450
2020-10-26,132.02330017089844,134.41232905191274,131.78830965396423,134.33400715449804,16699886
2020-10-27,130.9658966064453,132.61079335139135,130.61341075316184,131.98416838424006,47652264
2020-10-28,129.63429260253906,131.98416092117844,129.2426458140413,131.98416092117844,17468592
2020-10-29,128.34185791015625,129.98676682754143,128.02853305993096,129.24263427214564,21816186
2020-10-30,129.43846130371094,130.65255007964865,127.95020863460043,128.459350645378,16976909
2020-11-02,130.6134033203125,130.96588915353695,128.81183802375293,130.65256427544395,14924105
2020-11-03,133.2374267578125,133.74655642535396,130.8875583763715,130.96589270110343,23473408
2020-11-04,133.00242614746094,134.56900081261574,131.74916393286782,133.19825573832188,19533203
2020-11-05,136.87969970703125,137.07551687359137,133.31573045934005,134.13818490111495,28037401
2020-11-06,136.25306701660156,138.79876474161802,135.82225930579642,138.2504617619849,35571152
2020-11-09,135.352294921875,138.8770910364169,134.608174745568,136.25307132412317,36645472
2020-11-10,139.6995391845703,140.63948890985674,134.6081686295987,137.0755195914998,59672371
2020-11-11,145.14340209960938,145.61338318966216,139.89537508867681,140.6786562181872,65757234
2020-11-12,147.25828552246094,147.84576190798472,144.0076407801823,145.06508586177804,48153554
2020-11-13,146.55331420898438,147.8849106901016,145.33922540764658,146.63164852472198,29284742
2020-11-14,147.72825622558594,148.82486218486108,147.2974485147773,148.08072961972658,8066280
2020-11-17,146.74917602539062,148.35491193342187,146.00504330564678,148.04159942634487,21757459
2020-11-18,144.16432189941406,147.61079683595082,143.14605000929947,146.3183733893805,27620283
2020-11-19,147.1799774169922,150.2348052588474,143.10687776530133,143.18519968248583,50871154
2020-11-20,150.15647888183594,150.39146947053126,145.7308931313844,147.88494456561077,47052232
2020-11-23,149.49066162109375,150.7830972834469,147.767430621086,150.3914504891686,24073204
2020-11-24,153.172119140625,153.87707837109056,149.2948371668911,149.2948371668911,47160760
2020-11-25,151.84051513671875,155.05199867622233,150.78308254908058,153.52458501643733,43263598
2020-11-26,152.5846405029297,153.40709499496873,150.82224865914304,152.81963104703985,25155854
2020-11-27,151.68386840820312,153.32877743895284,151.33139499438354,152.31050573949454,32594141
2020-12-01,152.27134704589844,153.79876094844326,150.70477218523268,152.7413281927418,16505446
2020-12-02,153.4854278564453,155.67863981439154,151.6055283461067,152.74130769029057,29520716
2020-12-03,153.68124389648438,154.46453742205662,152.38882075040186,154.46453742205662,29087754
2020-12-04,155.24783325195312,156.14860964861964,153.91623672118487,154.1903882179697,23005484
2020-12-07,159.12510681152344,159.59508791078363,154.77785611744724,155.24783721670747,37068111
2020-12-08,158.57681274414062,160.33921714103306,156.30527867747514,159.71259218982087,32042241
2020-12-09,160.88751220703125,162.767399379861,160.30004824129364,160.5741997469508,41212760
2020-12-10,166.60552978515625,167.3496500225878,159.12511680483502,161.8666320148685,67739601
2020-12-11,169.42535400390625,170.7177771849053,167.11465914203035,167.97627459602973,62645643
2020-12-14,169.11204528808594,171.22692301619742,168.4070860453821,170.71778095833199,28029531
2020-12-15,167.2713165283203,169.5036894984041,165.74390279024473,168.60290067218173,24151252
2020-12-16,167.623779296875,168.8378805019491,167.23213254565636,167.42796212743863,20304621
2020-12-17,166.8796844482422,168.48542023553273,165.46976586006346,167.78046094144335,23248344
2020-12-18,168.0154266357422,169.1511935296066,164.2948011046706,166.91882069343282,24690701
2020-12-21,158.96844482421875,168.17208793240272,155.99195175689138,168.01543170910614,43445980
2020-12-22,159.32093811035156,161.55331111866423,154.22955475879527,159.08594755820909,42564860
2020-12-23,162.7282257080078,163.1198724586741,158.22431910620998,159.0076001951967,24608258
2020-12-24,163.39405822753906,164.99979410614947,161.04418964281908,164.49066439456496,23645158
2020-12-28,164.09898376464844,164.6472867352354,162.80656065355595,163.70733701246544,16347233
2020-12-29,165.7047576904297,167.23215916229532,164.56897820742134,164.88230310567258,27568853
2020-12-30,165.39141845703125,167.23214466760487,164.13815620969544,166.60551975011037,19654130
2020-12-31,163.7073516845703,165.50891697619875,163.35487826465774,164.9214530014464,18947950
2021-01-01,167.50628662109375,167.7804381099525,163.94232967827585,164.4122983395997,20279389
2021-01-04,167.15380859375,169.19035181536842,166.1355369829408,167.6237772420437,27927482
2021-01-05,165.6264190673828,167.03633762973044,164.96062074284433,166.40971267417487,18718244
2021-01-06,160.88751220703125,165.6655706664726,160.18255296567676,165.62640971204925,50957586
2021-01-07,158.85096740722656,162.6107544259528,158.3026643578906,161.43582641300299,36298522
2021-01-08,157.8326873779297,161.35748364472192,156.8535766142459,160.0650604156226,58600546
2021-01-11,158.615966796875,161.43580355863008,157.63685612057972,159.79089464349096,44625924
2021-01-12,161.70993041992188,162.06240375529498,157.91098356036048,159.00757692445558,36989137
2021-01-13,165.46974182128906,166.8404992529769,160.77000560188674,162.49323642323947,66387977
2021-01-14,167.74127197265625,169.5819980213728,165.74388970834102,166.05720213953836,50164605
2021-01-15,170.63946533203125,171.14860740864256,165.4305989351397,168.3287579216576,60567280
2021-01-18,172.12771606445312,173.89010800812812,168.09377769444237,171.07027096837035,70211602
2021-01-19,171.4227294921875,173.65510235668353,170.36529690036346,173.10681179091864,33009228
2021-01-20,170.48277282714844,171.540205299004,168.9553593346062,171.14857099822473,46392916
2021-01-21,167.3887939453125,171.9318613086331,166.21385374241052,171.54021457433242,30116008
2021-01-22,165.0389404296875,168.2112507074154,163.82483917055356,167.62378676060257,25663922
2021-01-25,162.76739501953125,166.4488597700692,162.02327484368743,166.0572129992869,25929487
2021-01-27,164.999755859375,166.56634282762076,162.21909253913378,162.9240517099061,50338134
2021-01-28,161.82745361328125,165.27391532025524,161.16165536085356,163.90317027535215,22984352
2021-01-29,159.2034454345703,163.55069624612864,158.49848617897564,163.35487905770955,24679902
2021-02-01,169.1511993408203,170.71777399264815,158.0676690946313,159.79089997040728,59968324
2021-02-02,170.9136199951172,175.06505377162827,169.97367014881613,172.323538558395,50324035
2021-02-03,169.77784729003906,173.8901075603725,168.95539275350293,173.4984607697819,55709225
2021-02-04,180.11724853515625,181.25301547943354,169.19036199095578,169.26869630988887,109894300
2021-02-05,183.563720703125,187.088529419883,178.00238093943122,181.84048971260134,130323308
2021-02-08,182.58460998535156,186.46189212757386,181.33136010992732,186.03108437980998,43093963
2021-02-09,179.37313842773438,187.36269381692128,178.7465134471265,183.75956294138177,73377134
2021-02-10,178.2373504638672,181.01802641739232,174.75171528355727,179.37311741744563,49104142
2021-02-11,177.375732421875,179.60810534284138,175.84831871740607,179.37311479989341,45311749
2021-02-12,170.32615661621094,176.8274464136338,169.033720918209,176.8274464136338,114826417
2021-02-15,171.22691345214844,173.1068129359196,170.3652980272309,171.10941818286946,33000365
2021-02-16,170.95278930664062,173.7334656124332,170.16950807339862,171.57942670558245,30271502
2021-02-17,170.56112670898438,171.07026877276328,169.6211893160269,170.44363143177793,20615018
2021-02-18,171.4227294921875,172.79348693746508,170.67860934147086,170.91359987847449,24997592
2021-02-19,169.1511993408203,171.46190657183485,167.6237856418929,171.422733206588,29208388
2021-02-22,166.1756591796875,170.14846812253035,165.33294136040828,170.14846812253035,53531490
2021-02-23,167.33941650390625,168.98472643274246,166.1355411164908,166.93813318687302,27703323
2021-02-24,167.62033081054688,168.38279713085694,165.7342533411244,167.82098519722152,13667471
2021-02-25,167.86109924316406,169.5064091388874,167.58019329599946,168.14200519032863,26953713
2021-02-26,163.60740661621094,166.93815265028869,162.92520454866352,166.33620216824133,45101885
2021-03-01,166.05528259277344,166.73748460448974,163.76790910266928,164.89153295298829,16850430
2021-03-02,168.46304321289062,169.18537100139616,165.7342479320744,166.13554397416817,26590262
2021-03-03,168.50315856933594,170.14845558226915,167.58017652751204,170.14845558226915,21648963
2021-03-04,168.30252075195312,169.58666040549426,166.61708507202587,167.5801929917211,25858155
2021-03-05,167.37954711914062,168.54329666362014,166.2960491470212,166.93812531668829,17990773
2021-03-08,166.9381103515625,169.1853449485514,166.69733021975233,168.30250142278902,23874105
2021-03-09,166.77760314941406,168.34264877035278,164.3297138896192,167.4999309192198,23463213
2021-03-10,165.73423767089844,167.90122090224966,165.1724257903825,167.8209693296944,20358192
2021-03-12,164.6908721923828,166.93811963246324,163.3264683271463,166.93811963246324,31973696
2021-03-15,164.8915252685547,165.33294708658582,161.80157254233671,165.2125697237973,42699297
2021-03-16,166.81776428222656,167.66048224766465,164.49025206990063,165.65401453514335,50641203
2021-03-17,169.0248565673828,171.67340029322662,167.37955931439473,170.30899628212202,81604999
2021-03-18,174.68309020996094,175.8468397636343,170.06820506360708,170.95106139364376,95536034
2021-03-19,178.93679809570312,181.50507744002255,172.9976600608131,175.76658106215586,139352860
2021-03-22,181.38470458984375,181.70573633633202,177.77305292829746,179.21770850565275,47823778
2021-03-23,178.3348388671875,183.07010095169673,177.6125111837253,180.58208620158382,43165463
2021-03-24,173.31871032714844,178.81643984792797,172.7568983656358,177.3717841520838,28672557
2021-03-25,169.8274383544922,173.3186870304788,167.78084518016607,172.6766235711441,42248040
2021-03-26,169.26565551757812,172.1148412232024,168.8242336339901,171.9543253308213,27083832
2021-03-30,172.195068359375,172.55623860456768,168.86433544955665,171.15170884797024,28862387
2021-03-31,175.3652801513672,176.00734356394133,170.7102695375785,171.79376744399303,37890481
2021-04-01,176.60926818847656,177.05068993165716,174.40215947257357,176.5691424076844,30182056
2021-04-05,170.58990478515625,176.5691816133714,168.94460750764165,174.6429656534693,32586507
2021-04-06,170.67015075683594,172.5161022209652,168.66368343297677,171.59312012982207,26663018
2021-04-07,171.5931396484375,172.71676351251529,170.5096542924757,170.71029596042166,15790468
2021-04-08,171.15171813964844,173.43909166224157,170.83068638304272,172.43585788422982,14660557
2021-04-09,171.03131103515625,173.31868433017434,170.58988923420162,171.55299712635588,16994483
2021-04-12,164.7711181640625,169.34586445842808,164.5303507452029,168.54328519863543,35840817
2021-04-13,167.4999237060547,168.30251573490193,165.33294048995577,166.13553251880302,21027436
2021-04-15,165.89476013183594,168.9044613036575,165.33294822897662,167.74071171006543,18205903
2021-04-16,166.89797973632812,167.94135187803136,165.7342302411884,166.93811823896368,13824608
2021-04-19,165.01190185546875,165.4131978530873,163.52712065425254,164.53035428922053,16400507
2021-04-20,163.36660766601562,166.1355284773133,162.5238898716735,165.49345232622352,22187707
2021-04-22,165.25271606445312,165.57374784146586,160.95887471289015,162.12262444318077,24030915
2021-04-23,164.81129455566406,166.13556017738696,163.9284508078488,163.9284508078488,20381213
2021-04-26,164.7711181640625,165.93488034753557,164.2895706081869,165.17241415303704,20652091
2021-04-27,164.85140991210938,166.09542386972674,164.57050394484605,164.7711456136805,11885588
2021-04-28,164.93167114257812,165.7342505211453,164.77114254870642,165.33295447278257,13197445
2021-04-29,163.9685516357422,166.5769566893738,163.76789726659675,166.21579917396383,13601150
2021-04-30,162.60415649414062,165.09218432246706,162.1226088748636,163.64752874647795,17130954
2021-05-03,161.27987670898438,162.0022044329622,160.51742319982912,161.4805183530283,21405441
2021-05-04,160.19638061523438,162.40350231600863,159.79509732250915,161.48052021916357,18962501
2021-05-05,161.6410675048828,162.1226151427772,160.1161475743127,161.6811932951677,14396547
2021-05-06,162.7245330810547,165.29281227381827,162.2028469981581,162.36337557609323,14872429
2021-05-07,164.81129455566406,165.69413830347932,162.88507845301322,162.88507845301322,20213092
2021-05-10,164.97178649902344,166.4966935809439,164.5303646891878,166.25592614167923,16922951
2021-05-11,163.72775268554688,165.73421983773244,163.5271110575907,163.64750112162676,14277000
2021-05-12,163.12583923339844,164.73101064915244,162.8048074938792,163.64752534873557,17174525
2021-05-14,170.34910583496094,171.11157206420668,163.72776622867988,164.53035824320477,64021335
2021-05-17,170.63003540039062,174.16142294797558,169.86758178370246,174.00090706647066,39465392
2021-05-18,168.5834197998047,172.235196956875,168.26238807909613,171.83390094691077,31653409
2021-05-19,166.7374725341797,169.6669220344679,166.57695666977665,168.58342405205067,25345241
2021-05-20,166.13552856445312,167.98148001233878,165.97501270613571,167.29927807587208,21688686
2021-05-21,167.7808380126953,168.42290144460154,166.45655992761417,166.6170757855907,23509878
2021-05-24,169.74717712402344,170.1885989398155,166.73747598826435,168.14200572858346,29977506
2021-05-25,169.26565551757812,171.27212324958174,168.74396932871971,170.95109146481946,26310600
2021-05-26,169.0248565673828,170.50965066395645,168.78408911460295,169.98796453297675,18253046
2021-05-27,169.4662628173828,171.8740261508636,168.7840735927248,169.34587274298522,49385674
2021-05-28,170.87081909179688,171.35236674620376,169.7873336898416,170.54978732219226,26583388
2021-05-31,173.8403778076172,174.88373731619018,172.0746778106193,172.5562381362359,75852502
2021-06-01,172.75689697265625,176.08764292281293,171.9543175470804,174.96401900884769,40247686
2021-06-02,167.74072265625,170.50965656336427,167.41969089599746,168.9446108344349,100377464
2021-06-03,167.7808380126953,169.1452291645745,167.49991936354024,169.1452291645745,48454441
2021-06-04,167.5400848388672,168.30253846654216,166.93814709501012,168.14202258272422,31286264
2021-06-07,169.70706176757812,170.46951536569043,168.70382799399522,168.86434387158948,32643869
2021-06-08,171.47274780273438,171.95430814992207,169.50641877891246,170.30899816062805,22080199
2021-06-09,170.54977416992188,172.3555872733083,169.7471820896448,171.75364957217948,25846432
2021-06-10,172.83839416503906,174.57256141221526,171.35196883485432,172.34291033105617,31902690
2021-06-11,171.6822967529297,173.78806396248285,171.55842578427072,173.6642060797069,22249404
2021-06-14,171.1868438720703,172.1364995879943,169.45267630119935,171.72360067789867,18358717
2021-06-15,170.98037719726562,172.09520287632043,170.93909123459946,171.3932760815779,15426377
2021-06-16,171.64100646972656,172.87968995335743,170.98036568214278,170.98036568214278,20878518
2021-06-17,169.82427978515625,171.76490339544088,169.28752296787053,170.897819591497,22304032
2021-06-18,168.91587829589844,170.4848886587691,167.22301005790936,170.1132757757673,24475206
2021-06-21,168.83331298828125,170.11328243500122,167.14043159814062,167.71848738151715,19809308
2021-06-22,169.3700714111328,170.31974010150813,168.75072966160442,170.19586913442586,18737552
2021-06-23,168.42041015625,169.98942054351446,168.1313822713824,169.8242505356909,13059519
2021-06-24,167.84237670898438,168.99848840221372,167.2643208623697,168.83333145830727,23299321
2021-06-25,169.3288116455078,169.7829965378155,168.255284907861,168.46172782767908,14411660
2021-06-28,168.1313934326172,170.03071778984867,167.92493745207358,170.03071778984867,15190488
2021-06-29,167.8836669921875,169.5352495596221,167.7597960096001,168.13140895736225,13839294
2021-06-30,167.38818359375,168.79202409072298,167.26431262045284,168.70945216578053,16556397
2021-07-01,167.63589477539062,168.29653553467574,166.93398114387048,167.5533228591563,10583793
2021-07-02,167.1404571533203,168.21398387835112,167.01658616853123,167.88366997617007,13187847
2021-07-05,168.17266845703125,168.5442813463114,167.388169805283,167.63589864558736,10642939
2021-07-06,167.2230224609375,168.29654905942985,167.01656648199614,167.84236422599525,11515716
2021-07-07,168.25527954101562,169.45267722671377,167.05788185531748,167.2230388030809,18568033
2021-07-08,166.81011962890625,168.87460085401062,166.64496270120384,168.04880312961572,21730892
2021-07-09,166.27334594726562,167.09914365252857,165.9017461400151,166.8101157642748,12289809
2021-07-12,166.06690979003906,167.2643073510503,165.94303882064426,166.81012252052477,13589278
2021-07-13,166.68624877929688,166.97527667445078,166.27334991680803,166.8101197466318,11247522
2021-07-14,168.54429626464844,169.41137999716778,166.56238685149458,166.68625782555216,21269167
2021-07-15,170.31973266601562,172.17775783348665,167.55332480822554,168.7920082532062,29963443
2021-07-16,171.6822967529297,173.12743624414577,171.10424095644325,171.51713982334542,30137464
2021-07-19,171.55841064453125,173.00355000821625,170.40229915358324,170.7739120267659,17099088
2021-07-20,170.77394104003906,172.83842245722062,170.4436271539022,171.9300527274022,24567907
2021-07-22,170.93910217285156,171.97134290674273,169.98944645546084,170.93910217285156,19016769
2021-07-23,175.39834594726562,176.38930052909453,170.52617112493957,170.93906995785844,46241640
2021-07-26,174.36614990234375,177.83448528084742,174.0771219541351,176.71965945607545,49084040
2021-07-27,172.30165100097656,175.89385700896335,171.7235951625852,175.06805921529457,25378089
2021-07-28,172.67327880859375,173.4164916525651,171.31071102307536,172.01263789957193,15304399
2021-07-29,170.1545867919922,173.58162255334943,169.82425984412157,172.67325288994226,16204679
2021-07-30,169.2462158203125,171.02168239528459,168.95720098537367,170.1958845969666,15515733
2021-08-02,171.1868438720703,171.35200081893169,169.65911921330496,170.4849170334962,10046707
2021-08-03,173.33389282226562,174.1596906212805,170.4849126616671,171.35199642486754,19179805
2021-08-04,172.26036071777344,174.32484206429626,171.84746183129215,174.15968512688048,11421835
2021-08-05,177.75186157226562,178.99055811751614,170.85649136994,172.26034483738076,48995450
2021-08-06,176.92608642578125,178.371212843722,175.56351884452837,177.87574205064658,24489836
2021-08-09,176.55447387695312,179.32088192050816,175.6461042115191,177.54542855100988,21142199
2021-08-10,173.29261779785156,177.09126697571014,172.21909106006888,176.7196540169287,18855165
2021-08-11,172.30165100097656,173.9119475385119,171.3106962657508,173.2926057362023,16012451
2021-08-12,172.50808715820312,176.88477832096206,172.05390234967044,173.62289965700793,28758718
2021-08-13,174.61387634277344,175.31580316679594,172.75583782880423,173.29260770938924,19576945
2021-08-16,174.15968322753906,176.10029357836532,173.8293693563098,174.57258210951738,11621038
2021-08-17,172.7558135986328,174.6551378105973,172.42549975808654,174.07708204670018,8161139
2021-08-18,172.5493927001953,174.65516005927662,172.0539218762597,173.08616257387186,11149120
2021-08-20,172.50808715820312,173.99451254719784,170.69133483818987,170.93907676498316,20168965
2021-08-23,170.36102294921875,173.58161569098183,170.1132810195808,173.003559912415,10319044
2021-08-24,169.90684509277344,170.93908572735606,169.03976138941806,170.93908572735606,12971124
2021-08-25,170.44363403320312,171.68231769915312,170.1133070478498,170.44363403320312,10994627
2021-08-26,168.95718383789062,170.81520906670883,168.75072786632234,170.44360925529827,15407558
2021-08-27,170.0307159423828,170.81521463662804,169.20491820094762,169.2875032094444,10879860
2021-08-30,171.764892578125,171.93004951811056,170.11329700650163,170.11329700650163,12550267
2021-08-31,174.49000549316406,174.73774745144618,171.14554139989215,171.80618226001639,26802390
2021-09-01,173.00357055664062,175.31579381316996,172.83841362201474,174.24225410927653,16867486
2021-09-02,173.21002197265625,174.65516157906515,172.59068016587642,172.59068016587642,14872714
2021-09-03,173.9119415283203,174.44871138424327,173.210014736548,173.210014736548,10622796
2021-09-06,172.83839416503906,174.4074044961816,172.6319512914675,174.24223449426603,11041632
2021-09-07,174.8616180419922,177.00867138938528,173.5403494105641,174.15969121900886,38933378
2021-09-08,174.44871520996094,175.89385478768938,173.16873257170377,175.2744999073173,17897021
2021-09-09,175.6048126220703,176.63705322441385,173.87064526952133,174.28354412763528,19784972
2021-09-13,176.843505859375,177.66930362112666,174.90289551373047,176.18287811868046,16661794
2021-09-14,178.4538116455078,179.40348042965957,176.8848010506699,177.46285689687943,20377545
2021-09-15,178.3712158203125,179.3621705088831,177.7931730950199,179.27959858493418,21028598
2021-09-16,190.55166625976562,192.94647458378458,178.6189629463781,179.1557328111534,154986538
2021-09-17,190.8819580078125,195.9605754611247,189.1890767994542,192.40966922218544,82563658
2021-09-20,193.02903747558594,197.65348388272415,190.13875847112453,190.7581133191399,73101936
2021-09-21,199.42897033691406,200.21346916005743,191.33620086751165,194.02002433932057,58854434
2021-09-22,201.0805206298828,202.9798449727437,198.76829741494203,201.0805206298828,54648494
2021-09-23,200.2547149658203,202.81468001994125,199.59408726532632,202.31919615868807,22630330
2021-09-24,196.9102783203125,201.49342584719582,196.29092344974697,201.49342584719582,25779310
2021-09-27,197.11671447753906,199.71796558728775,194.47417740645938,198.0250841421196,23772123
2021-09-28,196.33221435546875,199.5115081583867,195.13480371262722,198.06636866347716,16319138
2021-09-29,196.6212615966797,199.34637083868662,194.63935206987068,194.8870940321929,16045073
2021-09-30,195.01095581054688,198.52056365310565,194.26774304453772,198.107677849899,16987893
2021-10-01,194.3502960205078,195.71285044435342,192.32710082135728,194.2264250572705,16570661
2021-10-04,195.382568359375,196.82770802224928,194.39161357827768,194.88709751176862,11098123
2021-10-05,193.81353759765625,196.08447485673025,193.6483806655954,195.21739114899836,9578825
2021-10-06,190.96456909179688,195.21740287697983,190.42779921593942,193.89613425523254,18179336
2021-10-07,192.36839294433594,194.01997519434534,191.83162315158305,192.40967890196862,10770973
2021-10-08,191.33619689941406,193.89614932797608,190.9232979694176,193.85486336074192,10114327
2021-10-11,196.5799560546875,197.77735368989988,191.33618065516725,191.5839095234252,22000303
2021-10-12,199.26377868652344,200.66763230822826,196.53866954210892,197.03414036312506,30347455
2021-10-13,205.7875518798828,207.19139242987686,198.31412501027268,200.29603448611417,52091422
2021-10-14,211.85711669921875,216.2338212891441,206.73719935684227,209.13200763552572,88696178
2021-10-18,216.81187438964844,219.08279858093954,212.5177548641904,215.53189179862073,62614961
2021-10-19,203.1037139892578,216.81187004361917,202.36050126101642,215.8622013383822,61336411
2021-10-20,203.64047241210938,205.2094828894464,200.13085163320585,203.10371565645755,49663940
2021-10-21,202.0714874267578,205.08562451056295,200.7502188083771,204.7965965913583,23385990
2021-10-22,195.382568359375,202.97986653798012,192.98777296711734,202.07149677442615,36905793
2021-10-25,192.74002075195312,195.42384393408074,190.3452254870321,193.31807658636632,23194065
2021-10-26,195.46514892578125,197.36447342718108,192.07939882952667,193.31808246327756,19663381
2021-10-27,196.9102783203125,199.26377448492713,195.0522398803831,198.39670383790258,26909428
2021-10-28,185.8859405517578,194.84579249987343,185.1014287623776,194.1438657199639,48064941
2021-10-29,184.3169403076172,188.48718908539595,183.57372752458846,185.80336587367466,27668175
2021-11-01,187.33106994628906,187.90912576406427,183.7388771523005,185.10143168596338,24090945
2021-11-02,186.29884338378906,189.3129936740087,185.39047362593146,188.28075293355516,14896284
2021-11-03,183.6975860595703,187.33106471452933,183.07823121076308,186.62915102901968,18530527
2021-11-04,187.0833282470703,187.70266998478877,184.97754801859196,185.67947476141808,7295341
2021-11-08,189.7671661376953,190.51037889876287,186.38141620708012,189.68458112607286,21051238
2021-11-09,188.90008544921875,190.67553891184622,188.1568726761627,189.80845516230016,11964518
2021-11-10,190.63424682617188,192.2858292592695,187.6200967813266,187.82655276414093,13948380
2021-11-11,189.9322967529297,191.1709932402976,188.73489930859134,190.26261058187507,8448263
2021-11-12,192.3271026611328,193.19418632620602,189.2303808941068,190.92326226473995,12312123
2021-11-15,196.6212615966797,197.36447439776197,192.49228559680833,193.19421243279837,40247848
2021-11-16,194.4329071044922,197.90122911094127,194.06129416493468,197.40575827741546,15241184
2021-11-17,197.77734375,202.5256611743633,194.59804989908972,194.8870778024346,48496295
2021-11-18,196.12576293945312,200.66762442083996,195.1348082504872,198.19024424136683,21005037
2021-11-22,190.67555236816406,198.80960748228028,189.56073967284755,196.4560980205307,23443628
2021-11-23,191.2535858154297,192.1619554861002,189.2303904942833,189.2303904942833,13950744
2021-11-24,188.0330047607422,192.16196758624494,187.41366295409358,191.95552467932345,14684422
2021-11-25,191.00582885742188,191.74904153734775,186.42268181689852,187.4549223771224,24825493
2021-11-26,184.97756958007812,189.97361619555616,184.23435679100857,189.02396049847778,28067913
2021-11-29,182.91307067871094,184.68852400994444,181.83954410505143,183.32596954115934,22985358
2021-11-30,182.62403869628906,185.9685023956211,181.6743831112065,183.32596543815328,24408641
2021-12-01,183.243408203125,184.39950676451306,182.16986848158206,183.32598012885376,13496307
2021-12-02,186.1749725341797,186.7530152696033,182.74792356903453,183.2434074649456,16517389
2021-12-03,183.0369415283203,186.79430416253655,182.7892126797169,185.80334951047428,14325920
2021-12-06,179.9402313232422,183.49113821297854,179.60991744649547,183.03695336098087,13644352
2021-12-07,182.21116638183594,183.28469301072872,180.105386000771,180.76602683185516,9246755
2021-12-08,185.76206970214844,186.3401255111721,182.5001908288768,182.5001908288768,10241656
2021-12-09,194.3916015625,195.2586853066282,184.15177974372253,184.15177974372253,39714672
2021-12-10,194.96963500976562,197.32314402053976,193.02902484201687,195.0522200127236,36517117
2021-12-13,193.73095703125,197.15799266185263,193.35934413628019,196.53865092278556,22903720
2021-12-14,188.7762451171875,195.7954881800756,187.90916122688586,194.0613203994723,38953007
2021-12-15,185.0188446044922,191.74904479658304,184.4820747931345,189.9323055671915,35987634
2021-12-16,184.06918334960938,186.75300634259816,182.33501596858292,186.6291484604245,25131188
2021-12-17,179.98153686523438,184.02792809615167,178.990595127197,183.98664212853808,30827201
2021-12-20,175.39834594726562,178.5776525662708,173.2512929534986,178.5776525662708,38778895
2021-12-21,175.48094177246094,177.91702279094872,174.28354424325403,176.7196252617418,20142586
2021-12-22,175.06805419921875,176.8847935901758,174.32484144056508,176.71963665335096,17903428
2021-12-23,179.44476318359375,180.39441886487054,176.05901318175017,176.6370690176174,23065082
2021-12-24,180.0228271484375,182.04600957944623,178.74284444180725,180.0228271484375,17220191
2021-12-27,179.6511993408203,180.39441208960974,178.08220191886676,180.35312612742237,8467106
2021-12-28,181.71566772460938,182.16985253400807,180.02279945064748,180.02279945064748,12014352
2021-12-29,178.99057006835938,181.9221350762065,178.61895715420764,181.67439313343868,11923119
2021-12-30,178.3712158203125,179.94022632005905,177.95833002880113,178.86669970753948,10116360
2021-12-31,180.06410217285156,180.68344396279042,178.49509163057397,179.1144465063965,7875890
2022-01-03,180.9311981201172,181.55053995184156,179.23831648846036,180.06411432134925,8064567
2022-01-04,181.880859375,183.0782571089388,180.8899176484965,181.26151752446404,9398805
2022-01-05,182.1285858154297,182.9130845534713,180.55957525346258,181.38537304099978,11663111
2022-01-06,180.60086059570312,182.00470102490692,180.18796173327277,180.84858944445506,9295303
2022-01-07,180.3531036376953,182.21114182091634,179.60989098158325,181.50921512184334,9196075
2022-01-10,184.39950561523438,185.55561725530058,180.76602684460758,181.5918115261666,16451394
2022-01-11,183.28468322753906,185.18400752243588,182.6653414780012,184.44079480581388,8329596
2022-01-12,183.94532775878906,184.6885405433759,182.9956720674386,183.73888485202542,13665682
2022-01-13,184.936279296875,186.46400388964653,183.94532457262912,184.89499333341422,11944029
2022-01-14,183.82147216796875,185.63821164506604,183.57373020804303,184.936284815866,10976796
2022-01-17,185.47303771972656,186.29882236740187,182.7892147144866,183.82145533849297,12792728
2022-01-18,182.29373168945312,187.70267677193377,181.92213186773841,185.47303858399627,14948456
2022-01-19,181.9634246826172,183.65629309641528,180.60087014186993,182.293738555668,11915686
2022-01-20,180.6421661376953,183.44986038633832,180.02282431985486,182.12859173486606,17997322
2022-01-21,179.23829650878906,182.08728955455956,178.37121280667483,180.43570715876808,17225050
2022-01-24,174.9028778076172,179.81633866074495,174.15966513163247,179.23828290321438,18023332
2022-01-25,176.96739196777344,177.2977058663716,173.0448718927957,175.0680674220073,19028606
2022-01-27,177.2151336669922,177.9583464806577,174.32485434391262,174.448725327171,24041247
2022-01-28,179.69248962402344,181.05505726780552,177.628008262644,177.628008262644,15865353
2022-01-31,181.8395538330078,182.29373868023393,179.27960168628942,180.43571332864082,15618203
2022-02-01,188.07427978515625,188.94136349838192,180.97246623212703,182.50019076366507,44871108
2022-02-02,191.70777893066406,192.65744768984197,189.10652769112727,189.93232547424861,42714702
2022-02-03,193.6071014404297,194.22644322867814,191.41874911418606,191.7077770268198,28918394
2022-02-04,193.4832305908203,196.95156554467005,191.21230633714515,195.9193248682934,58889867
2022-02-07,190.0974884033203,193.8548514232611,188.69364783084217,193.23550960934767,25101983
2022-02-08,190.96456909179688,191.83165285162016,189.14782964410088,190.18007034590707,16825239
2022-02-09,190.0561981201172,192.40970742821847,188.90008644794338,191.83165159213155,12351873
2022-02-10,191.7903594970703,192.74001514834865,188.07428264505762,188.85879444660074,20317032
2022-02-11,191.9555206298828,192.6574474360228,189.7671682847898,191.58390770220268,18793513
2022-02-14,185.5728759765625,191.111736802837,184.76953465984377,191.111736802837,23621214
2022-02-15,188.57485961914062,188.9976757896236,184.8118184821637,186.88360833739787,13371177
2022-02-16,188.3634490966797,190.012422818749,187.60238533266227,189.2513590547316,11664158
2022-02-17,188.27890014648438,189.7164591261206,186.7567725679566,188.61714774167055,14564261
2022-02-18,187.64468383789062,188.95539662824243,187.30642284020269,188.27890143324666,9004891
2022-02-21,184.34674072265625,187.13730356982524,183.62795451043746,186.29168455561813,16750193
2022-02-22,181.68299865722656,183.41654097199213,180.1185935343026,181.809844851013,26741024
2022-02-23,182.61318969726562,183.92391585782633,181.8521259202087,183.33197587564987,11438476
2022-02-24,176.31326293945312,180.37227417692046,175.04482779032756,177.58171148876832,42933709
2022-02-25,180.9219512939453,183.07829658320324,178.04681977487115,178.850161208083,24543858
2022-02-28,182.5286102294922,183.03598154666952,178.25818472587824,180.28769679496344,20806226
2022-03-02,182.0635223388672,183.16283359473508,179.65348505472593,181.30244523843356,20039140
2022-03-03,185.53060913085938,186.20710429988497,182.65546446193196,182.6977554601382,29631546
2022-03-04,190.68893432617188,192.29561707486894,183.5010993550658,184.09303933622465,69409780
2022-03-07,190.2238311767578,191.9573600361073,186.12254250933188,187.729225178936,47001716
2022-03-08,191.87281799316406,193.18353077658892,189.20908802651806,189.33593422495693,37424203
2022-03-09,193.86004638671875,195.67814402972152,191.19631632363493,192.5493201556503,43923809
2022-03-10,196.18548583984375,196.60830198608687,192.67613728638398,195.33986694754597,37523806
2022-03-11,199.86398315429688,200.49820071032096,194.62109211746537,196.10094201498103,43305144
2022-03-14,202.1049041748047,202.48542936223052,198.9760804773279,199.77942185093005,36465969
2022-03-15,201.13241577148438,204.13439312629677,199.48344210616224,202.10489429215593,34269168
2022-03-16,205.14915466308594,205.48740224434704,202.18945482657767,202.9505185845099,22462538
2022-03-17,207.09408569335938,207.51690184417842,205.23369730979334,207.39005565891384,35541798
2022-03-21,206.75582885742188,209.50412719248055,206.16390231469245,207.93970874325845,29052540
2022-03-22,211.1953887939453,212.04102115395426,205.95249764230678,206.79813000231573,38368305
2022-03-23,213.0980682373047,214.53562725903979,210.13836819227603,212.6329610300656,42051087
2022-03-24,215.5081024169922,216.90338381575697,212.63295761926094,213.0557738189385,39712133
2022-03-25,214.23963928222656,216.26915154290435,210.77256812040878,215.8886129689563,30412482
2022-03-28,217.36846923828125,218.17181060657586,213.56315038821506,214.7893079398925,25876007
2022-03-29,215.29669189453125,217.74900714111695,214.57790568081774,217.36848193398006,18820674
2022-03-30,210.73028564453125,216.81879548522477,210.26519188726655,215.71948418625266,18281803
2022-03-31,211.95643615722656,215.0852595669318,210.98397107863372,211.06852626797823,26644916
2022-04-01,214.19735717773438,215.93088602206925,210.39203851927707,211.40678122807304,14856664
2022-04-04,216.01547241210938,218.08726239692692,212.33699963922888,214.0282510267536,16520039
2022-04-05,219.39797973632812,221.4274921635913,215.7195068871753,216.52284829786387,28230046
2022-04-06,219.5248260498047,222.69592749385112,217.57988222276668,217.749006025093,20352716
2022-04-07,217.0302276611328,221.7234566061997,216.31144146949805,218.171816647668,16679649
2022-04-08,226.45895385742188,227.34685035788857,216.4805435739475,218.1717947846387,39283623
2022-04-11,226.2052764892578,230.98306047134218,224.93684134715514,227.26231024107324,47924937
2022-04-12,223.9220733642578,227.17775663896487,222.48451441980117,225.69789329581278,24460888
2022-04-13,227.9387969970703,228.8266935236568,222.9495984086572,224.34487969350914,22239115
2022-04-18,228.40386962890625,230.43338167383862,225.99384585085426,226.62804993963738,25339139
2022-04-19,221.1737823486328,230.43340694371716,218.8483135006603,230.01057737111762,24280577
2022-04-20,219.48252868652344,224.47172730657584,217.79127741535453,222.31538227084016,25454589
2022-04-21,220.20130920410156,223.62608925563882,219.52480067281016,219.60936926429238,24313956
2022-04-22,220.79324340820312,222.39992600292823,218.63688508340613,219.8630425268184,16274820
2022-04-25,215.84634399414062,219.01744530295736,213.52086166089452,218.84832150784322,25140992
2022-04-26,218.9751739501953,220.45501054970163,216.69196915055497,216.98793915049427,21327644
2022-04-27,217.74899291992188,218.59462528084956,216.26915638858276,216.64968157086753,17219401
2022-04-28,220.79324340820312,222.99186592736012,218.29863752664173,219.4402397809571,28999835
2022-04-29,219.48252868652344,222.3999374642946,218.5946187541172,222.3999374642946,21206335
2022-05-02,222.52679443359375,223.66839680203938,217.3684717765805,218.17181315425606,19696250
2022-05-04,219.65164184570312,224.9790877821812,218.6791767668955,223.24555899816244,26951488
2022-05-05,221.59658813476562,224.26031783593035,220.20130689137923,221.55431053956295,18623544
2022-05-06,225.4864959716797,226.0784359595429,218.93287850610548,219.01744710445303,35818441
2022-05-09,222.35768127441406,225.06370232906355,220.328182233665,225.06370232906355,22228031
2022-05-10,219.65164184570312,225.61331870334757,219.10197951408844,221.55430780882526,18727774
2022-05-11,216.18458557128906,221.72344665802197,212.8866381578203,219.01743921108294,18012072
2022-05-12,213.859130859375,216.81881748775157,210.6880294288492,215.6349374763248,20816708
2022-05-13,218.67919921875,220.58185197702954,215.2121278945588,215.59265308613874,12380764
2022-05-16,214.87387084960938,219.82079223236587,213.94368325289074,219.82079223236587,8502159
2022-05-17,223.83753967285156,224.5140349116633,215.46582399131557,215.6349478010185,18483427
2022-05-18,225.61329650878906,226.4589287203634,222.52675099671123,224.93680145967934,20978307
2022-05-19,233.09713745117188,236.14139263612938,222.06170570560587,222.06170570560587,81302807
2022-05-20,236.77561950683594,238.76284086237442,234.23872236332872,234.23872236332872,33617466
2022-05-23,232.1246337890625,237.1561366212256,230.89848972773143,236.77559806410468,22535903
2022-05-24,229.0381317138672,232.54748057765482,228.31934554171124,232.54748057765482,16146766
2022-05-25,230.60252380371094,231.61729336612385,228.74214867312637,230.81395199613317,15877459
2022-05-26,231.02760314941406,232.3702598390907,228.5587906217925,232.3702598390907,19129574
2022-05-27,233.1932373046875,234.49259943543856,229.59830978603864,233.0199762088019,13986762
2022-05-30,233.06326293945312,234.75244168895867,231.80719568312466,234.31930274195977,12274291
2022-05-31,234.4492950439453,237.78433117120127,230.76776415251723,233.06331598725694,24102167
2022-06-01,235.48876953125,237.43779883961406,234.0594411061749,234.4492579493772,15265925
2022-06-02,236.9180908203125,237.74101925731935,232.02378742818715,234.49260019303378,14789457
2022-06-03,236.2250518798828,238.82380336148802,235.27218457277462,238.2174307611625,12968807
2022-06-06,238.04420471191406,238.9104553332616,233.6263622330174,235.96523616527304,11345943
2022-06-07,237.26458740234375,238.21745480562956,235.83528629741505,236.65821474081403,11245578
2022-06-08,232.0670928955078,237.69768004503814,230.59446976989744,237.30786319640762,14915091
2022-06-09,234.6225128173828,235.35882435043484,230.20465734598216,231.9804667064658,10239939
2022-06-10,234.0161590576172,234.75247064991302,232.80341378252115,233.06329169201675,8693455
2022-06-13,229.25180053710938,233.10657827485122,227.82248581145916,230.7677320783068,11519902
2022-06-14,229.9447784423828,231.67726566251366,227.86579652360808,227.99572174041595,7708043
2022-06-15,228.16900634765625,231.54735059820896,227.86582002334745,230.42124957493758,5254329
2022-06-16,225.8301239013672,232.06709751522965,224.7906397381504,231.28746380244854,14843837
2022-06-17,228.08236694335938,228.81867852050323,223.96769751994353,224.35751437616523,17296080
2022-06-20,228.77537536621094,230.55118487381716,226.39319321960866,228.08237218153863,17738981
2022-06-21,233.79959106445312,234.62251943229427,228.775362862641,229.5549828234673,14417711
2022-06-22,229.8148651123047,234.14610423573018,229.4683703750428,231.28747460912422,11756920
2022-06-23,229.98809814453125,231.5040434111091,227.30274350777486,229.98809814453125,9416459
2022-06-24,230.29129028320312,232.45691662820855,229.7282397877229,230.5078597811599,7283228
2022-06-27,233.8428955078125,234.44926813898448,230.854354487688,231.28746602974303,8487729
2022-06-28,235.48876953125,235.83526424059968,232.63014013492352,232.93334016424433,11673046
2022-06-29,237.39451599121094,238.21744439865878,233.1499075459365,233.23652436413494,16635367
2022-06-30,236.9180908203125,237.9575750375065,235.61870123153741,237.30788024311894,20003893
2022-07-01,246.31683349609375,246.87988397013544,234.9256928900489,236.91807179697528,36520000
2022-07-04,252.85696411132812,254.0697093195712,246.70662125633066,247.44293280803709,41417701
2022-07-05,248.52574157714844,253.8098339861887,247.52957957404138,253.8098339861887,19283789
2022-07-06,250.60475158691406,251.21112423171138,247.13977681114042,247.83276627553005,18997440
2022-07-07,252.90029907226562,253.93978325184372,249.9117580338816,252.07737066503816,14326277
2022-07-08,253.85317993164062,255.06592526587883,251.55762822424876,253.72324097055605,11538313
2022-07-11,255.54232788085938,257.2315067156149,252.9868985622097,253.80982691307102,12828405
2022-07-12,253.54998779296875,255.84551186970012,251.99072038007094,253.80983824129393,14616684
2022-07-13,254.71942138671875,255.36908871501802,253.54999823271964,253.809848691744,9634877
2022-07-14,251.9474639892578,256.711801406658,250.47484062248733,254.93600541052055,13930984
2022-07-15,254.28623962402344,254.67605642775305,250.77797075191998,252.94358305643422,11450042
2022-07-18,255.8021697998047,256.66842016188434,254.45948585665408,255.54229194579884,11751684
2022-07-19,255.19586181640625,256.06211239751195,253.55000492998383,255.54235655808327,9542292
2022-07-20,258.3143310546875,259.4404595080295,254.3296005126602,255.4557289660022,16397373
2022-07-21,259.4837341308594,261.7792855423284,258.1410500086239,259.00730048624257,16660697
2022-07-22,260.3500061035156,262.0391850654961,258.22771559387877,259.87357241956346,10351425
2022-07-25,260.8264465332031,262.4290087178643,258.8340949271002,259.007328569113,11050533
2022-07-26,261.9958801269531,263.12200866013575,260.26340636878035,260.73984008400623,10114261
2022-07-27,263.4684753417969,264.2047869057587,260.3933175900261,262.3423469285922,9706094
2022-07-28,262.8620910644531,264.3780362596386,261.9525459104002,264.11815837167404,11256515
2022-07-29,262.51556396484375,264.98437614197746,261.04294108401444,264.204742574308,17584873
2022-08-01,266.37042236328125,267.49655087330046,262.55895271987237,263.33855903155757,16501510
2022-08-02,268.4927062988281,274.29655489626225,266.9767883975371,268.5360284360003,40483892
2022-08-03,266.9334411621094,269.31563685990477,263.03535515937955,269.31563685990477,18376724
2022-08-04,268.1028747558594,268.83918624914406,266.0672013436458,266.803485383109,16514348
2022-08-05,269.2723083496094,270.0952366822354,267.7563906267532,268.10288532186826,10477269
2022-08-08,271.2646484375,271.95766525275417,268.57930779849283,269.35891396664925,8627072
2022-08-10,269.5754699707031,272.08760445251033,269.1856806131592,271.2646486994651,9267241
2022-08-11,265.2875671386719,271.52452629892053,264.46463884028094,271.13470948794964,11305242
2022-08-12,267.2799377441406,268.0162492890572,263.7716685531711,265.2875863225842,6669853
2022-08-16,269.0124816894531,269.83541017877906,267.2799804301571,267.2799804301571,8941455
2022-08-17,270.74493408203125,271.351306667958,269.40224996649187,270.00862255241856,8283028
2022-08-18,273.4302978515625,273.7334978969329,270.7882515308216,271.1347462585126,10264507
2022-08-19,270.2685241699219,273.8634378686201,269.57550725814093,273.8634378686201,10823811
2022-08-22,272.34747314453125,274.59972990319716,269.40225443109455,269.57548805633144,11793184
2022-08-23,273.64691162109375,273.7335284492278,270.35517015988944,271.0914818335994,9698555
2022-08-24,272.087646484375,276.7220444448988,271.1780737840124,273.51694755969055,11783894
2022-08-25,270.57171630859375,274.08001344194196,269.9220489400131,273.25708496944344,8057930
2022-08-26,271.048095703125,273.21370807201237,270.26848952631286,272.6506576413246,7224507
2022-08-29,271.6112060546875,272.82392386871066,267.5398312532971,268.53602074913493,11798961
2022-08-30,277.631591796875,278.4111980150374,272.21753313367316,272.21753313367316,18516092
2022-09-01,275.1194763183594,278.8443289516939,273.7334974100605,276.7653605892457,13765474
2022-09-02,279.9270935058594,280.87998818043116,275.5092520774858,276.072302493251,26750910
2022-09-05,284.86474609375,285.51444089512205,280.4469038058992,281.5297101723017,18144801
2022-09-06,283.3921203613281,285.8609054380738,282.7424256285932,285.8609054380738,12431779
2022-09-07,282.4825439453125,284.38827853066687,281.7462324093668,282.39592713338453,8397233
2022-09-08,285.7742919921875,286.3806645986103,283.695296276763,284.9946583037194,11331350
2022-09-09,286.2940673828125,288.71953052071547,285.86092837496057,286.3806842028526,9770432
2022-09-12,286.6405334472656,287.939895433209,285.8608997834058,287.593400733879,9048240
2022-09-13,289.6723937988281,290.192122116274,286.3806530038317,287.33352028194224,10925371
2022-09-14,290.495361328125,293.65713615307226,286.68386424760797,286.7271863856663,12739464
2022-09-15,289.41253662109375,291.9679660742454,288.37302500417803,291.4048881304745,8742900
2022-09-16,286.9870300292969,289.84563190789004,285.6010237690612,287.8965751892772,12973988
2022-09-19,290.7118835449219,291.8380119199778,285.0812965772886,285.0812965772886,14918717
2022-09-20,291.0583801269531,294.17685992773875,290.19212963699636,293.4405483839667,9892945
2022-09-21,295.3462829589844,299.0278406774634,290.6252685787823,291.0583800968041,21800547
2022-09-22,298.8979187011719,302.103015496443,295.30300504525525,295.3896218630126,25111230
2022-09-23,300.0673522949219,302.7960429607854,297.38201122018637,301.02021968496126,23718397
2022-09-26,288.1131591796875,299.6775056701896,287.37684764160423,298.7246383747461,16829922
2022-09-27,290.0622253417969,294.13360038557994,289.32591371006464,290.1921643035041,10375837
2022-09-28,281.48638916015625,288.7195108518306,280.92331123369075,287.5500877725656,16151900
2022-09-29,288.5029602050781,290.10552229110306,283.91185716692775,284.9946634512529,18985406
2022-09-30,287.76666259765625,290.84184796846716,285.990866794132,288.5029742011768,12906555
2022-10-03,281.00994873046875,288.4596816403595,280.01378665998766,288.3730373660192,9462192
2022-10-04,288.3297424316406,289.3259045012544,284.12845601369764,284.7348286644227,9142294
2022-10-06,291.6214294433594,293.9169808784888,288.0698381384864,290.1921284947771,23091432
2022-10-07,289.41253662109375,291.7947049868179,286.98704612005656,291.75138285150484,10910698
2022-10-10,283.9985046386719,287.1169845763849,282.4392646698154,285.8609171927222,9750594
2022-10-11,282.65582275390625,286.2507363933913,281.6163111302697,284.9946689994388,11018577
2022-10-12,285.947509765625,287.11696023348526,281.3131123872161,284.0850973694773,10735673
2022-10-13,284.6914978027344,286.98704937771447,284.1284473063968,285.8176262492345,7546587
2022-10-14,287.6800537109375,289.239293780854,286.5972473442226,287.8533148092955,6672357
2022-10-17,287.8099670410156,289.975579581592,285.51441555169873,286.8137775852798,7195922
2022-10-18,294.78326416015625,295.3896368228169,288.93612076964956,289.2826155120519,21691854
2022-10-19,300.0240478515625,300.9769152106048,294.3501383793767,297.2087404565035,16923690
2022-10-20,302.92596435546875,304.00877064080834,298.6813560298667,300.5870906994525,19186222
2022-10-21,299.37432861328125,305.95778277052545,298.4214613321205,305.95778277052545,28426343
2022-10-24,301.1934509277344,302.9259518945407,300.5870783347345,302.2762571685325,3292671
2022-10-25,299.9806823730469,302.7526672317036,297.6851311250739,302.70934510207013,17906260
2022-10-27,299.547607421875,301.75651467995766,297.8584285136695,300.2838915386863,19273344
2022-10-28,299.547607421875,301.9730704468918,298.9412348021647,301.0635252442386,13572499
2022-10-31,302.0596923828125,303.61893222480444,298.6380126844795,301.4533198079366,14358449
2022-11-01,302.75274658203125,303.6189972249939,300.76039481166265,302.53619078474765,20422565
2022-11-02,307.2138671875,308.5998460541116,301.886452579585,301.886452579585,17427813
2022-11-03,306.3908996582031,310.548863180627,305.78452711807665,306.650777525946,11149636
2022-11-04,306.3042907714844,308.3832864996873,305.351423448938,306.65081293770487,8709851
2022-11-07,306.2176513671875,308.6864637598963,303.18578854009854,307.51701330627645,10437370
2022-11-09,312.4546203613281,313.10431507800183,305.9577830098824,306.2176608965519,21404869
2022-11-10,308.3832702636719,311.7616278489511,306.737413602985,310.98202165056034,20071989
2022-11-11,308.68646240234375,312.6711924641619,307.21383939940233,311.84823670099684,11372654
2022-11-14,300.7603759765625,309.20624371849846,300.24062013256895,308.68651532833144,18319254
2022-11-15,299.0711669921875,302.2762636503011,293.7870471662669,302.2762636503011,16046491
2022-11-16,298.074951171875,300.45711925119986,295.95263351171354,299.46092988936533,7897812
2022-11-17,297.7284851074219,300.97690392429695,296.7756177841111,298.0749798200963,10379179
2022-11-18,295.4329528808594,298.63804977249026,294.3501465379512,297.72850452413076,8140173
2022-11-21,292.0978698730469,294.5233603101499,289.6724068897678,293.7437540718376,9553090
2022-11-22,294.73992919921875,295.38962397159895,290.7985207903128,291.9246492444967,6746019
2022-11-23,294.3501281738281,296.2558628258381,292.3577492530366,296.2558628258381,8067471
2022-11-24,295.1730651855469,296.68898303385885,292.4010799413972,294.3501367848161,8454385
2022-11-25,294.78326416015625,296.1692705835918,292.6176514297721,295.3896368228169,7200274
2022-11-28,294.5666809082031,296.03930401645385,293.44055251004244,294.52335877425793,10284123
2022-11-29,296.5157470703125,298.85459330098814,294.5233681068818,294.5233681068818,10582296
2022-11-30,294.52337646484375,298.11829018350926,293.6571259106752,295.6061827940981,23425220
2022-12-01,294.1335754394531,295.99598797625737,291.7513796460771,295.99598797625737,17270904
2022-12-02,292.0545654296875,295.2163673190606,291.70807072937333,293.9603000083267,8711914
2022-12-05,291.7080993652344,293.5272173108267,289.4558424113626,292.4877056540164,10090597
2022-12-06,292.18450927734375,292.9641155026778,289.4125241744894,289.4125241744894,6571118
2022-12-07,294.6100769042969,295.8227949667427,291.62150780458137,293.2240702626248,10191144
2022-12-08,293.13739013671875,296.3858090424283,292.35775642151253,294.69663011330636,6439244
2022-12-09,295.7361145019531,296.6889818520379,292.79089563455244,294.306813476826,8445424
2022-12-12,297.2953796386719,297.9883965959648,294.6100384492851,295.3896447772274,11646572
2022-12-13,299.37432861328125,299.72082331062853,296.60234358068004,298.4214613321205,11105261
2022-12-14,299.2010498046875,300.8902285127808,297.77174896765797,299.72080554681503,7664099
2022-12-15,293.52716064453125,299.80741424081833,292.7908491810463,298.63799130649306,8469001
2022-12-16,290.2787780761719,293.5704915499703,286.98703714854963,292.3577463373634,12907968
2022-12-19,294.9565124511719,296.5590471334717,290.4953482239795,291.7513881789219,8113695
2022-12-20,294.6532897949219,295.3462791964579,291.70807111148224,294.56667298318564,5693354
2022-12-21,290.32208251953125,295.60617507194974,289.75903202825174,295.38961930252106,7316532
2022-12-22,287.9832458496094,292.27114906049883,285.7743110388826,290.75523117031867,6838031
2022-12-23,283.0022888183594,287.5067746723703,281.83286581401717,286.64052422500407,10461859
2022-12-26,289.84564208984375,290.27878107243066,281.9628255803559,282.8290486378816,9934633
2022-12-27,288.589599609375,291.40487942886415,285.9908480985113,290.7118900074967,6986433
2022-12-28,289.6723937988281,290.192122116274,287.16025920691186,288.32970969226614,8035558
2022-12-29,290.495361328125,290.84185607111266,287.20362008900264,289.6291107437426,8417520
2022-12-30,287.2035827636719,291.7080687447557,286.2940376132632,290.5386182536009,7228324
2023-01-02,288.3297424316406,289.3259045012544,285.55775709315833,286.640563437037,6181118
2023-01-03,286.81378173828125,288.7628385437867,286.0774701693648,287.16027645533177,6228015
2023-01-04,283.26220703125,288.026543989418,282.39595646053965,287.46349347267795,6947412
2023-01-05,288.8494567871094,289.23927364090184,284.30167585433736,284.69149270812983,8486143
2023-01-06,290.2354736328125,292.4010862939212,288.5462946589947,289.93227358426805,8603181
2023-01-09,292.8341979980469,295.64950544049344,291.18834115996606,291.88133062296583,11027747
2023-01-10,288.80615234375,293.13737736262027,288.06984079608327,292.7042383884391,7217255
2023-01-11,287.420166015625,290.2787955914432,286.987054465199,290.2787955914432,4760847
2023-01-12,285.7309875488281,288.979406544252,284.21506966582723,288.806172905305,6894087
2023-01-13,284.7781066894531,287.8099697657277,282.7424330783454,285.7309740200217,14967746
2023-01-16,286.0341796875,287.7666532981862,283.7386281312442,286.1641186400296,8571826
2023-01-17,287.8099670410156,288.8927733113038,285.081304025113,286.03417134666074,14240647
2023-01-18,289.88897705078125,291.5348338774922,287.93992017746154,289.3258990938865,13039078
2023-01-19,287.7233581542969,290.7552212854076,287.2902191619527,289.32589280987884,8667564
2023-01-20,289.84564208984375,290.36539788741845,285.2112444075496,287.5934127233935,13608325
2023-01-23,292.57427978515625,292.9208019227497,288.50293293356077,291.058362111927,7399204
2023-01-24,293.6138000488281,295.1730398992243,292.44437702448664,292.6176106446293,12776694
2023-01-25,293.87371826171875,295.3896361882003,290.4087159374873,293.57051820412664,12978859
2023-01-27,299.7208557128906,302.1896684473952,295.8227419021258,296.08261981668693,21850457
2023-01-30,298.6813659667969,304.7017702117329,296.12593645946015,300.5004838811472,14634225
2023-01-31,305.22149658203125,307.5170481646217,295.4329450713419,299.72084819253394,17794183
2023-02-01,313.0610656738281,316.7859188558366,285.0813583932291,305.78462042578263,67003785
2023-02-02,327.96044921875,333.24454171665127,312.1947885411591,313.234272695987,57892084
2023-02-03,329.7362976074219,331.12227670188105,322.2432691982441,330.8191040701539,23153980
2023-02-06,332.118408203125,336.2763996663762,328.8266672492031,331.3388019624054,26783409
2023-02-07,323.3260192871094,332.5515199558387,319.16805527486946,332.5515199558387,21438758
2023-02-08,325.31842041015625,326.8343383156102,321.85341813398855,324.6254034826272,10821785
2023-02-09,324.1922912597656,329.1732114311663,322.3731733046583,323.975735481406,12318006
2023-02-10,321.68017578125,326.5311294196324,320.7706030995485,322.41648737230474,10674456
2023-02-13,324.14898681640625,324.9719152913883,320.51075070759646,323.10950255124374,10282470
2023-02-14,334.7604675292969,335.79997916275533,323.7591432827541,324.84197705221504,30246745
2023-02-15,336.50469970703125,337.07697754732436,333.2910815729985,336.108494477409,12679568
2023-02-16,336.81280517578125,339.19000839885047,335.4481170202914,336.328563691937,10151755
2023-02-17,337.56121826171875,338.5737334337114,333.90739070614893,335.4921837170436,7967611
2023-02-20,338.1335144042969,341.17106008470176,335.7123066043306,338.7058201779204,8105569
2023-02-21,336.5486755371094,339.7622934002373,336.0644340429728,338.9699109115317,8577674
2023-02-22,337.9574279785156,338.881878953922,334.5677371970361,336.3286028415583,9306194
2023-02-23,341.259033203125,346.8938582598609,337.2970372431976,338.4856527734187,19555814
2023-02-24,339.0579528808594,342.491675498078,335.4481297611275,342.491675498078,13407431
2023-02-27,336.50469970703125,340.5547325011052,332.8948763433763,339.0579757916936,8455904
2023-02-28,331.6622619628906,338.3096030565833,330.1655331323589,336.7688421207816,16997837
2023-03-01,333.42315673828125,334.91991347801826,328.9329144228125,329.50519227470033,8065784
2023-03-02,330.6497802734375,334.34761216271636,329.9014018936301,334.12750744012425,5212922
2023-03-03,338.9259033203125,339.3221085451868,331.13400674982523,331.92638929583234,8495772
2023-03-06,341.7432861328125,345.57321382891854,339.19001030332146,339.76228808642185,11126980
2023-03-08,345.4851379394531,346.1454799004876,339.05793043491593,341.6112061780191,9261146
2023-03-09,341.1710205078125,346.5417091515371,339.5421954932643,345.2210530414596,10005328
2023-03-10,341.6112365722656,343.54820262532076,337.64924026102346,340.68678564830407,8684320
2023-03-13,337.78131103515625,344.16451495750755,336.7688238026987,342.66775830464763,9130473
2023-03-14,334.3035888671875,340.2465555564648,332.1024859594935,339.5862414264013,10623744
2023-03-15,334.0393981933594,338.3535670098732,332.8067785314983,335.4480904333511,8748113
2023-03-16,335.8443298339844,336.63674022758,331.7942973754432,335.0959515412794,16315136
2023-03-17,330.6497802734375,338.9699508558647,325.4551637208011,338.9699508558647,50787703
2023-03-20,333.5111999511719,333.9954415059675,327.5242007719977,328.6687844032159,10512002
2023-03-21,331.8823547363281,333.51117982404367,329.3290787011538,333.51117982404367,12057999
2023-03-22,332.5867004394531,333.55518340778906,329.4611189385827,331.8823263594225,4958761
2023-03-23,335.1400451660156,336.9889751867528,329.63728721277806,331.9264267082764,10127917
2023-03-24,333.42315673828125,337.20905278931224,332.8068467809626,335.8883965675558,10317108
2023-03-27,334.74383544921875,338.4416954415649,331.3541444081069,332.762837031623,11232922
2023-03-28,334.3475646972656,336.63673161772317,332.938872349666,334.74376988393004,9523719
2023-03-29,336.9889221191406,338.08947353647784,332.05844284027285,334.7437871824261,10551626
2023-03-31,337.6492614746094,338.52970825506156,334.5677395986402,336.32860525580224,9877493
2023-04-03,333.5992126464844,338.089482640831,333.24703953190163,338.089482640831,7331070
2023-04-05,340.2025146484375,340.7747924134913,333.5991787341224,333.5991787341224,12055499
2023-04-06,341.0389709472656,343.63625120920125,338.2655622687708,340.42266100801584,13394394
2023-04-10,342.0954895019531,343.372141481566,338.74980299627975,341.0389701387759,7044256
2023-04-11,348.6547546386719,350.50368439072156,341.6112366435935,342.0954781569584,18939829
2023-04-12,346.4977111816406,350.2396030831526,345.22108704751633,350.19557097710793,10122932
2023-04-13,348.3025817871094,349.183028513081,346.6297525403816,348.21454548563435,6292395
2023-04-17,352.3086242675781,353.9374214767136,345.92542012916545,345.92542012916545,11466474
2023-04-18,350.8558654785156,353.93741513533917,349.5352093123745,352.176549548398,9860308
2023-04-19,351.07598876953125,353.36512792363527,348.6547533082057,348.69878541061286,10119480
2023-04-20,352.4407043457031,354.50973895577,350.15153711026284,352.17656751824904,6924577
2023-04-21,359.440185546875,360.100527605943,351.340147743513,352.4406992394649,14801099
2023-04-24,359.83636474609375,360.98094826441377,355.87436848584315,360.98094826441377,6212135
2023-04-25,362.3456726074219,364.1065383068313,358.6918169856936,359.8364006181169,9180650
2023-04-26,362.9619445800781,363.6222586843255,360.14453185223186,362.7418119749223,7914219
2023-04-27,366.26361083984375,367.49623069273684,361.86140505200876,362.9179243957424,13100076
2023-04-28,374.67181396484375,377.0489894436682,364.23857740850116,368.02447323722294,13208557
2023-05-02,373.703369140625,375.94847644420054,370.84192394916397,375.0680575272066,10648421
2023-05-03,376.0805358886719,377.26915162499,371.5902934849209,373.307154978082,7607609
2023-05-04,373.8354187011719,375.9484574798595,373.3071450546289,374.4517286542246,8292456
2023-05-05,377.4892578125,380.2626387338422,373.61532536316577,375.02401792519896,12890455
2023-05-08,379.86639404296875,381.6272874664087,378.017492223219,379.47021674087387,7522610
2023-05-09,373.1310119628906,381.36314535204275,371.10600966749894,381.05500435428866,10377820
2023-05-10,374.4956970214844,375.37614371356193,371.72231644999266,373.2630772333237,10130159
2023-05-11,370.1375427246094,376.3006419844237,368.81688657000376,376.168573578589,16597954
2023-05-12,370.18157958984375,372.1625498953651,366.30761947509376,370.13754748608545,11564770
2023-05-15,376.6528015136719,377.44518401635935,368.9489416686363,369.78535627292746,9503538
2023-05-16,373.26312255859375,378.5898075550505,372.86694521722967,378.5898075550505,8302077
2023-05-17,376.47674560546875,377.66533345216067,372.0745394582834,373.4392278285098,9844782
2023-05-18,369.5212707519531,380.7468910746898,368.11257815001863,378.5898200640737,24919291
2023-05-19,369.6533203125,372.51476538184284,362.1695645112314,370.62180340285613,26759905
2023-05-22,373.96746826171875,374.84788708992033,368.99295678292765,371.5022285737764,16015615
2023-05-23,377.8414001464844,379.6462978083344,373.48322649631814,375.0680194512641,9068926
2023-05-24,381.6713562011719,382.7719077205179,375.94846597757845,377.0930496030457,11921823
2023-05-25,388.4067077636719,389.55126340887335,382.81588632849196,384.7088482090035,18905572
2023-05-26,390.56378173828125,391.57629688969274,386.95398636051846,390.3876812278762,13496209
2023-05-29,395.40618896484375,397.78339233656226,391.00398323507955,391.7963936602326,20589822
2023-05-30,405.0078430175781,406.40318434980287,396.9959070387742,396.9959070387742,19627897
2023-05-31,401.046875,406.8983101820563,398.30121341955214,404.46771095699404,14821960
2023-06-01,395.8255920410156,402.39719371380977,395.195438846782,402.39719371380977,9142172
2023-06-02,399.1564025878906,400.5067512980585,395.915622744494,396.0956787493507,9558309
2023-06-05,396.6807861328125,402.2621510392427,396.1856678134196,400.59674008742064,7427630
2023-06-06,398.6163024902344,399.3364694682682,396.4557730256291,396.81585651464604,6703067
2023-06-07,399.6515197753906,401.18186731570756,398.57124088751874,399.69651237538466,7833952
2023-06-08,398.7063293457031,401.2719635187904,397.8061063282952,401.22694238224335,7294955
2023-06-09,394.7003479003906,400.3267059069159,391.72963772026617,391.72963772026617,7329661
2023-06-12,393.3500061035156,396.9508693240273,390.55932355563056,396.0956675188373,9054977
2023-06-13,400.9568786621094,401.857101693074,394.56533223191707,396.9959315624711,16732376
2023-06-14,400.1466369628906,403.07232570480915,399.4714626598705,401.7220056292698,9039402
2023-06-15,403.387451171875,403.97258326436986,400.3717199104339,400.59676852058556,7787525
2023-06-16,407.8885192871094,410.1390623491588,403.2073771646256,404.1976138294872,12181426
2023-06-19,408.338623046875,410.4091386743024,407.1233377623865,409.3738808605887,4350517
2023-06-20,407.6634826660156,409.41887891671377,405.23288353415927,409.41887891671377,4644353
2023-06-21,402.44219970703125,408.8787667287822,400.64178232823934,406.89829334685965,6292873
2023-06-22,402.9823303222656,404.7827761919593,401.3619404517422,403.29739265768586,6892713
2023-06-23,400.3717346191406,402.98236135991505,398.52629600539564,402.8473264827625,6325479
2023-06-26,401.2269287109375,406.3581683517668,399.6965524865402,402.3071791767159,5688287
2023-06-27,400.6867980957031,402.57725785060325,398.93137321833194,401.5870211023943,5052984
2023-06-28,404.5127258300781,405.637997419899,400.14667434401343,400.5967715677404,12548096
2023-06-30,406.5382080078125,406.8532703487185,402.0370932552057,405.0978455808778,9456776
2023-07-03,417.0257568359375,419.45632754325237,405.14288745988654,406.5382288250693,11111199
2023-07-04,419.81640625,421.30178986926444,413.92000702995136,418.60112091019647,8022597
2023-07-05,427.69329833984375,432.6895315280947,417.9709587675512,419.81639730543486,16878943
2023-07-06,426.6130065917969,429.76377240659605,423.5522830363494,429.7187512769202,9835812
2023-07-07,421.661865234375,428.0534112247143,420.94166974086255,425.802868067433,7605499
2023-07-10,419.3663024902344,423.9124099556968,417.4308216731899,423.10220072144466,6772454
2023-07-11,425.9378967285156,427.1981746301535,419.5013296979041,419.5013296979041,8783282
2023-07-12,425.1727294921875,430.078892060928,423.50731836865384,430.078892060928,12816220
2023-07-13,424.9026184082031,429.1786558445394,424.00239549573735,426.61302197053703,8214385
2023-07-14,425.7127990722656,427.6032586293563,424.3174578374724,425.80284133486623,5277090
2023-07-17,425.21771240234375,428.3234574307135,423.64234358608485,427.15319323480816,6325310
2023-07-18,425.3527526855469,426.8831289171215,424.00243246436503,425.397773820771,5558415
2023-07-19,431.06915283203125,432.5094867926419,421.3918056111015,425.57780114831723,14401395
2023-07-20,443.0420227050781,444.4373640195255,428.7735757455242,432.01435559111025,21030102
2023-07-21,441.51165771484375,448.03823870537934,438.40591266161397,442.72694305512846,14510084
2023-07-24,424.3174743652344,449.8386651147941,421.43677805134166,444.21227882516524,40477929
2023-07-25,416.1705322265625,421.7518688517084,409.9590138607764,421.21172937716113,45211370
2023-07-26,425.127685546875,425.80285989329934,415.945457088017,418.51109107392693,18842179
2023-07-27,418.6461181640625,427.7383041874473,415.09024755647266,427.06315838407096,14528232
2023-07-28,421.7068786621094,422.607101675576,417.1607995194354,421.03173279988783,10362522
2023-07-31,419.23126220703125,422.83212551939147,417.25078881175824,422.20197229994073,8510403
2023-08-01,418.4210510253906,422.0669066753035,417.52082813026976,419.50130138123507,6686176
2023-08-02,414.1900329589844,418.4210779856223,412.2995733165724,418.24102198279616,10715605
2023-08-03,410.544189453125,417.47584648714025,408.968792105028,414.1900454478843,11026824
2023-08-04,409.55389404296875,415.36030758717914,408.92374085623663,410.76920781556026,7097614
2023-08-07,409.5089416503906,410.99429676556514,405.95307077672726,408.7887746607007,9513953
2023-08-08,407.2133483886719,411.39937221400857,406.0430557155611,411.39937221400857,6638681
2023-08-09,412.8847351074219,414.01000666941735,402.3071653063629,407.21335616398375,10134166
2023-08-10,406.6732177734375,413.46986829707083,404.197626036519,413.1097848199284,13702317
2023-08-11,403.9725646972656,408.6086856814209,400.37170150883003,408.6086856814209,12028396
2023-08-14,404.3776550292969,406.2230934253214,400.64175710667365,403.97255044563263,7854074
2023-08-16,405.3229064941406,411.7594736818471,403.47746793435897,405.99808086016003,15494896
2023-08-17,396.9958801269531,405.09782929492115,396.095657212623,405.09782929492115,16896158
2023-08-18,397.5810546875,399.1114309524219,394.74537930817763,396.9959225693553,20068497
2023-08-21,403.1174011230469,403.7475543805615,397.3109869266259,397.89614757821397,9940689
2023-08-22,408.92376708984375,409.7339763235486,402.3972147384591,404.1976321514088,10234488
2023-08-23,405.5029602050781,410.18407401461957,403.83754913199914,410.13908141080884,8770272
2023-08-24,405.9080505371094,408.24860735950796,404.4676881252855,405.637980801736,6322751
2023-08-25,399.11138916015625,405.99805310067507,397.9410965159074,405.90803936819486,9628041
2023-08-28,397.3559875488281,402.262178476865,396.99590406748183,400.59676741144807,7176903
2023-08-29,396.1856689453125,399.69651832212924,395.37548829785555,398.75130281167924,9845106
2023-08-30,398.6163024902344,399.69655295728506,396.5457867652574,396.9959125244064,7648569
2023-08-31,395.8255920410156,400.5067341311088,392.5848123365288,398.79630201504494,20666732
2023-09-01,397.0408935546875,400.5967642671397,394.5653018082983,396.0956779898854,11879159
2023-09-04,393.8451232910156,399.1113975044865,393.079935222682,399.1113975044865,14128562
2023-09-05,398.8863525390625,400.14665895362845,394.74534982413195,395.1054332953647,8701612
2023-09-06,402.8022766113281,403.74752068396276,397.89611436997114,399.6515391172189,13358433
2023-09-07,401.4069519042969,404.197605845373,400.2366592641672,404.0175783810463,8401953
2023-09-08,398.4812316894531,403.20736628614605,397.7610647763478,403.20736628614605,10322317
2023-09-11,402.5772399902344,403.3874492194627,398.4812583015882,401.496989548433,9679540
2023-09-12,406.1330871582031,408.96876223496196,401.13688279269866,404.1075927331604,14961276
2023-09-13,408.2486267089844,411.3993928868377,406.08809725409867,407.07833397706634,12268130
2023-09-14,405.0528564453125,410.4091734383673,402.5322719274398,410.4091734383673,14986708
2023-09-15,403.6125183105469,406.9883332093038,402.3972329355357,403.3424485537656,15657801
2023-09-18,406.94329833984375,408.69872316917696,401.677023851844,403.61250468978994,8513132
2023-09-20,407.75347900390625,409.6889311756951,404.6927267855404,406.6282074878309,10343224
2023-09-21,402.8473205566406,408.29362257649046,400.14668011432735,407.61847673116415,11132308
2023-09-22,398.8863525390625,403.657508461276,398.12116446375444,402.84729925312547,7795399
2023-09-25,398.43621826171875,400.41669157629906,394.6103064976888,398.88634398898813,6005673
2023-09-26,398.30120849609375,400.1466755923399,395.8256166968655,399.3364663504996,5533023
2023-09-27,404.3326721191406,404.91780421941024,395.01543699713795,398.3012095161176,10894817
2023-09-28,396.7708435058594,405.05282038834923,395.73558569660975,405.05282038834923,10610213
2023-09-29,400.0566101074219,401.13688903385315,395.3754965278929,397.89610931556325,8474326
2023-10-03,395.8706359863281,398.7063112585442,395.42051023279157,396.9959075744143,7770032
2023-10-04,392.58477783203125,397.6260029428244,390.06416527663464,395.87057837963744,13912656
2023-10-05,392.539794921875,396.5457627237598,391.63960051916104,396.09566552240284,10416552
2023-10-06,398.0311584472656,399.33648611355187,393.0799746037764,394.16022511585453,8742804
2023-10-09,396.5007629394531,398.9763545630763,393.62006672364566,396.95086013265677,5827256
2023-10-10,400.0566101074219,400.46171470483364,396.5007680559242,396.5007680559242,5207891
2023-10-11,403.5224914550781,404.60274191659346,400.41671788352704,402.57724733706146,7946195
2023-10-12,405.72802734375,407.34841735651213,401.6320454407269,404.7828117240157,12227957
2023-10-13,403.6125183105469,406.7182634525225,402.3972329355357,404.9628385639487,7926432
2023-10-16,404.1526184082031,405.9980568588885,401.6769982328182,403.2973880849691,4377288
2023-10-17,408.20361328125,409.1488574177046,404.19764517888075,404.9178121672719,7203352
2023-10-18,406.58319091796875,412.4796182932405,405.998058852805,408.92374770912556,7160492
2023-10-19,405.4579162597656,409.50890514402147,402.2621576963429,404.8727841991182,9830006
2023-10-20,394.5653076171875,404.19763353354125,393.71010577679914,400.5967701648256,13521824
2023-10-23,392.40478515625,396.0506697241644,389.8842007247141,394.29524487777985,7555671
2023-10-25,389.5240478515625,394.2952035249632,384.43782985620186,393.3049668980877,11308597
2023-10-26,391.00946044921875,393.0349264538433,386.6884016368794,386.6884016368794,19525305
2023-10-27,390.4693298339844,393.2149913900312,389.07398848852546,391.00946933042104,13638258
2023-10-30,387.4986267089844,393.5300608966573,385.60816696759287,391.18950392038863,7911426
2023-10-31,385.65313720703125,390.10923081420543,385.2030399982573,387.0934996300126,8952141
2023-11-01,385.3830871582031,388.08372740989114,383.0425018408714,387.0934907489054,8297973
2023-11-02,388.1287841796875,389.5240970351919,385.8782409198033,387.1385474277788,8465990
2023-11-03,390.0191955566406,391.0544533920273,388.0837432875296,389.61411947366594,14334179
2023-11-06,391.90966796875,393.2149955889094,389.38908352963864,390.244285387793,7589690
2023-11-07,389.5240478515625,391.50454963581444,389.0289295381247,391.50454963581444,5321353
2023-11-08,393.3500061035156,393.8451244397047,389.163982281688,389.9291703522533,7248663
2023-11-09,391.0544738769531,394.29525389353375,390.60437663651317,394.1152264095596,8085620
2023-11-10,392.9899597167969,394.29525884877967,389.3440750196984,391.054478791471,4236307
2023-11-13,392.4948425292969,394.6553435537462,391.59461950385713,394.6553435537462,3888975
2023-11-15,397.85107421875,398.34619253248485,393.8451065783495,394.38524602260605,7722827
2023-11-16,394.8804016113281,400.14667609843997,393.93515749465223,397.85111177415934,11276031
2023-11-17,395.4205017089844,397.445996229978,394.5652998853544,395.4205017089844,6911592
2023-11-20,393.2149658203125,396.36573179380093,391.14447876944973,395.9606271978163,4502356
2023-11-21,392.7198791503906,395.46554074923824,392.0447047693198,393.5300598771714,6228803
2023-11-22,395.8255920410156,396.4557452352493,391.41451968138,393.3950215279014,5074887
2023-11-23,396.41070556640625,398.12113760248695,394.52027460260734,396.9508450020634,6611803
2023-11-24,394.1152038574219,398.12117177792385,393.2600020312197,396.9959002107098,7084608
2023-11-28,391.81964111328125,395.19545582805324,391.5045787678773,394.2952328646801,9082513
2023-11-29,393.5750732421875,394.7453659694364,390.8294116975489,392.49482278430634,14316126
2023-11-30,392.31475830078125,394.7003363079231,391.1444941293174,393.1249675245666,15710110
2023-12-01,404.91778564453125,405.9530434540977,393.75511246412765,394.20520966976403,20081576
2023-12-04,408.7437438964844,410.85925221043044,405.9980823487776,409.59894574290894,13293194
2023-12-05,406.6732177734375,412.11954812516103,405.1878627312864,409.59893525466117,12603697
2023-12-06,417.0257568359375,418.1510284490843,406.9883260581264,408.6087160398377,21203900
2023-12-07,412.3896179199219,418.4210803564829,411.759464702214,418.37605922289555,11746535
2023-12-08,404.3326721191406,415.54039547694543,403.747540018871,414.0550118631009,19386851
2023-12-11,407.3033447265625,408.33860248815387,404.46766969535696,406.4481429571831,6854157
2023-12-12,407.8885192871094,414.1000090086052,407.2133449562937,408.87875595197096,10549319
2023-12-13,410.18402099609375,413.06471701827485,407.88848552234765,410.7691815445288,11718443
2023-12-14,414.1900329589844,415.00024217594785,404.6027284079333,414.10001922282265,14924265
2023-12-15,412.4796447753906,416.75568256508507,409.59894833574947,415.81043844320857,16397959
2023-12-18,406.58319091796875,410.49914496760766,405.4128982571393,409.59892203854673,12490839
2023-12-19,410.5892028808594,412.2996066587636,406.9433181706908,408.113610957444,10664235
2023-12-20,405.9980773925781,413.42485270284266,404.4677011963406,413.1998040929262,10766954
2023-12-21,406.4031677246094,408.47365480577304,400.1016356854115,404.197617245639,11584223
2023-12-22,409.77899169921875,410.4091449175215,405.5929677782429,407.798489777051,11450973
2023-12-26,410.90423583984375,413.10975769144534,409.32883863398456,410.5441523863476,6097422
2023-12-27,411.4893798828125,412.7496862720448,408.4736487750424,411.3993661494393,7833901
2023-12-28,417.7909240722656,418.3310350188346,410.58916898982017,411.5794056774497,21493169
2023-12-29,415.9904479980469,421.21170079604315,415.3152737006764,417.7908937707011,13384631
