Price,Close,High,Low,Open,Volume
Ticker,LT.NS,LT.NS,LT.NS,LT.NS,LT.NS
Date,,,,,
2014-01-01,597.366455078125,603.7116421471651,596.1645479859172,601.0561660297604,694318
2014-01-02,579.1975708007812,603.7116546441183,574.8649625578579,596.6397340980975,2322501
2014-01-03,565.7805786132812,577.4646136827728,563.5443852041017,570.2249688695379,3701602
2014-01-06,564.9140014648438,573.5512213709897,559.071984608885,565.8084582517822,2579617
2014-01-07,569.9453735351562,575.0047148973468,563.5722412430105,567.4296755418898,2833413
2014-01-08,558.1216430664062,573.5233347522185,557.2271861878297,571.3430321331705,3084265
2014-01-09,543.3349609375,561.2802453923778,542.272780586028,558.4012058823959,4402965
2014-01-10,534.4739990234375,550.0993029044928,531.9303556157789,543.8100578255543,4818324
2014-01-13,548.170654296875,552.2795973614119,533.9429763784872,533.9429763784872,3526029
2014-01-14,543.3907470703125,557.2550309120368,541.1545540957746,546.772956315773,2725885
2014-01-15,558.540771484375,561.0005784014347,545.2355499622787,545.2355499622787,2702491
2014-01-16,561.2802734375,566.2837250824449,554.1804063648975,562.1747815534466,2767075
2014-01-17,560.6373291015625,565.5569441896326,556.6122220544224,558.6527465480885,2133013
2014-01-20,558.4569702148438,564.5784913354948,553.0342369829601,560.1620474671984,2311656
2014-01-21,565.4729614257812,568.8551706369495,561.8671380376269,562.5659259429578,1709856
2014-01-22,561.7275390625,568.7156250716288,557.1154248165641,566.8148783702869,3245709
2014-01-23,577.4645385742188,583.3065041671081,564.6903794327175,564.6903794327175,6787534
2014-01-24,562.593994140625,575.5078808475527,561.3640904195821,575.25632126416,3782706
2014-01-27,547.9469604492188,554.8232115116649,543.9777448529451,552.7267966256754,3345742
2014-01-28,549.8197631835938,557.1152460680912,544.5088113315329,547.3040653111452,3471943
2014-01-29,555.2145385742188,562.3982916428613,552.6988405268829,554.0405768613334,2601379
2014-01-30,548.11474609375,552.0280202037953,544.7324853360251,547.2761800441674,2887870
2014-01-31,551.1615600585938,556.5842945080435,545.4313752472956,550.8541096967454,2014065
2014-02-03,547.4718627929688,553.2859350767052,545.2916112775755,548.4222616471247,1745134
2014-02-04,549.5401611328125,552.8105885663773,539.5333124102636,541.5178944587859,1948258
2014-02-05,550.8820190429688,552.6150419447904,545.0400019118487,547.863150471848,2288964
2014-02-06,545.207763671875,552.8945857575598,541.7137210625543,551.2174534942081,2699857
2014-02-07,550.1832275390625,552.2796429026195,545.7388372047251,549.7080537051938,2114169
2014-02-10,556.751953125,559.575101540852,547.3041125998387,551.3571646838668,2414272
2014-02-11,555.494140625,562.9573480732283,551.9721528311561,557.0314947203553,1820484
2014-02-12,564.9140014648438,569.0788862542884,555.6618297221753,559.0440392320443,2079207
2014-02-13,551.7484741210938,567.9607328105725,550.8819627587154,566.3115462117211,1827121
2014-02-14,554.9908447265625,557.9258253605418,545.6268930156765,554.8790632375731,1588461
2014-02-17,558.0935668945312,561.6155540060478,552.6149430241732,556.8916087568705,1273681
2014-02-18,568.7715454101562,571.2313534510863,553.6773525477602,557.9540200526297,3418378
2014-02-19,576.5421752929688,577.9118572271555,566.7309410711515,568.5478514624558,2676043
2014-02-20,578.414794921875,580.8187111019806,568.2402227604979,571.7901039225607,2632165
2014-02-21,589.8754272460938,590.9096622984268,579.5610732870041,579.7287455803402,2793133
2014-02-24,606.366943359375,608.7988047879385,587.0519835119946,587.89054935881,3940515
2014-02-25,608.18408203125,609.3021531872215,599.5748061752273,607.4293520122087,2892156
2014-02-26,613.0755615234375,614.9204168978384,604.969457917199,605.8359692638103,3813249
2014-02-28,620.3432006835938,623.1664003149,610.0288486295742,610.0288486295742,3390912
2014-03-03,613.578857421875,616.4858935435466,607.4852801913765,615.2559897088382,1801497
2014-03-04,624.284423828125,626.7442310065397,609.0784035766584,611.035091642218,2621673
2014-03-05,628.002197265625,632.3906967723191,622.8869131468338,628.2537568690376,2453523
2014-03-06,638.7078247070312,640.3849568058838,625.4864367398773,628.505254045008,2598480
2014-03-07,670.0980834960938,683.7108085798104,638.987304748216,638.987304748216,9813319
2014-03-10,691.4815063476562,694.3326512337377,664.8430630357259,664.8430630357259,6267502
2014-03-11,687.6520385742188,702.0753834484645,681.2789576954149,688.6583279713996,4450599
2014-03-12,681.0553588867188,687.6241087182775,674.7661139899053,684.8289058248068,3076795
2014-03-13,684.9407348632812,692.0126554866057,681.4746891766621,681.4746891766621,2942418
2014-03-14,701.5723876953125,706.3242282242653,671.8032906214033,680.6361802059191,4093326
2014-03-18,693.5220947265625,709.1753453073841,689.3013189409329,701.0412440810461,3189525
2014-03-19,696.5689697265625,701.2090289593779,687.1770185553382,692.8792581722191,2946181
2014-03-20,681.5025634765625,695.3668471410824,679.7974861882974,687.6240847261382,2957193
2014-03-21,680.1329956054688,690.4194029859317,676.7228404586336,684.3537714705541,3006924
2014-03-24,687.8197631835938,692.3480398876704,680.2726694648026,686.7855284099961,4826047
2014-03-25,697.9385986328125,698.8051101663052,683.4873051896243,687.6242451913456,3608031
2014-03-26,713.2283325195312,714.8495737774856,699.6156076283086,699.9231091271655,4239243
2014-03-27,717.5888671875,724.5768999844132,709.1752619832388,712.753140098187,6435498
2014-03-28,720.132568359375,722.508488441141,704.591151051944,721.1668032335106,2952043
2014-03-31,711.048095703125,728.0150849556211,707.1068251644316,721.1667787172108,3946083
2014-04-01,715.0453491210938,721.1668716322671,701.0412845169479,711.7190299819322,2856469
2014-04-02,727.0087890625,732.3476354689046,712.8090575710248,721.1667723382826,3237921
2014-04-03,721.2227783203125,725.6112779086777,701.3767469313129,724.018032936071,4524073
2014-04-04,713.955078125,720.5517731190059,708.1968979081772,720.5517731190059,3040353
2014-04-07,718.0081787109375,723.8222500720182,708.4205602768105,713.5078471267523,2376559
2014-04-09,725.6670532226562,731.6767933902217,714.1507943876873,720.6077117569323,4062904
2014-04-10,734.7236328125,741.9911710744768,723.4309365926171,724.660840281754,4725337
2014-04-11,725.918701171875,731.4532166811279,721.1947551608378,730.1953675942967,2806795
2014-04-15,725.5553588867188,733.2422320076247,713.3402594504465,721.5302517679442,2215813
2014-04-16,704.339599609375,723.906123947728,702.1592971442775,721.9215414907653,2713372
2014-04-17,709.3987426757812,713.8431313124815,694.3325031936497,704.7027433459502,4721797
2014-04-21,739.3636474609375,740.7332779546505,711.1039632147065,711.1039632147065,3254260
2014-04-22,752.7807006835938,757.5045951378726,736.2888857927722,740.7332753105986,4476646
2014-04-23,769.4402465820312,776.2326623399541,755.3802924653398,763.0951104113956,4769422
2014-04-24,769.4402465820312,769.4402465820312,769.4402465820312,769.4402465820312,0
2014-04-25,754.6535034179688,770.4464792352809,751.9141912512669,768.6295691886496,4510083
2014-04-28,742.6900024414062,762.4801404047923,740.7333142373927,754.7094318885919,4266412
2014-04-29,738.7208251953125,750.0973580239797,730.9780616500448,746.3238106666763,3339325
2014-04-30,723.458984375,746.2120522986868,716.3870627524414,744.0876915102064,3469714
2014-05-02,706.3800659179688,732.3476681451452,704.4234288578599,727.2883264571135,2832487
2014-05-05,717.78466796875,723.962081293706,699.4759910362898,706.6876393424578,2194435
2014-05-06,726.7573852539062,729.3848653649128,720.5519749449873,722.0334384757082,1984606
2014-05-07,724.29736328125,734.0247077835355,720.6355980194218,725.4713760786309,2302158
2014-05-08,726.2820434570312,731.1177709866615,713.3402114758416,728.1548444015249,3285168
2014-05-09,750.6284790039062,754.1224702378145,720.160543784789,724.8006026322921,4375510
2014-05-12,775.5337524414062,777.6301673886998,753.3956413071912,754.709381025627,3919360
2014-05-13,787.86083984375,805.5825616208188,782.6617195001925,782.6617195001925,5188618
2014-05-14,779.5869140625,796.6377398548641,771.7323181724734,791.047282514511,3231376
2014-05-15,770.5863647460938,782.6616860273871,766.4494249526628,779.4192542852477,3786319
2014-05-16,798.1471557617188,835.7708464836513,776.2606023402687,810.613864996003,11804331
2014-05-19,852.2906494140625,857.517715103817,805.1353278665904,805.1353278665904,5544801
2014-05-20,843.7930908203125,859.7538418700088,837.0566172369422,857.5735394936015,3532723
2014-05-21,825.1768798828125,845.5260778365795,821.9344486050503,844.7713991544654,3201142
2014-05-22,827.7484741210938,842.4233790500707,824.5898789485143,832.9755389079297,3015093
2014-05-23,846.3927001953125,850.5296399387596,829.5095966726168,829.6213781889192,2387221
2014-05-26,865.5398559570312,909.7602918237059,840.4108720189389,859.8097230866432,7535436
2014-05-27,875.4909057617188,881.9758711735235,851.1165994404269,866.518289929443,3261094
2014-05-28,881.6683959960938,896.2594662445359,877.2239548314684,877.8389578835913,3189786
2014-05-29,866.3224487304688,888.851947526838,856.4553262874493,882.0036931651351,3391968
2014-05-30,864.0025634765625,885.5257240366703,860.5364154998772,871.2701015853224,2490952
2014-06-02,920.1864624023438,925.2178584257514,896.7066142931079,902.8001393273163,6711372
2014-06-03,924.2954711914062,936.1193352376654,918.4815015422444,922.9817312671612,4200799
2014-06-04,936.2030029296875,939.1659291619934,920.1864135778064,929.1310830234833,2499418
2014-06-05,940.2281494140625,947.0206162360292,929.8859031531279,939.0542388481105,3696321
2014-06-06,945.3714599609375,950.374910989896,935.3645579030206,947.5796566424713,3277179
2014-06-09,979.5289916992188,993.1976593877463,860.3687753518495,950.3748996821877,5893852
2014-06-10,972.149658203125,982.7994060431383,961.3880264900159,981.5695023512396,3124296
2014-06-11,960.130126953125,975.5318164875531,955.4062324387372,973.8546844834851,4316724
2014-06-12,962.8975219726562,968.7114913921608,955.9653279649048,962.4222458134444,1378804
2014-06-13,942.5203857421875,977.7681086197337,933.7713321280133,963.7920405595484,2794629
2014-06-16,922.7022094726562,941.9892285878459,915.5743980605209,941.4301163128417,2210658
2014-06-17,941.7376098632812,947.4119545132603,914.5959950264034,914.5959950264034,2791131
2014-06-18,934.3582763671875,954.8472555702905,922.981742975195,941.4301976355134,2892595
2014-06-19,926.168212890625,948.2784306566547,922.4226112207941,940.0324974350093,1613632
2014-06-20,921.276611328125,934.2743854402254,917.1676171037533,932.9327001982324,1485903
2014-06-23,926.419921875,931.8706015192838,909.8162721668022,923.5408312861492,2017126
2014-06-24,933.8550415039062,950.095297331414,925.3855452043816,930.0256036745245,2484652
2014-06-25,922.4505004882812,938.8584274413184,919.5155196311006,936.2309480662448,1570332
2014-06-26,935.5879516601562,943.5543278632168,922.9815175455448,928.739697466579,2534928
2014-06-27,932.0941162109375,943.6663687242471,929.1870803938168,937.069621789548,1327365
2014-06-30,951.3251953125,958.760507916554,934.7215473279914,936.3986793521229,2685537
2014-07-01,965.105712890625,968.2083664119081,954.6515823670993,957.0834444490895,1997301
2014-07-02,980.535400390625,983.9176102342445,968.0966355485369,975.504003694593,2128129
2014-07-03,979.640869140625,987.2160121447276,975.5878677068199,983.9176383456655,2313723
2014-07-04,974.2462158203125,985.035692124836,964.6306502608369,985.035692124836,1657803
2014-07-07,977.9635009765625,981.1221471117775,972.0376486653331,978.326893198101,1767925
2014-07-08,935.029052734375,984.9237306606606,929.2708721304052,981.1222382143542,4277095
2014-07-09,923.3450927734375,948.4741298646621,909.341080144247,944.7844186296346,3643758
2014-07-10,925.0782470703125,960.1303552349742,900.6201003171246,928.6282319171129,5212540
2014-07-11,880.131103515625,935.5323625897778,866.5184268576829,925.777069917016,4338265
2014-07-14,893.0447998046875,898.3836970338125,866.8535351250179,880.4942558102989,2333917
2014-07-15,913.2823486328125,917.4192885087433,897.2657560765876,905.6514173483314,2732493
2014-07-16,927.4820556640625,935.8397713182037,904.9804977699857,920.3542437857428,2329224
2014-07-17,933.0164184570312,936.3986276948463,921.4722149219134,922.9815722419577,1217437
2014-07-18,942.827880859375,948.0548952697501,920.6338239221507,928.0131444052702,1997386
2014-07-21,933.7433471679688,949.7040483584559,930.9760381077161,942.2966803948896,1887466
2014-07-22,925.18994140625,941.5419789835024,913.645634628845,935.2806791382012,1536589
2014-07-23,924.4074096679688,937.51696666928,922.5625026979635,930.1654888983835,1801548
2014-07-24,929.9418334960938,933.324043180506,915.5185379253464,925.301774696883,1650940
2014-07-25,926.89501953125,933.3239916416442,915.825886513855,931.9264157126065,1344507
2014-07-28,917.4471435546875,933.268116893348,914.1208247534778,929.9417980921382,2294470
2014-07-30,852.0390014648438,887.70600413092,845.2745822790041,887.70600413092,13149229
2014-07-31,840.187255859375,861.4868531025772,838.1746769515735,854.2192639155251,7753987
2014-08-01,821.0679321289062,840.131284421075,817.9372823722732,831.8015665022173,6859360
2014-08-04,835.1838989257812,837.420092276426,825.2049417589687,825.2049417589687,4058344
2014-08-05,833.0035400390625,839.4325634989312,824.6458760778462,838.5660520693941,2510001
2014-08-06,829.2300415039062,844.6037874827236,827.4131824057284,829.6213791754559,3269770
2014-08-07,828.4473876953125,836.3019326782849,825.4564645075086,834.3732409506805,1772376
2014-08-08,806.5887451171875,824.5899706563632,805.0234456356129,820.872365194369,3253360
2014-08-11,817.7415161132812,821.76662212585,810.725487576693,810.725487576693,2653017
2014-08-12,832.472412109375,834.6526632059226,820.2573145296279,820.2573145296279,2213149
2014-08-13,820.4779663085938,834.2504330851289,813.7611027441625,834.137571545767,2688088
2014-08-14,837.6937255859375,840.8828397425947,822.9616749319724,825.8685835175262,2250747
2014-08-18,855.6993408203125,860.7228675547964,837.5241899856811,838.2579449733156,3954625
2014-08-19,865.097412109375,871.9554560986793,859.0860880661547,862.5291919152656,3303576
2014-08-20,856.7718505859375,869.04854038798,853.1876181641474,866.4238377692118,1420566
2014-08-21,865.5488891601562,868.1171608157631,850.3652923503529,857.7877984567422,2482074
2014-08-22,869.24609375,879.349682656901,864.1661355863965,868.2865638965693,2614005
2014-08-25,862.1622314453125,874.8905217075287,857.9571057615212,872.0682598782641,1714194
2014-08-26,850.1679077148438,859.5094746352657,841.0238485046051,857.9572149287014,2759887
2014-08-27,848.728515625,857.8160918960242,843.9589268894695,855.6994212067566,2603056
2014-08-28,861.6260375976562,866.4237896996441,851.3531058037432,851.3531058037432,3008883
2014-09-01,890.3281860351562,892.3319953244085,866.4239132381732,866.4239132381732,3557881
2014-09-02,891.4569702148438,901.4758083659704,878.7005164233384,891.8238735493101,2650210
2014-09-03,902.0968017578125,907.628360747788,890.8078573472437,893.7711962116255,3937872
2014-09-04,897.4400634765625,905.8503145871599,887.8726716154274,905.8503145871599,1717581
2014-09-05,910.2247924804688,915.1072942491375,892.9527396434287,897.468338059527,2508046
2014-09-08,919.7076416015625,921.5702706040944,912.7084684420652,915.6435922375875,2037934
2014-09-09,906.0762329101562,919.70767635061,903.8184850410155,919.70767635061,1648011
2014-09-10,894.702392578125,902.4918014344228,891.8238036006467,901.4193068983287,1970533
2014-09-11,900.3753662109375,908.192889136551,895.0695296129891,900.2907200459158,1703541
2014-09-12,891.0901489257812,906.8381582563045,889.0016936124875,901.080875966651,1810773
2014-09-15,880.845458984375,888.1550007016568,877.7691551947859,885.643211318207,1171498
2014-09-16,855.5018920898438,885.2763597209802,851.2120681117409,883.0750427968933,2086846
2014-09-17,857.4774780273438,865.2950525604844,846.7812621139151,863.6017158627144,2430664
2014-09-18,888.5501098632812,892.9527434065647,853.2158182425252,853.2158182425252,2263371
2014-09-19,864.9845581054688,897.1579009523589,862.472768660366,890.8078888753679,2851128
2014-09-22,865.4078369140625,870.9393440696273,855.8686600390862,860.1584835973947,1744293
2014-09-23,844.2694091796875,861.3720672041397,841.1649415742687,857.9571786764446,2434546
2014-09-24,826.3482666015625,850.4500979343123,811.6444844707129,846.6683059442238,3623152
2014-09-25,816.8089599609375,833.4036344195983,808.0882886721869,829.7347564634642,2664181
2014-09-26,833.1217041015625,835.3512883332702,809.1609987599654,809.1609987599654,2586988
2014-09-29,828.9447021484375,838.6531722784458,816.6680117143829,833.0369667441438,1763739
2014-09-30,823.1026611328125,846.5553301323052,819.0103968389491,824.1186216836063,2474358
2014-10-01,816.66796875,828.5495397927298,814.1561793514087,823.1026785414496,1696510
2014-10-07,798.5775756835938,823.2720340824353,793.0460161754287,809.9793827010498,3002658
2014-10-08,816.893798828125,819.9700511680535,790.7882095637548,790.7882095637548,2570920
2014-10-09,839.2740478515625,842.4349462373206,821.8327017960556,821.8327017960556,2460468
2014-10-10,825.0499267578125,834.0245888031465,815.0592525602744,830.7508292866269,2465217
2014-10-13,816.0753173828125,820.7037775862606,808.9351193749679,816.9784681205441,2268106
2014-10-14,812.7451171875,824.5984730952359,810.7695234185235,821.4093593556375,2222278
2014-10-15,812.7451171875,812.7451171875,812.7451171875,812.7451171875,0
2014-10-16,803.60107421875,812.801511658617,801.2303618018564,805.2661436403372,2213427
2014-10-17,820.0828857421875,825.3886702524026,805.5484478688023,807.806195526427,3123661
2014-10-20,843.9871215820312,848.3615914581068,833.7988871376916,836.6775798751272,2714394
2014-10-21,853.441650390625,855.671234373432,842.4067470525644,845.2571728935111,1853868
2014-10-22,877.0072021484375,880.53495196008,861.1180135979888,863.6015874993092,3645714
2014-10-27,884.6837158203125,892.3037304210851,881.0430008364962,883.9216936896228,3198228
2014-10-28,889.8483276367188,898.4843024152813,887.5905800956372,891.8239213308261,1867963
2014-10-29,890.2435302734375,897.4684264388412,884.2604212109209,897.4684264388412,1314040
2014-10-30,901.8145141601562,903.620815485041,887.3082929119146,887.3082929119146,2742090
2014-10-31,934.4114379882812,938.9552526146548,904.5523209648569,904.5523209648569,3781296
2014-11-03,935.73779296875,945.7849513358881,930.5167060737914,937.5440945239333,2578879
2014-11-05,940.309814453125,945.9543388154234,933.9880174474359,936.9795719511662,2419614
2014-11-07,933.4799194335938,955.5497237202204,920.0460895711068,943.8657644024462,3786600
2014-11-10,914.06298828125,928.9643282604657,899.4439054926322,911.5794143925383,4498915
2014-11-11,924.1101684570312,925.6342126300585,912.4543207897663,917.7883720423049,1984456
2014-11-12,910.7328491210938,927.948472632512,907.7977254074775,926.2551360036206,1937980
2014-11-13,912.3695068359375,925.1259588570964,908.4466389400719,914.401530908564,1714051
2014-11-14,915.3330078125,921.6830195723958,908.1927585865208,914.6839506208961,1522411
2014-11-17,912.0592651367188,918.9173610366237,901.9839950676015,914.966173408476,1502209
2014-11-18,928.287109375,931.673782445793,912.4261353718202,912.4825661425922,2021485
2014-11-19,936.1893310546875,945.389820982781,930.206222068647,931.1658552857032,2530605
2014-11-20,928.4844970703125,940.9023656269743,920.0742462510882,938.7291611147734,1216285
2014-11-21,940.5354614257812,944.7405868314343,920.046030003104,925.6905532882892,1920028
2014-11-24,942.539306640625,949.3691870291914,930.9399925052377,943.1884672223266,2035971
2014-11-25,923.88427734375,943.1883532029475,915.9256791284267,942.6239422002219,2391166
2014-11-26,920.6107788085938,929.5290121151085,916.7443403518181,924.5618634320655,2177278
2014-11-27,913.9219360351562,926.2550563073481,909.3216914754039,922.8965987254754,2207175
2014-11-28,925.3237915039062,935.0322614180727,918.5222298220903,918.5222298220903,2598367
2014-12-01,915.5306396484375,926.1139928219588,904.4957369630498,920.7235107114298,1493083
2014-12-02,925.4931030273438,934.1573971321536,912.144021213988,913.6115313771023,1361464
2014-12-03,928.0330810546875,933.4517787174009,921.739499726162,926.2550983372668,1616703
2014-12-04,919.6510620117188,934.1573879458488,917.2240220214712,929.0209473958627,1773838
2014-12-05,919.1993408203125,934.1572134955628,914.0064704674023,922.4167210863361,2146855
2014-12-08,904.12890625,923.5176314923285,899.8955646404553,920.0462086900485,1585636
2014-12-09,880.3092041015625,903.6773318254253,875.4550207543415,901.504230306089,2569558
2014-12-10,871.67333984375,883.4420513642021,868.5407080810674,874.8907211295405,3034126
2014-12-11,868.1737060546875,879.6319436305755,848.305216149387,869.2460974594358,4328835
2014-12-12,852.848876953125,876.1605197704961,849.4904194991265,870.9393302440735,3774426
2014-12-15,847.3456420898438,856.8283375841849,843.422773111656,846.6683177709336,2593509
2014-12-16,837.2702026367188,852.8770818750339,834.6455002139816,841.0237270893878,2809615
2014-12-17,828.88818359375,843.3944564791999,818.5588210216278,833.9964082742127,5619423
2014-12-18,850.2806396484375,851.7482012932493,835.0123968070423,843.9870589731204,2815365
2014-12-19,866.508544921875,873.0278492697913,856.8282905727433,860.0174042829351,3407025
2014-12-22,860.3280029296875,871.4476053045805,854.8810891390722,868.117362502387,1321836
2014-12-23,845.4265747070312,868.9075657309561,842.3785892749448,860.7795184511662,1721754
2014-12-24,834.1658325195312,850.8734237039865,830.0453525770495,845.5958545371631,4556031
2014-12-26,841.1367797851562,845.4829830331495,833.6861087339288,837.1856436425433,1010929
2014-12-29,841.193115234375,850.0549164058349,838.8788852572254,843.9306793332407,1193694
2014-12-30,845.680419921875,852.8770997641104,842.8864251419596,849.0388774051218,1373809
2014-12-31,843.6484985351562,849.9420280996541,842.1527213730258,842.8582610377198,1255716
2015-01-01,848.3333740234375,850.5629061952653,842.1527061125549,843.1686666748146,674298
2015-01-02,866.2261962890625,868.6815546873462,847.5148501384342,847.5148501384342,1936584
2015-01-05,878.2772216796875,886.7439040758508,872.2657944959662,872.2657944959662,2176527
2015-01-06,848.982421875,871.9271608851539,844.4386083502475,869.8104904050581,3048025
2015-01-07,846.950439453125,852.3127060523922,838.5119724980458,845.9626942978873,2063635
2015-01-08,852.3410034179688,859.9328028693212,849.0107609304391,857.6750034694911,1455954
2015-01-09,846.8093872070312,860.2149507427686,839.8949125362465,859.086076956805,1735729
2015-01-12,865.9722900390625,867.5527133494,843.9024844056796,848.8695807718419,1535320
2015-01-13,857.6749877929688,873.2819205680963,855.8123071978948,872.0401335047137,1318348
2015-01-14,856.8283081054688,865.9158845153258,846.6682886417676,859.3683129713941,1476891
2015-01-15,888.2679443359375,895.3235482402928,866.7061688728828,872.0683844319042,3419091
2015-01-16,898.4560546875,909.8860756110464,880.5349452213526,893.2349684697374,4195027
2015-01-19,911.4948120117188,916.0950566681868,904.185270266402,904.806112091866,2087947
2015-01-20,919.7921752929688,922.3039646123143,903.6772634523861,915.4741879674148,2088778
2015-01-21,933.9033203125,941.6079809246033,920.4694894895132,922.1910414207218,3705237
2015-01-22,938.8421630859375,942.0594402026426,933.2258549552917,934.7216836587538,1811173
2015-01-23,965.9356689453125,968.5603200052192,945.4462340694192,945.4462340694192,4374211
2015-01-27,983.2638549804688,987.7793489741047,969.7171662934958,970.8459881153884,3390609
2015-01-28,958.6260375976562,982.4174998648208,951.090772297762,979.4259453837565,3463524
2015-01-29,973.0476684570312,978.5792275963016,952.925137679607,955.2393160523467,3460012
2015-01-30,959.8677368164062,982.5867022431943,950.1592674968055,975.7004948250183,2282494
2015-02-02,979.3693237304688,982.0505087162011,957.2995188008824,957.2995188008824,2125707
2015-02-03,972.2572631835938,987.7230124551628,963.7058324516396,983.2639487918872,2930722
2015-02-04,953.0098266601562,977.7326032615994,949.6231534287036,976.2367743529442,1846012
2015-02-05,949.6229858398438,962.9439533209828,944.9380955866584,954.4490563548009,2015947
2015-02-06,950.2722778320312,956.1707403756666,938.6728604443083,949.3973941707695,2210620
2015-02-09,887.5625,942.0596453489617,874.8906897475963,938.8423675316506,5339823
2015-02-10,887.1389770507812,909.3216424432795,864.8151313902582,872.1246725877565,10472047
2015-02-11,910.2813110351562,916.4902465369356,893.9124589852054,895.7750879592057,4675647
2015-02-12,931.363525390625,936.4153207805206,906.0481176573161,913.2730149901307,3162283
2015-02-13,938.1929931640625,944.8816924821716,931.3350015505276,936.9794216543628,2363568
2015-02-16,930.4603271484375,947.1396527662491,925.7472203160557,939.8018946464603,1676532
2015-02-18,938.8704833984375,945.389787862068,933.5928626252546,934.0444121544343,2187792
2015-02-19,958.739013671875,965.2018876394029,938.3343277704624,941.9467241581204,2808871
2015-02-20,946.913818359375,967.9111295437843,943.4707144920117,959.5574116988129,5372566
2015-02-23,952.2195434570312,966.2743193759406,947.901555964634,951.9091742179478,3558913
2015-02-24,971.46728515625,973.386344960678,953.9411883048989,954.731425878394,3186507
2015-02-25,958.3718872070312,979.1999024216,951.6549729650101,973.6683442257665,2760175
2015-02-26,947.167724609375,959.9807131795906,942.6240141521594,958.9928646581051,2867676
2015-02-27,992.8313598632812,996.2462481627736,959.5573604812997,961.1377320495797,6404554
2015-03-02,1042.0228271484375,1044.2242473608048,1005.8419175163435,1005.8419175163435,7276993
2015-03-03,1045.1553955078125,1049.3040900939543,1031.8626436033596,1044.2240812177915,3566704
2015-03-04,1037.39453125,1068.9469825763415,1025.5976053987013,1055.5131508391037,4956996
2015-03-05,1030.7056884765625,1042.2203555103856,1013.1795944440114,1039.8496431711926,2831550
2015-03-09,994.7225341796875,1028.1941522355746,990.6020536322479,1025.710577750901,2366515
2015-03-10,989.1624755859375,1010.1315690461203,973.1322109381454,998.504040944158,2668429
2015-03-11,981.9659423828125,996.528595900972,977.7326008539213,996.1616925213929,2817523
2015-03-12,986.3120727539062,996.2462652446575,982.2198084599446,987.7795828109831,2488366
2015-03-13,955.1265869140625,998.7017934647805,950.0747919803135,996.9802413010403,3480124
2015-03-16,948.1555786132812,965.1453743856056,943.3577229604712,958.4284591541177,1994878
2015-03-17,968.3906860351562,972.5392765598904,950.0743591446751,957.2992525336024,2178091
2015-03-18,959.0211791992188,975.079662134493,955.4369981552131,973.6967980851031,1931079
2015-03-19,949.6229858398438,981.5424374249992,942.6239175183341,971.4388502871649,3146062
2015-03-20,942.8215942382812,958.1180545964103,933.0566932835887,950.0747056490242,2528511
2015-03-23,944.232666015625,953.9129207317642,938.672891270264,949.5667176683758,1682382
2015-03-24,943.8377075195312,953.2357055835682,934.7218633382716,944.6278417443783,2093748
2015-03-25,921.5984497070312,946.4905185369337,917.9859500420534,944.3174170018488,2524261
2015-03-26,922.5579833984375,939.8018221708583,910.704627082769,915.5306984517016,5232288
2015-03-27,946.9984130859375,951.4292619146963,926.8194525328048,931.3914816349438,4774842
2015-03-30,975.7849731445312,978.7483114577684,950.2438535624044,953.912679714863,3359008
2015-03-31,970.6487426757812,986.0862792641061,965.907421025153,979.3411484764232,2813583
2015-04-01,978.889404296875,981.6270196191175,969.7172354133153,971.7774749117139,1500330
2015-04-06,992.2388305664062,995.8512269081256,972.0880834061574,980.1878631412382,2732079
2015-04-07,998.899169921875,1006.2369264363035,986.7917734876702,999.2095391320223,2142483
2015-04-08,1004.4027099609375,1008.8053440616907,994.1015094157931,1001.8344895099865,2066943
2015-04-09,999.5199584960938,1009.22842676231,990.9404155385683,1007.5350904757961,1702879
2015-04-10,995.6818237304688,1003.5840948777602,987.7795525831772,999.0684966003003,1415592
2015-04-13,1017.9776611328125,1019.9531518056926,999.7742907638146,1004.854301099349,2358313
2015-04-15,1009.0311279296875,1027.2627121642859,997.8832595008677,1018.2597299187678,2280493
2015-04-16,990.206787109375,1009.2286083744216,982.1352229147055,1009.2286083744216,2251882
2015-04-17,981.994140625,997.0365588067357,976.5472275058482,993.480593325776,1497997
2015-04-20,958.6824340820312,983.2075962400307,942.0594394719208,983.2075962400307,2375331
2015-04-21,953.20751953125,971.072201689822,948.2685861937994,958.4286067601615,2067291
2015-04-22,985.2959594726562,988.9084586947462,951.5139809377001,956.622205526485,2776149
2015-04-23,973.1605224609375,994.7787785592895,966.9233720274442,990.6018680134687,2547232
2015-04-24,947.4782104492188,974.1200451623931,942.6240273400201,971.9751591346461,2187252
2015-04-27,941.325927734375,957.2150155652864,935.5685415222403,948.2403515841943,2775021
2015-04-28,940.0558471679688,950.8084931490885,923.4328505545644,950.8084931490885,3310885
2015-04-29,934.2985229492188,943.8941320204726,929.0774359157048,937.8827040612252,2125135
2015-04-30,920.780029296875,935.1169602103387,917.5626482840568,934.6089798801747,3737527
2015-05-04,919.6510620117188,931.5891676708558,913.3292651764135,926.1140391317695,2455548
2015-05-05,927.0452880859375,939.8017424005769,918.2117023724555,922.8683776726385,2135422
2015-05-06,883.1594848632812,927.8918177922681,879.518874002135,927.1015804425356,4843735
2015-05-07,885.5585327148438,894.6460567664474,871.2780344235548,880.5349541320167,3978019
2015-05-08,903.8184204101562,911.5795121297135,892.6988708393077,896.9039970001166,3842286
2015-05-11,911.7488403320312,921.1750525862839,907.4872837130276,909.4909894383599,3087799
2015-05-12,880.1962280273438,911.5229509994718,877.7126542275251,911.5229509994718,3287785
2015-05-13,897.2989501953125,900.2905041133919,880.9864288772185,886.2075147048093,2439559
2015-05-14,890.0459594726562,898.5409618656668,886.405347514438,895.2953653483089,1777146
2015-05-15,898.569091796875,904.2417279625312,889.2839560521243,895.6903989585916,2762061
2015-05-18,910.083740234375,912.3132724417712,896.903951334339,901.6452729556213,1792155
2015-05-19,914.7969360351562,922.8685007416523,908.192881569355,911.5513395784666,2281797
2015-05-20,910.196533203125,923.122382661263,907.6283132120383,918.8890416481472,1442643
2015-05-21,924.7310180664062,926.2550622522856,908.3903829105359,914.4017067938469,2451279
2015-05-22,933.282470703125,938.1084384768089,921.6266226795515,925.6906716964872,2647665
2015-05-25,920.187255859375,931.2221578350102,917.2239171613876,931.2221578350102,1397434
2015-05-26,913.4986572265625,923.827969058264,907.9106671642803,923.827969058264,2059530
2015-05-27,923.09423828125,929.0209161554844,908.3339743664388,914.4017291676113,1575588
2015-05-28,918.2118530273438,926.170556425904,905.9351615853,924.0538854876206,2633245
2015-05-29,933.8468017578125,942.4827759876124,917.6190291717817,920.3283260489206,4191568
2015-06-01,962.6898803710938,964.6372584136985,927.3838606480244,944.881634238463,5386807
2015-06-02,944.6277465820312,969.6044605228183,940.9307042655262,965.7662379260765,4373604
2015-06-03,933.3953247070312,952.5300066883788,927.9484117941334,945.4461880277964,3209997
2015-06-04,938.362548828125,948.2685269199006,928.8233707723208,935.8507592326863,1967170
2015-06-05,950.3004150390625,961.8150819694953,936.2739588740811,936.9794468103453,2404830
2015-06-08,947.5626831054688,962.9438891949349,943.2446964555662,950.3567291834856,2129532
2015-06-09,940.874267578125,951.5422670320871,934.7217632960169,945.9824925465134,1416730
2015-06-10,962.97216796875,969.6608670859664,942.6239167998656,943.1883277873824,2389308
2015-06-11,946.0953369140625,973.3580131741015,942.7650946896082,967.9676344509804,2981295
2015-06-12,935.540283203125,950.0747216562975,931.3351569678234,945.2205381605025,1835109
2015-06-15,941.7210083007812,956.396523768074,932.4640874566361,939.9147067399978,1700772
2015-06-16,946.8009033203125,951.0906752193349,934.6370755763778,942.6239929573024,2043630
2015-06-17,965.6815795898438,972.2574179622908,946.010701948779,951.6551225544285,3984108
2015-06-18,969.2376098632812,976.2084633504903,964.4961851211993,968.0240382937999,2842159
2015-06-19,968.644775390625,983.3203908208637,963.6494127328572,973.6683534293037,2126232
2015-06-22,977.90185546875,981.5707857700137,968.898977058584,973.6685141030844,1613481
2015-06-23,997.12109375,1000.19739732308,980.724028802151,982.6995190254285,2350728
2015-06-24,989.6141967773438,1001.7214918348886,984.9575209814263,997.9396997528482,1816593
2015-06-25,1021.5054931640625,1025.5977584897632,982.1918407048964,982.1918407048964,4201746
2015-06-26,1005.1079711914062,1018.2595431021953,1001.8906941832495,1018.0338200469794,1818054
2015-06-29,1010.6677856445312,1013.1795748530652,970.2817539797869,986.0861925429839,3110302
2015-06-30,1006.293701171875,1021.0257533549558,997.9398779641378,1007.8741765577897,3076677
2015-07-01,1022.60595703125,1026.7263334024656,1006.3780799512081,1006.3780799512081,2471292
2015-07-02,1016.19921875,1026.1617282040816,1011.4861134817231,1022.775055833771,1335757
2015-07-03,1020.1224975585938,1030.1131220509076,1011.7686756327183,1016.0020173717674,1830951
2015-07-06,1025.0611572265625,1028.1374608386268,1001.8907464125912,1001.918961795964,2029512
2015-07-07,1022.4083862304688,1029.5486358902697,1013.2926461384902,1025.5693362868528,1728982
2015-07-08,1019.6427001953125,1024.2993759602361,999.0686186563327,1010.3575640526241,2385891
2015-07-09,1043.603271484375,1044.7886277131702,1024.6096664978363,1024.6096664978363,2888308
2015-07-10,1059.12548828125,1061.1575126334862,1043.9701068185122,1044.2241486199364,2696910
2015-07-13,1048.5701904296875,1061.1573499778635,1040.8373162762855,1059.1253259370985,2160397
2015-07-14,1048.485595703125,1056.6135889116852,1044.844881478531,1049.6991671113228,1669578
2015-07-15,1055.17431640625,1061.1574240779964,1051.2513449449186,1052.6907427777812,1757511
2015-07-16,1054.412353515625,1059.464147198096,1048.1752037140793,1055.5129601345132,2124406
2015-07-17,1056.41650390625,1065.6734269915662,1052.1549458420645,1056.02148838661,2513529
2015-07-20,1053.9891357421875,1061.1011698884518,1044.2242352412184,1057.2064131598129,1654725
2015-07-21,1041.3739013671875,1062.8510836936375,1037.5074628441923,1055.4567913202302,1305582
2015-07-22,1046.736083984375,1054.3843142414728,1033.527975527245,1040.6117946894385,1643224
2015-07-23,1033.52783203125,1052.4367896454676,1028.9841218096444,1049.868569658281,2011395
2015-07-24,1017.3285522460938,1036.8583569718096,1014.3369973420081,1035.757750021607,1986279
2015-07-27,984.0260009765625,1014.8729609176472,980.921585219279,1014.3649806450818,3556780
2015-07-28,992.8313598632812,1000.1974354661116,984.1953852702309,987.7795658742712,1856446
2015-07-29,1010.5267333984375,1015.1269778292119,987.8077684348698,997.2622991029979,1687711
2015-07-30,1001.185302734375,1021.6464196429696,998.1937481844147,1018.8242607712746,2621203
2015-07-31,1011.06298828125,1024.9483685383038,996.8108080142797,1007.2529810776532,2882673
2015-08-03,1004.3744506835938,1006.9708864093556,961.8434237597946,965.2300970287127,4953312
2015-08-04,1001.7496948242188,1013.0668555429281,992.8596775056752,1004.7130339303999,2105218
2015-08-05,1004.4873046875,1011.4299434954129,998.5606265114058,1001.7496886940503,1552152
2015-08-06,1033.3585205078125,1036.7734086328062,1001.8907207278797,1003.0759735052602,2809791
2015-08-07,1034.8826904296875,1040.8375838355826,1025.0894709861968,1032.935312024809,2368350
2015-08-10,1027.714111328125,1040.950329876205,1019.4449370627867,1033.8100809880154,2166975
2015-08-11,1016.651123046875,1030.0566355938324,1005.8419428260406,1028.5326946619953,1658853
2015-08-12,994.8350219726562,1011.8812455684833,988.9083452460106,1011.7965994287107,2478813
2015-08-13,993.5086669921875,1012.5869162043382,986.6506754839925,994.8351000117968,3626170
2015-08-14,1015.7195434570312,1018.6828820422033,987.8077093217306,1004.0073693795732,1955958
2015-08-17,1004.9105224609375,1016.0018553782056,996.5567018670137,1011.9943407356387,1508725
2015-08-18,1016.0863647460938,1024.440184215449,1006.4625431284798,1012.1634967822835,2073873
2015-08-19,1024.2994384765625,1027.2909931694387,1008.0997744891341,1015.9456163063845,1626091
2015-08-20,1005.7572631835938,1026.7263589777833,995.6818900541008,1013.1796665960948,2032938
2015-08-21,982.1351318359375,990.6018140069369,973.6684496649381,990.6018140069369,3087904
2015-08-24,920.9208984375,958.428338539587,905.9349136372421,958.428338539587,4809892
2015-08-25,917.0264892578125,940.0841462817539,889.0017869308912,931.3069899674264,5436565
2015-08-26,898.7102661132812,927.1018721102266,894.4204934534854,918.8610148117922,3418867
2015-08-27,914.429931640625,924.5617353251429,897.524781909769,920.0461368432312,6486766
2015-08-28,912.3978271484375,934.1572614260606,906.0478157868247,925.6341488455469,3557331
2015-08-31,904.749755859375,920.0462165589477,902.5484388741978,912.7084588240011,2546173
2015-09-01,888.355712890625,904.9493224838924,877.2933064951135,900.9577723744633,4791088
2015-09-02,871.1063842773438,903.2386283792677,866.715616582244,903.2386283792677,4657150
2015-09-03,894.5711669921875,896.3958635532824,876.7800622868082,879.4600984123623,3510199
2015-09-04,874.6416625976562,892.2331313638724,866.7440242639339,888.9258951417839,3262708
2015-09-07,860.7567138671875,884.4211263321621,857.6205035422067,877.8920620433948,1831632
2015-09-08,892.1192626953125,894.6852816675905,849.6373756412248,863.8930540002547,2772253
2015-09-09,908.0855102539062,910.9366770673644,889.5531869953605,904.0939602443231,3469864
2015-09-10,921.1152954101562,926.617994445882,886.9587179301157,896.0538017524374,2940453
2015-09-11,914.0443725585938,929.2409547196622,908.1140041255705,926.6179272226657,2370705
2015-09-14,915.755126953125,923.196644670337,905.5195553554764,916.1542924234132,1564111
2015-09-15,888.4982299804688,920.5734619514585,883.850871337797,915.7834771145408,4171896
2015-09-16,883.109619140625,896.7380438138296,875.4115628583057,896.3958870967457,3774322
2015-09-18,878.4906616210938,903.2384980264401,875.3258950788983,890.1232577588195,3023722
2015-09-21,883.9934692382812,888.0420279191653,871.0208013443863,872.4463847344431,2421045
2015-09-22,846.757568359375,890.6365248010052,844.077480332196,889.7240722124427,4925386
2015-09-23,852.659423828125,857.6204347623211,825.260055087987,839.9434007791626,4148463
2015-09-24,833.9275512695312,848.1546711788513,832.5304723179192,848.1546711788513,3337753
2015-09-28,815.4523315429688,837.6911636679442,812.9148690198823,834.8115443836951,3741877
2015-09-29,824.68994140625,835.3816863155541,805.3592352867568,809.7214985332242,4576866
2015-09-30,836.094482421875,837.6625876638743,824.7754845844054,835.267647157941,3287628
2015-10-01,849.6943359375,852.2888589636432,833.7279801545607,845.6457252247865,2706871
2015-10-05,884.2215576171875,886.1317672059087,857.6774752013682,857.6774752013682,3955770
2015-10-06,886.6165161132812,891.6630407038689,877.8635894802653,891.6630407038689,3646411
2015-10-07,880.8572387695312,887.215276853053,878.1485938461773,883.8509272762927,1399029
2015-10-08,874.5562133789062,883.2236265852803,867.0007311817992,879.8592769932238,1634403
2015-10-09,881.7980346679688,892.3757612208594,877.0081542477269,882.3112174966442,2046471
2015-10-12,886.1318969726562,893.1171361314183,883.5658779659786,886.7020886147244,1188325
2015-10-13,881.4559936523438,893.37373975969,873.8720066240793,889.5532157824169,1813896
2015-10-14,878.3482055664062,886.0747658809098,875.3259605753457,877.5213703732256,1693611
2015-10-15,889.8383178710938,891.5489970439241,881.0567827251652,883.9364538425151,1884301
2015-10-16,915.184814453125,917.4371807591388,885.3049389081059,892.6893425158618,2580712
2015-10-19,901.4139404296875,918.0645586300395,898.2776255542419,916.8670622818644,1893249
2015-10-20,897.2797241210938,910.5374876161549,894.1720181556594,904.2079538394246,2194296
2015-10-21,884.1075439453125,899.5606663361075,881.5985337221343,898.6483179661478,2086108
2015-10-23,861.2127685546875,895.1697556350738,858.9033937720571,890.72203219758,4297068
2015-10-26,860.1580810546875,872.4464362350351,857.6205664852582,866.7726589046613,2636010
2015-10-27,852.345947265625,868.4548263415372,849.6944152763664,858.2478116362823,3801229
2015-10-28,851.2054443359375,854.7693243994989,845.6457371427662,849.5802782740815,2522211
2015-10-29,838.6604614257812,853.0301559840665,836.2940253923698,852.4884687577285,2901601
2015-10-30,804.4468383789062,854.02802740386,798.3168875992908,839.9434293334247,11414433
2015-11-02,791.8447875976562,800.5977652205886,783.6335493495005,798.3168425046433,7422958
2015-11-03,783.0918579101562,796.5492035670173,779.841578079876,796.5492035670173,5215915
2015-11-04,780.1267700195312,791.4742725697187,778.3590819966139,791.4742725697187,3886504
2015-11-05,780.6115112304688,786.655897587093,777.7888485812206,781.2102072292403,3723427
2015-11-06,785.3442993164062,790.6188585279496,782.4076195376414,782.9208023973665,2817822
2015-11-09,774.9661865234375,777.7887967789043,759.0283863926569,769.8056445338157,3894880
2015-11-10,768.8932495117188,779.7845766347714,765.8139957971282,772.6852165795058,3552916
2015-11-13,759.0853271484375,774.93761278173,758.4010659668286,774.93761278173,2728915
2015-11-16,773.8827514648438,777.1045271285766,756.1202026727881,758.1159776610214,3453009
2015-11-17,770.8035278320312,782.635707834523,766.9544997607139,780.3547849088513,2795227
2015-11-18,766.640869140625,780.6399550325283,764.6735985117854,772.0865590760206,2537497
2015-11-19,774.9091186523438,778.3589811685468,769.8625944855314,774.3673792478063,1806705
2015-11-20,779.4138793945312,783.1488375736176,766.6692997627722,776.8763652107162,2543665
2015-11-23,780.5828857421875,789.1362816070188,778.3875280584235,781.2101382526608,2178064
2015-11-24,764.9872436523438,780.5829400105289,762.6778683729133,777.2186423540422,2611854
2015-11-26,759.9122924804688,772.2576568381768,758.4867089536016,769.6631334515636,4076958
2015-11-27,778.3590698242188,779.7846532880973,761.8225209075384,762.0506079970644,3462969
2015-11-30,783.8331909179688,789.1648109703268,777.7887530975876,778.2734837974626,3613390
2015-12-01,778.2734985351562,788.5660777718673,775.8214972489036,784.0612928334102,1377124
2015-12-02,772.0866088867188,783.4911201625554,770.8606081323151,780.0697615592255,1781221
2015-12-03,768.57958984375,778.3019771809902,766.5268062593627,770.0906862260925,1776231
2015-12-04,764.017822265625,770.5468865038109,762.9628999773483,764.4169876942469,2201155
2015-12-07,764.7590942382812,770.6609581966852,761.8794753609562,767.2110955332686,1649014
2015-12-08,753.896240234375,764.1032531008836,749.2773861497703,762.9343135049754,2217838
2015-12-09,741.6934814453125,755.5214364425274,740.3819155181357,752.7558350019275,3327682
2015-12-10,747.5382690429688,751.4158014102871,741.86449228108,746.7684425587553,2893311
2015-12-11,733.1686401367188,749.1349451629779,727.9225326869789,747.6238486237277,4114018
2015-12-14,726.6964111328125,736.931980675717,721.051191370939,732.3986918116939,4010256
2015-12-15,731.7144165039062,735.1927831140152,721.3933340938304,727.0385537464917,3333246
2015-12-16,730.4029541015625,740.7240372346372,727.6088484345656,736.0196697926158,3351052
2015-12-17,739.12744140625,741.1232162891953,730.773576402741,735.0217697984561,3764286
2015-12-18,734.1094360351562,746.1982596193325,732.2276785453732,736.6469503796809,3934995
2015-12-21,735.7631225585938,739.9828117724477,732.4557816485617,733.5677648753531,1760169
2015-12-22,730.0037841796875,739.5265364331168,727.6088439378884,736.1622392341576,2622499
2015-12-23,736.1621704101562,740.7239634064226,731.600325208113,734.4514915108343,2420179
2015-12-24,738.1581420898438,742.1497446556434,733.4822782228246,739.4696559686287,2227447
2015-12-28,738.5287475585938,741.4083665614239,734.5371452935528,739.6691829746967,2357763
2015-12-29,735.3353881835938,741.8644519423493,732.9118914314593,741.2942604054311,2280091
2015-12-30,731.8855590820312,740.1538065955592,730.7450715447437,737.5877879453368,1811727
2015-12-31,727.2951049804688,733.6246376281795,725.4133477982487,733.310985328255,2324868
2016-01-01,735.1358032226562,736.1622210740446,725.6415033545397,729.3195050058297,1127733
2016-01-04,716.1757202148438,735.563432065039,714.6646239808786,733.3110137884997,2767263
2016-01-05,716.7176513671875,723.6173776104074,714.2086410220925,720.0819491963379,2470134
2016-01-06,705.2844848632812,718.3711698557757,704.2295625788759,717.914995712106,2728635
2016-01-07,687.9210815429688,700.4375745862565,684.27163629644,700.3235049508418,4689760
2016-01-08,672.3539428710938,693.9085115064345,670.0160111209684,692.8820935322208,5356012
2016-01-11,669.0751342773438,675.6612594845168,652.9376996915527,662.603078710204,4304283
2016-01-12,672.3824462890625,684.2716877459633,669.0181487752218,676.4881181801677,4095195
2016-01-13,659.6094360351562,680.8503530132464,643.2724175979231,680.8503530132464,5619939
2016-01-14,647.0073852539062,658.6114783315384,633.0082995813497,646.8648112549365,5099718
2016-01-15,631.7537841796875,650.9134113893622,627.248999267628,650.0010631048398,3987867
2016-01-18,617.8687744140625,632.951286643169,612.4231368060933,630.670363703788,4166632
2016-01-19,640.3357543945312,645.7813921020962,609.6290421526603,618.2964555104152,4372536
2016-01-20,636.4296264648438,640.0790716884031,614.333372417105,627.7907179932872,5856754
2016-01-21,628.7886352539062,648.6895318552321,622.174005958396,644.355773209358,3802062
2016-01-22,651.3126220703125,652.9092316791634,633.1224028033736,636.3156742268634,3694869
2016-01-25,635.3176879882812,660.2366039878153,632.3239996337414,656.3305151838425,2472816
2016-01-27,631.6968383789062,639.7940607249674,625.9090435381172,639.7940607249674,2618145
2016-01-28,612.7081909179688,629.244789743486,610.1421723628831,627.8192064776224,5794726
2016-01-29,628.18994140625,632.3810742156807,610.2563137679546,612.4231671752144,4848987
2016-02-01,639.822509765625,660.8638947428582,633.0082974887978,641.5046845659247,7053951
2016-02-02,639.7369995117188,652.9091977694342,633.5215353542286,640.9344436047191,4505643
2016-02-03,632.2669677734375,638.6535096567565,622.8582332893262,631.1264803048434,3731595
2016-02-04,647.6062622070312,655.6749289201373,637.6272810274506,638.0834552679419,5956549
2016-02-05,650.0010986328125,656.9008242717626,642.3885551775567,651.0845253313471,4000879
2016-02-08,644.52685546875,660.2366197180392,638.8816353194325,650.6283019565446,2539246
2016-02-09,635.34619140625,643.1868211537184,628.6175448105929,635.8023655274015,2523124
2016-02-10,638.99560546875,644.3557294399699,628.959618674721,631.6397067632206,3203877
2016-02-11,622.9153442382812,641.6473032133815,615.274296208874,637.9122922802566,4395021
2016-02-12,600.8189697265625,628.6745112466534,579.3784220338225,627.0208410143504,6160240
2016-02-15,655.418212890625,658.4404058139378,607.0345173471597,611.4537370907843,5939226
2016-02-16,629.5299072265625,660.2651222346188,626.849818947229,660.2651222346188,3548740
2016-02-17,640.0505981445312,646.4656450032679,617.0704990932675,630.4422800357266,3479412
2016-02-18,655.5608520507812,669.9875568705863,646.0665503364471,646.8648812878534,5457168
2016-02-19,656.04541015625,666.537571427603,645.154083482484,653.5649046723038,3036894
2016-02-22,655.6177368164062,666.1669067431191,650.1720996121575,655.7603108038553,2054481
2016-02-23,644.4414672851562,659.1818252047314,641.5617957315093,658.7541553467278,2045679
2016-02-24,634.60498046875,644.3558206772731,632.9513099716054,639.7940268361633,1816150
2016-02-25,619.5225219726562,638.6536473927005,616.9850072855814,637.513159678142,2655282
2016-02-26,633.322021484375,637.2280587506987,622.8583626321094,622.9723800791778,2277972
2016-02-29,613.5635986328125,640.649370460067,600.4769129884705,635.2322369769308,5500993
2016-03-01,640.9059448242188,643.7856159557871,616.4147490553573,619.8361074179111,3647113
2016-03-02,648.8605346679688,656.2734945271886,646.1804986995691,651.7687098989114,3652203
2016-03-03,688.3203125,690.6582442936825,646.8933493196753,655.1331454207022,5552958
2016-03-04,680.3941040039062,697.9285646844933,676.8586761869104,692.825031769535,3438969
2016-03-08,677.1153564453125,691.1143900662145,668.9896303244846,684.8419171292583,3022782
2016-03-09,691.5989990234375,695.6761138532773,671.7266076953113,674.2356175000682,3121141
2016-03-10,676.3739624023438,696.5314493819991,673.5798568469197,692.2547518782092,2932767
2016-03-11,676.0889282226562,685.412098306703,667.9061413024583,677.9706857368902,2996377
2016-03-14,675.2620849609375,688.0636741300382,671.5556308994294,682.5609756512405,2726301
2016-03-15,673.2947998046875,683.0456393506543,670.3296157374211,677.828088978269,2444158
2016-03-16,674.6917724609375,679.5387135906087,664.2566203471073,676.8586255196294,2704711
2016-03-17,680.4226684570312,687.1228114191248,675.4047003768895,683.1312613252675,3872653
2016-03-18,683.8724365234375,685.9822809234573,678.6263820851439,683.7013581818018,2566830
2016-03-21,700.323486328125,702.8324961827021,681.0498427123965,684.8418618509122,3575446
2016-03-22,705.5410766601562,709.9318441553829,696.8166547978141,703.6593713679864,2979816
2016-03-23,708.5347290039062,712.2127307373172,701.5494909988267,707.0806935715699,2438136
2016-03-28,687.892578125,710.6160848231685,683.1597062615904,707.65090076773,3717456
2016-03-29,680.82177734375,693.4237835256422,678.5693588330444,688.8334334315566,2703178
2016-03-30,700.2664794921875,702.4618370179373,685.1269594599681,688.8334133326891,2874000
2016-03-31,693.7943115234375,701.3782963817821,690.8291280251187,699.0688695988827,4945963
2016-04-01,705.8831787109375,711.8135465340782,691.1143200709939,691.1143200709939,2539944
2016-04-04,704.7142333984375,712.7828977133033,696.5885081661239,707.0236082787869,1740162
2016-04-05,681.506103515625,704.0870906674813,678.597927886475,700.4661494140756,3151113
2016-04-06,691.0288696289062,692.8250618699587,674.2926868459945,683.7584831771844,2583834
2016-04-07,674.520751953125,689.9454205012048,671.6126287906193,688.8334373154697,2707579
2016-04-08,679.8524780273438,682.5610711082753,673.4374303665517,675.1481097427629,1565038
2016-04-11,691.8842163085938,693.3382518492251,676.0604338690015,681.990750084642,2529934
2016-04-12,697.0447998046875,704.1726127557841,688.2918206507853,692.8251103141523,2837052
2016-04-13,704.1724853515625,714.4935679138324,700.8651970288394,704.7997377895275,4955905
2016-04-18,714.4935302734375,716.7459485015104,689.432095047927,703.1460304826816,2644515
2016-04-20,721.878173828125,723.0186093143301,711.6426021963399,716.7746401929481,2522848
2016-04-21,713.8948974609375,727.038590359244,710.5305481016551,724.0163976895019,1723543
2016-04-22,721.3934326171875,723.6172946735863,707.9360862256145,712.7829757753631,2008374
2016-04-25,721.6216430664062,728.5213696984289,716.8317092098741,724.187662280543,2128689
2016-04-26,730.4598999023438,731.8569787184051,718.684730132937,719.112399863559,1877685
2016-04-27,727.8656005859375,734.8793967622128,724.7863462568004,730.4601241206756,1557685
2016-04-28,718.2286987304688,731.5434717340615,714.7217749192191,728.1791219299354,2789970
2016-04-29,715.4060668945312,721.9636357325837,710.2169683371242,718.5707816701282,1689373
2016-05-02,713.2105102539062,716.2041982572587,704.7996899321269,710.5019701975807,1344315
2016-05-03,713.581298828125,731.6860040583218,709.9318534234424,716.2043262927251,2525149
2016-05-04,710.9583129882812,717.2877949454253,707.0807802816481,711.1008347898419,1644345
2016-05-05,726.3829345703125,731.3153896634855,709.4757245586732,709.6468029272376,2821255
2016-05-06,718.7418212890625,725.5560334060684,715.0638716249712,724.7577025624568,1610382
2016-05-09,738.1865844726562,739.5266026007587,720.3100180274533,720.7661921899654,2788513
2016-05-10,752.727294921875,754.238391286184,734.4515645591168,738.4431142506816,3676146
2016-05-11,757.1181030273438,760.6819831435841,738.4431540421785,741.2087555005596,4603557
2016-05-12,750.4749755859375,764.0463393563174,747.7093741036427,755.6070131152534,1553274
2016-05-13,733.5962524414062,749.8477042087013,730.1463898164885,746.9965375158462,2103742
2016-05-16,731.7430419921875,739.013428733197,723.4747416298948,736.6184882479042,2410951
2016-05-17,736.2191772460938,746.4262419076282,732.5412280630613,735.0216811373033,2223565
2016-05-18,746.9110717773438,748.2510899285552,728.2076175570841,732.9690463977122,2603508
2016-05-19,721.963623046875,745.8561228612989,718.5137603262161,743.575199884871,2005083
2016-05-20,715.691162109375,729.7187525098739,713.4102390947334,725.3279848427013,1672558
2016-05-23,707.7650146484375,721.8211093301327,705.9402658057176,720.5666042893477,2198760
2016-05-24,708.3067016601562,711.9847037036557,697.5579479450004,707.7650144234086,1858491
2016-05-25,736.5044555664062,740.5245624072933,713.3817803982402,718.4853139941292,3721570
2016-05-26,840.5992431640625,846.7291943593146,792.61471253864,800.5978647280164,20691907
2016-05-27,841.02685546875,848.1261632145328,827.9686752960505,840.513672626706,5885740
2016-05-30,847.983642578125,853.3152625354494,836.0373933508438,838.175742205231,3487939
2016-05-31,840.2571411132812,847.9837545726109,836.636251967033,847.4705194563047,3809605
2016-06-01,835.41015625,846.3014834292005,833.1577377192215,838.2612707064006,2486295
2016-06-02,842.3668212890625,845.4745791233221,822.0667606366351,832.530417181823,3103587
2016-06-03,832.8727416992188,847.3280028347508,830.2497139969049,842.2244692362556,2250340
2016-06-06,837.206298828125,840.1429783897269,833.1291839926982,834.1270974859077,1901931
2016-06-07,848.4397583007812,855.3394828744272,833.2717346574227,841.0838074245937,3348535
2016-06-08,861.7260131835938,863.7217878818395,849.7227562276156,852.6023747523101,3325263
2016-06-09,850.4641723632812,863.1517448434938,847.9837187927249,861.7831701302125,1813729
2016-06-10,848.3258056640625,858.1907154328873,841.8252455800534,845.2466039833816,2152996
2016-06-13,836.0374145507812,840.4566341580542,829.8504548948152,838.2327721754125,2209357
2016-06-14,832.84423828125,840.0861210378312,829.7364798171968,837.0924322246029,1689316
2016-06-15,863.2086791992188,865.033375718683,834.5263000861818,834.8113958659023,2960616
2016-06-16,852.0323486328125,860.471675360459,842.7946387828011,860.471675360459,2447025
2016-06-17,844.0774536132812,856.9646061315614,839.8863216792151,852.2031782962515,2653944
2016-06-20,859.359619140625,861.041793810273,832.7015202505589,834.4692079891934,2975367
2016-06-21,852.3743286132812,861.5549761950463,849.9223797066664,861.041793369828,1195078
2016-06-22,850.5211791992188,857.0502959696724,844.0491233541248,853.0586936896411,1813926
2016-06-23,854.5413208007812,859.8729414436214,840.1716250928649,847.9837516080395,2053992
2016-06-24,815.765869140625,837.0923498423248,798.8871646791523,825.9729353446493,6840802
2016-06-27,836.3795166015625,837.8906130121668,814.2832620126022,814.8250014305619,2560092
2016-06-28,840.5421142578125,850.492535661093,837.0922519956321,837.4914173788927,2342134
2016-06-29,845.759765625,851.3479772493475,842.3669116661208,847.4704447837098,2000545
2016-06-30,853.3438720703125,858.1337532121963,846.7292419850797,848.6109996500302,3960568
2016-07-01,879.6597900390625,880.9998081882262,855.7387850501381,858.0767168240978,3497923
2016-07-04,894.1720581054688,899.2470870970242,882.9100168536243,883.8509739632794,2718052
2016-07-05,898.7337036132812,902.0980530076979,884.9912624676558,893.1454923309717,2636760
2016-07-07,886.4169311523438,902.0695824357772,884.2215735390249,898.6767285574933,2084571
2016-07-08,873.9574584960938,887.357795838287,867.9130727850061,886.6734824171353,1915600
2016-07-11,889.439208984375,895.939769372101,886.4455202415927,888.4127387684747,1815517
2016-07-12,894.1150512695312,896.2534003203898,882.1117922248167,894.0009294183305,2383048
2016-07-13,884.6491088867188,895.1412168636806,879.9161332618115,894.1718600204943,2036055
2016-07-14,892.0906372070312,895.7971433564715,879.8592400019743,888.9544270261604,1909636
2016-07-15,904.2935180664062,909.51117333079,887.9280476801997,893.0315810922668,2428458
2016-07-18,897.7642822265625,914.4434018060433,892.4042105948754,905.5193461265923,1855422
2016-07-19,896.8519897460938,902.9533838032924,890.4654477121306,896.395815630208,1926168
2016-07-20,895.7401123046875,904.3791259925275,894.4285985153116,896.9661130144121,1790911
2016-07-21,888.1561279296875,898.1065504390864,884.9913088669133,898.1065504390864,1678212
2016-07-22,897.536376953125,899.7602390024385,885.3049790645438,889.6101813688466,1877206
2016-07-25,904.3218994140625,905.9754651236854,891.2636689743334,896.3957054559514,2209774
2016-07-26,908.1995239257812,911.2217165352084,901.5848427652205,905.8045315583589,1729183
2016-07-27,913.588134765625,920.9155295137308,904.749695861308,910.2522897029668,2467012
2016-07-28,899.3895263671875,916.1256561127097,890.3514524821549,914.6431163020125,2811580
2016-07-29,888.8973388671875,908.6272619971102,883.8509189610925,906.659939232262,4228011
2016-08-01,851.7471923828125,904.379136148718,849.6373476698491,889.0115271821178,9155449
2016-08-02,857.2498168945312,863.2086894223212,849.7798479664953,853.0586321923529,2410914
2016-08-03,843.1367797851562,865.119018500728,838.5179249463496,859.901415485663,2619658
2016-08-04,837.748046875,853.0585928818247,832.7585315631361,853.0585928818247,2254336
2016-08-05,862.2964477539062,864.8909710976112,842.7946617226568,844.134732142182,2805628
2016-08-08,859.4166870117188,869.3956660854193,853.6859014390583,866.7440820891634,1403923
2016-08-09,855.8812866210938,861.0418282618341,848.154674132935,860.9847673411125,1865400
2016-08-10,845.759765625,857.6205023018069,841.8537288008217,856.1094058586656,1683261
2016-08-11,840.912841796875,843.3647907948375,834.1556385136703,841.1123722985084,2240371
2016-08-12,850.720703125,858.5898374962464,843.0797080278497,843.3648038117947,1659132
2016-08-16,858.9605102539062,862.5529468859703,839.3732132354552,851.889706628379,2610843
2016-08-17,856.7651977539062,863.4653406642141,850.2075766421285,857.4779633639174,1384653
2016-08-18,855.5240478515625,865.1062331744316,854.3118802955657,860.66147787526,1780732
2016-08-19,862.5952758789062,864.124952465301,854.1098911236361,858.9298124705197,1392250
2016-08-22,861.6139526367188,868.1656402057894,853.7346780654573,862.9705001769935,1837995
2016-08-23,852.6666870117188,862.7972194774,844.614231458682,861.6138539764607,1273489
2016-08-24,850.559814453125,859.1895259375107,845.6821836083734,851.4256710857029,1230627
2016-08-25,839.6788940429688,856.2167345305846,837.2833608907285,852.0606332777085,2616154
2016-08-26,823.833740234375,842.7382593070329,819.9085305026525,839.8809429572328,2788650
2016-08-29,842.4785766601562,844.9318197162712,819.2159177736635,826.604554633607,2094229
2016-08-30,851.8009033203125,853.0419786062096,841.526095778583,847.3850555627332,2598309
2016-08-31,873.3319091796875,876.2180804150972,848.7127041853073,851.4256935200992,4152240
2016-09-01,869.9550170898438,875.9871586274588,867.0399382650918,873.3607339096828,1905766
2016-09-02,868.771728515625,873.0721571833099,858.2371738696818,869.9550941941808,1755505
2016-09-06,875.3233032226562,879.8546229023051,867.6748681089229,872.898915339052,1960860
2016-09-07,876.3912963867188,889.783167376082,871.6290845969218,878.9600116106054,2648263
2016-09-08,888.6575317382812,892.3806517263542,878.0651628887505,880.6050230253976,1692184
2016-09-09,876.0737915039062,889.5811876248063,871.6290886647915,888.9461696789915,2262933
2016-09-12,844.6143188476562,861.007885739143,842.7094236219222,858.9298086114882,1953571
2016-09-14,851.5989379882812,855.466438379542,840.5159825545236,844.614374547673,1718754
2016-09-15,848.6838989257812,852.6091089465236,841.1220801703894,851.4835057982915,1126282
2016-09-16,850.3865966796875,865.2792869280428,847.673554851751,852.6378025504325,2112271
2016-09-19,854.1964721679688,860.0842870396957,845.0761221582491,852.0029756185626,942540
2016-09-20,851.97412109375,856.8228973787016,847.7025473655749,853.1574338980698,1097205
2016-09-21,849.7517700195312,858.8721200360824,846.4037626590997,854.3119450278068,1337071
2016-09-22,865.827880859375,868.1657046153166,852.5802833726409,860.0843398502766,1952950
2016-09-23,864.1249389648438,875.958330828424,860.4306207716741,868.7428234943817,3121780
2016-09-26,846.0574340820312,872.7546636419967,843.6907556740721,861.2387805648659,2122144
2016-09-27,829.144287109375,852.1761051582265,826.2869708021178,848.5683515867778,2819209
2016-09-28,840.4004516601562,846.8078120725858,830.327680717669,832.3768501473381,2393218
2016-09-29,829.8370971679688,847.9623256551334,819.9374546293003,843.6908046141939,3040345
2016-09-30,827.268310546875,831.5398312195653,814.7710989394282,828.3362039269714,3497865
2016-10-03,848.9434814453125,851.2813046695833,828.4515257447199,830.0966743074965,2181718
2016-10-04,836.5039672851562,854.0519893273752,833.1560133855915,852.4646033148224,2289637
2016-10-05,839.2748413085938,843.8638709897035,831.8862049325245,842.7671227548665,2059848
2016-10-06,839.5923461914062,847.0675470572252,834.6858075766133,845.0760873389778,1627375
2016-10-07,841.0065307617188,842.7093891735519,831.7996168185765,838.7264698306739,1098751
2016-10-10,836.9948120117188,845.8842704428117,835.2919534871055,843.3155552343408,875911
2016-10-13,830.298828125,835.5516777751158,826.2004364068611,830.5874293960701,2659995
2016-10-14,851.3390502929688,852.8110170406017,830.4141654394509,833.531280819325,2632323
2016-10-17,835.8114013671875,852.5801864273526,831.7996271333699,851.3679659961255,2140920
2016-10-18,859.0740966796875,861.1809757063901,837.600810160865,841.4394552804769,1983013
2016-10-19,860.6902465820312,866.4337862327857,852.0316812727352,859.074005719884,2146896
2016-10-20,867.9635009765625,870.1858520782072,855.7837464810583,863.5476007648645,1502340
2016-10-21,872.11962890625,873.9956691468257,861.8736768027516,868.1655645438772,1670799
2016-10-24,861.6139526367188,877.4014094696283,858.2371433266198,875.4676593801745,1517035
2016-10-25,856.6785278320312,865.4813678964211,853.5614124119802,862.9704155041575,838206
2016-10-26,855.6395263671875,859.5070263339031,848.8569475810349,854.1387046958099,867619
2016-10-27,851.5989379882812,855.9859312718665,841.0932379830954,854.1676533010306,2440678
2016-10-28,854.7160034179688,857.1403915185002,844.4988524587981,849.1167899193025,1212981
2016-11-01,844.58544921875,854.917966448297,842.7671185519622,854.8891116064315,947158
2016-11-02,836.2153930664062,839.8808559954765,829.2019761296436,835.7247551126657,1493443
2016-11-03,833.646728515625,846.6057227469045,832.3767984489174,832.4634158180116,1411942
2016-11-04,819.5621948242188,827.9898699541816,806.3434531559376,823.6605865945328,18639006
2016-11-07,806.9783325195312,826.4312507289146,803.7169429248743,822.5637509587497,2158653
2016-11-08,806.5166015625,811.5962691645867,798.8970737355223,811.3076679018292,1881726
2016-11-09,802.6202392578125,813.3857374245672,747.5806337012361,761.9538325859386,4757398
2016-11-10,815.117431640625,823.7182351889379,808.450325191692,808.450325191692,2766432
2016-11-11,801.667724609375,813.3279336540685,800.0514836480997,806.3433713022393,2518285
2016-11-15,790.9889526367188,812.4621882907873,786.9194155651242,796.010910942055,3958053
2016-11-16,794.0194091796875,801.3791907629685,779.8482465580598,800.8019353758319,3299710
2016-11-17,791.3929443359375,798.8970525983468,785.0433467894027,795.549045509082,1377642
2016-11-18,791.0753784179688,797.9444678396509,785.6204402348311,791.970089747561,1654947
2016-11-21,778.0586547851562,795.8376212916322,773.4984805950025,795.8376212916322,1962840
2016-11-22,767.4664916992188,785.0434249729832,753.0067270992198,784.0332412079108,3084870
2016-11-23,783.4559936523438,799.4743427499261,778.1165791849493,783.3117194328138,7493139
2016-11-24,779.0689086914062,788.4490043074479,773.4985504332594,781.5221514592465,4315369
2016-11-25,791.2199096679688,793.817479990482,771.4206760941856,783.7735625491791,3065824
2016-11-28,783.2827758789062,792.0856161812526,779.2709489240403,791.0754853681467,1777818
2016-11-29,780.6852416992188,790.6425931679514,778.7225839692712,783.3116664895394,1741327
2016-11-30,798.1754760742188,803.0820145336286,779.2709574989387,787.9295236933714,4335631
2016-12-01,801.407958984375,809.575886657271,792.4319372740669,800.2823560216623,2151997
2016-12-02,786.1112060546875,796.3571579157901,784.4660574221209,795.4335916612854,1217827
2016-12-05,782.8209228515625,787.8140256702471,778.7514391516652,785.1587462170027,1062822
2016-12-06,786.284423828125,793.1247126857822,783.773471184354,783.9755079312893,1771909
2016-12-07,781.4644775390625,793.7596524768019,779.2709810831138,789.6612608308888,1557765
2016-12-08,789.05517578125,794.1348964498716,786.0823871103044,788.0161372037867,1388842
2016-12-09,786.3132934570312,792.7206008202262,783.3116500887421,792.489709241719,1211254
2016-12-12,787.900634765625,793.6441219073491,782.7920597928435,785.0433186146166,1636279
2016-12-13,794.10595703125,795.953089552059,788.0449609638847,788.5067440940869,2168125
2016-12-14,785.0144653320312,797.6848051547588,783.3693166839219,797.6848051547588,1360938
2016-12-15,783.2250366210938,789.1417588631101,778.6937167047214,779.1266450225423,900523
2016-12-16,785.3897094726562,787.6409685235537,780.4543158835049,782.9076116806073,1577425
2016-12-19,776.3560180664062,784.4661846434699,774.3933601857511,783.6003279275278,1148169
2016-12-20,782.4457397460938,785.7359841497331,775.8940529304949,776.384743742872,1177779
2016-12-21,774.6531372070312,785.3608736240682,773.498626387168,784.0043789008122,950224
2016-12-22,758.8656005859375,775.8075139747361,757.3647789553664,773.9314737245991,1357563
2016-12-23,772.0266723632812,774.6530971439357,751.8521702270734,759.5006058342404,2136648
2016-12-26,772.11328125,776.3848550430624,761.001471267035,770.9588232712124,1198728
2016-12-27,782.50341796875,784.7546238260876,767.2066015310717,773.4984888440216,1222356
2016-12-28,779.2421875,786.9194256993522,776.9620734916222,783.3117246240035,1294264
2016-12-29,773.0368041992188,781.5799513053387,767.9571365302603,774.3932988540406,2010627
2016-12-30,778.7514038085938,782.4457215730024,775.8074703934711,776.3847257105533,1280979
2017-01-02,784.8124389648438,790.2384701044784,778.7802976390795,782.7632168376002,1476811
2017-01-03,789.1994018554688,793.7018665498687,780.5408362307345,785.0433009251344,1363398
2017-01-04,794.6254272460938,797.3673239573586,791.104291342654,793.7018610119503,2144739
2017-01-05,803.6880493164062,805.2465805156083,795.4335573653647,797.8867999410032,2781498
2017-01-06,802.9088745117188,810.2686561607975,800.9751244376046,805.2466980756714,1462912
2017-01-09,796.9633178710938,806.9495239528741,794.6832040842032,803.5149522757384,819484
2017-01-10,800.9174194335938,805.2467027818834,795.173878862604,796.7324631461461,1359729
2017-01-11,815.2616577148438,818.4364827049336,805.246597636243,806.9783107494393,1514451
2017-01-12,836.6195068359375,839.4768230276355,816.2141671893199,816.7336600068314,2707455
2017-01-13,830.500732421875,842.7669979300496,826.7197974201222,842.7669979300496,1400770
2017-01-16,832.838623046875,836.9947772348637,826.7776265117031,828.3362107560469,1052802
2017-01-17,834.5414428710938,842.73822580465,831.2223434904151,831.2223434904151,1423840
2017-01-18,838.408935546875,847.9622129910159,834.6857627349196,834.6857627349196,1538178
2017-01-19,836.67724609375,844.498810559197,834.1373859012567,838.7264682915052,1019914
2017-01-20,816.6471557617188,839.2459934022188,814.4825141161652,836.6772782698024,2177485
2017-01-23,804.4097900390625,815.63707314535,797.6849726831604,815.059817685751,3534069
2017-01-24,819.5621948242188,821.9865829360826,806.9784182385326,807.1227452997533,1879687
2017-01-25,836.850341796875,839.3035843655875,819.9084296735283,822.4482367567398,2294773
2017-01-27,831.1646118164062,848.6837802405607,827.3836765436102,837.6007736757937,1871125
2017-01-30,832.838623046875,846.8078016282909,830.0679240518102,832.9540952621838,2601585
2017-01-31,834.8302001953125,839.8810134161074,823.7183371227841,831.2224462674877,1894153
2017-02-01,860.228515625,862.8837950547615,834.858928300414,835.8113494030962,3577633
2017-02-02,852.29150390625,862.393181953328,848.712658110354,861.0078325189863,2257914
2017-02-03,854.7160034179688,858.9298145394048,841.0354257872682,852.2915624697403,1650459
2017-02-06,856.5054931640625,865.8567353361527,853.9656326476895,857.1981679827912,1526715
2017-02-07,866.0297241210938,868.627293747823,849.780486534844,854.4272253159604,2499546
2017-02-08,869.8106689453125,872.2062020280379,859.6512812621506,868.6273562480259,1689792
2017-02-09,860.4884033203125,872.1197594267716,852.2339095827289,870.4746105090732,1529256
2017-02-10,866.982177734375,870.5610762389588,861.3829648379226,863.114677987436,1300986
2017-02-13,865.943115234375,871.0516900226894,855.206525714081,869.0602305255751,930046
2017-02-14,861.5849609375,869.8683605337445,857.7752238968171,868.7427047614832,926545
2017-02-15,854.3118896484375,869.1468716732952,852.0894855506742,861.6428161372381,1952469
2017-02-16,848.6838989257812,857.1981389186695,843.3732864668536,856.5631738111055,2071947
2017-02-17,853.1573486328125,857.1980303649082,845.6532933630966,849.1455745885946,1028691
2017-02-20,855.841552734375,861.2387291481892,851.4545071378143,855.9569720974011,1105371
2017-02-21,856.2166748046875,860.1419370533838,852.0028641631553,852.0028641631553,970615
2017-02-22,852.5513916015625,859.3627729651562,850.1558054120189,856.0436732379494,1291317
2017-02-23,858.1217041015625,869.3201315758032,847.5005320463927,854.3119663092522,2175397
2017-02-27,846.1439819335938,865.8566480987965,842.8248823984469,862.7972949885403,1553899
2017-02-28,848.07763671875,858.9008436043731,846.3170687783806,849.6938776180812,1773558
2017-03-01,852.0894775390625,857.1114882069477,849.2033064252307,849.6939444165664,1219411
2017-03-02,850.8195190429688,863.1724021032878,848.5394055019841,855.4951126299785,1920216
2017-03-03,848.7415161132812,853.359400425986,842.7670843540742,849.3187714702544,1205019
2017-03-06,857.54443359375,859.5070384458705,847.3850455396049,847.3850455396049,821986
2017-03-07,858.0062255859375,860.9789613123856,853.9943984681643,856.6208232451997,991566
2017-03-08,852.176025390625,862.6817233243694,847.8755974877893,856.8516190427447,1424362
2017-03-09,852.5224609375,855.928177951373,845.6533700718462,850.2135450363128,1111050
2017-03-10,861.0078735351562,864.4135376020731,854.340766763435,854.8314047721753,1836264
2017-03-14,899.3941040039062,905.5129158589889,875.66966379044,875.66966379044,7224810
2017-03-15,894.0836181640625,900.490978961135,889.0617126601726,898.7592655400559,2408866
2017-03-16,906.869384765625,909.1494456661446,899.3363687985873,899.913677005459,2396146
2017-03-17,896.1904907226562,907.9372652226392,891.3417146047963,906.8694246750919,1927983
2017-03-20,887.5895385742188,897.8355431000072,886.2041892172056,897.0273962179042,1442107
2017-03-21,894.1700439453125,903.1461186371712,890.6777628010694,894.7184972868421,2415213
2017-03-22,883.0872802734375,895.7287671090235,880.5185649856501,887.7051122663369,3371401
2017-03-23,891.1974487304688,899.567361222867,876.8530512895414,887.214423532985,2511771
2017-03-24,895.4112548828125,899.3364649102432,889.812041128251,893.5641220923507,1347655
2017-03-27,891.1974487304688,897.6047034664698,887.791731770663,894.6608753749637,1583550
2017-03-28,891.3993530273438,899.2209171213575,889.5810753404297,893.5639944868565,2628958
2017-03-29,898.4994506835938,904.877956526177,894.7186206230276,897.0275365793349,2280357
2017-03-30,899.0189819335938,906.2632382338285,896.0173385674757,902.2226091890267,2288326
2017-03-31,909.0917358398438,919.9149435246229,895.9306518779199,895.9306518779199,3543100
2017-04-03,958.7920532226562,961.6781718559573,910.0731319424292,913.1324853387853,6576885
2017-04-05,979.2550048828125,981.2753722743711,951.2012286110446,958.7919544786646,5179798
2017-04-06,971.6066284179688,982.6607815174133,963.4098446821077,972.6457198662705,2740816
2017-04-07,972.9342651367188,992.8201141573861,964.6220620543168,966.8732683085553,4096639
2017-04-10,966.3248901367188,986.5571023347414,959.946384537898,974.3773993756622,2406430
2017-04-11,984.1326904296875,986.4994217477366,964.564350420206,966.3249186394247,1974126
2017-04-12,982.9203491210938,987.9423595723582,967.6235847451363,978.4179371750787,2135064
2017-04-13,968.9223022460938,978.1292150711839,965.4011664852561,978.1292150711839,1975483
2017-04-17,970.5386352539062,975.3008463143323,964.5064941976746,969.7593432140332,1135260
2017-04-18,963.6983642578125,980.6979867626393,960.0618089349925,972.0682758854005,1839489
2017-04-19,964.3045043945312,966.8732194907506,959.282599264849,963.9871011342775,1158162
2017-04-20,970.4521484375,973.5692111511825,960.0618689282993,966.2382846733316,1044189
2017-04-21,974.0889282226562,982.2857132131721,969.7596440972221,978.4182123480903,2415931
2017-04-24,1000.1797485351562,1002.3155351012623,976.1089995271245,977.2634044796167,3238530
2017-04-25,1007.9149169921875,1010.1661232921039,1002.0848644875119,1004.3937804751955,2879794
2017-04-26,1010.9163818359375,1018.2473077076288,1004.3936028408584,1007.857029057551,2885722
2017-04-27,1019.8348388671875,1024.0197421272999,1006.7026094774842,1008.9249607414919,2126127
2017-04-28,1010.0505981445312,1019.2575119826371,1004.5090946589955,1017.6990334899283,1637739
2017-05-02,999.8046264648438,1019.9791285868661,995.7351425084007,1010.2237610545867,1861141
2017-05-03,992.96435546875,1007.4241178908788,990.5399147977356,1002.0847042812514,1296282
2017-05-04,999.5738525390625,1005.5194300768522,994.0034936647719,995.1580044989694,1255336
2017-05-05,995.3887939453125,999.2562940681423,983.1513813514714,998.6213818427908,1555141
2017-05-08,986.8455810546875,1003.7009299395309,984.2480112508115,997.4668046883828,1246116
2017-05-09,1007.07763671875,1014.1777231730573,984.1901499902259,988.2308839708461,1836462
2017-05-10,1003.960693359375,1018.8245292524933,999.2561919009083,1012.8790583124752,2010127
2017-05-11,1002.5755004882812,1012.7636913526344,992.6181483745272,1010.1661212360029,1270446
2017-05-12,1004.7401733398438,1014.2068877060861,996.658808606256,1002.921895341022,1803768
2017-05-15,1005.7791137695312,1011.0608184594313,1002.3733966832621,1009.3579599162966,1195701
2017-05-16,1004.7976684570312,1009.1558060327503,997.206943400028,1008.4342236780966,1654389
2017-05-17,1013.31201171875,1018.247352014134,998.909852897717,1006.6448525442837,2502879
2017-05-18,994.3496704101562,1010.223636493044,990.7708249014765,1004.1916012544038,2155830
2017-05-19,995.475341796875,1000.9302809347972,979.8899221975443,998.0440568883093,2268141
2017-05-22,1011.291748046875,1015.3612321673318,998.044098556204,1000.3531201679514,2839224
2017-05-23,1004.8264770507812,1018.7667456838025,997.1203329942122,1013.0521138728255,1463805
2017-05-24,972.3280639648438,1014.1489781737417,968.3739997590712,1005.6058319127369,2173069
2017-05-25,1021.0469360351562,1024.5970327236214,976.6862646513625,976.6862646513625,5404771
2017-05-26,1031.870361328125,1038.4509575657244,1012.3885833243619,1021.711024197354,3066081
2017-05-29,1028.86865234375,1044.7714754246729,1019.4019388067337,1029.7345090002407,3033658
2017-05-30,1020.296630859375,1058.6251617519717,1012.4750662578422,1048.263736913755,6550440
2017-05-31,1016.3427734375,1030.3696115859675,1010.5703241974999,1023.1541028836735,3000732
2017-06-01,1034.8717041015625,1037.8733471815972,1009.0115327059901,1015.9383850913965,2898184
2017-06-02,1029.7919921875,1041.9139827122028,1026.3862759949866,1039.0277592602456,1425321
2017-06-05,1041.8564453125,1044.4540151401613,1029.5035083631078,1036.1417071353355,1906419
2017-06-06,1024.6834716796875,1043.6746052578624,1022.9517586566974,1043.4725157009802,1431069
2017-06-07,1032.4476318359375,1035.8533492178854,1023.4427003050017,1024.0199029188313,1327540
2017-06-08,1024.1641845703125,1038.4508198788249,1022.5767454153457,1032.6783715127983,1428979
2017-06-09,1026.444091796875,1029.734388986217,1016.8619600078814,1025.751364274262,1632207
2017-06-12,1002.43115234375,1026.328882730468,986.4417633236618,1026.2133576561084,4068957
2017-06-13,1003.8164672851562,1012.8791068693174,1002.4021573091155,1007.0200944710015,1412274
2017-06-14,1018.507080078125,1022.4899989831538,1001.3919333177181,1005.5480869462388,2079657
2017-06-15,1001.7093505859375,1017.0349675101498,998.6211433327918,1014.2931239769218,1481092
2017-06-16,996.7164306640625,1010.7433719118667,993.2530040392307,1001.4209325888447,2243152
2017-06-19,1013.5140380859375,1015.9384789229015,999.8912764609581,1002.0847728725682,1781056
2017-06-20,1010.4547119140625,1021.1047910015963,1004.5091347239318,1015.1880686534784,1565472
2017-06-21,1012.5903930664062,1028.6375942809968,1010.7432605887104,1015.0725433929233,3556927
2017-06-22,1002.315673828125,1019.1710242821341,999.9490482221169,1015.9385419942262,1761759
2017-06-23,994.4075927734375,1006.2697876153163,992.2718058076543,1004.3937999449206,1716825
2017-06-27,982.28564453125,1003.2104811093013,973.1652936577295,991.4348502505616,2317045
2017-06-28,983.1801147460938,985.9219585954945,970.5386302266113,980.6402547676387,1578525
2017-06-29,983.4111328125,994.6672688310575,978.735485942637,983.6708263803109,2709552
2017-06-30,974.1465454101562,980.7270355168286,958.9651975649984,980.7270355168286,3251535
2017-07-03,973.9444580078125,987.365236096147,965.94965856066,974.3773863332426,2170096
2017-07-04,971.693115234375,981.3042083093573,964.5642783603556,981.3042083093573,1640038
2017-07-05,978.591064453125,980.7268510635173,969.8170792944236,972.0682852633821,1034440
2017-07-06,979.918701171875,985.3159302083569,975.7049433386182,980.8423731237357,1417581
2017-07-07,983.843994140625,991.6367031614051,975.6472116798162,979.5724210291096,1845099
2017-07-10,999.8623657226562,1003.8164300107527,988.2310115754267,988.2310115754267,324259
2017-07-11,1005.0285034179688,1010.1082233294004,998.6212495471617,1004.0472275199719,2123947
2017-07-12,1004.1338500976562,1014.0334912515367,1001.911498931746,1009.0115864219973,2036904
2017-07-13,1029.9010009765625,1036.3866555673505,1016.666824911735,1021.1366317962888,1643754
2017-07-14,1026.4830322265625,1036.8250322321087,1016.2726261631141,1036.8250322321087,1401864
2017-07-17,1026.52685546875,1035.948553395144,1018.7704092709207,1032.4428053295092,1646087
2017-07-18,1032.3551025390625,1040.3306573691905,1023.7659776531202,1025.3436069544343,2375324
2017-07-19,1035.3349609375,1040.3306085121642,1025.5188033878574,1037.701297791409,1827242
2017-07-20,1039.147705078125,1046.8602876336356,1030.6900653721952,1035.9486881547066,1845852
2017-07-21,1033.538330078125,1042.9600278083262,1025.6065324500175,1042.9600278083262,1912305
2017-07-24,1032.4427490234375,1036.5182023248644,1026.3953125426365,1031.5663120548268,1313657
2017-07-25,1026.1763916015625,1034.15194808203,1021.4874743564761,1032.4429384744135,2182162
2017-07-26,1034.414794921875,1037.701433753442,1021.9255673619201,1025.3436931441381,1161591
2017-07-27,1035.992431640625,1047.2546260519325,1028.0606337432257,1034.8968853557324,3881208
2017-07-28,1017.89404296875,1043.3107182103288,1010.9701686607235,1037.7014995182458,3278658
2017-07-31,1046.422119140625,1058.2978856208435,1034.283485700875,1046.2030098475357,5000536
2017-08-01,1043.004150390625,1050.1908927580473,1026.9214419075752,1050.1908927580473,2721660
2017-08-02,1031.3912353515625,1044.581549684187,1027.6225129782686,1043.8365995369875,2154488
2017-08-03,1029.5943603515625,1038.2711080034558,1023.3716790815774,1034.108032275284,1426006
2017-08-04,1030.5584716796875,1035.9047162241877,1025.1683624884272,1028.9370845537164,1082867
2017-08-07,1034.1517333984375,1038.227186601662,1027.1841024606488,1031.3033133190884,1035670
2017-08-08,1026.4830322265625,1039.454343387389,1020.1727282486682,1034.1957210768287,1531255
2017-08-09,1011.3207397460938,1026.3077919978623,1006.1497397212177,1026.3077919978623,1439328
2017-08-10,1014.6511840820312,1022.7144695640577,999.1382902648052,1008.7790983287639,1713614
2017-08-11,1004.2269897460938,1014.9617794180134,998.2386223507257,1009.5943845820536,2001103
2017-08-14,1017.4901733398438,1022.9018614418432,992.7382332640263,1014.2519974790869,1866838
2017-08-16,1013.3646240234375,1022.3693740117808,996.5084823237698,1019.3529901535826,2143899
2017-08-17,1006.0455322265625,1026.4503357902406,1003.4284376967995,1015.8043513222347,1508949
2017-08-18,1003.029296875,1009.2838569950317,996.2868607058506,997.1740262095958,1230709
2017-08-21,999.9241943359375,1011.3686507271636,997.7062806282024,1005.5576734942708,1651344
2017-08-22,991.5848388671875,1006.932845379709,987.4596059176457,1004.2713488720974,1361351
2017-08-23,997.30712890625,1001.476763481195,988.6572651908582,993.6253703834614,1710949
2017-08-24,1004.0052490234375,1007.6427145584684,998.9484485085892,1002.4971108478737,1316100
2017-08-28,1010.392822265625,1024.676165335226,1001.4324722627005,1006.6666621410087,1884734
2017-08-29,1002.5413818359375,1010.2596780997194,996.5973082140741,1007.5094868043814,1045267
2017-08-30,1011.0582275390625,1016.6030121542939,1005.1585550491415,1011.3687138182006,895791
2017-08-31,1008.0862426757812,1015.8045395264794,1002.9406392442663,1014.9173739897751,1926054
2017-09-01,1010.6588134765625,1015.2721386856571,1003.872084581435,1006.8883604030201,976551
2017-09-04,1003.07373046875,1010.4371394067995,995.3997269572249,1000.6783185542777,1006945
2017-09-05,999.5250244140625,1010.4814965940254,995.6658761785703,1003.5172691328273,1110437
2017-09-06,991.4960327148438,999.0369386402019,989.9878948483953,995.399582147282,891224
2017-09-07,1001.6984252929688,1003.339659613519,992.0727024217406,994.6011021368105,1038623
2017-09-08,1040.1129150390625,1048.6296826807072,1006.0901377721466,1009.1508156085487,4947759
2017-09-11,1080.434326171875,1086.777580238291,1022.5024923828194,1046.8551385152516,4364705
2017-09-12,1091.435302734375,1094.7621731958698,1081.89827407809,1081.89827407809,2451814
2017-09-13,1085.3135986328125,1090.326104008678,1071.252050927973,1084.1159471917042,2233311
2017-09-14,1077.1962890625,1094.762208992185,1074.8009855705284,1085.4913729883094,1440488
2017-09-15,1075.5992431640625,1083.8055222789742,1066.4171038677678,1077.0186860003055,1723247
2017-09-18,1098.266357421875,1105.4080821702494,1081.0554353961168,1081.0554353961168,3005809
2017-09-19,1087.5762939453125,1098.1335858878515,1082.7855782078955,1095.6494789731676,900287
2017-09-20,1096.4923095703125,1109.4006127170417,1089.5724826816556,1089.5724826816556,2347635
2017-09-21,1089.4835205078125,1100.0851037943037,1072.3611848478745,1097.3349126941296,2216227
2017-09-22,1051.113525390625,1090.459286082677,1043.3508287598602,1089.4834258798335,2968531
2017-09-25,1033.7252197265625,1053.0654713651238,1015.8045195560798,1053.0654713651238,2720490
2017-09-26,1031.6846923828125,1037.9835452287346,1021.1274021865586,1021.1274021865586,1809036
2017-09-27,1008.8846435546875,1040.5565194026465,1003.827843120964,1040.5565194026465,2317721
2017-09-28,1005.4691162109375,1014.6512585582889,1000.7228018861309,1011.6792754425003,3474398
2017-09-29,1013.1873168945312,1023.8333019940549,1003.428497219968,1011.3241828648661,3193745
2017-10-03,1006.8440551757812,1027.1157633304188,1000.7669937180011,1025.1640427282248,1413186
2017-10-04,1009.860595703125,1014.7842995609288,1005.4690612230239,1006.9329060497242,1155472
2017-10-05,1004.3157958984375,1016.5143221101528,1001.1663149033282,1013.143049729376,1303081
2017-10-06,1012.965576171875,1015.7600607629352,1006.9328076619698,1006.9328076619698,1814990
2017-10-09,1012.2113647460938,1027.559370166055,1010.3483389827006,1013.1429317760715,1737288
2017-10-10,1013.7640380859375,1024.8980091385556,1009.8161946781743,1023.7890521929393,2347406
2017-10-11,1005.91259765625,1021.5710906573818,1000.1460218079886,1017.9337337047158,1638071
2017-10-12,1014.6068115234375,1016.7803236065223,1006.2674344453136,1013.1429668384819,1151274
2017-10-13,1010.1708984375,1020.2402040090607,1007.9529849505237,1014.6067254114524,1762307
2017-10-16,1015.5383911132812,1021.0831759610138,1011.945435509898,1014.0302529533296,1189499
2017-10-17,1019.1312255859375,1024.6760091854258,1011.3685285466539,1013.1428592984902,1123634
2017-10-18,1012.61083984375,1026.3619066755869,1009.6831500383389,1020.240442362098,1263098
2017-10-19,1011.1468505859375,1017.6232018749765,1008.7071455285904,1014.0301383809841,264888
2017-10-23,1007.5983276367188,1022.014768600044,996.4643560664102,1014.0302782203562,1077546
2017-10-24,1013.6309204101562,1016.1593202638724,999.0369838921059,1010.4814397682849,1281327
2017-10-25,1068.3245849609375,1077.9060150802763,1020.3289560722312,1020.3289560722312,6377478
2017-10-26,1085.447021484375,1103.1903320112958,1072.716217840624,1073.425885283757,5486055
2017-10-27,1086.46728515625,1101.8595854025182,1082.696831663528,1093.8306940582102,2036609
2017-10-30,1097.3792724609375,1099.9964755459541,1086.0236195505395,1089.4391849123278,1808153
2017-10-31,1084.3824462890625,1098.488291262073,1074.1800429231457,1097.4237359686058,1815888
2017-11-01,1078.1722412109375,1097.1132023747962,1076.397910267315,1087.75356332856,1929731
2017-11-02,1074.3131103515625,1078.7933398265461,1067.9255615264842,1078.3497570387885,1183382
2017-11-03,1095.6494140625,1106.4284967589476,1074.3574416434717,1074.3574416434717,1797145
2017-11-06,1086.5115966796875,1101.4160211136696,1081.0112136343184,1086.7777896610917,1691967
2017-11-07,1074.401611328125,1094.407124450699,1067.3485820087767,1087.2655085546126,1658527
2017-11-08,1080.744873046875,1086.7776412311084,1071.8732188327435,1075.2444907527376,1905789
2017-11-09,1078.7044677734375,1092.1893389880267,1069.8328134752705,1082.4749208501585,1733475
2017-11-10,1122.2198486328125,1131.0915027847666,1079.6803102928163,1080.2569894720052,5671395
2017-11-13,1100.5731201171875,1117.7840428627862,1071.8732317513231,1091.0360917220526,5216845
2017-11-14,1073.6474609375,1098.3107009329674,1070.8529767282637,1095.6492048887035,2519826
2017-11-15,1073.026611328125,1086.7776757973982,1069.9659338455251,1073.9137767777554,1801470
2017-11-16,1081.720947265625,1085.8018869432715,1072.5830992142369,1074.446125121796,2003168
2017-11-17,1084.826171875,1099.597392925386,1077.906236666654,1091.2137210699461,2261694
2017-11-20,1091.0362548828125,1107.182624843144,1085.890651288468,1100.0853003249188,2799314
2017-11-21,1084.6927490234375,1096.092802239708,1075.466207620466,1096.092802239708,2192795
2017-11-22,1084.7373046875,1092.9879878494758,1078.039269577571,1086.7778288276038,2266995
2017-11-23,1078.748779296875,1090.5037214405943,1074.6235466157636,1084.1161735565947,1654930
2017-11-24,1081.01123046875,1085.8906410289292,1076.5754026867692,1078.7933165777597,1637839
2017-11-27,1086.555908203125,1094.7621887917178,1077.9060448800137,1077.9060448800137,1464649
2017-11-28,1074.978271484375,1089.4391108179266,1072.582968223838,1089.4391108179266,4940494
2017-11-29,1080.434326171875,1085.0032494950447,1075.2444304071907,1078.3051076206687,2046078
2017-11-30,1079.2811279296875,1085.8017720645405,1072.5829857340643,1077.905978219097,3419336
2017-12-01,1074.93408203125,1095.6493744557763,1071.6959063502654,1078.9263267155018,1772981
2017-12-04,1080.1239013671875,1086.8663369155886,1066.1954475593518,1079.6803186561538,1796642
2017-12-05,1073.3817138671875,1077.4626540924528,1056.9247481661614,1077.4626540924528,2139688
2017-12-06,1056.835693359375,1075.2443738523086,1054.8395713782136,1069.8326870293583,1696890
2017-12-07,1080.9224853515625,1089.838433801153,1061.0499561522724,1061.0499561522724,2476888
2017-12-08,1082.65234375,1088.5520156981415,1080.3013336297254,1086.777684784208,2316890
2017-12-11,1083.9832763671875,1090.3265321230704,1078.128005014289,1085.8907040835136,2227028
2017-12-12,1067.17138671875,1083.672643129189,1065.0421678891457,1083.4064501642754,2009798
2017-12-13,1055.0616455078125,1073.4703309350036,1051.2911918660986,1068.5909203398446,2262858
2017-12-14,1054.6624755859375,1064.5986866762848,1043.3954078406664,1061.493607173479,1709762
2017-12-15,1067.748046875,1079.0150050479326,1065.485731603344,1066.3728970751201,2161729
2017-12-18,1080.47900390625,1085.8906923969512,1042.4195780771386,1060.1628900444089,2851823
2017-12-19,1082.253173828125,1084.1161996477483,1076.4421967061494,1084.1161996477483,2878543
2017-12-20,1093.4315185546875,1100.4844412178104,1072.5831285457339,1079.8578425919309,3293207
2017-12-21,1116.7637939453125,1122.2641758363243,1097.4235458573385,1099.197876570123,3664052
2017-12-22,1123.2845458984375,1126.7001111903714,1111.6182986783742,1118.183344607615,2490561
2017-12-26,1126.4339599609375,1131.1359802956954,1115.4331947113935,1128.2970940951484,2493302
2017-12-27,1115.921142578125,1131.9788170452941,1110.110273322452,1125.7243650236962,1675081
2017-12-28,1111.396484375,1122.2198592239072,1108.4687951586009,1115.6105201369487,2850194
2017-12-29,1116.276123046875,1126.7003189108136,1107.1382739921935,1119.6029940672809,1819413
2018-01-01,1118.4495849609375,1130.2489302991755,1114.1912552250412,1118.7157779491838,2048058
2018-01-02,1108.7352294921875,1126.6116383283536,1102.6137650775227,1124.0388363805573,1512324
2018-01-03,1131.402099609375,1139.0759938291137,1110.2875193663256,1114.1910688604053,2720736
2018-01-04,1167.2437744140625,1171.058629936277,1135.6606996902497,1139.9634313303197,4546456
2018-01-05,1166.5338134765625,1178.9984224472414,1160.4123505186433,1175.4941624137634,2418902
2018-01-08,1187.249267578125,1194.0803988235543,1167.9534173484785,1167.9534173484785,3513256
2018-01-09,1182.3699951171875,1191.4634428380289,1176.7365150177397,1188.801945944124,1703294
2018-01-10,1174.3851318359375,1185.6964900462553,1168.973444861292,1181.8816357233707,1098019
2018-01-11,1174.2080078125,1177.0912958519432,1164.8927695312218,1171.235916580736,1232290
2018-01-12,1179.176025390625,1181.9706183261328,1161.9649933318926,1175.9378497128641,1825056
2018-01-15,1176.3370361328125,1198.737964716959,1174.2522188941957,1184.2328306396075,2386631
2018-01-16,1176.5587158203125,1188.491155485639,1174.030316077463,1180.861554668254,3139385
2018-01-17,1200.6453857421875,1203.8835614171035,1171.280229890148,1173.7199349703963,2724814
2018-01-18,1207.2550048828125,1228.7243693168637,1198.07275418603,1206.5452290764872,4966982
2018-01-19,1216.7030029296875,1223.0906590943166,1200.778426553714,1208.3193328157802,2127776
2018-01-22,1241.011474609375,1245.2699124535714,1143.733753006634,1143.733753006634,3067658
2018-01-23,1251.5244140625,1255.3392692948894,1235.9103218422465,1247.354779242837,4804202
2018-01-24,1243.0960693359375,1250.7257781319224,1232.982470786011,1248.3303666622921,2147973
2018-01-25,1256.669921875,1266.029561152527,1234.9343672785033,1234.9343672785033,6113475
2018-01-29,1270.3765869140625,1278.9821571912514,1258.00067158068,1258.00067158068,2945415
2018-01-30,1268.5579833984375,1274.5906438836923,1248.0200801989731,1268.6022766959597,1988140
2018-01-31,1256.669921875,1277.252118011014,1252.6776771531945,1270.332292137826,2614515
2018-02-01,1291.358154296875,1304.1333598898048,1246.6449888699094,1294.2858439336255,8187730
2018-02-02,1255.73828125,1284.61555969859,1250.9476745016339,1284.61555969859,3621563
2018-02-05,1209.783203125,1242.031645988312,1202.197895111231,1224.2883367599077,3060688
2018-02-06,1200.3792724609375,1217.5015009107701,1148.2138999426752,1171.0140090123255,4230633
2018-02-07,1183.257080078125,1215.416832020267,1179.9302091875586,1215.416832020267,2927403
2018-02-08,1195.366943359375,1206.101625390552,1182.5917371427774,1193.2377242738453,1932082
2018-02-09,1179.2647705078125,1191.4632964393397,1169.3728532749324,1175.3169272522382,2029257
2018-02-12,1198.116943359375,1202.1091878948191,1183.9666977134823,1183.9666977134823,1543603
2018-02-14,1207.6097412109375,1217.6347555589434,1193.76997985625,1201.8431649551028,2310144
2018-02-15,1197.98388671875,1215.4167100958618,1194.479626384181,1210.4486050569733,1861841
2018-02-16,1178.5106201171875,1210.0936888712292,1171.4575897239067,1204.7706961049334,1424576
2018-02-19,1149.3228759765625,1180.7728488318987,1141.7819694186305,1178.1557539921846,4275673
2018-02-20,1144.9755859375,1161.8317276888865,1142.0036036564345,1153.3149619369701,2063972
2018-02-21,1138.0560302734375,1152.960346789754,1134.6847578072945,1152.4280691099887,1584305
2018-02-22,1146.2177734375,1151.5407661934016,1132.0231260884289,1133.7974570070626,3028574
2018-02-23,1154.8232421875,1157.7509315399052,1135.9266827655924,1146.750058117301,2176017
2018-02-26,1192.572265625,1195.6329433898045,1158.6381840477961,1158.6381840477961,2239306
2018-02-27,1187.1160888671875,1202.8189825995692,1181.083428673929,1195.4554659102157,2243499
2018-02-28,1169.417236328125,1181.3495690951436,1162.7190934223863,1178.1557949248422,2439968
2018-03-01,1166.8001708984375,1182.5030672264804,1164.937144770455,1170.1714435464694,1927606
2018-03-05,1153.93603515625,1164.5820203501444,1151.4963302159824,1164.5820203501444,1302005
2018-03-06,1138.5882568359375,1170.08263298427,1131.1360447640595,1161.0334796482139,2381856
2018-03-07,1120.7562255859375,1147.9034683747986,1117.8285361013297,1139.1205082175454,2156582
2018-03-08,1138.943115234375,1144.2661082484694,1117.163158833077,1128.385824097107,3588828
2018-03-09,1144.886962890625,1149.8107742402776,1135.5717260751646,1140.1849428937214,2508919
2018-03-12,1162.2310791015625,1163.9610083181683,1150.6535272779454,1153.31502348599,2267260
2018-03-13,1155.7547607421875,1173.6754590600951,1148.0364648411173,1163.4287633498166,1915199
2018-03-14,1156.1983642578125,1164.8482273320606,1146.2177530182958,1155.9765728969344,1714051
2018-03-15,1148.9681396484375,1161.8320407672409,1146.3066428652367,1157.6624057921924,1178352
2018-03-16,1126.0792236328125,1156.7751285778243,1118.1834289452179,1153.226466542642,5152611
2018-03-19,1135.1724853515625,1146.2176508198663,1123.0182548811908,1135.5716664469264,4452882
2018-03-20,1147.548583984375,1153.3151597832916,1131.1360220951512,1131.1360220951512,2831066
2018-03-21,1161.610107421875,1165.380560737333,1148.8793043572302,1148.8793043572302,2835466
2018-03-22,1149.9884033203125,1172.3006397094307,1143.5564527520794,1166.4453684376658,1834024
2018-03-23,1124.837158203125,1138.4995285514324,1119.159277348385,1134.3297857268497,2280525
2018-03-26,1151.008544921875,1153.4038484606608,1124.9258574818307,1124.9258574818307,1697069
2018-03-27,1160.0133056640625,1165.735479883676,1154.2023282562118,1159.5253213150413,2003736
2018-03-28,1162.9852294921875,1175.49424088684,1146.5726683930127,1154.2909646183227,3989865
2018-04-02,1185.208740234375,1188.358221167895,1164.005570816454,1164.8483347468803,1302024
2018-04-03,1180.284912109375,1187.914513163435,1169.328440686112,1182.3697292147633,1123582
2018-04-04,1149.8997802734375,1182.3256198415218,1144.6210796717112,1180.8174815533646,1285513
2018-04-05,1178.865478515625,1184.4102625086873,1163.0738903847584,1165.7353867014285,1758313
2018-04-06,1167.9979248046875,1173.720099658995,1157.928508514262,1157.928508514262,1492796
2018-04-09,1178.0670166015625,1182.591538713773,1169.1509605567005,1169.2840570328228,1118116
2018-04-10,1197.584716796875,1202.5084202892008,1178.1557709035346,1178.1557709035346,2177789
2018-04-11,1200.11328125,1206.0129542272339,1188.80191970061,1205.125788615517,1536552
2018-04-12,1204.28271484375,1207.787083401741,1193.7255324676814,1203.2625611982023,1695410
2018-04-13,1201.976318359375,1210.404391747704,1189.3342082768813,1208.3195742004343,1320241
2018-04-16,1213.7310791015625,1217.1910461544637,1194.2578400126893,1195.8103796123762,1304778
2018-04-17,1206.145751953125,1222.425215236216,1202.2864958608689,1215.8601696764263,1058589
2018-04-18,1206.6336669921875,1216.7029728574653,1198.5604833234145,1209.2951632541935,1459202
2018-04-19,1228.7242431640625,1231.474434612191,1208.142046452795,1211.069627686001,2229317
2018-04-20,1211.0252685546875,1228.7241763685906,1205.6578741407325,1228.7241763685906,1091415
2018-04-23,1206.5450439453125,1222.5140224681181,1202.552799314611,1215.4166986802045,1364935
2018-04-24,1222.51416015625,1226.240212245932,1199.4478552476414,1202.7303245506196,1002866
2018-04-25,1209.117919921875,1221.4051408268986,1203.8392200516703,1220.6510717873186,1536003
2018-04-26,1195.1893310546875,1212.0898773289362,1180.01882250187,1211.424503196825,4513014
2018-04-27,1222.292236328125,1226.9498550838664,1200.7784735039863,1200.7784735039863,1746280
2018-04-30,1242.830078125,1246.4674347450148,1225.441657278261,1225.441657278261,1309980
2018-05-02,1244.826171875,1263.1017577376517,1233.2486199077537,1259.7748874363233,3975516
2018-05-03,1222.292236328125,1247.842645392533,1219.4976434153668,1247.088468099588,1278892
2018-05-04,1214.263427734375,1230.2768090032544,1208.319461952358,1224.2884416257373,1274703
2018-05-07,1232.4058837890625,1236.619919598814,1212.134175289886,1218.965305810227,1250082
2018-05-08,1210.8922119140625,1235.821540790435,1203.1295137935197,1234.3134027599287,1604486
2018-05-09,1220.4290771484375,1226.5948332233017,1207.653874011975,1208.4966378046927,1270004
2018-05-10,1208.4969482421875,1228.9017572319826,1202.242495681961,1224.3772342892141,1262157
2018-05-11,1230.853515625,1232.716541635663,1210.3600129145536,1213.198899378747,1033691
2018-05-14,1225.8408203125,1241.1444238228244,1221.6267845632804,1225.6634305469465,1265158
2018-05-15,1219.1427001953125,1244.6931080992972,1214.4407883571942,1225.1754684854807,1824434
2018-05-16,1208.6298828125,1219.0097840163157,1205.3917071169092,1210.8921981290746,1491335
2018-05-17,1202.9520263671875,1219.8525726007572,1197.673434917107,1213.642414049335,1833028
2018-05-18,1167.1107177734375,1207.0774620267537,1163.9612366574477,1197.673528572831,2070654
2018-05-21,1165.0699462890625,1186.007027795502,1163.0738241652093,1163.0738241652093,2047129
2018-05-22,1171.191650390625,1189.600335991636,1167.5985865089049,1169.1955278555756,1375132
2018-05-23,1177.1796875,1197.6731847802637,1166.6223985081829,1168.3967291523018,1851368
2018-05-24,1187.0718994140625,1195.4555704858528,1176.7363991676157,1185.253166730315,1482329
2018-05-25,1190.576171875,1195.5442773114373,1181.4827249586672,1189.6446047259158,1696915
2018-05-28,1221.138916015625,1228.6798228079829,1192.4391335887294,1194.1247697075119,2127978
2018-05-29,1224.82080078125,1264.166573323903,1220.2075829984115,1236.442648435255,6814062
2018-05-30,1211.5574951171875,1224.288297420179,1204.0165889374255,1224.288297420179,2286366
2018-05-31,1215.771728515625,1222.0261808562245,1202.996522546085,1216.259604605082,2930988
2018-06-01,1217.5458984375,1238.4829816251452,1208.8516336146288,1220.5622826595104,2234018
2018-06-04,1204.6375732421875,1228.7241366414387,1201.2220079512692,1220.6952460761675,1346919
2018-06-05,1183.257080078125,1208.1421176581932,1176.9138245874626,1208.1421176581932,1905926
2018-06-06,1198.1614990234375,1202.1093424752971,1180.817368881639,1180.817368881639,1581905
2018-06-07,1202.242431640625,1211.8681563180967,1196.7419401845145,1206.9000508358445,2272271
2018-06-08,1192.3062744140625,1202.1094985139384,1180.9062170653335,1196.8309060272925,2483519
2018-06-11,1191.6849365234375,1202.109130086922,1186.1401527130736,1191.463145171023,1417401
2018-06-12,1212.2227783203125,1214.0414023435185,1192.882530013979,1195.8989139190796,1853562
2018-06-13,1205.436279296875,1213.864352638785,1200.335077010982,1212.5780058157586,1253808
2018-06-14,1191.46337890625,1206.0572094394481,1188.8018821551564,1201.2222003269267,1325652
2018-06-15,1179.84130859375,1191.4631538859692,1173.9416369170578,1189.6888230536745,2660969
2018-06-18,1173.8973388671875,1186.4951538655632,1171.9900196914896,1181.0390644157092,951701
2018-06-19,1162.541748046875,1177.7122571577274,1159.5697651401047,1170.0382535591173,1607343
2018-06-20,1159.303466796875,1170.34863347375,1153.3150999318443,1163.118321599891,2207289
2018-06-21,1144.2662353515625,1167.5099307763494,1140.8949627495329,1162.186937170986,2161971
2018-06-22,1153.181884765625,1157.7508080813489,1138.6767526225374,1143.2899692288377,3364048
2018-06-25,1125.0589599609375,1156.6420303676548,1121.5989928224794,1154.2023252221047,1622133
2018-06-26,1126.7445068359375,1138.6768386476679,1118.8043111950499,1125.635550039436,2003243
2018-06-27,1093.6531982421875,1131.1359381535501,1090.3263278358536,1129.361607270172,2332129
2018-06-28,1095.60498046875,1100.0852095196956,1069.9215828070587,1089.439223621118,4677061
2018-06-29,1131.224609375,1133.7530091716112,1093.9193683102785,1096.49206140011,2324572
2018-07-02,1114.2354736328125,1133.7531147593952,1102.6580287606682,1133.7088214620499,3832519
2018-07-03,1110.2874755859375,1121.3770428610667,1105.4524675726034,1117.1630072965177,2096700
2018-07-04,1117.3848876953125,1119.070523714785,1102.9240474974224,1110.6424519139866,1842579
2018-07-05,1112.9049072265625,1122.2645481602897,1105.0535128770118,1122.2645481602897,2006459
2018-07-06,1123.4176025390625,1134.0191858750106,1104.4322410966681,1109.8439284409453,2064484
2018-07-09,1142.6693115234375,1145.729989574956,1120.6675609642907,1128.2972718865744,2021357
2018-07-10,1139.6527099609375,1151.5407485934022,1129.1398210880222,1148.3912679423374,1923397
2018-07-11,1130.9141845703125,1140.8503945305151,1128.1195916763286,1138.7212840365905,1326221
2018-07-12,1153.09326171875,1157.3072974896013,1131.1359174390507,1135.6604394494948,2777124
2018-07-13,1151.8956298828125,1170.1712163022153,1142.003713559535,1159.5252310136432,2360493
2018-07-16,1138.322021484375,1154.3354019386456,1133.7088042431496,1153.3151399632104,1593400
2018-07-17,1141.6488037109375,1145.3305618782238,1125.6355327927452,1140.051970926379,1598278
2018-07-18,1146.3509521484375,1160.4125040279944,1138.2333659540648,1148.879352229551,1855985
2018-07-19,1116.1427001953125,1150.342967603827,1111.6181785898118,1148.25815069994,1468552
2018-07-20,1127.0107421875,1143.5564014630181,1113.8807569391834,1115.6106864544183,1937969
2018-07-23,1134.81787109375,1138.2334369107446,1119.7803495642536,1127.1438671824637,1229445
2018-07-24,1174.6070556640625,1178.1557174636519,1136.4589413184774,1140.0076031180668,4071039
2018-07-25,1171.6793212890625,1185.2085938795578,1165.4248700858184,1181.216349508592,2254936
2018-07-26,1158.5938720703125,1194.9233683704235,1147.3269122682748,1181.5271894689429,7489743
2018-07-27,1163.473388671875,1170.6151157203708,1153.758967786542,1165.4695114535125,1785314
2018-07-30,1149.189697265625,1167.9532674294046,1145.5079391385334,1164.4046057737135,3090391
2018-07-31,1155.355712890625,1162.5860253219462,1140.0077059049484,1153.2707872581313,2304148
2018-08-01,1151.5408935546875,1161.166618193576,1147.0606641709942,1158.6382180141925,1924210
2018-08-02,1137.700927734375,1150.6091192937083,1135.5717091204626,1148.3469125073793,1415162
2018-08-03,1144.4434814453125,1151.2746123957772,1138.2777246119672,1140.185043777121,1279748
2018-08-06,1144.8426513671875,1153.1377352498307,1140.7174185187669,1147.99213214262,842106
2018-08-07,1149.1456298828125,1160.4125895359746,1146.5284264192899,1150.3875750692102,1458197
2018-08-08,1151.7626953125,1161.1223353463606,1144.5766758918762,1151.2304176325608,1308818
2018-08-09,1139.7413330078125,1156.7749734706592,1138.0114038162487,1153.2706052028605,1035908
2018-08-10,1121.953857421875,1149.2341962110252,1119.6028472165044,1137.656643259929,1784956
2018-08-13,1125.857421875,1134.5072855060032,1110.7312067708742,1121.8207755285705,1627092
2018-08-14,1126.0369873046875,1138.1216810984024,1123.206710822623,1135.8305884638803,2146242
2018-08-16,1106.629638671875,1134.4829396249183,1101.5531280139096,1121.2301593327445,2292161
2018-08-17,1114.266845703125,1121.1403435909606,1106.4498856756165,1113.2335561404816,1750983
2018-08-20,1189.3359375,1196.7036508465417,1151.8687981556195,1168.0416829971182,11227838
2018-08-21,1188.3028564453125,1199.4890588527394,1181.5191853118743,1199.4890588527394,3057182
2018-08-23,1214.808349609375,1225.4554771302396,1184.8434994707166,1194.2776825336543,8248115
2018-08-24,1206.587158203125,1224.646858837035,1204.8799983128863,1216.2908239255205,3506532
2018-08-27,1218.4471435546875,1227.3422520906377,1208.8333059496006,1217.4588225350028,2595682
2018-08-28,1217.997802734375,1227.3421573469786,1214.763247974462,1224.062634038981,1889337
2018-08-29,1214.359130859375,1219.0762224998507,1208.2043616420913,1219.0762224998507,1435495
2018-08-30,1209.866455078125,1224.5568017310306,1207.5752528026176,1213.9995032039244,2288925
2018-08-31,1230.5318603515625,1234.5301126963282,1212.0228058529267,1212.0228058529267,3549583
2018-09-03,1224.6466064453125,1248.9059302707149,1222.0409534318935,1235.4285281454913,2347852
2018-09-04,1221.322265625,1232.3736699325507,1216.6500335898143,1226.4436347334524,1517216
2018-09-05,1211.16943359375,1225.4555044867075,1205.239397471975,1220.0645426161122,2413590
2018-09-06,1210.3607177734375,1217.997913443788,1202.9032866323796,1212.7867163234214,1586350
2018-09-07,1210.7200927734375,1219.2557817391871,1204.879884533714,1212.0678331364506,1307928
2018-09-10,1201.1063232421875,1214.7633824871477,1199.4889908434484,1210.944784576223,1228247
2018-09-11,1194.681884765625,1210.9445949150484,1192.1212002681805,1205.3739791774715,1617176
2018-09-12,1214.98779296875,1218.3121749309676,1186.4606253394227,1199.488780634706,1319469
2018-09-14,1220.9180908203125,1228.4204909630384,1213.4606592324528,1218.3574058191834,1462192
2018-09-17,1208.24951171875,1216.3809243066755,1203.6222468117928,1214.3593132998958,912431
2018-09-18,1193.1094970703125,1213.1009767161754,1190.728467446278,1207.3955651351419,1501479
2018-09-19,1197.602294921875,1206.6770595094824,1191.4026663511345,1197.6471537999898,867001
2018-09-21,1194.72705078125,1215.167782828596,1176.6224901399848,1205.9582222358358,2309530
2018-09-24,1184.5289306640625,1202.9031892738099,1170.1081752260245,1197.9614748282531,2425415
2018-09-25,1185.157958984375,1197.4223081775137,1175.2295614019988,1182.4175097897787,2684511
2018-09-26,1197.37744140625,1201.1062115436823,1176.1280471892226,1194.0979180400893,2846089
2018-09-27,1176.936767578125,1201.2859217678322,1164.896931617049,1201.1511257943582,3847372
2018-09-28,1142.9737548828125,1183.0465499000913,1123.2518630567738,1181.0699077338036,4301355
2018-10-01,1121.4097900390625,1144.6807951735232,1093.9608775950862,1144.6807951735232,4955435
2018-10-03,1119.02880859375,1133.8989215235222,1102.137194746361,1120.511344967437,4302314
2018-10-04,1130.215087890625,1161.6623629589262,1124.2400836917695,1130.3049153120846,7398229
2018-10-05,1102.81103515625,1139.0202603969947,1092.4333905001563,1130.304916597057,4206887
2018-10-08,1091.984130859375,1117.725993398852,1080.9775847025135,1105.1470835052958,3957900
2018-10-09,1097.105712890625,1110.583117612203,1092.0740607177154,1098.6780767748091,2559815
2018-10-10,1123.700927734375,1137.402953731598,1099.4864618857507,1102.4515343339522,4134413
2018-10-11,1101.4183349609375,1111.4365603306776,1096.2519968672418,1105.1471052600918,3942878
2018-10-12,1109.8641357421875,1118.6244476818647,1095.0389924596568,1100.4749222016726,2773440
2018-10-15,1092.927490234375,1111.2567791492786,1085.7395423994622,1105.1469796178508,2945137
2018-10-16,1100.340087890625,1104.203544137138,1092.163818967735,1096.162071175269,2336499
2018-10-17,1088.88427734375,1112.3349353865399,1086.0090323816491,1111.1219911166231,1746801
2018-10-19,1083.6282958984375,1088.884461744454,1065.6134545861614,1078.1923655171954,2006965
2018-10-22,1084.1221923828125,1094.9490825023179,1078.281984863277,1090.7710659563131,1452784
2018-10-23,1078.8214111328125,1086.3239217540718,1062.4688686124039,1074.5087069029644,2109820
2018-10-24,1095.1739501953125,1098.2288505921676,1081.8762000816616,1088.2554831672285,1484693
2018-10-25,1079.5850830078125,1089.0192662801928,1073.8347017440055,1085.380323146229,3063065
2018-10-26,1075.90087890625,1089.8724951603087,1070.3752322348773,1078.7311550546178,1101325
2018-10-29,1133.2701416015625,1136.1452775543742,1076.6200702487379,1079.0909279104812,2140956
2018-10-30,1142.2099609375,1148.8588353500254,1121.544608645219,1130.6643403970386,1957735
2018-10-31,1165.7955322265625,1171.635741058526,1122.3982442649803,1137.4929817332008,3117499
2018-11-01,1192.0762939453125,1243.5150486680327,1187.449030318221,1201.6901308688962,8903105
2018-11-02,1220.3341064453125,1230.80158004604,1203.981564883582,1203.981564883582,2665756
2018-11-05,1213.10107421875,1226.4436813436441,1207.1710387942844,1220.4238185011113,1457946
2018-11-06,1225.410400390625,1230.7565027952755,1213.0112552673593,1213.1010826860534,1616734
2018-11-07,1227.2972412109375,1230.9361840208576,1225.2307718191207,1230.9361840208576,255086
2018-11-09,1229.678466796875,1239.0228232956827,1221.951442844183,1227.2974365348632,1247358
2018-11-12,1228.4205322265625,1243.9645169749347,1223.748408898419,1233.5420120802567,2174698
2018-11-13,1249.8944091796875,1253.3985561111456,1220.3339481785354,1225.5452548642313,2068670
2018-11-14,1244.14404296875,1256.0940517101394,1239.0226733249515,1252.5000773132576,1364551
2018-11-15,1256.543212890625,1265.078901501609,1245.4018710835687,1247.109030741643,2890196
2018-11-16,1257.0374755859375,1270.469910613525,1250.2538052466195,1260.3618579300721,1732865
2018-11-19,1273.344970703125,1275.72600046332,1253.4434270094089,1257.8909260547773,1932311
2018-11-20,1269.661376953125,1278.6463136093348,1264.8094892228912,1267.1006919419858,1889461
2018-11-21,1259.777587890625,1270.24505805022,1251.8259431501106,1266.8757077636146,1320423
2018-11-22,1267.0107421875,1275.4116352141098,1254.4766909545483,1262.3834783204115,1723570
2018-11-26,1277.6578369140625,1284.8457853636494,1267.0555690791662,1267.0555690791662,2630117
2018-11-27,1286.2833251953125,1288.4397316192556,1271.6828052240344,1275.3666067886024,1956946
2018-11-28,1260.94580078125,1288.4396799659867,1256.9924074424096,1286.2832736284936,1390580
2018-11-29,1278.0621337890625,1289.787518740276,1264.6296987996784,1270.155456186795,2816724
2018-11-30,1287.092041015625,1292.1685516298546,1266.8759356593587,1280.4881352017894,2018571
2018-12-03,1282.599609375,1293.7858107829052,1268.6729586252188,1289.3832799022962,1115862
2018-12-04,1275.77099609375,1284.6211355040625,1271.3683558232196,1278.6012726733327,1061729
2018-12-05,1253.218994140625,1274.9624967246334,1248.1424830528813,1268.673041138254,1582751
2018-12-06,1239.471923828125,1255.240530413318,1232.7781903656899,1246.9294645956957,1574405
2018-12-07,1257.8011474609375,1261.4849490943523,1232.8229828022709,1246.2105586850903,1185686
2018-12-10,1228.9146728515625,1245.6716011290118,1220.334014740554,1235.1591597612455,1657418
2018-12-11,1223.209228515625,1230.8014556851467,1207.2609668608648,1220.1543282909465,2302505
2018-12-12,1258.16064453125,1264.7645506213992,1226.8930230668684,1229.678331318838,1751549
2018-12-13,1281.6561279296875,1283.9473304386863,1263.2819780243478,1270.2003347434782,1863210
2018-12-14,1268.134033203125,1283.5432221315195,1262.4286201301165,1278.9608165068385,2189734
2018-12-17,1265.0791015625,1279.8144198518078,1253.443652277135,1253.7581031292846,1610515
2018-12-18,1283.4981689453125,1284.8459094097282,1262.3835683361317,1262.3835683361317,1568498
2018-12-19,1289.11376953125,1292.033873905515,1281.6113694594035,1285.7444183301752,2073536
2018-12-20,1303.53466796875,1305.5113101826057,1278.78112334301,1285.3850299204412,2782410
2018-12-21,1275.8609619140625,1311.5311153577877,1271.5481485935793,1303.534609748465,1975704
2018-12-24,1262.203857421875,1283.677766791007,1257.8910442555266,1282.6894457635424,1390194
2018-12-26,1278.2418212890625,1286.6427137200028,1243.784616918262,1256.812772888192,1712084
2018-12-27,1280.398193359375,1288.7541170189472,1265.528082209969,1284.1268536039222,1872745
2018-12-28,1293.291748046875,1301.0187712996535,1281.5215034744497,1281.7461268810966,1918767
2018-12-31,1291.62939453125,1302.8155949054083,1285.9238729755707,1298.323127336769,1487860
2019-01-01,1295.537841796875,1298.323149801749,1280.532934050358,1298.323149801749,786846
2019-01-02,1280.8026123046875,1298.2334098832957,1273.2552442142248,1294.7292629470744,2058504
2019-01-03,1253.3985595703125,1283.9473416673668,1249.8045852059531,1281.2518608940973,2290756
2019-01-04,1247.154052734375,1264.7195363473404,1234.1258958751064,1259.5981668330396,2711485
2019-01-07,1243.3355712890625,1265.6181482621332,1239.0677264016276,1255.1956437360677,1851513
2019-01-08,1241.8978271484375,1252.3652996684473,1235.4287170111195,1246.6598871657661,1437271
2019-01-09,1245.3570556640625,1252.095757434159,1232.733177142992,1248.4568146065506,1413005
2019-01-10,1251.2423095703125,1256.90286377418,1242.8414153783876,1247.1092604700539,1063647
2019-01-11,1230.57666015625,1252.4100958028555,1222.8946066356896,1251.6014297271697,2489197
2019-01-14,1198.50048828125,1228.4202556914795,1195.894835224299,1228.4202556914795,3080984
2019-01-15,1204.7899169921875,1211.1691986993126,1194.9963162240992,1203.9812509325511,3079248
2019-01-16,1205.9130859375,1223.2989134137094,1200.3873289171618,1206.5869560697513,2454470
2019-01-17,1209.4171142578125,1214.5834514330436,1201.2407363761224,1208.5634796994984,1610419
2019-01-18,1184.124755859375,1214.763366161747,1179.7221152147736,1213.730076569739,2135781
2019-01-21,1181.1148681640625,1201.5106300900547,1144.1866915091935,1149.173375124457,8813681
2019-01-22,1169.0750732421875,1187.3593976876489,1166.3346236474238,1183.2263486970346,2544978
2019-01-23,1169.3446044921875,1174.2414610590502,1162.2465918691425,1168.9403261911716,1821323
2019-01-24,1163.8636474609375,1173.0283478675988,1156.3612479358492,1172.5341325223646,1654706
2019-01-25,1154.9686279296875,1180.7104931477736,1151.4196218550358,1168.0417545154478,3136788
2019-01-28,1168.4461669921875,1202.0948241311867,1160.5394877072888,1163.953698189604,8004136
2019-01-29,1148.3197021484375,1175.9483782503178,1139.4694531170092,1171.6355654260747,3685535
2019-01-30,1163.054931640625,1176.1280566616756,1150.9702372678428,1153.9353098538713,2385425
2019-01-31,1180.8902587890625,1187.5390241159118,1164.9419963567548,1171.6357302382726,5852257
2019-02-01,1190.14453125,1199.0846078565153,1179.7220280334118,1181.9682619024777,2515736
2019-02-04,1174.6904296875,1192.1660844778007,1170.3776169942632,1192.1660844778007,2308931
2019-02-05,1172.1744384765625,1188.7067385602122,1168.041390875492,1177.655226144028,1447400
2019-02-06,1180.9801025390625,1187.8086324995484,1161.7972846081766,1175.229721111505,2034886
2019-02-07,1164.49267578125,1186.7752512847935,1158.3379068691218,1180.6205920520601,1556295
2019-02-08,1133.6741943359375,1167.0532504066114,1128.1035784059218,1163.549103756718,2993525
2019-02-11,1119.972412109375,1131.2035835103916,1097.0608224513012,1131.2035835103916,2981408
2019-02-12,1120.28662109375,1136.5044729670155,1115.5246712555077,1118.1751832621171,1571390
2019-02-14,1102.99072265625,1106.7194930362941,1079.1806422296522,1095.2636996234971,6974738
2019-02-15,1116.9173583984375,1126.6211330300778,1105.9557804858823,1117.7260245643063,3620228
2019-02-18,1118.1751708984375,1131.697542067918,1114.1319501117416,1118.6244176525147,2186849
2019-02-19,1130.5745849609375,1141.0869166202463,1118.6245757418951,1118.6245757418951,2389086
2019-02-20,1146.971923828125,1152.4527122543445,1135.8754413351292,1136.5942800084686,2433082
2019-02-21,1153.755615234375,1160.4044898414322,1136.684236754323,1151.868800601406,2392129
2019-02-22,1150.3863525390625,1153.126802114068,1137.0437434280007,1151.8688890357146,2390188
2019-02-25,1146.3431396484375,1155.8671507201936,1135.696011476724,1150.3863612082835,5873730
2019-02-26,1137.358154296875,1145.5793930534917,1125.812532938059,1135.5163081392132,2417931
2019-02-27,1154.2945556640625,1163.5490825865036,1139.2897580847,1141.5809603816233,3555914
2019-02-28,1161.7071533203125,1170.692088524242,1144.0518433880989,1161.752121868086,9321535
2019-03-01,1175.7237548828125,1178.7785451473565,1165.570734101941,1168.3111832456252,2831577
2019-03-05,1173.2528076171875,1177.3858556102666,1147.4211205612207,1169.8384885867347,3948051
2019-03-06,1183.31591796875,1192.7950680930232,1177.4757103250165,1177.4757103250165,2776738
2019-03-07,1215.1226806640625,1219.5253209286652,1177.0265327816642,1189.4706463259593,6207580
2019-03-08,1203.4422607421875,1224.6466861975518,1201.2858543258449,1212.9662702616984,4868283
2019-03-11,1209.866455078125,1213.864707244298,1203.9812788359432,1207.1709746031192,2661353
2019-03-12,1247.917724609375,1260.586461840965,1217.4587710580954,1217.4587710580954,6631152
2019-03-13,1238.6632080078125,1255.6897268891685,1233.4968700039128,1254.0274260487495,2241672
2019-03-14,1239.6964111328125,1254.296930560903,1237.2255539988278,1244.1439101022315,1838850
2019-03-15,1254.746337890625,1267.5948405034048,1238.663280188013,1245.3121548989661,5723980
2019-03-18,1238.9327392578125,1268.4032609678836,1231.2505757739746,1255.1954500679847,2450686
2019-03-19,1220.109375,1235.3837666350528,1209.8216668587381,1231.834760685726,4053209
2019-03-20,1231.7449951171875,1241.7182529262282,1222.849885841242,1223.7483795119556,3871744
2019-03-22,1253.1290283203125,1271.3684929746769,1236.5068960800077,1239.0227221286782,3788604
2019-03-25,1237.0008544921875,1248.0073992298155,1231.0258511273144,1246.2104123338763,1666203
2019-03-26,1233.4520263671875,1247.827923599069,1228.9145899316181,1239.7414814061356,2021089
2019-03-27,1227.7464599609375,1249.8943477678501,1224.7814970718393,1239.0225978157146,2558997
2019-03-28,1245.94091796875,1251.152224246702,1225.5451589748664,1231.8346136030366,3184285
2019-04-01,1268.8525390625,1279.4548067542694,1248.9958536744525,1248.9958536744525,3842703
2019-04-02,1266.6513671875,1282.10541341372,1261.0357821228276,1271.4582860669805,2737093
2019-04-03,1238.1690673828125,1271.3683598332038,1235.4286182124772,1266.3368179421796,2366304
2019-04-04,1229.7681884765625,1252.4102937780115,1227.0727075844422,1244.3238511016507,1980318
2019-04-05,1234.3505859375,1251.376996260053,1231.2058582498962,1234.3056173844896,2037782
2019-04-08,1234.2158203125,1246.031033708106,1226.8481065984147,1239.651641069981,1013017
2019-04-09,1235.6082763671875,1246.2105440455302,1227.342179643976,1236.2372876548718,2209945
2019-04-10,1232.3287353515625,1241.7179480333202,1226.4435593816802,1230.9360266321626,2014958
2019-04-11,1238.124267578125,1247.0642356529552,1232.4188547541207,1232.4188547541207,3110225
2019-04-12,1222.760009765625,1241.5834075464727,1220.4239482505845,1239.9212162576591,2751659
2019-04-15,1219.1658935546875,1229.1391498080422,1216.560240380182,1226.4436692163579,1933204
2019-04-16,1241.1790771484375,1249.714766322116,1221.9512922318515,1221.9512922318515,3217456
2019-04-18,1222.580322265625,1246.7498245050967,1219.6153588910436,1246.210750226028,2594906
2019-04-22,1222.0860595703125,1231.7448655141939,1215.2125617766953,1223.748250750358,3101477
2019-04-23,1211.3489990234375,1226.443735018499,1200.9264954456055,1223.4786623368072,2016454
2019-04-24,1222.5352783203125,1225.050994468271,1212.9663000176288,1215.6617806843346,1753395
2019-04-25,1217.5936279296875,1240.415387379674,1214.8981471209347,1228.1059592120657,2886022
2019-04-26,1220.3341064453125,1228.240894922281,1213.864995640089,1220.3341064453125,1767153
2019-04-30,1211.6636962890625,1227.7916139766724,1203.9815314516948,1226.4438734563905,1905624
2019-05-02,1220.8282470703125,1236.7765093595474,1205.7784784311752,1212.4722122526432,1985540
2019-05-03,1225.1859130859375,1233.8114301469843,1221.95135789797,1223.7483451889964,1239667
2019-05-06,1215.3922119140625,1226.3089307581968,1212.8764957181486,1215.931395801193,1515052
2019-05-07,1227.8812255859375,1234.8445503834598,1212.9662550522826,1219.6151290528908,2596385
2019-05-08,1222.2657470703125,1231.834725848119,1217.4588282452232,1225.4554432227128,1601700
2019-05-09,1218.76171875,1229.8582035360828,1201.8251346735547,1219.2559341499732,2464425
2019-05-10,1217.9080810546875,1224.1975362869875,1208.5637256308198,1221.6368514497158,1466154
2019-05-13,1183.9000244140625,1217.4587358994734,1178.8235140222207,1208.4738005791821,3422913
2019-05-14,1205.5987548828125,1210.8549205005293,1154.8338665446663,1176.1281209669628,3132767
2019-05-15,1191.22265625,1217.4586210382624,1186.4605971077679,1210.719920183807,2054728
2019-05-16,1201.420654296875,1211.1692872322662,1175.4991377040797,1191.4024294287722,2058450
2019-05-17,1223.658447265625,1232.2839638297576,1197.2876822249063,1199.4889476578392,2776586
2019-05-20,1304.118408203125,1307.3081041502983,1257.8909593198746,1257.8909593198746,6210427
2019-05-21,1302.007080078125,1313.642638240384,1291.8990268743037,1307.3082143608974,2961180
2019-05-22,1312.788818359375,1323.8403321754377,1295.268195276932,1302.9053899538944,3304912
2019-05-23,1326.2662353515625,1403.8062683865876,1317.1914729241823,1326.3560627658173,10485813
2019-05-24,1387.408935546875,1391.9462624884752,1339.0699352574943,1341.450965269706,5626500
2019-05-27,1433.9959716796875,1437.5899465460525,1376.5822012536228,1387.0047064301998,6730594
2019-05-28,1414.6781005859375,1443.8791410870763,1404.6150166542236,1433.995711994383,4987068
2019-05-29,1394.8663330078125,1434.8492978512154,1389.2507480578963,1410.8145942655742,3070738
2019-05-30,1400.392333984375,1410.0511417773578,1383.680372204027,1392.6653096858713,2675199
2019-05-31,1399.4486083984375,1420.9674840608334,1379.0078810747675,1410.5898401632166,3945900
2019-06-03,1401.1109619140625,1410.6349722750724,1389.4305449461797,1404.9744186419553,2617068
2019-06-04,1410.4552001953125,1424.1122581047516,1399.8529325723678,1402.5484131870771,3854101
2019-06-06,1362.0263671875,1412.2521775656,1358.1628011278822,1410.3203945357911,3268594
2019-06-07,1360.184326171875,1378.019399727586,1343.6969928296342,1364.407311315042,2572146
2019-06-10,1376.58203125,1385.477139881617,1366.878366116832,1370.2027485859053,1608705
2019-06-11,1369.57373046875,1383.8596898399119,1367.5071514797792,1383.8596898399119,1745105
2019-06-12,1356.0513916015625,1371.0113311588852,1351.0647085226587,1369.3939988956222,1495586
2019-06-13,1363.5089111328125,1373.7966182611165,1351.873354019437,1355.8267475186558,1828211
2019-06-14,1371.370849609375,1383.5903408478596,1359.465809200528,1366.6087895740775,1854211
2019-06-17,1346.6171875,1380.984565262719,1343.4724601230191,1374.6951105087574,2048759
2019-06-18,1352.50244140625,1365.6652847222454,1345.763739498651,1347.7403815197895,2098714
2019-06-19,1352.3675537109375,1374.6950959145881,1345.0448095321167,1360.274230938632,2140698
2019-06-20,1399.04443359375,1404.3455680385407,1354.0748924402071,1356.0515345887188,3483179
2019-06-21,1383.4554443359375,1410.5899056883713,1374.6951322188565,1401.6499387329518,3028524
2019-06-24,1384.5787353515625,1404.7498742238915,1381.1195566832225,1388.6219568370147,1941777
2019-06-25,1379.1876220703125,1394.4620126730456,1366.698539582788,1388.8913964426285,2384122
2019-06-26,1393.7431640625,1405.0193020933423,1373.7966509357125,1377.3906251696842,2789166
2019-06-27,1393.4736328125,1409.6913751655,1384.2640741617258,1401.6499019714563,3763146
2019-06-28,1395.5401611328125,1414.1390437339016,1390.5535876552449,1398.235641827516,3002811
2019-07-01,1398.6400146484375,1409.7363881193628,1394.68662106965,1404.7497050162099,1537022
2019-07-02,1405.1092529296875,1406.9960676323713,1395.3606188996553,1401.650074361534,1294135
2019-07-03,1417.867919921875,1423.1240857334642,1401.829720846336,1406.142534151916,2800104
2019-07-04,1412.162353515625,1429.1439045668706,1409.0625944536257,1422.270406560486,1981745
2019-07-05,1400.16748046875,1430.0873612385567,1388.6668281894492,1420.5183824569053,3693134
2019-07-08,1339.06982421875,1393.7881026922305,1313.1932760972695,1392.5751583501808,4697122
2019-07-09,1371.6402587890625,1382.2425267617975,1334.5773991140304,1335.70051607388,4329323
2019-07-10,1347.3363037109375,1374.3359742296345,1332.1965967627887,1369.1247764534935,2823544
2019-07-11,1343.4276123046875,1359.375874006889,1338.845316793737,1358.5223489424736,2156264
2019-07-12,1317.955322265625,1346.8419135958377,1313.5976502182218,1346.8419135958377,3495971
2019-07-15,1294.3699951171875,1324.3347379103914,1286.5531438422322,1321.68422538183,3950399
2019-07-16,1312.878662109375,1315.3944877883737,1282.060400778247,1295.6276307314445,3654380
2019-07-17,1307.7125244140625,1321.2798661210406,1304.612765227946,1312.6992079876234,2225647
2019-07-18,1289.51806640625,1307.263316321238,1286.6429305449499,1298.1436933489563,2342881
2019-07-19,1268.2686767578125,1299.940575953189,1259.7778464850328,1299.581156579632,3199700
2019-07-22,1261.215576171875,1274.9625737991896,1252.5002310613604,1266.5167109938843,2646126
2019-07-23,1266.4267578125,1271.1888178718475,1245.4918125877568,1271.1888178718475,4013444
2019-07-24,1262.6497802734375,1292.5470774122173,1252.456522526582,1283.491464998635,5434450
2019-07-25,1249.0435791015625,1276.802125068408,1245.9491615938198,1269.7031737917146,4181824
2019-07-26,1267.018310546875,1271.6598810223304,1240.5793900698907,1247.6783409840018,3019850
2019-07-29,1248.224365234375,1272.3424444751413,1238.2130870589626,1268.201371336044,1987927
2019-07-30,1252.638427734375,1267.9284245543802,1248.9525237300638,1252.3199092794105,2714475
2019-07-31,1262.6041259765625,1272.2967736859205,1244.2197138645906,1248.360786611354,2693653
2019-08-01,1235.9835205078125,1261.4212273708588,1218.645760064632,1255.9605294168723,2774996
2019-08-02,1247.0867919921875,1253.139087276408,1219.5557754202016,1231.0232179545178,2776965
2019-08-05,1224.8343505859375,1236.6658604536049,1205.9038903584049,1233.2073746684066,2287548
2019-08-06,1253.6851806640625,1273.6167494946187,1219.6013702823766,1222.013089555383,4152548
2019-08-07,1237.8038330078125,1264.970784861753,1231.2509283814013,1255.9606104368072,2247223
2019-08-08,1238.349609375,1248.6794058554096,1219.6466773334528,1246.859173485358,2788577
2019-08-09,1241.9444580078125,1267.3367204431459,1238.7590515291402,1248.6793396394944,2419380
2019-08-13,1195.2099609375,1246.859049293261,1189.5217353476585,1246.859049293261,3135817
2019-08-14,1213.822021484375,1220.4203644235265,1197.7130079894414,1201.353473059318,2798429
2019-08-16,1215.2325439453125,1219.4646061045405,1201.8083312336905,1215.0050149163021,2654524
2019-08-19,1230.658935546875,1238.6224513543582,1218.6454475679914,1218.6454475679914,2509331
2019-08-20,1221.8310546875,1233.7081160829498,1214.0950666317506,1231.341724975593,2145169
2019-08-21,1192.84375,1221.2848795869504,1185.471831430695,1220.6477316253051,2361165
2019-08-22,1177.91796875,1208.1337841233624,1167.8157004901104,1184.971369760479,3780476
2019-08-23,1170.864501953125,1180.8302299945308,1159.4880493496162,1174.0499086821076,5252370
2019-08-26,1213.776611328125,1222.4681552311981,1161.808993433717,1192.252338868609,3759248
2019-08-27,1234.982177734375,1255.914851090058,1222.877698496297,1223.9697935364547,5431422
2019-08-28,1223.787841796875,1246.8592665904278,1216.0063033945771,1239.6693259722056,2272465
2019-08-29,1221.7855224609375,1233.2075259039677,1212.502381096355,1219.4647926688797,2421312
2019-08-30,1208.8616943359375,1234.9365424864736,1185.7902737161814,1224.0605885719324,3715119
2019-09-03,1178.054443359375,1207.7242095584336,1174.0499098194266,1207.7242095584336,3617815
2019-09-04,1190.4776611328125,1196.165887962318,1176.2343189320948,1179.5107153662539,2786181
2019-09-05,1201.6265869140625,1217.7356008719757,1191.0237098736802,1194.8461538676383,2758679
2019-09-06,1209.225830078125,1214.0949292012413,1201.6718216865588,1209.043740191462,1694661
2019-09-09,1235.027587890625,1239.396189752052,1204.129189729383,1210.4544523909587,3508361
2019-09-11,1241.0799560546875,1259.4188193748791,1234.1175450301275,1241.3984744993318,2545642
2019-09-12,1239.9423828125,1255.7328772959527,1233.5260189059818,1246.9502333941973,2249695
2019-09-13,1240.89794921875,1244.0833560747426,1223.2872221059688,1239.5783251033943,1771658
2019-09-16,1222.8321533203125,1234.982182859727,1218.281572137148,1232.2973844009293,1835805
2019-09-17,1195.6195068359375,1224.1061859367785,1192.4341004041319,1223.1960698134053,2210178
2019-09-18,1199.5333251953125,1208.9985572647456,1195.255822875544,1201.444547272269,2081625
2019-09-19,1183.7879638671875,1201.5352277727582,1181.3306948426018,1201.3532489924764,1808736
2019-09-20,1284.62890625,1289.133936614801,1173.2306706934926,1187.7015392534538,9975807
2019-09-23,1391.112548828125,1411.5901624026312,1320.5785465159368,1321.4886626748037,12082820
2019-09-24,1348.1552734375,1387.0171936767038,1342.9221048918039,1387.0171936767038,3831602
2019-09-25,1319.759521484375,1348.5191721018184,1316.61966493352,1347.7911457775049,2746428
2019-09-26,1355.9366455078125,1360.6237663204572,1325.4023125947754,1325.4023125947754,3560962
2019-09-27,1340.282470703125,1357.6201154105518,1330.5897122078352,1350.657816260081,2167976
2019-09-30,1341.7388916015625,1350.6125251054561,1318.030318672402,1340.6012462805506,2961398
2019-10-01,1332.45556640625,1361.9432401804522,1309.7936525183156,1346.9718742605367,2578275
2019-10-03,1326.9951171875,1342.8766022015773,1294.4129091705815,1315.5275629157052,1966976
2019-10-04,1296.8245849609375,1341.5112677947097,1292.4559827975086,1332.228127070133,3266487
2019-10-07,1272.205810546875,1300.555950225946,1256.915926216411,1292.3649050530744,2192329
2019-10-09,1298.05322265625,1304.560575667815,1273.3435457511705,1275.0727887406879,1818865
2019-10-10,1297.006591796875,1303.286415880739,1280.579060825437,1295.095369970874,1626821
2019-10-11,1299.3726806640625,1319.6683136512013,1292.5468100762114,1302.3761081619784,2024214
2019-10-14,1295.9599609375,1310.4763814611877,1290.863332270439,1306.0167897156948,2220364
2019-10-15,1303.5137939453125,1314.9357955247492,1292.9564693262178,1300.6469059893027,1797471
2019-10-16,1296.1875,1312.2056346460793,1288.9521203567724,1310.5673809805842,2446615
2019-10-17,1296.323974609375,1309.2931303329074,1292.5469701965724,1299.645920926615,2304434
2019-10-18,1317.6663818359375,1326.0394070914097,1297.2797551421445,1299.646035227545,3516394
2019-10-22,1312.8883056640625,1335.8687421105815,1309.7938880417269,1318.3034531795147,2858390
2019-10-23,1303.1044921875,1318.6674578547868,1291.090891019392,1315.1179822574327,2410781
2019-10-24,1303.5137939453125,1335.140328656152,1298.1440866956393,1328.7695159086447,3646005
2019-10-25,1296.91552734375,1312.1144227687935,1292.4559359423738,1310.5217194895995,2013793
2019-10-27,1305.470703125,1309.6116651875982,1300.4195137617048,1307.5639037319115,398258
2019-10-29,1329.7705078125,1333.1380037788415,1302.3760375579889,1306.4715596886745,3351491
2019-10-30,1341.7388916015625,1357.8479049078223,1333.3203162260736,1337.8253472580109,3722066
2019-10-31,1340.6466064453125,1352.8876239245044,1335.3678884650044,1347.88198522179,2210277
2019-11-01,1319.12255859375,1347.927761078489,1315.1180247416828,1343.9686663815196,2287220
2019-11-04,1321.6707763671875,1336.050657584272,1319.6685650525847,1326.7675162555859,1459894
2019-11-05,1310.385498046875,1328.4057341949049,1303.2865464412325,1324.2192214189897,2401916
2019-11-06,1322.4444580078125,1335.0949849708493,1308.5196349803325,1310.5673965374222,2434431
2019-11-07,1306.0623779296875,1328.7241838310579,1302.376362652721,1328.7241838310579,1999085
2019-11-08,1295.0955810546875,1317.8484900682977,1292.3652319730543,1301.4208453211957,2217408
2019-11-11,1289.6346435546875,1302.1487411897454,1281.4891480787717,1291.6368547370296,2097492
2019-11-13,1267.7918701171875,1292.2284679353472,1264.196955556482,1290.9542830321786,2929404
2019-11-14,1256.369873046875,1279.5778363167483,1253.184466323559,1271.432340706394,3000518
2019-11-15,1253.82177734375,1267.518961375957,1243.4008787636903,1259.236925038174,3409434
2019-11-18,1241.853515625,1268.5199638809115,1238.895638068546,1263.2412456485893,2733161
2019-11-19,1242.9912109375,1254.3221132865694,1239.123217053931,1241.8535656776266,2396206
2019-11-20,1256.6884765625,1268.1103680605713,1242.627114801989,1248.6794096705357,3914075
2019-11-21,1267.5189208984375,1290.4539182147093,1260.5110698590709,1278.7133957776134,5719318
2019-11-22,1254.731689453125,1273.2069811845636,1247.7692784804826,1268.4744215041376,2363205
2019-11-25,1256.7340087890625,1264.1514784886708,1247.860375300751,1254.5952578089507,2956576
2019-11-26,1240.4884033203125,1255.9603790036913,1237.3485468120716,1255.368781243222,4853977
2019-11-27,1215.4600830078125,1246.8590892704628,1196.0291259895434,1242.3085086526874,7904745
2019-11-28,1228.5657958984375,1232.2972498415456,1207.9060929238813,1223.1960884690084,4503913
2019-11-29,1210.9549560546875,1228.8386475776874,1208.634115685459,1228.6566688067542,2515083
2019-12-02,1213.50341796875,1222.1950721532453,1201.6719073207964,1210.9551592573232,3044008
2019-12-03,1195.16455078125,1213.5944038525379,1192.2522233771535,1213.5944038525379,3068849
2019-12-04,1169.59033203125,1194.0724805673956,1166.9055336216818,1192.2522481275064,10230371
2019-12-05,1185.1533203125,1194.9826201190856,1169.6359051183726,1177.690411602511,6644324
2019-12-06,1174.778076171875,1191.3421471474908,1167.7701145297508,1191.2056074931181,3302384
2019-12-09,1161.3082275390625,1182.1499099551254,1157.48578408204,1177.6903185231558,3038475
2019-12-10,1164.038818359375,1168.589400135604,1153.2539617693499,1162.2185856488834,2759100
2019-12-11,1150.659912109375,1172.9122079093988,1142.1957873336921,1167.6334897119375,3949135
2019-12-12,1164.6756591796875,1167.5425474354233,1154.2093228574104,1155.8475764601649,3264836
2019-12-13,1187.9747314453125,1190.4320007691,1169.7724072745311,1172.1841263486237,3655956
2019-12-16,1185.88134765625,1199.533089954672,1183.1509991965656,1196.3021331714467,3969819
2019-12-17,1199.4876708984375,1205.9040349197335,1186.609614800288,1191.5241536867036,3719446
2019-12-18,1200.76171875,1206.7684631126992,1196.4386670430185,1205.6763681733585,2961222
2019-12-19,1193.8448486328125,1202.26342294183,1189.6127863551337,1198.3954293403895,1936623
2019-12-20,1193.6630859375,1208.5434653255004,1189.7950916358207,1194.9827101423296,3297390
2019-12-23,1193.3900146484375,1203.1737650068517,1187.7017876958712,1190.3411472214984,3394916
2019-12-24,1184.061279296875,1200.443372323273,1181.3309304591419,1196.4843887281959,1803814
2019-12-26,1164.3115234375,1189.2486146766612,1162.218212054054,1182.8323630935938,3723801
2019-12-27,1182.786865234375,1184.8346264661168,1165.0851514703595,1166.3593362341858,2459664
2019-12-30,1185.2442626953125,1189.70374278665,1179.9655447815155,1184.8801940291612,2072838
2019-12-31,1181.5128173828125,1192.2522330819022,1175.0965647720752,1183.1510709973074,3043254
2020-01-01,1192.2066650390625,1200.352271642107,1185.881401923939,1190.796051595905,3123998
2020-01-02,1224.379638671875,1226.836908515232,1193.1626016791313,1194.072718080107,4335359
2020-01-03,1215.0506591796875,1224.0607205471595,1210.5910676463743,1224.0607205471595,2059871
2020-01-06,1198.3955078125,1212.274779879438,1195.983677659923,1211.3646636783274,2646905
2020-01-07,1201.808349609375,1219.1005560785748,1195.6650657321593,1208.634220584059,2077893
2020-01-08,1175.460693359375,1191.0690982510948,1167.997673410899,1184.971363783033,4147568
2020-01-09,1197.849365234375,1201.2623007176446,1187.7925375710765,1193.1622449510528,2067779
2020-01-10,1205.5399169921875,1215.8697138198538,1200.443288404343,1200.443288404343,2360798
2020-01-13,1214.73193359375,1219.0095459908298,1209.2712369067056,1209.5443161803212,1825244
2020-01-14,1206.9052734375,1211.36486578663,1196.8939935549658,1210.2727706023559,2046500
2020-01-15,1204.6297607421875,1216.0517633079055,1201.3533646944722,1206.4499931129367,2127677
2020-01-16,1200.7164306640625,1213.0939896258544,1198.9871875440806,1208.3613183975792,1773135
2020-01-17,1186.973388671875,1206.768414105219,1184.971177665007,1201.899315126304,2941837
2020-01-20,1191.88818359375,1201.2624251312761,1189.0668455216758,1195.8471669447388,2542477
2020-01-21,1185.289794921875,1195.8016813298789,1183.5605519454796,1187.474095992155,1361576
2020-01-22,1177.872314453125,1194.0724268790123,1175.8701032985396,1193.1623106999887,2449753
2020-01-23,1212.5478515625,1219.4191621788225,1188.6117511843743,1189.521867379768,10056067
2020-01-24,1237.030029296875,1244.9025575037226,1212.2749104006389,1212.2749104006389,5837319
2020-01-27,1227.3828125,1242.2177525391019,1219.5558345872107,1219.5558345872107,2510013
2020-01-28,1225.6080322265625,1233.207480458462,1217.7355046888724,1229.4760261689598,2352852
2020-01-29,1242.94580078125,1251.3643766531764,1230.5682411783785,1231.478357488857,3678474
2020-01-30,1247.0411376953125,1253.0479933247489,1231.3871839352541,1243.1731439542002,2743506
2020-01-31,1246.2220458984375,1253.229895573857,1238.1674293686185,1252.274229209864,3939306
2020-02-03,1171.0010986328125,1186.7006039902346,1157.6678733125261,1174.0499658594015,5767353
2020-02-04,1175.642578125,1189.7949291946857,1171.8201345997804,1179.5105718985872,3604309
2020-02-05,1192.2977294921875,1205.9039217549873,1178.6004367341195,1181.2397958391032,4220104
2020-02-06,1199.169189453125,1205.9040721511901,1191.3877619106038,1203.9928501810014,2354458
2020-02-07,1182.240966796875,1196.2567787691435,1179.5106181437643,1195.028144094878,3053804
2020-02-10,1169.7723388671875,1185.3807420523297,1158.6688551134316,1183.1510019110704,3039992
2020-02-11,1171.228515625,1182.1953487605954,1168.5891565253644,1175.87008584951,2200796
2020-02-12,1180.6937255859375,1183.0144551090516,1164.948671754984,1173.2307064986094,2568696
2020-02-13,1176.09765625,1183.0145171315464,1169.4993138179532,1182.240940583285,1545536
2020-02-14,1178.7369384765625,1187.656009971021,1174.5958656089545,1178.6003988362156,1780119
2020-02-17,1165.130615234375,1181.1941870112946,1162.2182880825158,1180.4206105270346,2155085
2020-02-18,1170.727783203125,1173.86775030024,1152.6164512093949,1166.3137424878619,2347917
2020-02-19,1166.222900390625,1182.2409230093008,1161.854298268183,1181.330806825306,1820353
2020-02-20,1165.494873046875,1173.0488825265272,1160.6713234751767,1164.8578360971983,3034681
2020-02-24,1146.4732666015625,1157.5767502602998,1140.0570144203887,1157.5767502602998,3414064
2020-02-25,1130.4100341796875,1151.8887573872667,1128.6807909298934,1148.7487893841228,3133077
2020-02-26,1102.287353515625,1126.7239533868099,1097.6002324592025,1123.9936045498466,5721483
2020-02-27,1101.55908203125,1107.5658265221186,1092.1394019094143,1103.3793143677656,4003149
2020-02-28,1080.8084716796875,1088.9084164860046,1057.5549597519018,1082.7196933632213,6286647
2020-03-02,1056.553955078125,1103.3793907366846,1047.1342743043188,1096.6900586566294,3177486
2020-03-03,1075.1202392578125,1080.1258780214644,1057.6005035850308,1061.1954178942071,3134527
2020-03-04,1070.8883056640625,1081.0815632046315,1053.9146154154992,1078.4877541168967,3135151
2020-03-05,1076.1669921875,1080.5355949385905,1061.377602069368,1074.0282410669759,2625152
2020-03-06,1054.7335205078125,1059.375090178138,1029.2047206737952,1044.8132332684727,3956575
2020-03-09,1002.902587890625,1033.7101127729493,971.3671477431403,1033.7101127729493,8038295
2020-03-11,1016.55419921875,1020.1946638542591,988.2041697482528,992.0266131762719,5628125
2020-03-12,925.1786499023438,973.8699241461829,913.847691638327,973.8243738950493,9200130
2020-03-13,956.941650390625,965.1326963304881,810.003431830905,864.6104047633256,8117911
2020-03-16,881.6295166015625,948.3410186047277,875.4407379546491,923.0852957004271,6671806
2020-03-17,870.7537231445312,914.6668322552954,855.6458155975614,884.6329959722857,4720207
2020-03-18,823.2455444335938,887.1357086572758,819.1045271008446,880.9924247040195,5586097
2020-03-19,767.3189697265625,804.5427456771891,762.4043754240495,795.3505939925933,7251950
2020-03-20,786.9774780273438,798.8999778576925,756.5795751611909,772.6886427812889,6130185
2020-03-23,658.9695434570312,737.1485377604854,642.54195915226,736.2839163656917,7308612
2020-03-24,653.2941284179688,697.4530590820982,620.1633552142507,696.7609124802966,7110384
2020-03-25,706.6817016601562,715.2181766720485,610.0118900389988,643.4195116212165,16122446
2020-03-26,773.3584594726562,777.3267553381951,695.9764929500304,726.9846377680012,9028497
2020-03-27,772.481689453125,821.347247642904,749.3640057146495,800.9520182940443,6573448
2020-03-30,737.0438232421875,752.1325957300077,729.9839057944001,739.2125266009033,4474168
2020-03-31,746.1339721679688,759.5154719780312,730.1684698668863,756.7468858104321,8045468
2020-04-01,714.6181640625,749.7331080714645,707.4198517591988,744.6111789321101,4104403
2020-04-03,714.8950805664062,730.0761156115238,703.9591319212624,730.0761156115238,4268480
2020-04-07,739.8124389648438,750.2869014668081,729.9839348834504,742.9040045274053,5768998
2020-04-08,744.8419799804688,767.8212688506833,736.1671100180388,741.9811299951315,6151091
2020-04-09,750.1022338867188,769.9898990275981,742.350226763548,769.9898990275981,6410296
2020-04-13,798.6909790039062,805.1048815695405,745.626410692665,750.102269141149,9462711
2020-04-15,812.257080078125,855.1239785182586,801.9671453827355,822.2239792501567,10435477
2020-04-16,841.3272705078125,848.8485629563273,803.0284926971993,808.3810817041193,6980512
2020-04-17,860.93798828125,867.4902859957261,845.3415978426438,858.2616659319418,5827648
2020-04-20,844.9724731445312,870.2589159260032,840.7273302318016,868.2286081441209,4958362
2020-04-21,803.2130126953125,836.6667640906674,796.4299987363089,827.8073103898831,5122305
2020-04-22,786.8321533203125,817.1943369882364,784.4327345454556,805.6585614802149,6090168
2020-04-23,775.7578735351562,802.428611265002,770.5898682073337,793.6614211476731,6321888
2020-04-24,785.5402221679688,801.9671561023575,769.8054348009871,773.3584313161974,7960368
2020-04-27,789.27783203125,807.4120953096976,786.5092456575654,795.4610195312191,4224177
2020-04-28,791.0313110351562,800.7674954107931,786.3708121358719,797.168310510304,3772704
2020-04-29,807.8272705078125,814.9333195368529,788.1241883303651,795.5070847081671,4837925
2020-04-30,828.3148193359375,846.0799137474754,815.9023135336389,821.5318058187075,6332497
2020-05-04,785.0326538085938,812.1186334267295,779.8184605063482,812.1186334267295,4678576
2020-05-05,772.34326171875,802.7053889564475,770.5898013166791,794.5842142918092,4296433
2020-05-06,772.7124633789062,782.5870996039384,754.5320678420399,773.3584781463449,5081524
2020-05-07,759.376953125,771.5587424528181,756.8390826953306,768.7440246962261,3529134
2020-05-08,753.0093383789062,770.4513981943606,747.5182976431581,768.7441258478403,4394509
2020-05-11,758.223388671875,763.6682969452556,753.3783632229776,757.8542776719839,2882920
2020-05-12,751.9480590820312,756.0548068632042,741.981159252995,753.9783670518618,3024381
2020-05-13,796.337646484375,804.6895363625318,784.894135093877,797.0759248228205,8625444
2020-05-14,804.4127197265625,811.7494278832107,776.5884066887219,792.6462287161273,6778584
2020-05-15,797.7220458984375,816.7329832026227,788.1242572373332,813.9182649778962,5653901
2020-05-18,750.60986328125,802.8900235525847,747.5182977903374,802.7977598737938,6211249
2020-05-19,734.9212036132812,769.4824001855204,730.6299286864892,763.299212910614,5533176
2020-05-20,770.5897827148438,776.1269548062079,738.2896121818862,738.2896121818862,5949898
2020-05-21,757.2083129882812,779.8184332420446,754.9934215346518,771.4665429443256,4701930
2020-05-22,752.778564453125,762.745463049712,747.6105033210603,752.1325497707385,4607479
2020-05-26,761.8688354492188,777.6959438272328,757.6698239388381,758.5004224033246,4335209
2020-05-27,785.2171630859375,791.0773709770799,763.2069254334511,767.7751039067115,5159287
2020-05-28,835.651611328125,841.6502148329652,789.0470764059048,789.0470764059048,11481079
2020-05-29,860.3381958007812,865.1832218431026,822.2701340396848,824.3004419323498,10166556
2020-06-01,856.554443359375,899.0060981114235,852.7245432802803,871.7816673465228,7617144
2020-06-02,872.5199584960938,879.4875558843358,842.6192047893607,862.8760385643799,7325471
2020-06-03,887.1473999023438,897.8064467863044,881.333379449914,882.2101097838843,4651554
2020-06-04,858.90771484375,893.3304577885862,856.9696707568755,886.9165553231487,5355931
2020-06-05,881.56396484375,885.8552958660805,864.3525652448035,867.4903187156503,6071040
2020-06-08,887.193359375,918.2476881430086,875.7960362288595,903.9433271719367,9858804
2020-06-09,879.7643432617188,895.4068656036318,876.4420625550412,890.1004090437546,5117749
2020-06-10,873.5350341796875,885.4861086097584,863.5220037887519,883.1789535586646,5175923
2020-06-11,858.6770629882812,878.5647302274992,856.6006232372184,871.1818333348311,3602957
2020-06-12,854.939453125,858.1694704037992,821.347250894675,821.347250894675,5411314
2020-06-15,830.4835205078125,857.754080822828,825.130875948174,850.6941641265282,4982324
2020-06-16,826.0076293945312,853.3705104757772,822.4085013578065,849.0330477706739,4661460
2020-06-17,816.54833984375,830.3451389132721,813.1337389545828,823.8389726523224,4681085
2020-06-18,827.4842529296875,830.5758181664962,806.5814056416863,808.4271296820563,5869802
2020-06-19,828.9146728515625,845.2493417768154,826.0537668098361,832.4215372419435,5409996
2020-06-22,837.451171875,845.3416310743162,826.8843902211652,835.1901486050832,6839642
2020-06-23,892.9613037109375,895.1761951782729,838.881609708299,839.804471765184,14580218
2020-06-24,881.8408203125,913.5411655154479,878.564671301519,903.4819466430536,11985132
2020-06-25,870.3511962890625,890.3773144873403,864.0296136359959,876.6267034310339,7508087
2020-06-26,887.9779052734375,900.8056543983491,867.9517868577774,881.3332870273018,6554103
2020-06-29,864.3525390625,882.3483483205285,858.2616723059781,876.7189125706228,4575801
2020-06-30,870.8588256835938,878.7031533758511,859.5537651859288,875.5192679294698,3656480
2020-07-01,853.0012817382812,868.4130874353222,846.2644008269824,868.4130874353222,6426017
2020-07-02,868.6900024414062,877.3649279031042,854.5702248937721,863.7988450330137,6542705
2020-07-03,871.4125366210938,881.7024715515098,868.9669295289401,874.8732694909154,3928063
2020-07-06,877.826416015625,885.4861599640822,873.6274048445157,879.5798201599293,3900219
2020-07-07,870.8126831054688,887.7011051416023,867.4904019691666,881.3333339154831,4051767
2020-07-08,868.6438598632812,890.0081377522167,865.6445583551213,872.0584605379765,5227021
2020-07-09,872.0585327148438,878.5646991056294,867.4903541589198,872.1046645533821,3777760
2020-07-10,860.2459106445312,878.5647004068661,858.7692975198976,867.4903554437543,4537688
2020-07-13,856.554443359375,871.9200628592789,853.6474053401074,867.4903362375146,3821300
2020-07-14,842.4808349609375,862.8299330329002,835.9746120839621,856.4160301622911,3646237
2020-07-15,841.8347778320312,853.647400870564,839.1584553417333,847.2334983229413,3229770
2020-07-16,850.0944213867188,852.7245557649217,829.145441056525,842.5730729581963,3134451
2020-07-17,854.155029296875,858.2156451813421,847.1874315122626,850.9711436973535,2040517
2020-07-20,848.6639404296875,860.0151889976346,844.4187974215499,857.3388664531365,3035845
2020-07-21,865.6907958984375,869.6129598880398,849.5868407227819,855.4931807908786,4756570
2020-07-22,849.8637084960938,868.413213696742,839.8044893347877,866.7520732250025,4977432
2020-07-23,845.8492431640625,865.5985145572295,841.0503489975233,841.6502318909778,9075059
2020-07-24,834.636474609375,843.9573589405636,828.7762666969484,843.8650952648213,6059379
2020-07-27,834.082763671875,844.4188305682814,827.1612978475448,837.9587957989065,3615970
2020-07-28,843.0344848632812,846.2645020466655,829.6529851035466,838.6970219516165,3793721
2020-07-29,850.8326416015625,868.2746997987879,846.4951788880527,848.6638820812941,7245021
2020-07-30,838.189453125,860.7534414109467,834.4518731047947,857.3388405759703,3364408
2020-07-31,842.9884033203125,851.7094615011703,837.0820633017864,843.4037025340739,2943858
2020-08-03,845.2493286132812,848.802324783658,833.8519491132566,842.5730062815763,3583167
2020-08-04,852.9552612304688,858.2617180896251,845.8953439218227,847.1873733400815,3860346
2020-08-05,861.799072265625,869.9446211528236,857.1910075313846,860.1234278583121,3007723
2020-08-06,858.4476928710938,869.199804903909,856.678922571828,862.0782459007172,2188023
2020-08-07,852.396728515625,862.8229847094696,850.9537573859309,858.8200409758862,2461109
2020-08-10,893.7294311523438,902.9920933707892,861.1007075958556,861.1007075958556,11861641
2020-08-11,895.4517822265625,912.0221433745769,890.9833217121371,902.6198192625455,5427516
2020-08-12,884.1410522460938,889.9593008131251,879.7191833351499,886.235621730225,3672458
2020-08-13,922.2622680664062,925.0084928724594,885.8167347403977,890.890259073812,8816193
2020-08-14,914.9080200195312,946.7454903508496,906.1574074940223,930.8733182234847,13443785
2020-08-17,931.6644287109375,937.4361422414331,919.4694033119919,932.7815437198768,4735094
2020-08-18,935.1554565429688,938.3671411577219,926.6375746207841,936.4587669665549,4362050
2020-08-19,939.3911743164062,954.1462308408251,935.9468164129756,946.9781936309078,4914223
2020-08-20,926.9634399414062,935.5744485474398,913.2323721642174,917.8869714107221,4791040
2020-08-21,925.4739990234375,940.2290560366755,923.4724986023585,940.2290560366755,2806380
2020-08-24,922.8673095703125,932.2230988994846,921.6105905834145,927.196109314223,2026255
2020-08-25,912.6737670898438,930.8267026417257,910.2533415916259,924.4033334881416,2914757
2020-08-26,902.0147705078125,919.7487817062972,898.3376258568591,918.8178618867564,4482066
2020-08-27,908.205322265625,912.3013920595487,898.6168598148886,907.8795230674234,4466609
2020-08-28,914.0236206054688,935.2951730042106,910.6257972866115,919.7488003391636,7821191
2020-08-31,879.6726684570312,926.6375833081312,875.4369947689179,919.8418233742221,8489726
2020-09-01,889.2145385742188,899.2684603070531,878.1365710458023,898.2910059530943,5099949
2020-09-02,889.5404052734375,893.4968144312086,882.5119721333996,890.3782558226173,2107714
2020-09-03,894.7535400390625,903.9230768449204,887.445785913538,893.6829595995093,3278899
2020-09-04,877.3919067382812,890.0989846668525,875.0646072509119,882.511965610494,3130721
2020-09-07,867.7568359375,885.071919926382,852.9551897265817,881.7206316765437,3470806
2020-09-08,853.3742065429688,871.3409476248855,849.8832572335741,871.3409476248855,3738931
2020-09-09,846.6715698242188,863.8935863626992,838.7587514146466,844.8562648253143,5656245
2020-09-10,857.3306274414062,859.2390017261096,848.998883612364,854.3051379987087,2948599
2020-09-11,854.02587890625,857.8891621281605,848.9988890723654,856.4462477484387,2632298
2020-09-14,839.78271484375,859.5647602637586,838.7587258083657,858.6804319235788,5006356
2020-09-15,847.0904541015625,851.9777828826751,837.8277910478776,847.1369887261873,4488829
2020-09-16,858.1218872070312,860.1699221950727,848.3937636279624,851.7916437321336,3596197
2020-09-17,843.6926879882812,854.5379274734602,842.5290381215814,851.7917024242804,4512652
2020-09-18,838.4794311523438,850.9537217253796,835.035016709619,848.2540885385768,7496145
2020-09-21,820.931640625,841.3653425377138,813.9032071758044,838.7587783417069,4597697
2020-09-22,797.3328857421875,826.6103276448837,793.1437462374124,826.6103276448837,5089087
2020-09-23,801.1495971679688,813.3446812483852,795.5175434604282,806.3627823996561,3709291
2020-09-24,791.9334716796875,800.4979450569803,784.765377978513,796.8673351715388,11609426
2020-09-25,827.8204956054688,833.5456755418589,793.1437303973679,800.6841586278351,4961967
2020-09-28,840.4808959960938,854.1188934251848,831.3113589413515,835.9659578156031,3853608
2020-09-29,833.5921020507812,849.7900716201597,830.752808175176,847.0904384346795,3362381
2020-09-30,839.3171997070312,842.0168896318353,823.0261045510808,835.7797161226482,3582787
2020-10-01,840.4343872070312,850.4883097207172,838.479478347283,847.0904865293609,2506154
2020-10-05,834.9885864257812,845.7872341600541,833.2198159501905,845.2287049671517,2788003
2020-10-06,830.9390258789062,842.0635293229416,826.8895473052561,838.8053098852062,3497325
2020-10-07,826.5636596679688,833.1731670927923,815.5322266604131,833.1731670927923,5073845
2020-10-08,820.1868896484375,832.2423125871529,818.325050022963,828.7978979162576,3918217
2020-10-09,845.694091796875,851.7450704118953,824.4225405743105,826.0982416458453,9668150
2020-10-12,843.1805419921875,861.7989365158902,839.7361276415363,853.6068542892273,6188905
2020-10-13,834.5230102539062,852.4432152052534,827.4479861558416,845.2285872378279,4548652
2020-10-14,851.9778442382812,853.6534885772827,825.9120888618756,835.0350918798501,5286914
2020-10-15,827.4014892578125,855.5152779829336,824.2363960965102,849.9297593018699,4927777
2020-10-16,832.3353881835938,841.0860572175422,828.0531797399046,832.2423189291453,2373435
2020-10-19,840.5274658203125,843.4132943205873,822.9330598006612,836.8968560642471,5800391
2020-10-20,853.9327392578125,870.8754913403335,849.9297953968193,855.5153143150898,13188572
2020-10-21,860.5887451171875,866.6862579094978,845.8802249288913,861.05420497643,6390783
2020-10-22,871.6201782226562,874.13367299119,856.5858578743319,858.3080367389534,6151367
2020-10-23,876.2283325195312,882.9775016146352,863.8936441733068,875.0646826755478,5102184
2020-10-26,886.0028686523438,892.984766750471,877.8573208711954,884.2340984066186,6975809
2020-10-27,914.1166381835938,917.8868517178573,889.1680008394101,893.6829387922343,9638520
2020-10-28,914.9544677734375,925.9393664491496,906.9020459021456,921.5640321924141,7369181
2020-10-29,869.9445190429688,892.5658579336099,862.0317010527438,885.3977643904631,11852038
2020-10-30,865.2899169921875,881.3948174777645,860.3560536275426,875.9954942330806,4797473
2020-11-02,865.1036987304688,873.1561771690905,857.0512771106785,865.7553539090052,3682174
2020-11-03,882.2791748046875,887.0734341455085,868.0826489109693,879.6260762996235,4049112
2020-11-04,891.8635864257812,902.1122117719915,882.5165259581744,886.5495315875531,3369408
2020-11-05,909.1818237304688,910.7950376310405,896.0864282719766,903.3932974083151,2889134
2020-11-06,911.6964111328125,918.1017723351508,901.5901514015842,910.0357619322064,3419233
2020-11-09,916.5360107421875,924.8392568950168,913.2622057370081,921.423087359678,3040456
2020-11-10,980.9217529296875,983.9584382373257,921.9924506310941,925.218878091466,12149416
2020-11-11,1005.35693359375,1008.535983159236,969.1073818984507,986.9000510887528,10254627
2020-11-12,1018.4048461914062,1020.9195664938622,998.7142931538322,1001.0392713283494,6743163
2020-11-13,997.8129272460938,1013.6128412730217,985.0970759995272,1010.6711430192929,5025096
2020-11-14,1005.1198120117188,1013.2808098761624,1000.1853575316534,1005.926505776665,911852
2020-11-17,1025.7119140625,1040.8474997560759,1006.8754296583269,1008.725821094775,7611327
2020-11-18,1089.5283203125,1095.3168462130986,1024.0512898696118,1025.7119391924386,13436421
2020-11-19,1076.3380126953125,1116.9053038945406,1051.1435434049201,1067.607788175824,10841151
2020-11-20,1074.4874267578125,1101.722024790956,1061.3919765104947,1081.7942362288459,7009257
2020-11-23,1068.3668212890625,1089.2435549374572,1065.5199939733723,1080.6556953710785,4998877
2020-11-24,1077.5242919921875,1085.5903038653125,1070.6919517994504,1077.049820705533,4623887
2020-11-25,1059.019775390625,1089.196191669632,1055.650983354257,1083.21780789283,4651911
2020-11-26,1061.72412109375,1077.002069703132,1045.3074880037723,1072.3048514235645,7360928
2020-11-27,1065.093017578125,1081.6046391978605,1036.245144241232,1071.3560145131419,18995549
2020-12-01,1058.9722900390625,1081.7944024969968,1054.4648133619917,1081.7944024969968,3551604
2020-12-02,1056.884765625,1074.250460634328,1047.7274468450835,1062.8631500282672,4434968
2020-12-03,1067.702392578125,1079.3743127157893,1063.1000458468545,1077.0494505452778,4087608
2020-12-04,1090.809326171875,1102.6711065782677,1071.118770697263,1072.3049487379024,6542918
2020-12-07,1109.97802734375,1112.0657704054886,1085.5902507382973,1095.8388763635685,5484461
2020-12-08,1111.59130859375,1122.1245475640178,1089.4335235704932,1114.9599850901523,4982626
2020-12-09,1120.700927734375,1124.4966971763204,1106.798898985712,1117.854100652916,4304573
2020-12-10,1129.5736083984375,1132.8000358565846,1110.3101464012555,1121.6499622052215,4921373
2020-12-11,1133.322021484375,1154.6732267434047,1121.6499829410247,1127.3436376767659,6689415
2020-12-14,1185.845947265625,1199.3683770806913,1136.927917985515,1136.927917985515,9723233
2020-12-15,1182.6195068359375,1188.0759258243481,1154.0088693204711,1186.1780409588139,6953407
2020-12-16,1203.4962158203125,1212.7484043511604,1183.3786829908806,1192.1089068592687,5729223
2020-12-17,1213.5076904296875,1218.4421449933322,1190.0213640367085,1205.1569502659906,5345257
2020-12-18,1216.1173095703125,1234.5741948960504,1205.1569773389579,1218.3946789045665,10315248
2020-12-21,1171.801513671875,1270.1594177912752,1095.0795428697284,1211.0877526754687,21153346
2020-12-22,1198.2296142578125,1203.2590556995247,1151.5891843825252,1172.18118971044,7998730
2020-12-23,1200.2225341796875,1206.390660500837,1184.612360371999,1203.2591038796313,4057070
2020-12-24,1197.7550048828125,1215.5951676518107,1189.4992526553824,1209.901513470772,3277840
2020-12-28,1223.56640625,1225.0846909876345,1201.8356011896508,1209.90161193589,3405825
2020-12-29,1219.24853515625,1228.9278164695038,1202.9741509541536,1228.8328295659164,3778319
2020-12-30,1226.0810546875,1230.1614374397623,1206.1057711512165,1222.427533835652,2866392
2020-12-31,1221.8582763671875,1237.4209557263787,1216.5442218107496,1226.982588768564,3889877
2021-01-01,1230.7784423828125,1233.577776467952,1217.4932471681946,1217.4932471681946,2058419
2021-01-04,1247.4798583984375,1255.0240212058352,1235.5232053848367,1238.3700330470137,4014636
2021-01-05,1239.6036376953125,1245.9615061287461,1228.9280345392208,1240.267851112164,2833637
2021-01-06,1246.9102783203125,1262.0933562907273,1233.6250850961997,1241.216624081407,4615963
2021-01-07,1270.5865478515625,1278.035839344962,1257.3488459593764,1262.093558585638,4270598
2021-01-08,1303.277587890625,1312.3399188125748,1278.2254839682503,1280.882569171268,4984995
2021-01-11,1281.072265625,1314.2377568333236,1276.3275535300925,1311.4384230324074,3252470
2021-01-12,1280.882568359375,1297.061967667329,1275.4261492590344,1284.8680803236734,2836161
2021-01-13,1283.444580078125,1302.8978990367953,1275.6632988297345,1284.8679936604667,4389762
2021-01-14,1306.314208984375,1318.7453324398107,1287.0032524742383,1288.6639018322694,5168591
2021-01-15,1285.010498046875,1313.810879496686,1276.375144541668,1306.4090817278195,2587576
2021-01-18,1267.8345947265625,1284.7257006749871,1258.44004139243,1276.517325392192,3185998
2021-01-19,1299.9088134765625,1311.4384876024021,1268.7360766457393,1271.6303975012167,3885798
2021-01-20,1312.0552978515625,1321.9243224704562,1292.9815778294676,1299.1022102791208,3957992
2021-01-21,1301.284912109375,1324.7237458039167,1291.5582513683362,1323.7748032925958,2985423
2021-01-22,1292.554443359375,1304.7958237093515,1279.6488496524075,1292.4595722851902,3282665
2021-01-25,1291.7955322265625,1325.1033923726104,1273.4808947817253,1300.051286029034,4847989
2021-01-27,1290.4193115234375,1321.5920464870146,1262.1882748597934,1298.9124155853701,8896211
2021-01-28,1276.65966796875,1295.401280857546,1271.5828491638815,1276.0428322251232,2962948
2021-01-29,1266.5533447265625,1299.1021146050682,1257.4435210714505,1292.4595179635521,5130876
2021-02-01,1374.875244140625,1387.3538605131916,1268.9257965364925,1277.039300810963,11317043
2021-02-02,1442.582275390625,1511.6653325279894,1398.741180255026,1398.741180255026,14349665
2021-02-03,1450.5059814453125,1478.4522893603373,1428.1583411343438,1451.8819016183031,6197782
2021-02-04,1451.6922607421875,1470.860852615383,1432.9031531930505,1447.1372904764253,3957579
2021-02-05,1439.0711669921875,1468.013910541981,1433.9468548027176,1456.0572593250154,3270494
2021-02-08,1472.56884765625,1489.8395528252613,1442.3924333085333,1443.4837402249568,5223019
2021-02-09,1486.470703125,1494.1097354048259,1466.1159359799656,1477.5032442205868,3825206
2021-02-10,1473.565185546875,1484.1459164950534,1450.6482033746329,1480.350146887649,2578777
2021-02-11,1452.3564453125,1480.2553770015613,1448.6081689040436,1470.2914811010182,2720190
2021-02-12,1443.673583984375,1465.167153805868,1438.6916360844523,1456.6266716917148,1867284
2021-02-15,1459.141357421875,1465.1671187127718,1443.673549406084,1449.0350973279808,1917477
2021-02-16,1470.3388671875,1493.6354512146524,1460.4224646882785,1461.3714071604606,3838556
2021-02-17,1469.295166015625,1486.99296764299,1454.7289211210616,1465.1672891134504,2340184
2021-02-18,1446.7576904296875,1471.9995373800043,1437.7902302755308,1463.4590550093005,2446843
2021-02-19,1431.764404296875,1468.013959283468,1422.322357486646,1446.0459185610396,3044240
2021-02-22,1378.05419921875,1434.753511415308,1373.214615822233,1433.7571913312122,6168108
2021-02-23,1410.413330078125,1421.515911355093,1385.4560951791962,1387.3539802410853,3733776
2021-02-24,1448.6556396484375,1453.7799524656627,1410.7928096249032,1410.7928096249032,2380414
2021-02-25,1429.534423828125,1461.9408343009702,1425.3116759169839,1455.6778367887173,3168105
2021-02-26,1368.8494873046875,1417.2455523671063,1361.8747834485264,1406.332714166757,5579058
2021-03-01,1397.6497802734375,1410.128395908131,1364.7689031905443,1381.6601241199455,2494481
2021-03-02,1409.7965087890625,1413.5922789519448,1383.7005889192467,1403.7707468230294,2089473
2021-03-03,1420.4720458984375,1432.903169432596,1405.7159437456878,1417.245618243432,2184001
2021-03-04,1387.9232177734375,1418.052140855535,1383.558105628296,1397.792242517476,3530366
2021-03-05,1388.82470703125,1401.777678225329,1365.6229956619236,1379.3826605726506,3306902
2021-03-08,1437.8375244140625,1447.1372065684013,1394.9453728888852,1402.5369123331784,4150049
2021-03-09,1431.2900390625,1454.0646593803797,1415.6324875939576,1447.1373326986077,3779948
2021-03-10,1446.3780517578125,1456.389441049776,1430.5307590047482,1445.239367140452,2210547
2021-03-12,1436.6988525390625,1485.0949169244602,1426.4028502442188,1448.3708908729739,4885349
2021-03-15,1407.993408203125,1450.078984128294,1388.5875807739249,1442.3925731887111,3181450
2021-03-16,1387.1640625,1420.5667890264654,1382.6090925928925,1412.311036387242,3233903
2021-03-17,1364.2470703125,1416.7235157524042,1358.6482869612198,1400.6389883392774,5178384
2021-03-18,1355.1845703125,1394.6605495879066,1347.4981603120611,1381.23310777326,3381940
2021-03-19,1339.195068359375,1349.2538354307069,1308.212073371155,1342.753602641995,9920812
2021-03-22,1328.56689453125,1345.0310225127432,1321.1650972473255,1337.0598829387552,2964175
2021-03-23,1332.6473388671875,1344.177013082346,1326.716448410594,1330.3224761432846,2564844
2021-03-24,1299.24462890625,1335.1620788623331,1290.6092754443332,1328.5194814550578,4237815
2021-03-25,1301.094970703125,1318.0810637344862,1291.5106751206881,1291.5106751206881,3894604
2021-03-26,1326.90625,1336.1109452622527,1311.4384420116712,1315.518940807424,3093766
2021-03-30,1350.8670654296875,1355.2795551337251,1324.2966769398915,1336.1109640583097,2801282
2021-03-31,1346.4544677734375,1358.5059905739513,1338.3884569346537,1350.9144509609785,2400871
2021-04-01,1370.84228515625,1373.92634822011,1347.9727945271668,1358.8856330608257,1380763
2021-04-05,1332.1256103515625,1365.5283420855606,1310.8692738673299,1365.5283420855606,2548649
2021-04-06,1329.4683837890625,1343.9872497329748,1322.1615731968232,1334.1182250012614,1824079
2021-04-07,1332.45751953125,1344.8411485847305,1318.3182543341416,1330.4172701648129,1841308
2021-04-08,1346.691650390625,1361.5426223416202,1338.0088041324389,1338.0088041324389,1644834
2021-04-09,1332.41015625,1344.6515378068918,1325.7675586743837,1341.8047102744847,2015002
2021-04-12,1276.469970703125,1322.778293156595,1263.9913542113509,1322.778293156595,3755497
2021-04-13,1303.5621337890625,1311.4384020758264,1278.462653543167,1278.462653543167,2063654
2021-04-15,1304.4637451171875,1320.073801881858,1288.7587014385897,1308.5441280965692,2625838
2021-04-16,1289.7552490234375,1322.1616592439013,1286.101843489552,1291.0362982576949,3752588
2021-04-19,1243.5416259765625,1277.4663196200754,1239.3188782776967,1271.5829225820166,4157065
2021-04-20,1263.5169677734375,1271.061014486644,1250.4215146375473,1252.6041287727658,2989204
2021-04-22,1268.5462646484375,1271.1083628297008,1240.504969995615,1243.11456163263,2398100
2021-04-23,1255.3558349609375,1275.995330694936,1247.3372027478754,1262.0933023548432,2062964
2021-04-26,1267.6922607421875,1272.7215862984365,1255.450879789848,1262.1409704956914,1431562
2021-04-27,1310.1573486328125,1317.5590298553095,1267.6921762034706,1270.6338744779641,4303909
2021-04-28,1305.64990234375,1328.4718981032781,1302.423474939566,1314.1428906904262,3220346
2021-04-29,1289.28076171875,1318.6031083847884,1284.3936846347922,1313.2889376695866,2221346
2021-04-30,1272.009765625,1295.3063473650677,1267.8818894437927,1281.0722116797374,1968093
2021-05-03,1273.9552001953125,1282.3059398352102,1251.7974178324532,1257.823179038277,1653245
2021-05-04,1269.305419921875,1281.9264010604022,1263.042422811014,1281.0723296730794,2029558
2021-05-05,1270.3018798828125,1277.9882908387492,1256.3998493191045,1273.670556199738,1813150
2021-05-06,1271.4881591796875,1287.288075969592,1267.5500243885529,1275.378800507741,2333882
2021-05-07,1274.14501953125,1290.466899663873,1270.633978695925,1278.225518523832,2362325
2021-05-10,1323.7747802734375,1327.4281857109518,1278.2255405220933,1278.2255405220933,3929224
2021-05-11,1312.956787109375,1328.4245958089507,1305.8397185367553,1309.5406173620584,1975828
2021-05-12,1314.570068359375,1352.2430386086894,1306.6937994134494,1309.5406268631518,4283174
2021-05-14,1343.22802734375,1351.1991670282011,1303.8944094376445,1322.8257648302279,4558155
2021-05-17,1315.9459228515625,1367.4260499939437,1298.3429943323135,1359.8345105075095,9620003
2021-05-18,1344.9361572265625,1349.3961403285743,1325.6725794929805,1333.2641189603705,3312380
2021-05-19,1331.7933349609375,1361.7325178380354,1328.5195295980834,1341.8047248940643,3215258
2021-05-20,1337.771728515625,1354.0934936580854,1330.085317208277,1338.768164504862,1996254
2021-05-21,1345.64794921875,1351.958324130247,1335.2569594124864,1342.7536282785438,2185322
2021-05-24,1369.5611572265625,1383.5580580192816,1338.0088215412807,1347.4982458075308,5035538
2021-05-25,1376.8680419921875,1387.306409249226,1368.469924230202,1385.4560177523783,2892219
2021-05-26,1397.6973876953125,1401.2084285003984,1378.6236672095106,1384.4121931108948,3230579
2021-05-27,1407.139404296875,1409.1796538993556,1387.116740126184,1400.5916776869722,3747221
2021-05-28,1402.6317138671875,1423.0814685664475,1398.646202191612,1411.1721953185863,2315923
2021-05-31,1392.7628173828125,1400.6390862217154,1383.1311439790254,1397.1280454165392,2405318
2021-06-01,1399.358154296875,1416.2967556440703,1388.3029504236347,1391.102284610593,2077742
2021-06-02,1395.94189453125,1399.3105708639796,1380.7588147099395,1393.3323026869623,2469417
2021-06-03,1433.709716796875,1437.6478512400902,1397.9820094054467,1404.5297356578435,3025466
2021-06-04,1459.0465087890625,1468.2512042092442,1439.4508240497523,1441.3960865675735,5677538
2021-06-07,1478.2625732421875,1489.3651534091061,1462.083058372144,1466.543041486585,3131245
2021-06-08,1470.05419921875,1502.1758775386925,1467.1125008320448,1481.299143927921,3945382
2021-06-09,1441.728271484375,1475.605469694698,1436.0346169389293,1470.8607575734934,3025732
2021-06-10,1442.1077880859375,1455.6777113916178,1437.6478049271843,1447.1372293821491,1584311
2021-06-11,1426.6875,1449.1775058810458,1422.1326456791435,1443.3414865646737,1909384
2021-06-14,1438.3594970703125,1441.9180312045785,1402.5369201187016,1426.68745877484,2005404
2021-06-15,1433.662353515625,1445.9036189091544,1428.965018709491,1442.3925780476734,1831871
2021-06-16,1414.7784423828125,1438.596876739117,1412.0264858758617,1428.9650868836447,1504791
2021-06-17,1411.5994873046875,1423.2714107595598,1404.6721605964544,1405.3838674841068,1675778
2021-06-18,1400.6390380859375,1414.8256811948852,1385.5508301585287,1411.599369576771,4649835
2021-06-21,1392.146240234375,1394.3762321008548,1373.357131059436,1385.4561487972198,1970012
2021-06-22,1422.654541015625,1427.9687116534824,1394.5184887318494,1395.0403376010522,3862264
2021-06-23,1403.7230224609375,1430.056173634364,1400.7338307818206,1428.158288865108,1818874
2021-06-24,1427.2569580078125,1435.9396888753022,1406.3327303606848,1413.9242700657358,2762042
2021-06-25,1446.0458984375,1451.217704182366,1430.5307128783002,1433.37754016761,2099002
2021-06-28,1437.1258544921875,1449.9365776333727,1433.235213594627,1448.0861861813935,1173658
2021-06-29,1433.7572021484375,1451.6922380122116,1427.1146048535363,1435.7499581693671,2174022
2021-06-30,1423.935546875,1445.6188572767107,1419.1433414797602,1438.5966604368548,2139362
2021-07-01,1416.1070556640625,1426.2606949148633,1404.5773801723572,1420.66191053641,2060651
2021-07-02,1409.7965087890625,1424.030646899871,1400.1647188332063,1423.4138110808603,1814564
2021-07-05,1430.957763671875,1436.698912000088,1412.0264075667972,1413.9242925232043,1605396
2021-07-06,1428.6329345703125,1441.4436583276683,1423.4137508173158,1429.107405820585,1072506
2021-07-07,1439.023681640625,1442.1077444952664,1418.6689131350702,1418.6689131350702,1096808
2021-07-08,1424.0780029296875,1446.1884101282817,1420.5669619173475,1426.260617075333,1456033
2021-07-09,1423.0340576171875,1426.1181205423343,1409.6539924017823,1421.420901806806,1248405
2021-07-12,1424.1253662109375,1438.5967384146468,1415.442519721172,1427.589029282972,865284
2021-07-13,1436.3193359375,1437.647878596814,1424.6947903844894,1437.647878596814,995833
2021-07-14,1465.831298828125,1470.765868877677,1431.0051586108054,1436.2718353373232,4010254
2021-07-15,1527.180419921875,1542.0313915682093,1470.8132185025504,1470.8607119573687,9066480
2021-07-16,1536.1005859375,1539.9438491825708,1513.6580739005099,1527.1805037689944,4157388
2021-07-19,1527.4176025390625,1555.6961312586172,1516.0302941963193,1518.3077790324062,3027093
2021-07-20,1509.1505126953125,1539.8013983477545,1501.2268668752356,1527.6548893729782,1847026
2021-07-22,1558.3057861328125,1563.0504981352644,1510.2893238355384,1527.7972647895078,3231269
2021-07-23,1529.4578857421875,1561.9116689044781,1524.8080448981254,1560.0612775927757,2259058
2021-07-26,1516.0302734375,1544.213930702488,1511.4754196653862,1529.457830841994,2219416
2021-07-27,1526.1365966796875,1536.3377273585663,1503.361979350098,1527.939610385819,3984778
2021-07-28,1529.927490234375,1536.7413372550454,1490.3885742735315,1528.248043998072,4119892
2021-07-29,1531.65478515625,1542.5471688765556,1522.0579506627898,1529.735418257558,1672177
2021-07-30,1536.885009765625,1559.3896568933428,1521.098263917632,1533.5741487320984,2536568
2021-08-02,1548.8809814453125,1552.7677460870864,1537.4608426684515,1541.5394971312883,1083353
2021-08-03,1568.4586181640625,1572.6332177287125,1545.3783015531835,1559.4856013644448,1777140
2021-08-04,1557.7581787109375,1578.007593868875,1548.5452407277746,1573.8809080431192,2067087
2021-08-05,1561.7889404296875,1567.0191686086387,1543.9388508840404,1554.687259149479,1831728
2021-08-06,1545.42626953125,1572.9212246798,1543.4589886853669,1561.4050229127727,1192143
2021-08-09,1533.0462646484375,1558.5259068446337,1525.8966698786746,1554.6871730839327,1223794
2021-08-10,1524.4091796875,1544.994460659832,1508.6224332726588,1541.2516716513296,1429931
2021-08-11,1519.4669189453125,1533.4782744913828,1499.7453763355222,1526.0886413175447,1370930
2021-08-12,1557.9981689453125,1561.4050923123634,1518.219333766539,1525.8968019524632,1645811
2021-08-13,1601.1358642578125,1609.1972285308802,1559.4855798043436,1560.4452632380694,5439442
2021-08-16,1589.3319091796875,1609.4373499105104,1586.6927794081303,1606.5102682134166,1794407
2021-08-17,1572.6812744140625,1597.8729653085668,1559.5336578353317,1591.1551810700323,1838525
2021-08-18,1567.01904296875,1594.130099480835,1561.500863324697,1580.5985867399722,1570228
2021-08-20,1529.3515625,1557.5662800979044,1525.8967254193888,1553.63160127974,2416059
2021-08-23,1517.019775390625,1553.7276712683358,1504.687865172593,1535.5896286989869,1973841
2021-08-24,1541.0596923828125,1548.3052319600458,1518.986973584061,1525.8966473919538,1580003
2021-08-25,1529.54345703125,1560.445215798217,1525.896613234419,1549.840667318399,1795313
2021-08-26,1531.4150390625,1538.3247138267957,1521.0984408046763,1529.5437029822574,2051262
2021-08-27,1572.0576171875,1599.5045435908578,1533.622360874832,1539.3324312008474,4903187
2021-08-30,1593.1705322265625,1617.018643432089,1578.7752799316133,1580.3107500799688,3345934
2021-08-31,1604.7825927734375,1608.4294366851302,1578.679250207064,1593.1225327599905,3264644
2021-09-01,1618.41015625,1648.73612914205,1604.7825812844249,1604.8306123153627,3530101
2021-09-02,1618.21826171875,1641.0587757495466,1614.1876379010162,1619.849793948872,2400278
2021-09-03,1623.3045654296875,1635.5885605230474,1604.6866829580379,1628.5828244364052,2336258
2021-09-06,1625.895751953125,1646.8168992813976,1622.057017922166,1631.4619631575617,1850835
2021-09-07,1613.8995361328125,1636.260206339991,1611.740248470487,1625.8955787012874,1734879
2021-09-08,1599.360595703125,1626.3755927103514,1591.155254857432,1614.1876590290717,1644392
2021-09-09,1602.7193603515625,1612.843950256459,1588.4679676861247,1588.4679676861247,1225239
2021-09-13,1604.3028564453125,1608.0936765510182,1593.55444812928,1595.042004410446,1578773
2021-09-14,1628.054931640625,1630.3102814530093,1607.8536654346535,1608.4294520712558,1407269
2021-09-15,1647.7764892578125,1655.0700600728628,1628.5828201924915,1631.4618705522896,2757989
2021-09-16,1651.855224609375,1658.8129299853622,1640.339022607741,1640.6748884030158,2128381
2021-09-17,1647.0087890625,1671.4807185089585,1637.31600906446,1654.4943672821396,3473932
2021-09-20,1635.636474609375,1665.05079596205,1631.413843973705,1631.6537648376766,1820374
2021-09-21,1651.5194091796875,1660.972268514535,1624.1684285916972,1630.1184196144495,2029747
2021-09-22,1641.922607421875,1660.2525397780903,1637.220134601978,1651.519442911922,1487933
2021-09-23,1698.351806640625,1703.4381759410078,1645.90519821032,1649.0241695183809,3702946
2021-09-24,1697.440185546875,1737.0271298034452,1679.4461199757068,1708.236624889576,3612494
2021-09-27,1669.4652099609375,1710.8755718712835,1666.970056564532,1700.5589753784402,1650711
2021-09-28,1667.1141357421875,1688.131226817034,1649.6958576202644,1674.9355793229802,1442615
2021-09-29,1651.6153564453125,1671.7687105913624,1647.392725480176,1662.1718752837196,1698747
2021-09-30,1634.29296875,1664.3311091463959,1628.5828987870457,1650.607588242858,1792078
2021-10-01,1628.4869384765625,1643.4579774987492,1619.4658902359938,1629.0627251410958,1563937
2021-10-04,1646.09716796875,1654.4463677853887,1616.155088817147,1628.1031018562799,1588493
2021-10-05,1647.4886474609375,1669.8493202759028,1637.2200806843048,1645.3773905822043,1705242
2021-10-06,1626.7115478515625,1665.9145950188363,1621.8650993637407,1647.488601707161,1845661
2021-10-07,1643.4100341796875,1659.5807955769703,1631.46202094467,1641.0588563619917,1378863
2021-10-08,1657.2774658203125,1670.808979791493,1650.6556262156048,1669.8492962878793,1755402
2021-10-11,1647.6805419921875,1676.4230145169672,1645.857120003811,1663.8511847268846,1528151
2021-10-12,1648.9281005859375,1655.9818678492734,1631.4619081930623,1641.538584684843,1671988
2021-10-13,1681.41357421875,1692.7858006101608,1654.542435400761,1657.3734549523945,2105025
2021-10-14,1717.161865234375,1744.6087920116756,1696.1926854304998,1703.4383432712877,4440909
2021-10-18,1716.3458251953125,1737.506892200127,1710.1559137810693,1734.291976061343,1918546
2021-10-19,1771.6236572265625,1809.0032802696742,1729.3975859629732,1736.8351326059917,6639827
2021-10-20,1733.8599853515625,1793.3124434171957,1723.879371518205,1780.2127413248456,3295376
2021-10-21,1732.9483642578125,1752.8617955513746,1718.8410646105908,1741.82543603928,2774633
2021-10-22,1719.9927978515625,1757.6603762115424,1709.5322239982531,1742.7852815725694,1520637
2021-10-25,1712.2193603515625,1739.714316383869,1689.3788459199293,1719.9927733643904,2488386
2021-10-26,1723.8314208984375,1738.8504905283826,1709.7241208479152,1713.034981936652,1930107
2021-10-27,1712.603271484375,1740.8659042724712,1703.5341919363034,1728.3900185196915,1408879
2021-10-28,1741.1058349609375,1786.930723272573,1718.7931930081515,1726.9985340051749,6379424
2021-10-29,1695.4248046875,1751.3263661220017,1665.8185934347932,1748.543260663731,3984689
2021-11-01,1722.967529296875,1732.2284973245296,1680.5974847275604,1704.3976793619747,2316925
2021-11-02,1742.449462890625,1750.8946078505276,1723.0158709818968,1727.4303918869448,1687119
2021-11-03,1813.3218994140625,1837.7938276675998,1744.704531958066,1744.704531958066,11580233
2021-11-04,1831.98779296875,1843.4080501888043,1823.3986723977912,1823.3986723977912,764191
2021-11-08,1846.9588623046875,1875.1255486165771,1835.1066777743717,1866.1525316346103,3674523
2021-11-09,1865.2408447265625,1884.9143566617367,1852.4771243457444,1855.5480647151035,3550645
2021-11-10,1871.52685546875,1875.2216136215982,1854.108576006616,1854.7803076166365,3208195
2021-11-11,1853.8204345703125,1901.8526370935524,1848.0144201090693,1869.319345392066,7061537
2021-11-12,1880.931640625,1885.7780891895882,1850.3657443903007,1861.7860015408658,2026320
2021-11-15,1868.5518798828125,1894.8951461464453,1864.6651146936151,1882.179339265493,1127678
2021-11-16,1876.468994140625,1900.1250961718008,1865.6245248884711,1871.3826252739293,2279531
2021-11-17,1874.1658935546875,1899.117664061753,1865.192876436727,1870.4231045488552,2166686
2021-11-18,1820.5196533203125,1875.2216144374752,1816.6809192068274,1874.1659859860406,1883794
2021-11-22,1789.329833984375,1823.3985972487596,1763.7542460195082,1821.7191511723463,2407464
2021-11-23,1810.2989501953125,1819.1760225869853,1770.1362190746522,1775.4144783345657,2028470
2021-11-24,1787.4105224609375,1825.7019176202093,1771.5277136434165,1817.6405527736997,1361828
2021-11-25,1775.3184814453125,1791.585069465147,1764.0901145135922,1780.2128437314595,1930012
2021-11-26,1706.4613037109375,1767.4971531973304,1697.2962790786005,1746.624036280245,2796595
2021-11-29,1696.0006103515625,1717.8814403012275,1665.1947944307701,1706.3172076418607,2111420
2021-11-30,1693.6015625,1726.374779503581,1680.6938654776252,1696.000771399986,3385628
2021-12-01,1713.9947509765625,1721.6722190660432,1691.0103777432262,1692.8817137304907,1359786
2021-12-02,1717.065673828125,1721.6722014943448,1691.922012951243,1713.9467024486062,2813690
2021-12-03,1728.6298828125,1770.4241455757146,1724.1194172783082,1727.3822474185167,3612772
2021-12-06,1710.77978515625,1747.5836233158025,1706.317233528554,1726.470586680466,1566109
2021-12-07,1725.60693359375,1737.0271910419765,1700.6551617887271,1718.0254102693732,2097201
2021-12-08,1751.4703369140625,1766.7772411661977,1729.3495864103684,1729.3495864103684,3433206
2021-12-09,1804.012939453125,1808.187538899608,1754.2532604159342,1761.019075385267,3791595
2021-12-10,1797.87109375,1814.617523978683,1786.0190259454105,1804.0130915846248,1771926
2021-12-13,1786.4508056640625,1819.7998067367598,1780.2608940511213,1817.3525669927433,1857829
2021-12-14,1790.4814453125,1798.446865160751,1771.767617206505,1775.414461337988,1685243
2021-12-15,1804.9727783203125,1822.1990503302482,1788.5141828230405,1790.7694156240912,2176709
2021-12-16,1798.350830078125,1831.0760121057997,1791.0572593296974,1815.7210769938015,2469902
2021-12-17,1772.6312255859375,1799.1184646069453,1757.8520774553697,1791.2491074050242,2352938
2021-12-20,1726.8065185546875,1755.8849760748226,1700.0793559482438,1747.5836901957393,2488158
2021-12-21,1753.86962890625,1777.5257334840317,1739.4263453583492,1744.608659692914,2077840
2021-12-22,1795.5677490234375,1803.7730894447934,1753.8695496536557,1753.8695496536557,1692505
2021-12-23,1802.71728515625,1811.7383327926534,1787.0264845670383,1807.0838916051728,1677127
2021-12-24,1784.4354248046875,1812.6021105447307,1775.414376972999,1812.6021105447307,1203991
2021-12-27,1790.961181640625,1800.0302604013393,1771.3837332627202,1784.4354045642758,1139744
2021-12-28,1822.9188232421875,1832.0358165671682,1796.6234716961544,1796.6234716961544,1916098
2021-12-29,1818.4560546875,1831.9875671056614,1813.8496446881534,1818.6000306262908,1287946
2021-12-30,1809.675048828125,1825.0299841471062,1805.0686385217464,1816.0090533662924,1805349
2021-12-31,1819.4638671875,1830.2122749142147,1811.2106129885378,1811.258526871483,1145546
2022-01-03,1845.327392578125,1859.338748233416,1817.304681267543,1818.600230561389,1906676
2022-01-04,1859.434814453125,1864.665042674679,1837.3620939273826,1845.3273966973534,1643920
2022-01-05,1870.039306640625,1872.3425705467248,1849.9339835089095,1862.4577833096112,1711667
2022-01-06,1846.910888671875,1874.2618683170547,1842.2084161101238,1866.1045585983168,1372015
2022-01-07,1828.10107421875,1856.9394923415327,1820.6635272905046,1851.2774535604094,1447123
2022-01-10,1874.3577880859375,1880.9315965177607,1830.3563237997737,1832.9954533792463,2397846
2022-01-11,1882.083251953125,1890.576427193741,1859.5306905119812,1870.4230744165488,2232435
2022-01-12,1894.60693359375,1904.01187783372,1881.2674279671226,1898.733619099806,1585970
2022-01-13,1937.025146484375,1947.1977678744495,1895.9027330716533,1895.9027330716533,2373324
2022-01-14,1962.3128662109375,1967.303173626631,1926.0848135397246,1932.802598141009,3124945
2022-01-17,1985.9688720703125,1988.4161117696958,1959.6736388044635,1962.3127683376233,1858651
2022-01-18,1940.671875,1994.7501324995194,1929.491656242745,1991.9669098452289,1460676
2022-01-19,1939.4244384765625,1945.2784844870314,1906.8911438952794,1938.4647549617687,2336679
2022-01-20,1922.725830078125,1952.9558593506285,1904.1079473503664,1938.5606073161032,2031107
2022-01-21,1877.18896484375,1914.376700623453,1864.7130792918497,1902.2366808681768,2209132
2022-01-24,1823.3026123046875,1880.0198808389705,1805.6924444055185,1876.1811470342968,2307120
2022-01-25,1847.6785888671875,1853.4366895538576,1775.5103233049413,1818.6001335399606,2998042
2022-01-27,1833.8111572265625,1844.511651475247,1791.7290599918242,1837.362056397492,2932713
2022-01-28,1821.0474853515625,1869.4634714144279,1815.0494634335232,1838.849544114983,2233620
2022-01-31,1832.2276611328125,1846.4310235581897,1775.8462564373635,1813.993674933433,3161064
2022-02-01,1910.2498779296875,1919.2709256511137,1839.7131454364285,1850.8934808872402,5392787
2022-02-02,1902.764404296875,1927.044443396425,1891.1522575249064,1914.6645029747133,3579380
2022-02-03,1855.6920166015625,1904.9717407214348,1852.189148409254,1901.6128484833869,2262217
2022-02-04,1869.4154052734375,1878.8683813578405,1845.759300992026,1869.463436307426,1440816
2022-02-07,1808.5234375,1868.9834940468293,1798.9746341588927,1854.5882424880604,2641464
2022-02-08,1799.9822998046875,1820.4715185379862,1773.4950593608883,1813.8017652554538,2040523
2022-02-09,1812.6502685546875,1823.3027321329703,1799.9823758774091,1808.523582583912,1390810
2022-02-10,1824.3583984375,1833.9552337790965,1805.1647277543068,1815.721246630063,1288856
2022-02-11,1795.8076171875,1812.8419980586173,1775.4143443136272,1812.8419980586173,1744894
2022-02-14,1726.4705810546875,1772.487357075394,1722.6318471334987,1768.9365750578393,2290199
2022-02-15,1800.414306640625,1806.1243766999758,1733.3324054577547,1737.0271635637387,2602134
2022-02-16,1785.6829833984375,1811.2106573856308,1767.8809253428915,1800.4142183624663,1898439
2022-02-17,1793.3603515625,1808.907293181848,1779.3489971269305,1793.6483034466721,1459905
2022-02-18,1807.179931640625,1819.5598719204893,1789.9536600924837,1794.6081015249551,1912482
2022-02-21,1788.802001953125,1807.9477579495776,1774.3108046221096,1799.3585203881364,1262585
2022-02-22,1770.0880126953125,1780.2127194959223,1727.9099738287914,1739.9060164129958,2288298
2022-02-23,1746.9119873046875,1777.3339085339774,1742.929277200823,1774.454857926201,1583872
2022-02-24,1686.4996337890625,1727.43015505955,1680.405667505151,1711.3554577833015,3616355
2022-02-25,1705.405517578125,1726.1825705015399,1693.84128517391,1710.1559037846503,2476882
2022-02-28,1743.5048828125,1748.7831417118912,1682.1331739236682,1693.7453200725572,2553662
2022-03-02,1712.55517578125,1753.293692783803,1697.2002400499528,1727.4302697709443,3152628
2022-03-03,1681.6534423828125,1740.4340567044471,1675.1755787636937,1737.0271334229942,2259979
2022-03-04,1642.7381591796875,1683.332816311351,1634.3409289224523,1669.8492168673324,3906819
2022-03-07,1568.5545654296875,1599.6004187055405,1540.8198074890975,1591.395078361906,6318251
2022-03-08,1591.6351318359375,1598.8327582988677,1530.6952277831294,1562.2688392969565,4421730
2022-03-09,1622.7767333984375,1631.2700259142293,1583.5257727915262,1608.9093539741018,3306502
2022-03-10,1658.5250244140625,1687.123640376696,1638.1797805022866,1669.8493368916104,2776325
2022-03-11,1658.956787109375,1665.482564153542,1637.0280441317886,1650.6555019980437,1577597
2022-03-14,1676.3270263671875,1683.2847312139957,1646.3369192688767,1665.0507460982226,1558334
2022-03-15,1673.16015625,1693.8413825967757,1656.9895126561155,1677.526763047685,2062332
2022-03-16,1685.3961181640625,1699.2636150475,1675.7992831508316,1690.0026458299594,2101909
2022-03-17,1715.818115234375,1731.8447824713328,1697.1522012817659,1709.3402517522557,3383036
2022-03-21,1685.4920654296875,1732.228601901219,1674.6475957438379,1732.228601901219,2301462
2022-03-22,1702.5264892578125,1705.3575086055766,1651.759210788516,1685.4921078409589,3986030
2022-03-23,1696.0006103515625,1719.320965504525,1688.2271976835286,1708.2365745795905,1574226
2022-03-24,1700.12744140625,1707.9487686267573,1680.405897576289,1684.2446317797755,1580887
2022-03-25,1680.5015869140625,1706.2211490252826,1668.8894411443812,1704.0138303344404,1483897
2022-03-28,1671.384765625,1684.2445479967425,1655.5499878233213,1681.3654974873464,1799629
2022-03-29,1676.231201171875,1683.3807963551992,1663.1314980259715,1678.1984820487153,2071779
2022-03-30,1702.094482421875,1705.4054604948979,1683.3806558182964,1695.6646503971103,1712835
2022-03-31,1696.3843994140625,1709.5320152428276,1687.123431098003,1708.1884350419891,1401916
2022-04-01,1717.9293212890625,1721.672110175738,1688.0831894086527,1688.0831894086527,2050573
2022-04-04,1752.7177734375,1756.0766653744429,1704.9735237623847,1712.075204430263,1955281
2022-04-05,1762.02685546875,1770.6159755366061,1753.341673336249,1765.8175582587292,1718581
2022-04-06,1778.1016845703125,1783.0919920480364,1754.013534338621,1759.099903888079,2245496
2022-04-07,1752.669921875,1781.0284973759206,1737.1710108136785,1775.3184277396294,2003954
2022-04-08,1756.9405517578125,1764.761995641949,1744.7526182774295,1761.4031034222835,1903321
2022-04-11,1709.6761474609375,1755.9808761249792,1707.276938721868,1746.863882916515,2262446
2022-04-12,1677.2388916015625,1709.6762424148703,1663.7073769914546,1708.2367170914786,4215141
2022-04-13,1689.810791015625,1701.3749071569503,1676.6630564856537,1683.4767860565096,1673417
2022-04-18,1668.2657470703125,1679.39805196211,1645.8571613355455,1675.895300993809,1808707
2022-04-19,1636.9801025390625,1689.7626941495848,1618.9860372172934,1677.8146816354754,2737766
2022-04-20,1623.400634765625,1643.3620990349998,1603.9670432969226,1641.0108040988482,3832617
2022-04-21,1645.3773193359375,1656.2217894725286,1631.4619089361877,1634.2929283303852,1797489
2022-04-22,1626.039794921875,1647.2008639991786,1622.2490917696257,1632.4217139411307,1474689
2022-04-25,1590.531494140625,1607.4699320785703,1585.397210623163,1607.4699320785703,1964344
2022-04-26,1631.4139404296875,1634.436966924234,1596.9133650103154,1612.2683012123375,2440990
2022-04-27,1609.437255859375,1623.4005804544947,1599.5044379441365,1607.469857830544,1346726
2022-04-28,1649.9359130859375,1661.212194591687,1612.2683344390723,1621.8651697631144,3117433
2022-04-29,1626.039794921875,1668.8896887381695,1619.1301202409315,1661.2122203598456,2404830
2022-05-02,1611.7403564453125,1617.978298998816,1588.3241735020188,1601.3278142280826,1399802
2022-05-04,1568.0748291015625,1614.091723836144,1559.5337395555289,1611.7884599753252,1777673
2022-05-05,1571.6256103515625,1603.822919503048,1567.1630589217993,1584.1494089654504,1707752
2022-05-06,1557.0384521484375,1567.163159961809,1547.1057513249314,1550.8485404153603,1439520
2022-05-09,1550.9925537109375,1564.1401711553547,1527.0964104878274,1542.7392988185145,1400010
2022-05-10,1543.1229248046875,1563.900094499287,1536.4531718240196,1546.0500061264806,1176030
2022-05-11,1507.470703125,1544.1305614534792,1494.5628913493324,1535.9732527074539,2988788
2022-05-12,1464.6209716796875,1492.2597857134033,1452.0970553612678,1487.509399329927,3407191
2022-05-13,1472.63427734375,1511.4055127674533,1441.4445647248697,1468.3157017503665,4328846
2022-05-16,1480.695556640625,1504.3037450956083,1477.3845785869876,1487.5092854214947,1775914
2022-05-17,1539.4283447265625,1543.075189042001,1482.7110708818277,1482.7110708818277,1608711
2022-05-18,1509.1021728515625,1557.5661853978288,1501.9045472258792,1557.5661853978288,2984009
2022-05-19,1485.5419921875,1499.7453545145315,1478.2484211880223,1487.5093901759872,1798843
2022-05-20,1545.1864013671875,1548.4013177070372,1498.1139953281483,1506.1273292345993,2175224
2022-05-23,1577.863525390625,1593.0744842350257,1540.8676825267091,1563.3242980836487,4177811
2022-05-24,1560.7332763671875,1587.02850976395,1545.1863338414914,1578.4874205877443,1970395
2022-05-25,1511.2615966796875,1573.5929933536202,1507.7587284631986,1567.1631607416602,1417130
2022-05-26,1501.472900390625,1524.8411707088824,1474.6977067115677,1511.501546330541,3578710
2022-05-27,1535.781494140625,1541.2516430253177,1510.5417721804795,1511.6933454776167,1279218
2022-05-30,1593.8902587890625,1596.6253332334657,1548.5452150856336,1554.6872126889918,2119326
2022-05-31,1587.79638671875,1606.8941122311485,1578.6793932622204,1593.5544878491896,3534742
2022-06-01,1581.558349609375,1594.0342346487694,1572.3933256631988,1586.884639697276,1425466
2022-06-02,1571.1458740234375,1582.9499108484952,1558.2380605887224,1566.20348054171,1852251
2022-06-03,1585.445068359375,1606.2221210435287,1578.631222240151,1591.1071069164607,2928263
2022-06-06,1574.07275390625,1595.2818519522025,1568.2187082684256,1585.541041467332,1538005
2022-06-07,1525.3687744140625,1572.345348400468,1522.1538583671174,1564.2839841932591,2157491
2022-06-08,1520.66650390625,1542.9791447988289,1506.79900734176,1530.6951494048749,2122442
2022-06-09,1530.7911376953125,1535.4936103066498,1493.459425864959,1493.459425864959,1361104
2022-06-10,1521.1942138671875,1530.215261731122,1505.7913647768949,1506.7030171952722,1337799
2022-06-13,1470.2830810546875,1502.8162563928865,1457.0874335756996,1497.2501626547016,2460367
2022-06-14,1482.375,1491.6359683194885,1463.709087420013,1470.283012485683,1983405
2022-06-15,1497.442138671875,1503.8240574315266,1477.000950235418,1485.542039739772,1461683
2022-06-16,1465.820556640625,1511.5014664181572,1455.5999042474539,1505.1675789410342,2329325
2022-06-17,1429.8802490234375,1468.2675854007114,1421.6750261621075,1460.6381491552697,4548572
2022-06-20,1412.4622802734375,1437.4619661876975,1397.6350992990738,1429.928473832515,1837431
2022-06-21,1439.8131103515625,1454.1122998731826,1417.35649444981,1420.3314896808565,1458922
2022-06-22,1419.1319580078125,1430.8400497029215,1408.8153605108832,1429.928397248785,1906619
2022-06-23,1434.054931640625,1450.8013598794116,1421.7709374310225,1421.7709374310225,1828491
2022-06-24,1434.5828857421875,1451.0414815319295,1428.9687605827005,1441.2047254567296,1731440
2022-06-27,1473.8819580078125,1482.4230473914818,1448.8821561115353,1462.557645910899,2389778
2022-06-28,1488.9490966796875,1494.707198245964,1462.6537427639157,1468.3158994005298,2072405
2022-06-29,1485.494140625,1491.3481866537775,1463.9012614746075,1469.5153866239361,1480197
2022-06-30,1495.4267578125,1503.7280432060636,1479.9278464387703,1486.5977168030404,3308971
2022-07-01,1508.7664794921875,1512.461237639134,1472.7303162155404,1498.0179537069541,1294305
2022-07-04,1517.931396484375,1523.449576796209,1487.7013652108508,1508.7184580022176,1269969
2022-07-05,1501.8087158203125,1532.8544532690842,1498.641713446109,1520.1386470359864,1445200
2022-07-06,1493.411376953125,1526.3764789891043,1489.2367775073205,1502.4324245278174,2422594
2022-07-07,1546.14599609375,1549.073077500837,1502.52842977761,1502.7683506421629,1697912
2022-07-08,1619.41796875,1633.381411341048,1552.7679926849682,1555.6470433512568,6516138
2022-07-11,1595.9537353515625,1620.761531560296,1586.740796749241,1617.018742304983,1316037
2022-07-12,1587.0765380859375,1605.4544999612704,1582.5660726376943,1588.276142423115,781516
2022-07-13,1580.838623046875,1615.3872285589027,1578.1035485402788,1596.9133214448323,1914814
2022-07-14,1579.782958984375,1600.128201578257,1568.6985681065726,1585.253107874101,1170472
2022-07-15,1616.922607421875,1619.80165771867,1582.7098696318574,1587.2204520528167,1345141
2022-07-18,1657.9971923828125,1664.6669457282994,1621.8650858279382,1627.6712177580507,3200640
2022-07-19,1660.060546875,1665.002823126472,1644.8975008824657,1650.6075707850268,1351783
2022-07-20,1669.8011474609375,1676.422986598523,1658.2849462299564,1670.185044265075,1509911
2022-07-21,1715.678466796875,1719.3718936578289,1667.03116212086,1678.5004930001353,2827327
2022-07-22,1718.20556640625,1729.6748972394278,1703.4316217236767,1716.0186267799374,1495629
2022-07-25,1732.493408203125,1735.457973623854,1710.7213056375376,1715.5325250328212,1916615
2022-07-26,1702.16796875,1730.8411765033904,1693.0800435817046,1730.8411765033904,1585897
2022-07-27,1746.295654296875,1768.5052179427084,1700.9530812859246,1704.8409740431496,5369460
2022-07-28,1750.7667236328125,1765.1033283093338,1736.867459435946,1754.4116231268433,1831059
2022-07-29,1757.3760986328125,1781.1407946543866,1743.7198284365454,1764.0826184383156,1747781
2022-08-01,1763.839599609375,1766.9013387126752,1740.1235500482805,1757.32742706825,1341943
2022-08-02,1742.7965087890625,1760.8751856982317,1725.9326796716186,1758.2994331139398,1749346
2022-08-03,1739.6375732421875,1753.4395443690587,1723.3083770323399,1742.7964859468436,1264299
2022-08-04,1730.20947265625,1763.9370139454613,1725.2524330572803,1743.5255767092906,1856927
2022-08-05,1737.353271484375,1756.3553930637536,1725.5438932294535,1732.9793925309789,1430542
2022-08-08,1778.37060546875,1780.7033646376751,1740.0748416134963,1746.052499906036,2625195
2022-08-10,1803.156005859375,1814.673863911755,1771.1780656203512,1778.7108575032198,3422074
2022-08-11,1814.819580078125,1826.14309031489,1803.2044304545186,1817.638325771041,1918049
2022-08-12,1794.6998291015625,1816.617871750042,1786.4867031977406,1812.729979033616,1041383
2022-08-16,1797.0811767578125,1811.757947560274,1790.3745383079531,1807.870054968943,1426893
2022-08-17,1803.6905517578125,1815.0140628405834,1798.198998304173,1809.2793974470403,1748371
2022-08-18,1841.4517822265625,1845.3396748338137,1798.1503308536758,1804.9541429163655,2519639
2022-08-19,1881.7886962890625,1887.571889169579,1839.702210723852,1841.0143507686928,4134598
2022-08-22,1827.94140625,1889.5158841992084,1822.449733988434,1882.8092454483167,3175874
2022-08-23,1824.4422607421875,1858.3640289824457,1813.4102704974193,1817.589802529708,1811509
2022-08-24,1840.285400390625,1844.8050994166917,1799.7055200425498,1823.4216894129156,1534933
2022-08-25,1825.2684326171875,1864.2445328537106,1820.505740372784,1846.74901586134,1121363
2022-08-26,1851.9976806640625,1858.412679782872,1834.3076979829652,1837.223617459612,1119310
2022-08-29,1828.767578125,1837.0293503355035,1808.8421274996679,1817.5898863107893,1183546
2022-08-30,1868.618408203125,1873.9642606063069,1836.203126906372,1840.8199994363927,1394462
2022-09-01,1859.3359375,1876.394113262007,1839.0703216227093,1851.6087986346147,2014905
2022-09-02,1886.1138916015625,1903.901047649856,1846.991972437964,1847.2349657246943,3201140
2022-09-05,1913.183349609375,1917.4600552518018,1887.6690541079888,1893.355073375627,2474746
2022-09-06,1907.302978515625,1929.46389536475,1896.6112737601768,1918.4806698508662,1172733
2022-09-07,1903.220703125,1906.379616031531,1879.7961726863855,1886.6971586908385,1238549
2022-09-08,1919.0638427734375,1921.5909492753467,1892.9663869948834,1912.7460171941304,1632797
2022-09-09,1895.104736328125,1931.6995508376567,1889.5158904587126,1921.93117277149,980869
2022-09-12,1906.9141845703125,1911.8712240039051,1893.306560200178,1895.1046868335607,791708
2022-09-13,1935.5386962890625,1939.0864219939524,1908.080454975113,1913.7179466691077,1761021
2022-09-14,1899.1383056640625,1917.654322437595,1894.7644266176915,1909.5870167192818,2322752
2022-09-15,1902.637451171875,1929.0750735318522,1900.013171112644,1904.1925844902735,1566565
2022-09-16,1866.1885986328125,1902.054434492602,1861.3287324905396,1892.4318758010866,3881617
2022-09-19,1857.1490478515625,1877.8034772624394,1851.60884836333,1867.2575923283462,1755456
2022-09-20,1878.532470703125,1900.9851455207381,1871.0483248632986,1876.8801637979375,1666658
2022-09-21,1842.52099609375,1891.7514617565334,1838.5844572258586,1867.2576662490096,1618385
2022-09-22,1835.2796630859375,1852.1920197060658,1820.5057185954038,1829.253476986946,1875115
2022-09-23,1804.808349609375,1842.3264900882443,1800.6289361848953,1837.0292837930185,1948766
2022-09-26,1799.5595703125,1824.199183614921,1767.0471171836791,1797.1782836483073,1529101
2022-09-27,1789.5970458984375,1811.758082782662,1781.1409263407877,1803.9822970196465,1443698
2022-09-28,1784.0081787109375,1803.982275612287,1774.4342663336504,1778.4193327600913,1853503
2022-09-29,1764.6171875,1805.342884684095,1747.0244978760531,1792.950227487386,2377718
2022-09-30,1795.914794921875,1830.1768494729101,1765.1519387336052,1772.8304319264964,2339518
2022-10-03,1768.310791015625,1800.0942654129112,1763.1592858850006,1800.0942654129112,1850414
2022-10-04,1819.096435546875,1828.2328884345288,1783.8624081000194,1783.8624081000194,1637532
2022-10-06,1859.3359375,1865.2164223516145,1825.4626979057095,1829.2534168138293,2771898
2022-10-07,1870.6109619140625,1874.8875488287972,1849.713539316172,1851.6088394875173,1469264
2022-10-10,1856.12841796875,1863.2723963847016,1830.7112981693194,1851.6087194120273,1656954
2022-10-11,1826.2889404296875,1869.8820320262546,1818.8047944798323,1869.8820320262546,1047963
2022-10-12,1857.6837158203125,1862.3005883645358,1805.9747907846406,1827.3095543451602,1907748
2022-10-13,1823.5675048828125,1858.412719646368,1815.8888930331207,1847.721014669323,1303645
2022-10-14,1858.02392578125,1882.469075233079,1845.2424546063266,1846.7490605100554,1819114
2022-10-17,1830.4197998046875,1860.3566204672352,1825.7543998456204,1849.5677421661258,2588147
2022-10-18,1864.341796875,1877.0746222406042,1840.0424665402309,1840.0424665402309,1401849
2022-10-19,1851.51171875,1892.4317655542561,1848.3528059415503,1866.1884899148288,1636141
2022-10-20,1850.78271484375,1864.05017219681,1833.4330176816254,1845.4368624680828,1374019
2022-10-21,1824.1507568359375,1871.048465117453,1814.7711914498193,1860.065120174276,2225676
2022-10-24,1856.2257080078125,1866.0912591293152,1846.7489698729382,1852.5808087251687,269400
2022-10-25,1894.472900390625,1899.8673989963554,1838.5359151011116,1861.3286387002413,2136147
2022-10-27,1909.0040283203125,1916.5853481599731,1895.2505836851344,1897.3888772849962,2245395
2022-10-28,1919.6956787109375,1930.3387375839095,1908.7609804240194,1916.7311130490784,2013794
2022-10-31,1966.39892578125,1977.6252635215628,1922.7573060685154,1930.3387443670474,3176507
2022-11-01,1967.7109375,1998.376736929531,1934.2751570542812,1975.0493820237389,4464211
2022-11-02,1956.87353515625,1984.7691163147608,1943.9462451662691,1979.4232641405536,1889651
2022-11-03,1952.4024658203125,1965.8157430719764,1937.1425344585657,1949.778185711933,1052241
2022-11-04,1958.6231689453125,1972.473787026609,1948.5632700687115,1953.6661293618208,2312753
2022-11-07,1961.1015625,1975.0493528515954,1937.1424016895814,1964.7464616501936,1395070
2022-11-09,1947.34814453125,1979.8605979124388,1940.3013394162754,1968.2942127119375,1301233
2022-11-10,1922.2227783203125,1945.7444817575017,1914.9815069580902,1939.0864892210677,1261210
2022-11-11,1954.7352294921875,1962.2194941328792,1936.1219194517967,1947.4454306760347,1203125
2022-11-14,1943.751953125,1965.232536013451,1939.3294278322016,1956.6305973644571,1175155
2022-11-15,1940.593017578125,1960.4698208053956,1922.6600419792367,1946.8621968632658,1450841
2022-11-16,1947.4454345703125,1953.5202669292544,1929.415403318415,1930.3387303773463,1195832
2022-11-17,1972.668212890625,2001.2927755524245,1945.0155047587518,1945.8903043496618,3786182
2022-11-18,1967.7109375,1993.4682252084788,1950.6042342988983,1981.8531938712615,1248459
2022-11-21,1955.0753173828125,1976.0213859279013,1950.7500843862754,1962.413762020872,714687
2022-11-22,1972.9111328125,1976.1672191112277,1962.9969355660112,1964.892354384004,1337869
2022-11-23,1968.2457275390625,1986.7132183159722,1961.4419151475695,1981.8047062024805,1046988
2022-11-24,1994.683349609375,2002.264788013911,1971.550458684871,1973.5915786709932,1611889
2022-11-25,2004.9376220703125,2037.0613822481182,2000.7580900512858,2003.236669051952,2652761
2022-11-28,2006.5899658203125,2013.9284107224858,1994.4889472985235,2006.4929108820752,1105372
2022-11-29,1993.07958984375,2013.9283664479794,1981.4644395138405,2011.984420148319,1413764
2022-11-30,2016.6986083984375,2027.5360142263667,1987.6851146178906,1995.4608999073494,2104550
2022-12-01,2045.2744140625,2050.863259437745,2021.1694335061666,2026.8069249964728,2614357
2022-12-02,2027.0499267578125,2040.0742715501692,2011.158071444178,2037.3529366728098,1957264
2022-12-05,2027.1473388671875,2038.0333909147603,2010.8667882649013,2037.2071188007624,1767537
2022-12-06,2034.8258056640625,2041.1436311891716,2009.0685169847704,2022.6761411926982,1530731
2022-12-07,2064.470947265625,2083.910410045904,2037.5473387745647,2037.5473387745647,3438327
2022-12-08,2106.9462890625,2114.041740986129,2060.5832142025715,2060.5832142025715,3743754
2022-12-09,2093.678955078125,2132.849523174242,2077.592750880682,2107.237933992664,2573609
2022-12-12,2103.058349609375,2108.2098549903726,2074.7254259611036,2088.6730988976224,1536090
2022-12-13,2112.000244140625,2114.7218162674526,2092.1720879131003,2109.1816170831257,1233124
2022-12-14,2133.91845703125,2148.0607141701425,2114.0902992043193,2115.9369533153463,1516631
2022-12-15,2116.520263671875,2147.088772984709,2112.681017037665,2135.1334553088236,1323412
2022-12-16,2114.04150390625,2149.615814477438,2100.4338804328304,2100.4338804328304,2822390
2022-12-19,2122.78955078125,2126.1428109911226,2094.650973014179,2110.1538986932665,1592779
2022-12-20,2102.62109375,2118.8043531406606,2078.0787696463653,2118.8043531406606,1747181
2022-12-21,2086.14599609375,2113.9929316121666,2082.7927362231853,2092.7554608998385,1979681
2022-12-22,2050.81494140625,2088.1388571316475,2038.130642848393,2083.9106785129748,1993744
2022-12-23,2004.9376220703125,2045.177215699701,1992.642256599703,2035.797769689138,2026125
2022-12-26,2032.4447021484375,2048.9196011974864,1993.5171262125448,1995.218079391907,1154610
2022-12-27,2064.568359375,2068.3589599179986,2026.5641125136403,2042.6503163579696,1059351
2022-12-28,2061.652587890625,2076.134894623934,2054.4111972258097,2069.3310817670204,1153883
2022-12-29,2051.738037109375,2061.1177204300698,2035.457486769956,2050.5230706661346,1517150
2022-12-30,2027.341796875,2073.2188855609284,2022.7735701845427,2055.723367539317,1189427
2023-01-02,2030.8890380859375,2038.8107608075697,2016.8927211112102,2034.2422976425796,807344
2023-01-03,2030.4034423828125,2038.0335271990377,2009.9920044418893,2029.4801152689251,1260225
2023-01-04,2012.5191650390625,2042.55304212396,2000.3208538690078,2032.3473234817711,1015547
2023-01-05,2028.84814453125,2040.3658833835575,2010.5263566830797,2021.7040473293719,1881403
2023-01-06,2028.0706787109375,2062.235440942713,2013.7827204772466,2031.6182858856014,1877917
2023-01-09,2062.2353515625,2067.6784960337727,2041.8725618587598,2048.919367082359,1844365
2023-01-10,2047.607177734375,2072.1495002058364,2038.422078764089,2072.1495002058364,1425414
2023-01-11,2065.783203125,2080.022514673019,2038.3249619850405,2047.0727202243197,1455621
2023-01-12,2099.218994140625,2103.981567618775,2058.73640768196,2058.73640768196,2726901
2023-01-13,2093.046875,2104.17615734597,2057.8614946194307,2101.3086467304324,2180210
2023-01-16,2077.301025390625,2100.434034451336,2072.5384517449515,2086.826409980111,1009649
2023-01-17,2151.073974609375,2155.6422011701447,2076.523440650743,2079.9253468361458,4645453
2023-01-18,2202.977294921875,2211.044720077446,2138.3410760327047,2158.752513576653,4090049
2023-01-19,2209.392333984375,2219.7923995677265,2178.19189993618,2196.513689328349,2176835
2023-01-20,2186.890869140625,2233.25393940443,2175.7131782848714,2218.4799954721025,1962410
2023-01-23,2170.902099609375,2209.5866796700566,2164.5842739333234,2191.7995229993912,1466706
2023-01-24,2145.630859375,2189.1753066081287,2138.3410603057755,2181.7882152987227,1036962
2023-01-25,2113.749755859375,2143.2005868940028,2094.6019341299666,2139.31269467288,2134447
2023-01-27,2099.316162109375,2133.480921120602,2067.484043582405,2113.7498200396813,1647900
2023-01-30,2053.68212890625,2112.340807860661,2025.3978504827728,2069.7196870931593,3441304
2023-01-31,2064.859619140625,2072.9756896823574,2014.5600097438078,2060.5343861786882,4516463
2023-02-01,2085.4169921875,2153.8438054777257,2021.9957455870974,2073.2186819717817,6868872
2023-02-02,2084.78515625,2106.217212096164,2048.7737401601116,2075.7459956125554,3488506
2023-02-03,2105.82861328125,2120.699850908229,2071.323564200145,2115.9370397829343,2045634
2023-02-06,2095.67138671875,2120.456701843692,2082.2581098973906,2103.5928729080574,1332484
2023-02-07,2104.61328125,2111.1254531901827,2089.7906923176106,2101.648716003901,1089248
2023-02-08,2071.12939453125,2114.284913992522,2065.9778885982637,2099.996953988328,1452145
2023-02-09,2087.215087890625,2091.637613268565,2075.8430492745906,2089.7423130489155,1563181
2023-02-10,2103.2041015625,2109.1329951336807,2077.641161400185,2080.216795213337,1454665
2023-02-13,2141.54833984375,2148.449206349702,2099.6562050743896,2112.097507988339,2978938
2023-02-14,2130.224853515625,2153.892494573353,2120.991108615604,2152.9205214259823,1874906
2023-02-15,2114.090087890625,2126.531390731741,2096.788919666113,2124.733145620639,1946344
2023-02-16,2117.249267578125,2140.576624362243,2110.834149543235,2125.5110397725,2464602
2023-02-17,2163.95263671875,2185.967734860672,2099.462119741686,2108.9875045964395,3753179
2023-02-20,2163.126220703125,2188.8835088849414,2152.920502744292,2171.096352982778,1779752
2023-02-21,2166.965576171875,2198.603350895719,2160.40475715395,2176.247967575382,1882604
2023-02-22,2133.238037109375,2178.1917945834875,2120.894025759893,2166.5281169685827,2103097
2023-02-23,2098.635986328125,2146.3113225750967,2093.144432284118,2142.229082309819,2000556
2023-02-24,2074.2392578125,2111.4172291796176,2059.3680218060285,2099.4619124960573,1479060
2023-02-27,2054.45947265625,2079.925120151935,2023.7452653943667,2074.2392199549067,1398112
2023-02-28,2050.037109375,2078.370269559717,2026.564052321324,2055.7232473187532,2108587
2023-03-01,2056.014892578125,2070.3028507078902,2041.1436556274973,2041.1436556274973,1389077
2023-03-02,2062.138427734375,2088.770398387862,2048.482156869744,2070.2542615428033,1727640
2023-03-03,2091.73486328125,2099.3647101239035,2072.4897474666745,2080.0225393732835,1821066
2023-03-06,2081.14013671875,2123.615551610412,2079.8281153946086,2097.7609718761937,1821012
2023-03-08,2109.95947265625,2128.2326162987133,2080.6059294391985,2091.6863290137867,2965342
2023-03-09,2131.7314453125,2137.3689369897434,2110.6396756131094,2113.992935489825,1873933
2023-03-10,2097.37255859375,2120.8456175071174,2073.218928571348,2110.639898449452,1900535
2023-03-13,2074.044921875,2117.880766887791,2047.94734887446,2103.3984624248715,2334468
2023-03-14,2084.10498046875,2110.153910844378,2074.579595226404,2084.2509188341132,2871343
2023-03-15,2115.645263671875,2150.4419499285345,2099.462005631055,2103.5442454046,3044201
2023-03-16,2112.680908203125,2125.7052533363226,2072.2467307329857,2123.6640148267616,2946792
2023-03-17,2134.2099609375,2166.430774685029,2125.4135568131896,2125.4135568131896,3286473
2023-03-20,2116.520263671875,2143.2008802314544,2091.6863012508347,2129.6905478331523,1996773
2023-03-21,2146.553955078125,2164.584103625424,2120.8453139248654,2121.525647638361,3178680
2023-03-22,2151.89990234375,2183.2946824661053,2146.0194173420336,2157.29440077174,1956033
2023-03-23,2144.804443359375,2179.163788920165,2138.875549559657,2151.948540887264,2455799
2023-03-24,2105.439453125,2157.148612312783,2092.706747788166,2144.1726764008095,1449544
2023-03-27,2093.630126953125,2128.621159715573,2089.742234423964,2114.0902088474595,1540581
2023-03-28,2073.802001953125,2108.9873824249885,2062.9643589820885,2106.9947900134407,1627243
2023-03-29,2087.263671875,2098.781648502378,2061.5550297835766,2077.738287644097,2372385
2023-03-31,2103.544189453125,2115.9368467956247,2090.276851217464,2096.0600438510055,1489542
2023-04-03,2109.327392578125,2122.3033287793564,2094.60209458187,2118.901422825279,1231654
2023-04-05,2194.472412109375,2199.089284640665,2104.321901103664,2109.181766926074,2763363
2023-04-06,2210.510009765625,2227.4222482177756,2191.2648932971547,2194.4724522582565,2389899
2023-04-10,2244.96630859375,2254.8803871382565,2214.2034537060617,2220.8613273201554,1955914
2023-04-11,2236.99609375,2264.6973271507713,2223.1941231643277,2254.977596132957,1342440
2023-04-12,2224.360595703125,2247.882298916871,2217.9941239909936,2239.4261798121042,1165839
2023-04-13,2195.4443359375,2230.6783623581905,2179.6011262528464,2230.4840151892886,1956668
2023-04-17,2151.948486328125,2210.072526327236,2139.4585368247213,2195.4442834208003,4125850
2023-04-18,2154.475830078125,2167.5001756763872,2126.677302412527,2157.7804439468964,2848601
2023-04-19,2157.3916015625,2172.359892479576,2146.213910840569,2146.213910840569,1970015
2023-04-20,2170.173095703125,2188.348946525727,2159.9673774163116,2162.6403036342863,1898996
2023-04-21,2153.114990234375,2180.13589271743,2140.284991423888,2177.3656741716695,1009316
2023-04-24,2166.430908203125,2170.1244537164403,2125.267986746828,2157.7804418913743,1239073
2023-04-25,2184.947265625,2190.8277513702533,2155.9340058839316,2168.5210122753397,1350118
2023-04-26,2212.356689453125,2223.194332939474,2181.1564923208393,2184.8500379157467,1894812
2023-04-27,2240.9814453125,2245.258032359644,2203.560478106506,2211.967951143922,1252989
2023-04-28,2298.13330078125,2302.604472345838,2247.493640285834,2247.493640285834,2884961
2023-05-02,2317.621337890625,2348.627423859294,2306.6866399161695,2306.6866399161695,1840153
2023-05-03,2290.260498046875,2323.0159474190546,2282.679059629142,2317.2814004597462,998235
2023-05-04,2290.84326171875,2314.8995954948077,2277.1872297570967,2295.606072198738,1230912
2023-05-05,2310.865966796875,2339.4905261604567,2290.940518923337,2290.940518923337,2425866
2023-05-08,2299.10546875,2318.1562396851255,2288.073714558487,2310.817794066322,1583576
2023-05-09,2307.804443359375,2334.5821126400156,2301.2920336988004,2301.2920336988004,1417301
2023-05-10,2298.181884765625,2321.9952271241095,2284.136920099533,2320.099926926632,1675409
2023-05-11,2179.3095703125,2249.1945843235953,2174.6442888876654,2235.5383136868804,9470848
2023-05-12,2158.849853515625,2172.360186602527,2135.765489116605,2160.356222195775,5367292
2023-05-15,2183.877685546875,2196.65903590291,2152.920249789799,2158.6547957164994,2662740
2023-05-16,2164.778564453125,2191.7994656354413,2160.793616894486,2191.410771292498,2528855
2023-05-17,2157.3916015625,2181.1076504358693,2148.2549119848313,2162.0084738172104,1961004
2023-05-18,2126.87158203125,2170.9506589436523,2119.873422867928,2167.500106829656,2290757
2023-05-19,2128.669921875,2137.417680542491,2107.7238522726575,2130.5652221266614,1729803
2023-05-22,2154.475830078125,2159.724390292795,2117.3462650329607,2128.621248758425,1112099
2023-05-23,2136.056640625,2166.1393986454655,2132.5090336423386,2163.223479274031,2265389
2023-05-24,2123.906982421875,2146.6026498445763,2115.013523233778,2138.3408782694446,2648479
2023-05-25,2142.909423828125,2145.4366492528316,2116.9577849434095,2128.621464199296,1689521
2023-05-26,2156.273681640625,2158.509267235853,2139.312798462732,2147.088583282224,1249128
2023-05-29,2162.202880859375,2178.969417406607,2157.974702810822,2162.640221309677,1369656
2023-05-30,2148.83837890625,2174.3040290601107,2145.339180498117,2167.500216720629,1716729
2023-05-31,2143.83251953125,2161.668322053781,2138.3409660603947,2139.4102314626793,2809284
2023-06-01,2145.92236328125,2159.7243345210836,2140.430572617023,2154.864468781837,1049488
2023-06-02,2171.922607421875,2174.595533532231,2150.1502669077345,2158.752324036677,1399950
2023-06-05,2204.726806640625,2209.10068594068,2177.219918249541,2182.0797841384906,2344944
2023-06-06,2214.106201171875,2216.7791273483654,2200.2555837118784,2205.407088893469,1677680
2023-06-07,2250.60400390625,2253.0339369702815,2214.155007945773,2214.155007945773,2128603
2023-06-08,2274.708984375,2279.3258571906,2247.9310745848916,2252.013314667476,2556995
2023-06-09,2296.7724609375,2302.458598555219,2272.7161264439733,2279.276944942208,2501720
2023-06-12,2274.36865234375,2303.576494597751,2267.710778272007,2298.7166285753933,1172382
2023-06-13,2288.413330078125,2291.81523586622,2261.8786547694767,2280.103150062843,1688768
2023-06-14,2289.045654296875,2293.8568744340437,2274.417409396467,2286.9557694264413,1013564
2023-06-15,2295.120361328125,2303.090494097066,2283.1650435256415,2288.996882717278,2561534
2023-06-16,2300.466064453125,2313.2960623814974,2286.3238078726376,2297.501498930363,1794542
2023-06-19,2300.02880859375,2352.077782073122,2294.828657208563,2312.3241742902037,3111256
2023-06-20,2315.239990234375,2322.6754897421997,2288.462083106002,2298.6678009470857,1771306
2023-06-21,2327.341064453125,2344.399240716472,2315.2400461801976,2315.2400461801976,1607299
2023-06-22,2348.530029296875,2356.0628209066217,2313.2960040254784,2327.4869063643796,1741775
2023-06-23,2322.57861328125,2358.9789622519193,2316.4551346464305,2351.1545305128802,1212955
2023-06-26,2310.9150390625,2336.477982898298,2301.5840009793137,2330.889136732406,793572
2023-06-27,2321.12060546875,2329.7710718720296,2305.0830479606784,2320.5373266401093,1012317
2023-06-28,2353.58447265625,2364.7135184074355,2323.06460890131,2332.735694843218,1734938
2023-06-30,2406.168212890625,2413.8953520825203,2347.363836485957,2352.175056186712,2690699
2023-07-03,2385.270751953125,2422.545779810111,2379.3902669465106,2408.7438085644108,1078456
2023-07-04,2392.852294921875,2414.770100538023,2389.304450396226,2389.304450396226,1441581
2023-07-05,2401.55126953125,2415.304594472899,2385.562358919369,2392.0258853481737,1191896
2023-07-06,2418.8525390625,2429.88429222369,2398.392456262032,2398.9270889680947,1796824
2023-07-07,2380.70263671875,2433.8208768309673,2376.0857640490426,2413.1664464664873,1837661
2023-07-10,2370.399658203125,2394.31029401087,2352.1751605747054,2381.3343567801767,1178479
2023-07-11,2405.1962890625,2409.5215222701177,2378.612727570397,2378.612727570397,1219658
2023-07-12,2386.1455078125,2416.2766763550103,2379.1959945034023,2410.785122814099,1822435
2023-07-13,2381.47998046875,2415.2560483093857,2377.6893800044522,2396.8858502160365,1141663
2023-07-14,2402.960693359375,2407.626212081264,2380.0220314006688,2381.577283407345,845623
2023-07-17,2399.607177734375,2424.1008517924624,2395.9136325855734,2405.6333633465697,878697
2023-07-18,2405.341796875,2420.1643867348225,2398.926916757163,2399.80159763292,720865
2023-07-19,2424.246826171875,2432.8002376655836,2397.274570268951,2405.2449402301295,1431080
2023-07-20,2419.92138671875,2425.753225335881,2399.8502370640404,2424.1009185206512,1045704
2023-07-21,2513.765869140625,2522.270635251782,2450.441905529387,2451.3165865529845,4610417
2023-07-24,2532.23291015625,2564.065029072906,2511.481189622633,2563.724743569816,2155297
2023-07-25,2489.1259765625,2544.3827457617876,2481.4474834991283,2542.6817927276616,2068876
2023-07-26,2572.083984375,2598.910538611685,2512.5506280999057,2518.382467081956,5820099
2023-07-27,2585.64306640625,2601.340576009005,2572.278434868901,2594.1478319300177,2117794
2023-07-28,2575.29150390625,2593.370062095357,2551.42951564318,2585.594276904825,1325724
2023-07-31,2606.200439453125,2614.607912729074,2557.3587860647845,2580.5888506675433,1284981
2023-08-01,2591.912109375,2613.635804228994,2580.9290026022054,2606.2003045397114,1298745
2023-08-02,2577.658203125,2600.071388900892,2558.538271749699,2593.2393620081925,1479486
2023-08-03,2554.016357421875,2597.908654353044,2542.4165280878956,2570.629507570981,1612618
2023-08-04,2582.327392578125,2590.2900500214596,2554.409371909208,2560.79908171002,1101278
2023-08-07,2591.1748046875,2608.9677857364222,2578.592182949216,2583.4089453335787,1163125
2023-08-08,2587.53759765625,2604.5441046141023,2583.703867647575,2594.2714649771096,767310
2023-08-09,2606.608642578125,2609.950856526968,2570.875321104389,2590.290209773469,906865
2023-08-10,2598.64599609375,2616.4389774833166,2577.1666434216595,2595.3037821301805,1040041
2023-08-11,2593.73095703125,2611.818656980212,2586.6039722146966,2597.2207700100184,1320121
2023-08-14,2614.767578125,2618.3557901003232,2571.612555174645,2592.256233943249,1364413
2023-08-16,2645.38916015625,2649.2720898021607,2607.0508998585565,2623.7132496036984,1703875
2023-08-17,2607.493408203125,2645.389354746101,2597.1715681329524,2645.389354746101,1629067
2023-08-18,2597.122314453125,2629.3166244780414,2588.0784646747607,2605.035773008495,1898966
2023-08-21,2617.077880859375,2621.354167592683,2578.936177576682,2597.0241168644384,1376318
2023-08-22,2633.346923828125,2640.080550957905,2616.8319334983844,2622.7301271877122,1497180
2023-08-23,2671.48876953125,2679.7461451458007,2636.9350389579504,2643.914664535535,1990672
2023-08-24,2642.538330078125,2719.8539688265487,2635.1166277936177,2700.8813963683565,2619182
2023-08-25,2593.632568359375,2637.180951346529,2586.3582246541696,2632.0200312859306,1408427
2023-08-28,2649.616455078125,2654.1874597039136,2605.0850396990195,2608.52565307271,1551734
2023-08-29,2672.81591796875,2675.912614053112,2650.550329924836,2664.0178259159998,1101830
2023-08-30,2663.03466796875,2691.1984491335065,2661.0686032452586,2676.7479214154737,1920079
2023-08-31,2656.841552734375,2678.3701057524145,2632.9048583946064,2673.848060826761,2439625
2023-09-01,2656.251708984375,2669.8665625206936,2642.6858150652083,2664.017568257907,1263430
2023-09-04,2665.09912109375,2695.4747249489537,2659.102527712225,2686.627433729209,1548282
2023-09-05,2686.578125,2692.525518522466,2673.8479044837923,2674.3394206427047,1066447
2023-09-06,2684.12060546875,2696.2611508702375,2665.983706790542,2693.508612317878,1747425
2023-09-07,2798.103271484375,2807.4912787165313,2683.6783984086255,2686.6274955497342,4100519
2023-09-08,2852.366943359375,2879.006977732233,2823.711404543645,2838.9976065536307,3638510
2023-09-11,2845.09228515625,2876.3527630482,2841.01279675132,2855.709082930629,1545803
2023-09-12,2894.145751953125,2957.9444579889237,2882.6932806243726,2901.5184948693486,7788759
2023-09-13,2857.42919921875,2893.752195482007,2839.439659743868,2893.5556370174218,2458417
2023-09-14,2869.078125,2881.9065043296982,2856.69182220112,2875.2710364013233,1910041
2023-09-15,2859.19873046875,2885.1506879728545,2850.7937560504242,2883.233822929619,1655275
2023-09-18,2870.306884765625,2880.284566359742,2857.6748240299553,2860.62392085558,736631
2023-09-20,2840.96337890625,2894.980956398286,2837.080449277266,2877.2863747995616,1399240
2023-09-21,2850.15478515625,2855.8072208617195,2797.7591157476663,2836.097375315198,2444711
2023-09-22,2868.97998046875,2886.625363563662,2853.0057044082337,2859.3462152141647,1965569
2023-09-25,2853.25146484375,2874.190102404505,2822.285945070252,2868.439267018743,1049532
2023-09-26,2863.131103515625,2894.0474249159984,2860.6243228619414,2865.5394849287145,953456
2023-09-27,2914.739990234375,2944.0833606031206,2862.2459210351394,2872.42040141311,2903693
2023-09-28,2958.92724609375,2998.7400545544797,2927.715970325153,2938.283567632631,4081102
2023-09-29,2972.24755859375,3006.4571329344913,2954.258018294054,2988.418393016862,2698016
2023-10-03,3021.104248046875,3025.232936024404,2944.2803638997502,2988.909937748808,3254492
2023-10-04,2976.376220703125,3012.1095429008956,2939.315948821484,3012.1095429008956,3100946
2023-10-05,3043.517333984375,3062.047349653723,2981.0947801948587,2981.0947801948587,3413447
2023-10-06,3041.207275390625,3062.0967138048354,3021.00591165396,3062.0967138048354,1898118
2023-10-09,3022.529296875,3032.654577337045,3003.7043247523643,3022.8242545579947,1181760
2023-10-10,3023.8076171875,3046.417362049435,3020.0228465048326,3021.694193558358,1551789
2023-10-11,3036.2919921875,3057.2306293851666,3032.064905053997,3037.5699822508573,2066921
2023-10-12,3029.4599609375,3052.364662815554,3015.009433314256,3041.502107289892,1870280
2023-10-13,3037.1767578125,3046.417165639326,3011.51951821106,3015.6974055792325,1437808
2023-10-16,3049.26806640625,3060.4255800022383,3022.529633469217,3046.3681688631154,818794
2023-10-17,3014.272216796875,3061.3593715184847,3011.0281619626157,3057.1322843100943,1847182
2023-10-18,2993.92333984375,3026.9038822919865,2985.6165247133586,3016.5820428973298,1350839
2023-10-19,3002.573974609375,3017.810976342754,2956.1256951318155,2974.262834354896,1599104
2023-10-20,2961.237548828125,3004.3925723133916,2926.7822175042998,2988.3690972614277,1667471
2023-10-23,2908.104736328125,2955.8799659738224,2898.962487198978,2952.0462356929575,1614030
2023-10-25,2866.62060546875,2915.182305418815,2860.9189700904612,2908.7925954254843,2108353
2023-10-26,2815.99462890625,2866.669755685704,2808.572686497823,2856.6920731088903,3286109
2023-10-27,2852.66162109375,2861.164995339321,2809.1624374618655,2816.0436642510904,2399538
2023-10-30,2876.69677734375,2882.2508140523414,2807.687715240719,2850.0073053770957,1693052
2023-10-31,2879.35107421875,2901.4693030267013,2858.608994759592,2880.2357073718113,1556467
2023-11-01,2846.173583984375,2932.532831114658,2822.335049722768,2897.438624551836,3875595
2023-11-02,2868.586669921875,2888.0015579774495,2853.939344554493,2885.1998199043587,1451606
2023-11-03,2861.852783203125,2898.028419840576,2855.708831328494,2884.2167680267817,1136175
2023-11-06,2924.963623046875,2928.453435966839,2877.581510719681,2883.233946858254,1235499
2023-11-07,2911.0537109375,2932.975380077677,2905.941990778791,2919.6060442797034,1112206
2023-11-08,2945.607177734375,2951.8003294140635,2910.75872962952,2924.226224553206,1013438
2023-11-09,2973.525390625,2977.309921034546,2946.147844684323,2952.0460385675747,1719911
2023-11-10,2981.782958984375,2992.350557042261,2954.258052414998,2969.790011978774,947753
2023-11-13,2996.774169921875,3002.5250052663955,2980.209978543521,2998.248718471943,531769
2023-11-15,3012.945068359375,3018.9416619229605,3003.163944102434,3010.389328150513,1160184
2023-11-16,2999.379150390625,3029.8041945516875,2993.3335972525724,3006.0638185745934,1597607
2023-11-17,3056.24755859375,3062.5880692152014,2993.480847407553,2998.248650276918,1325050
2023-11-20,3036.390380859375,3059.147483838917,3024.004077208596,3042.5835326847646,1231164
2023-11-21,3022.67724609375,3046.4173823577844,3010.487500435866,3036.09554224331,1884782
2023-11-22,3030.000732421875,3036.2428439938585,3010.5366434296247,3022.677189239935,1104208
2023-11-23,2993.972412109375,3035.6039285667907,2979.620283648063,3027.739669684493,1514688
2023-11-24,3002.426513671875,3014.9601759619027,2988.025185941801,2998.248626241866,915121
2023-11-28,2998.248779296875,3007.243429635509,2983.5032934970545,3002.180908843494,1210508
2023-11-29,3031.426025390625,3037.4715783759366,2997.2656510469446,2998.2486834021583,1801107
2023-11-30,3056.444091796875,3071.5337341572085,3006.8009588174195,3024.1024239342632,3131624
2023-12-01,3136.511962890625,3143.6881467966937,3068.093057699292,3076.8419493120086,2112908
2023-12-04,3257.326904296875,3290.7500043298023,3194.8551502062915,3229.2612825931287,3095974
2023-12-05,3259.194580078125,3268.582587087281,3223.4122982818967,3262.733592562646,1659309
2023-12-06,3334.74072265625,3343.2930561881835,3264.650467392225,3273.4977586317705,2057233
2023-12-07,3298.66357421875,3352.0420408408468,3280.428275438048,3334.7408148264217,2128823
2023-12-08,3321.125732421875,3371.8011001630207,3308.887027157063,3319.7003834549623,2428891
2023-12-11,3328.35107421875,3347.2252478811833,3302.9887908607275,3320.6341740503703,1534238
2023-12-12,3285.687255859375,3317.734206714598,3275.46381534016,3317.734206714598,1888423
2023-12-13,3342.113525390625,3352.1404076425965,3289.422893951591,3296.0583625004438,1509107
2023-12-14,3374.8486328125,3381.6314603820315,3342.4085635704632,3367.819807144505,2425646
2023-12-15,3428.81689453125,3439.5318513274055,3374.6027555151954,3376.8635379597545,2632935
2023-12-18,3432.35595703125,3446.5115273164656,3407.1902320818226,3436.681203507805,1767429
2023-12-19,3439.5810546875,3465.189095863652,3417.0697094682364,3429.750731011291,1311700
2023-12-20,3360.49609375,3454.9655987325427,3354.6470992579452,3445.528392158476,1876048
2023-12-21,3366.05029296875,3381.582252872266,3276.446985800964,3332.529032162412,2292802
2023-12-22,3418.937255859375,3436.681037476406,3350.764107538747,3365.9027094734593,1681707
2023-12-26,3430.83203125,3448.821570888279,3418.937244057978,3418.937244057978,1072263
2023-12-27,3483.86669921875,3488.781861040447,3444.692763500572,3450.4435988312116,1389266
2023-12-28,3458.357177734375,3499.546139234552,3441.1049111401144,3484.8498528757905,3371121
2023-12-29,3466.172119140625,3479.934572251223,3435.6981158243007,3471.0872809658385,968577
