Price,Close,High,Low,Open,Volume
Ticker,RELIANCE.NS,RELIANCE.NS,RELIANCE.NS,RELIANCE.NS,RELIANCE.NS
Date,,,,,
2014-01-01,188.33409118652344,190.33651766641123,188.07980784792318,190.16699072570233,5849398
2014-01-02,185.409912109375,189.85975033947824,184.37161793684353,188.1009984891129,6023632
2014-01-03,183.13201904296875,185.06028375231588,181.17197068313305,184.6894603516891,12833897
2014-01-06,181.16139221191406,182.92014427475317,180.1125033628437,182.6764554544521,13315857
2014-01-07,178.43849182128906,182.22084494302166,178.0041011542419,181.08719987592644,17311470
2014-01-08,179.9111785888672,181.66991623009963,178.9258572014233,178.9258572014233,12726430
2014-01-09,180.2608184814453,180.91770890837037,179.06360597402696,180.20784572845577,8309185
2014-01-10,181.83944702148438,185.68536756294947,179.68868271564884,179.7628445632766,14839980
2014-01-13,186.5541229248047,187.10505357532475,183.9266042504188,183.97957699134147,12058586
2014-01-14,186.7872314453125,187.43351307902495,184.86956149724296,186.15153021567133,12075547
2014-01-15,187.6242218017578,189.64783731357366,186.68127861683803,187.46530356101596,12660424
2014-01-16,187.77256774902344,189.28763081098396,186.9037863722555,188.3129039358117,18038361
2014-01-17,187.47589111328125,190.05043724183875,186.52235341456733,188.40823971402043,15463211
2014-01-20,184.29745483398438,188.3764696475908,183.52402441229725,187.93148441311584,16576057
2014-01-21,182.87774658203125,185.11325320628717,182.65524688764717,184.91195675677793,9806364
2014-01-22,184.8695526123047,185.48405056949446,181.83942687538058,182.97307185337414,8517726
2014-01-23,183.46044921875,184.62587793107696,182.35858780219442,182.35858780219442,13767334
2014-01-24,183.8524627685547,185.33574211338518,182.4645343679419,182.65523625637732,11879019
2014-01-27,178.66098022460938,182.40096935401618,178.06767130823877,181.38386431311633,12345838
2014-01-28,179.02120971679688,181.38386498648623,178.56562994210609,179.4767894914877,11573795
2014-01-29,177.2730255126953,180.6421907652935,176.93399997929842,180.07007103276243,12374165
2014-01-30,174.81503295898438,176.69032466282573,174.22172408551745,176.17117763042657,14102043
2014-01-31,176.11819458007812,176.60555793778408,175.05871147983453,175.23881879760177,11038353
2014-02-03,173.94627380371094,175.8321459979225,173.63901773168647,175.06932430985472,8227762
2014-02-04,174.08401489257812,175.1646872760581,172.30407392336892,172.59014091660842,12362252
2014-02-05,173.17282104492188,174.0733859012824,170.97969306207162,173.77672441680144,11298451
2014-02-06,172.8761749267578,174.62431776769935,171.2445579679705,173.7555365487248,10826505
2014-02-07,172.5795135498047,174.56075059108454,171.76370506989284,174.2005218167817,8459052
2014-02-10,174.1687469482422,174.9421772754305,171.8802537569718,172.74903502027047,10345205
2014-02-11,170.63006591796875,174.8150256483215,170.1003243589991,174.3912437170852,12609169
2014-02-12,173.3105926513672,174.15818497629567,171.0856804795889,171.21281508485,9828890
2014-02-13,171.08566284179688,173.52247991605128,170.5877048775998,173.52247991605128,8657303
2014-02-14,174.18994140625,174.60314295370316,171.21278832874071,172.03919142364703,9218744
2014-02-17,172.12393188476562,174.17933073810752,171.0114760756762,173.25757678945962,9058505
2014-02-18,172.3040771484375,173.29999315105817,171.02210829214968,171.02210829214968,5741275
2014-02-19,172.11337280273438,173.75557048525482,171.6366039084637,172.27229105251575,6130140
2014-02-20,170.67245483398438,172.42061198986326,170.17449688857207,171.91205949550442,8041497
2014-02-21,171.9544677734375,172.90800563529027,170.70426834425788,171.02211901318466,6256274
2014-02-24,172.1345672607422,172.68549802205965,170.64069323151782,171.2234076437809,6800627
2014-02-25,171.75315856933594,172.90800705076975,171.11747137120605,172.54777817569413,7039336
2014-02-26,171.784912109375,173.08808407478628,171.26576506200144,171.84847940355232,13608048
2014-02-28,169.50701904296875,172.7702248510411,168.05552346346158,171.78490355053344,18949872
2014-03-03,170.2380828857422,170.95854058311116,168.9137216871467,169.53882843352096,11635479
2014-03-04,172.2616729736328,172.62190176886082,170.06854484649898,170.15330123480567,8997053
2014-03-05,171.00088500976562,173.33174215342802,170.60887258817456,172.8125951556206,11827655
2014-03-06,174.2747039794922,174.68790554160503,171.48826682613958,171.49886137529822,10172590
2014-03-07,184.22328186035156,185.1980087432872,174.81505277351556,174.81505277351556,33597187
2014-03-10,187.6242218017578,191.48075093649928,182.95189821961577,183.31212704355636,32869474
2014-03-11,185.35690307617188,188.12215076336827,184.79537790053314,187.52884194448148,12780183
2014-03-12,184.63644409179688,187.08385532732498,183.85243341956865,185.1979692630332,9431389
2014-03-13,186.37403869628906,189.59486661297436,185.3463391052149,185.40990640219772,17221827
2014-03-14,187.77256774902344,188.57776768182245,184.14911854418565,185.1980072682409,16540547
2014-03-18,189.95510864257812,192.57203327487548,188.4824237253475,188.4824237253475,19034847
2014-03-19,191.34303283691406,192.8051231708934,189.70082100810674,190.70733154740893,16376397
2014-03-20,191.97869873046875,192.29654934003696,190.31531213072768,191.04635014433202,29711945
2014-03-21,187.6984100341797,193.53617730388228,186.924993675583,192.19062690833255,22050970
2014-03-24,191.8515625,192.56141140987643,188.82143669349333,188.85322033968518,28815466
2014-03-25,186.32107543945312,186.9991407867345,184.8801741996694,186.25750813923236,31299573
2014-03-26,188.84263610839844,191.3324259207486,186.71306097256974,186.73425007118863,13811011
2014-03-27,190.86624145507812,191.74561729084502,189.03332794232244,189.61604226827674,55407935
2014-03-28,194.1294708251953,194.9346849171593,190.70733215173826,190.70733215173826,18667646
2014-03-31,197.22315979003906,199.14081559843132,193.50435992268453,194.15064155816563,18751896
2014-04-01,199.73414611816406,200.24269863537012,196.9159111022229,198.335623159616,15640608
2014-04-02,203.0397186279297,203.84493262717615,198.78059684777466,200.2426870180327,26780181
2014-04-03,201.8636932373047,204.0462268478179,199.26795808282907,202.74306906869586,26550895
2014-04-04,200.08377075195312,201.9908462706256,199.5116509253366,201.72598252910228,12513877
2014-04-07,200.0625762939453,202.3510696840401,197.9859880363194,200.03079264581385,12905249
2014-04-09,203.87672424316406,204.8408565122163,200.69827460701362,201.3021780575926,13438946
2014-04-10,205.3387908935547,206.3664903399383,203.8872953820262,204.4170369272263,10649501
2014-04-11,202.09681701660156,205.76264481669094,201.42934615964484,203.90854181467708,11691621
2014-04-15,201.11148071289062,202.14978906789645,198.46277243666123,201.30219676153231,9264526
2014-04-16,199.4586639404297,203.20924741210666,198.78059866560156,200.56052531637232,12381278
2014-04-17,203.23048400878906,203.80260392828527,199.9884522717393,200.24273564980896,7845800
2014-04-21,203.33636474609375,205.52949276298975,202.59471809584,205.52949276298975,11817203
2014-04-22,205.06333923339844,209.51317714993408,202.5947385739042,203.4211416917363,19331824
2014-04-23,204.9362030029297,208.08286892305213,204.32170501647877,205.32821546055231,15288495
2014-04-24,204.9362030029297,204.9362030029297,204.9362030029297,204.9362030029297,0
2014-04-25,200.93136596679688,205.3282314450188,200.454597080124,205.11634044868697,13252156
2014-04-28,200.24270629882812,202.57356384068635,199.46927587153382,201.2598113721657,16610579
2014-04-29,199.24679565429688,201.67301835442606,198.75943220424875,200.46519720695377,8396497
2014-04-30,198.29322814941406,203.4211310843896,196.87351621239284,200.00958744511385,14391181
2014-05-02,196.66165161132812,200.7512754885091,196.2166804816416,199.18323954911688,9070553
2014-05-05,200.63470458984375,203.10330542374447,196.00475901189913,196.00475901189913,15199246
2014-05-06,204.13099670410156,204.90441290106568,200.78302031367704,200.85718215428355,12392211
2014-05-07,203.60125732421875,205.83677799513904,202.7960574166478,203.44233908159143,10571569
2014-05-08,203.48472595214844,205.56131432401978,201.46111033007722,204.07803489483646,11949181
2014-05-09,211.3884735107422,211.68513503626264,202.53117568146405,202.53117568146405,18452114
2014-05-12,217.9784698486328,222.27998422654525,210.64684360558905,210.8163563966661,30847764
2014-05-13,225.33131408691406,226.47556793637074,219.20749436924697,220.3729231740487,26863271
2014-05-14,221.53834533691406,226.30601975505743,220.6059967225839,225.45844167878718,19375695
2014-05-15,223.21234130859375,224.6108643226451,220.21399883347453,221.5383599986251,20864719
2014-05-16,230.94638061523438,245.06957557813908,227.27649374196167,233.26815394252677,52633579
2014-05-19,239.6770782470703,240.68282094407036,232.58336965123445,233.4607233106161,23797958
2014-05-20,231.0747833251953,241.5922865594903,230.18674475731203,241.356906628954,22509088
2014-05-21,230.76451110839844,236.01790606965412,229.76946737277603,231.07478465498184,21991587
2014-05-22,235.5578155517578,238.25407121073826,232.112609510502,232.39080005988717,18745180
2014-05-23,241.26058959960938,242.2342493942869,235.81461133634542,237.85819414210155,16566818
2014-05-26,235.7504425048828,243.94615851111416,230.03695786832498,242.34126667734694,16073584
2014-05-27,232.80809020996094,237.09853862884202,230.05833897997067,236.0286012960313,11273379
2014-05-28,233.01136779785156,236.7989590152077,232.12331497424032,233.16115502152232,11351815
2014-05-29,229.72669982910156,233.9743524995745,228.61395170349942,233.78176889478667,27659174
2014-05-30,227.8328857421875,233.18257273799932,226.82714287283525,232.17684415314412,17293884
2014-06-02,231.57765197753906,232.87228443356764,227.9612603690531,229.9834450680301,8806299
2014-06-03,234.40228271484375,235.8146050497692,230.5397980388838,231.8130322430614,10874352
2014-06-04,230.57191467285156,235.77182851177793,230.3044374758626,233.81383829183292,8826406
2014-06-05,233.22535705566406,234.29529433408143,227.73656824685625,230.78589377569443,19974435
2014-06-06,240.1799774169922,242.44824114897506,236.26399704006363,236.97015111325732,29319340
2014-06-09,240.23345947265625,242.38404753242386,237.97589481990806,241.80626822505587,13497804
2014-06-10,239.30262756347656,241.90257734134306,235.48293891354535,241.90257734134306,15760599
2014-06-11,235.83602905273438,239.66640260276367,233.7817469894904,239.66640260276367,15164409
2014-06-12,234.13479614257812,238.27547145095116,231.98422247661009,235.07634438551327,11767348
2014-06-13,231.51344299316406,236.8845417745802,229.5447538552584,235.4508212689754,14646904
2014-06-16,227.99337768554688,231.9628538192742,226.21728613020514,231.9628538192742,14371376
2014-06-17,233.2574462890625,233.9529012107501,226.42052988819313,226.42052988819313,15824961
2014-06-18,228.2715606689453,235.73973850625933,226.96622905396035,232.81880171822934,19212704
2014-06-19,222.9967498779297,230.0262507141088,220.74988424804442,229.8229680410323,23126286
2014-06-20,221.7984161376953,224.55885218783266,221.31694290651487,223.80990176404987,12855084
2014-06-23,222.1086883544922,223.59590438996702,219.12355719590238,221.9054056893286,14768300
2014-06-24,226.79501342773438,227.42627383246045,223.61728466154673,223.61728466154673,11890148
2014-06-25,224.90121459960938,226.6880192039949,224.2913523774789,226.32423597424375,10564797
2014-06-26,216.5343017578125,219.74412797008992,215.4215680989412,219.33754836429193,24480677
2014-06-27,216.5770721435547,219.01653520139718,215.52853313480134,216.12769624201837,9225499
2014-06-30,217.28326416015625,218.26760875984442,213.98784528331018,216.67340190012015,20656550
2014-07-01,215.69976806640625,218.38531054412448,215.475072936651,217.66845737237384,9653273
2014-07-02,217.89315795898438,219.84044926563968,216.55572900063927,217.62566645351623,12293489
2014-07-03,215.3787841796875,219.33756102312555,214.73682461398036,218.26762365211474,11575392
2014-07-04,220.8247833251953,221.86262346134933,214.6940343031623,215.05780330608434,12957117
2014-07-07,219.80831909179688,221.90539732824368,218.48158942091422,221.0494417802874,14019093
2014-07-08,212.92861938476562,221.37044258127804,211.84798293698015,219.55154049878985,17484768
2014-07-09,214.19113159179688,216.10631097513854,212.38292879154994,214.41581241373535,14903156
2014-07-10,213.388671875,218.58857089356326,209.9327668545698,214.0413304528909,18600100
2014-07-11,206.81924438476562,214.41581017162753,206.20938216138623,212.96069153413774,17783841
2014-07-14,205.80284118652344,208.6167729249905,205.10737185502396,207.26865918560225,13764770
2014-07-15,208.0389862060547,209.70810100037863,206.08099604813347,206.155903945414,15345123
2014-07-16,211.78378295898438,212.48993702729024,208.42416945059844,208.42416945059844,13957671
2014-07-17,210.24307250976562,213.60267175001036,209.77229836710455,211.42000072417022,9426887
2014-07-18,209.01260375976562,210.46772232397734,207.418397076146,209.70807292579363,9332698
2014-07-21,213.48497009277344,215.6997525448616,212.92860327910037,213.98784147094867,16987269
2014-07-22,220.61077880859375,221.2420535643164,214.22325191196495,214.84381329528037,28489939
2014-07-23,221.10293579101562,222.5045590635214,218.4922870995251,221.48811721356222,13721398
2014-07-24,222.7720489501953,223.2321239796616,219.12354597574196,220.40747928030976,9673900
2014-07-25,218.66348266601562,223.25351953525316,215.49645293236014,222.953930815686,13532588
2014-07-28,215.18617248535156,219.02724457430813,214.3302169865585,218.48157687206364,9372911
2014-07-30,215.30386352539062,216.34170350200756,212.48991802248378,214.8437885138033,18616706
2014-07-31,215.3680877685547,218.2462281887352,214.41584035392995,215.68907469764628,17722817
2014-08-01,208.91635131835938,213.77388017101813,208.63817502717004,212.9179245522112,15826199
2014-08-04,210.77806091308594,211.7838038186863,208.86286690007077,209.9221052491076,14672155
2014-08-05,210.5319366455078,211.3878921836807,207.78219983453351,210.79942810787264,12233949
2014-08-06,211.4521026611328,213.68828345932522,209.60110331263095,210.75664766170263,16358373
2014-08-07,211.6981964111328,213.28170428040258,210.42496209225237,211.63398759896947,10844144
2014-08-08,209.81507873535156,210.45703823208092,208.2315710250217,209.61178180031558,9118453
2014-08-11,209.81507873535156,211.259498316364,209.1517067803859,210.8101223833049,6696796
2014-08-12,210.649658203125,211.19532597532643,208.92704789807036,210.99202901893975,9556263
2014-08-13,211.88006591796875,213.26029101865782,209.70809408090062,210.41424811977876,14113750
2014-08-14,214.6190948486328,215.05777168980939,212.22244227902664,212.91789720216318,12062077
2014-08-18,216.7803955078125,217.2939659887159,213.45287932711767,214.2232421907207,7643510
2014-08-19,215.9779510498047,218.90958692394497,215.29319512042397,217.19768995824472,14559347
2014-08-20,213.634765625,217.93592736685034,212.99280608955084,216.3417204734953,13022078
2014-08-21,212.9393310546875,214.84382595297788,211.86939363159115,213.98787030070184,16449220
2014-08-22,213.6240692138672,215.48576760293966,212.98210967037522,214.00925065376083,8571614
2014-08-25,213.08908081054688,215.80673452889678,212.58620945308,213.98783265889085,7455233
2014-08-26,212.56483459472656,213.3351974876593,210.35006627541372,213.1319005343454,9548209
2014-08-27,212.63970947265625,214.3730186867749,211.17390599977145,213.38867412392844,8391614
2014-08-28,213.70965576171875,214.84378751314244,212.83230208933674,212.83230208933674,15914040
2014-09-01,217.0050811767578,218.48159812780122,213.04630446531516,214.9187019444021,16197464
2014-09-02,219.0807647705078,220.73918052243488,216.25613416040943,217.94663289133572,16556769
2014-09-03,220.6750030517578,221.68074595468278,218.50301663152786,219.36967138188808,21922291
2014-09-04,219.53012084960938,221.24203188555845,217.86102044560465,220.19349280406246,9346763
2014-09-05,219.47662353515625,221.14572392486266,218.3959872023306,219.9153003772479,9078852
2014-09-08,222.05516052246094,222.40824464757478,219.97948068508367,221.2420156959335,13886787
2014-09-09,221.0494384765625,222.8255440693524,220.02229754816452,220.85685490917368,9166689
2014-09-10,217.37954711914062,220.2148908428849,216.6840921890218,220.01159390813055,9459033
2014-09-11,218.1392059326172,220.4074838658629,215.6997568868282,218.33180378878183,10619105
2014-09-12,217.3260955810547,219.12358538936843,216.43804262366558,217.94665702852618,8749882
2014-09-15,214.57630920410156,216.55569748924913,214.20184114923256,215.93513614239907,8738403
2014-09-16,209.57968139648438,214.8758864474323,208.95912008280317,214.2874223938814,13242995
2014-09-17,211.55909729003906,211.96567692277998,209.48341705838456,210.75665139716574,10887270
2014-09-18,215.036376953125,216.12771238788702,210.4998355388725,210.77802608327028,9089107
2014-09-19,213.0142059326172,217.36886314614665,212.0619585672546,215.27178483862747,17169819
2014-09-22,212.1796417236328,213.13187470984255,211.35578349136185,212.4899152331804,7900222
2014-09-23,206.68014526367188,213.01417563574282,206.0809678743189,212.21172989540307,17694403
2014-09-24,206.5089874267578,208.44557953706502,204.4440062575123,207.24725308464696,15393998
2014-09-25,198.9766082763672,207.09744453032891,197.43589676794943,206.73367554235975,33092058
2014-09-26,199.7041778564453,201.5016675013364,196.29106877891527,198.79472680370733,15904980
2014-09-29,199.68276977539062,201.7263526284228,198.92310599295138,200.49591471090054,12481132
2014-09-30,202.36831665039062,202.95678076116712,197.94946484894714,198.58072531072585,17642155
2014-10-01,198.40951538085938,202.34689346232346,198.15273730658714,201.91891572070853,8656245
2014-10-07,198.1848602294922,200.05724345033875,197.60708091857197,198.42024016138853,12404189
2014-10-08,200.44241333007812,201.46955426989544,197.11491150511574,197.11491150511574,9827783
2014-10-09,204.2835235595703,204.8398904426746,200.76342347305663,200.76342347305663,11164671
2014-10-10,205.5674285888672,207.3542333724506,200.31403368409136,202.64650622477893,15465656
2014-10-13,204.97894287109375,206.44476058470147,202.87116567877663,205.81350019256232,13881865
2014-10-14,205.6958465576172,209.49412295213475,205.12878058477924,209.49412295213475,19077913
2014-10-15,205.6958465576172,205.6958465576172,205.6958465576172,205.6958465576172,0
2014-10-16,199.22268676757812,204.76497100749455,198.58071297343668,203.64153829449018,19017182
2014-10-17,200.69920349121094,201.28766756499465,197.9815496664342,200.2926238977527,15313270
2014-10-20,200.08932495117188,201.2769664583965,195.06061123002792,200.8275905211352,21187302
2014-10-21,198.8695831298828,200.5065861471579,198.38810997368498,199.91812213058142,17621790
2014-10-22,202.35760498046875,203.4596395192457,199.68276178666613,200.1000261829929,13384016
2014-10-27,201.43743896484375,206.27356878925013,200.46379354821983,206.27356878925013,10072622
2014-10-28,199.87535095214844,201.5765486998435,198.17415320445338,201.38396512691435,22023470
2014-10-29,203.63082885742188,204.01601028445006,199.8967474008455,200.42101696267707,17516848
2014-10-30,209.54759216308594,210.03976445509855,202.66789344652491,202.8604770146838,32745121
2014-10-31,214.10552978515625,214.77960083624455,210.10395696467742,210.10395696467742,14086084
2014-11-03,214.49072265625,215.9137441590437,211.8800738621115,214.84380683117527,12376151
2014-11-05,212.1261749267578,215.80677571585218,211.50561349760733,214.4158513312409,15730002
2014-11-07,209.81507873535156,212.99279324288185,209.29080919419846,211.94425416057564,11633677
2014-11-10,207.42913818359375,211.80519384884576,206.97976219151553,210.3072786367507,10482542
2014-11-11,209.2158966064453,211.37716909621466,206.7657345128829,208.0817506475669,10100100
2014-11-12,208.43482971191406,210.3500231795379,207.28999897939337,210.12532809659388,9286081
2014-11-13,207.40773010253906,209.665309043398,206.15590826506232,208.42417200918973,7041533
2014-11-14,207.38632202148438,209.2266221671195,206.50896829768197,207.354224759723,8424014
2014-11-17,210.82083129882812,211.32370268968438,206.71226747302305,206.71226747302305,10224348
2014-11-18,211.55909729003906,213.49568937624164,210.82084592583587,210.8743413663943,13410579
2014-11-19,209.31222534179688,212.27595836641456,208.95914116025318,211.5590909155379,8099318
2014-11-20,209.8686065673828,210.49986707469006,207.63242564375582,209.28014241416435,11342020
2014-11-21,213.4956817626953,214.20185012187733,209.7509010656712,209.7509010656712,11739875
2014-11-24,210.8529052734375,214.87587595597347,210.0718434127456,214.03061957815524,12426216
2014-11-25,212.48992919921875,212.89650879880887,208.27437455095813,210.7994305619179,14606201
2014-11-26,211.2167205810547,212.48994059983752,210.2644731966727,212.26525975575694,13155281
2014-11-27,211.55909729003906,212.48994652474946,210.36077085253652,211.8479869535514,12279963
2014-11-28,212.19033813476562,217.7005247608361,210.39283448138178,211.78375856702456,20881173
2014-12-01,205.7707061767578,212.26523749688232,205.1180333195915,211.63396281309883,17382184
2014-12-02,205.99539184570312,207.835691937921,205.00034819099153,205.85630371544104,9453044
2014-12-03,207.2151641845703,208.42418977403796,205.11807138143988,205.11807138143988,9789854
2014-12-04,205.1180419921875,208.6274425668179,204.5081797404962,207.1616390591282,10775294
2014-12-05,204.8612518310547,206.92623266612625,204.37977865345545,205.6422994310301,10048267
2014-12-08,202.13291931152344,206.03820055609017,201.63006219501906,205.4283382792377,10238784
2014-12-09,201.11647033691406,203.43824368359043,199.2226890475604,201.36256362720027,10598750
2014-12-10,199.55435180664062,201.35185551504804,199.00868409898015,199.31897189860845,13242754
2014-12-11,193.9051055908203,198.7947317946796,193.30594236081393,198.7947317946796,22620658
2014-12-12,188.8122100830078,194.94295953438512,188.17025045427934,194.0870038397484,17874849
2014-12-15,188.05250549316406,188.69447926745974,186.59738684098622,187.87062101832745,12647964
2014-12-16,185.01388549804688,189.00475927063732,183.96534639106824,187.62454846286664,20886278
2014-12-17,186.06243896484375,187.21798331672304,184.9818025130974,185.1530022047628,20779949
2014-12-18,188.3306884765625,189.33643116017615,185.0245708104306,188.640976264505,14970699
2014-12-19,192.706787109375,194.38658689750295,188.8443017926088,189.40066869239956,20073537
2014-12-22,193.6376495361328,194.04421493642766,190.66321695329975,193.01707377721183,8305143
2014-12-23,191.25164794921875,193.47711531291029,190.83436924740255,193.09193387396485,10583206
2014-12-24,189.19735717773438,191.9791912528157,188.30930437733522,191.25163904379303,22479751
2014-12-26,190.20309448242188,191.01623936513073,188.33069715118617,189.7216212910897,4890141
2014-12-29,191.94711303710938,192.3857899372733,189.7965391735346,190.1282251918285,6931660
2014-12-30,188.34141540527344,192.24669676745944,187.68875675842335,191.9685061973696,11627412
2014-12-31,190.69529724121094,191.28376139478894,188.1060463947693,188.30932907681532,8464992
2015-01-01,189.9998016357422,190.87715534273178,189.0903506676063,189.65743085018167,2963643
2015-01-02,189.4969482421875,191.74382815812206,189.22947104058622,190.04261601795088,7331366
2015-01-05,187.42124938964844,190.64177456827719,187.04676706013433,189.3792394487279,10103941
2015-01-06,178.91525268554688,186.81140833967845,178.03789888297737,186.1694487623213,18627980
2015-01-07,182.809814453125,183.77276085280215,179.10783035701846,179.1292285310337,20720312
2015-01-08,180.18846130371094,184.65010901239097,179.7818817251331,184.05093158896315,19872227
2015-01-09,184.09373474121094,184.45751798649138,180.8197283871731,181.54728059323858,13392787
2015-01-12,181.953857421875,184.2435334450875,180.09217344442607,184.13654257589423,10100113
2015-01-13,180.42385864257812,182.94891476700133,179.85679270891694,182.53163606142144,9948711
2015-01-14,178.6691436767578,181.24769492622863,177.86668362633776,180.3917394437132,11380041
2015-01-15,184.9390106201172,186.40482855783029,179.74980999523677,179.74980999523677,16927085
2015-01-16,186.10525512695312,187.23938705211427,182.32836269317522,184.02956058091692,19136963
2015-01-19,188.23440551757812,189.5932181135974,183.76205866343602,186.21222096929463,13339962
2015-01-20,193.2417449951172,193.77671368739692,188.0632291983135,188.6303094395571,13361320
2015-01-21,194.0334930419922,195.0285368158152,190.8878753971637,193.6590249541533,17084297
2015-01-22,189.11178588867188,194.12980116349135,188.20233481106973,193.69112425719513,23721627
2015-01-23,189.78582763671875,192.11828584647952,187.66735117666227,190.44918534529805,18080494
2015-01-27,190.24591064453125,191.88291395176273,188.41630947001002,191.06975469986517,17939876
2015-01-28,194.05487060546875,194.6861453126213,189.6146209037031,189.6146209037031,19298126
2015-01-29,198.8802947998047,199.97163021370753,194.0655629331805,194.10835928003982,36117653
2015-01-30,195.85238647460938,199.2761945456081,194.51495765255618,199.00870306739893,21746801
2015-02-02,194.31167602539062,196.84743125784271,193.80880461402253,196.0235729278048,19302710
2015-02-03,200.63502502441406,201.33048002463076,195.41371298308377,195.41371298308377,17092333
2015-02-04,198.75192260742188,201.96173460093706,198.13136124086165,200.9559917954961,14072894
2015-02-05,197.6605987548828,201.12718905570785,196.35526713457438,200.2926458875079,12365643
2015-02-06,194.7075653076172,199.00871307477848,193.23104827058498,197.7461920879739,9045844
2015-02-09,191.88290405273438,196.4408438375023,190.87716126992885,192.84585048601593,8839692
2015-02-10,188.73728942871094,193.55200738136162,184.30773862743516,192.1610974324046,13651008
2015-02-11,192.73887634277344,193.60553106485537,188.95128480515393,189.59324438823455,9781008
2015-02-12,194.54705810546875,195.57419911515908,189.86072903431875,194.30097908321838,8709626
2015-02-13,196.33384704589844,197.04000107625566,194.52564419502826,195.58488238281177,7393680
2015-02-16,193.188232421875,197.76757030685985,192.58905496930115,196.59062786062142,12266698
2015-02-18,192.94215393066406,194.30098096364335,191.39074331319028,192.58906974126074,9835036
2015-02-19,193.02772521972656,194.21536671250524,189.92490432901656,194.07626429908387,9550637
2015-02-20,186.83279418945312,191.73311911328037,186.44761275465314,191.57261851615772,18717199
2015-02-23,182.19996643066406,187.61386200854957,181.2691172193531,186.15874320844807,14104463
2015-02-24,180.06007385253906,183.34479374629717,179.10784076900913,182.79912599269178,19946218
2015-02-25,180.42385864257812,183.28060077082046,179.97448267383797,181.6328984084374,15274116
2015-02-26,180.17779541015625,181.8896924488369,179.0222509816617,181.05513496456265,21459750
2015-02-27,183.07730102539062,184.24354442256953,180.73414371246815,181.36540416281517,18659378
2015-03-02,184.9390106201172,187.34637688895236,183.07731213428505,185.95545256868127,14579511
2015-03-03,192.76025390625,193.969279324954,185.613063696691,185.95543448599022,20636925
2015-03-04,189.98910522460938,194.6540500885291,188.32000476800712,193.87298815397747,14476047
2015-03-05,189.36854553222656,192.3215793319759,187.9134268069372,190.98415056690584,10716702
2015-03-09,186.0945281982422,190.82366771217244,184.91760000575078,189.40064622299883,14065391
2015-03-10,183.84762573242188,187.410521140664,183.04516576325764,185.94470359619285,15234060
2015-03-11,183.1628875732422,186.08380957281463,182.40322387247994,184.23282477853152,11635873
2015-03-12,184.8426971435547,185.6130599730144,183.08798974561603,183.60157448825268,11782380
2015-03-13,181.91107177734375,186.08383019735746,181.24771406482,185.95544114677145,12936157
2015-03-16,180.19918823242188,182.73494359136333,179.8140067677036,182.21067397823188,13839990
2015-03-17,183.35548400878906,184.00814260727708,179.96377340198245,182.00735617885903,19070082
2015-03-18,185.8805694580078,186.65093242137806,182.89543797281914,183.38761034261188,9269885
2015-03-19,183.20570373535156,187.6031429821561,182.76702686252392,187.35706396918957,13934612
2015-03-20,182.7670135498047,184.27562763376545,181.59007115481376,183.58015842661288,10405717
2015-03-23,180.1670684814453,184.88549441073982,179.34321021313397,183.28058850662916,13251683
2015-03-24,181.45101928710938,182.80984642823537,180.19919731927118,180.19919731927118,9238431
2015-03-25,180.79835510253906,181.78269981857528,179.96379762627,181.6757089330273,10264941
2015-03-26,177.46014404296875,181.72920904653154,176.3474102356759,179.98520042928607,20621346
2015-03-27,173.69395446777344,178.67987241131732,171.50056996544376,178.44447818654436,23326922
2015-03-30,173.4906463623047,174.97786237927156,170.43062162831464,174.74248245411664,17330588
2015-03-31,176.7539520263672,178.23046882202829,175.04204104238607,175.04204104238607,20235395
2015-04-01,178.90451049804688,179.53577083511487,173.99348734579502,176.5185429785605,14588531
2015-04-06,176.46507263183594,179.32181460987394,175.7696176820999,178.89383683907658,12334096
2015-04-07,178.21975708007812,178.9152119401269,176.76463856082026,176.76463856082026,21275454
2015-04-08,185.29208374023438,186.0624323295186,178.23048596339783,178.35887501419583,24821205
2015-04-09,191.54051208496094,192.37506943966292,183.7727606582179,185.20648116920796,27276420
2015-04-10,193.51992797851562,194.4721754262888,190.25662027122334,191.50844219771332,25323219
2015-04-13,197.40379333496094,197.88526655907532,192.32158390514024,194.04417985370733,20177342
2015-04-15,197.64990234375,201.06299724954155,194.12980226948608,197.08282208968714,22231264
2015-04-16,198.65560913085938,200.7205899544087,196.65482282603247,197.83175090493256,20177302
2015-04-17,198.33462524414062,202.06870646427583,197.42517431286709,200.08931830250222,23958678
2015-04-20,189.51832580566406,200.6028940933549,187.98831352542373,200.57079683265377,37628162
2015-04-21,187.5496368408203,191.6261175138616,186.69369560355148,190.48127236104125,17707007
2015-04-22,188.25579833984375,189.75371330652916,185.5274455695446,188.71587334482172,14761313
2015-04-23,187.67803955078125,190.32078543125138,185.96612851288523,189.13315821919477,13337818
2015-04-24,188.07391357421875,189.261555120083,185.88054353589987,187.66734825610772,12709854
2015-04-27,187.30357360839844,189.91422245658853,186.47971527801417,188.32001551936776,11042925
2015-04-28,185.1422882080078,188.73728146053793,183.71926677201776,187.17517189242346,14687371
2015-04-29,181.88967895507812,186.28713262752606,181.33331210166938,184.4575314648479,16387960
2015-04-30,184.5324249267578,185.29208873344288,181.45100191759124,181.88967880413526,34802149
2015-05-04,190.65248107910156,191.2837415212092,184.13655114361163,185.3562756781583,15078502
2015-05-05,190.9092254638672,192.97420610869912,189.40061155097234,191.24091139972123,17846755
2015-05-06,188.36280822753906,191.8936071281178,186.59740163500163,190.449187448177,22438208
2015-05-07,186.3299102783203,187.97761249745054,184.02953519601593,187.23936122445218,16735535
2015-05-08,192.78367614746094,193.66124989777606,186.586519390773,188.73168681201602,17104443
2015-05-11,194.13795471191406,194.89634124164493,191.41856237680594,193.46622481088792,14214007
2015-05-12,188.23333740234375,193.91045385282848,187.46411688590172,193.91045385282848,16650201
2015-05-13,191.78692626953125,192.55616113947642,185.74144403277268,189.2408906213158,16701434
2015-05-14,190.29180908203125,192.02528880195328,188.580011599853,191.9819387909339,12329713
2015-05-15,189.37091064453125,192.18780811864855,188.5366868611301,191.0935565765658,8331715
2015-05-18,193.18455505371094,193.71542999490362,188.99172496056983,189.57676933816288,9847540
2015-05-19,194.05128479003906,196.04477780292075,192.1119612107174,193.11954160387026,14513036
2015-05-20,196.93319702148438,197.39906867617864,194.51716764285504,195.10222653161168,8708891
2015-05-21,194.31130981445312,198.3524655180063,193.7370993195459,197.45322393762726,10759523
2015-05-22,195.84976196289062,196.22896247890162,194.36547602487633,194.36547602487633,8349048
2015-05-25,193.8237762451172,196.74901270889325,193.35790460987272,195.01553282022468,6617337
2015-05-26,191.6785888671875,194.14878732879998,191.26688671284074,193.9320951328168,9510249
2015-05-27,191.8302764892578,193.04371526270762,190.72519105349517,191.98195091176316,8078236
2015-05-28,189.77175903320312,193.76957872815927,188.94835475895533,191.94942800170307,26538868
2015-05-29,190.03182983398438,192.07949263310218,189.18675759596184,190.66020983597693,29277517
2015-06-01,195.50306701660156,196.07729197792483,190.24848698121735,190.6818569418261,19594976
2015-06-02,194.72300720214844,199.08917941915018,193.16288406635942,196.2614625637377,20178960
2015-06-03,194.22463989257812,197.2798829353339,192.52367617228163,194.7988503909652,15546279
2015-06-04,197.7674102783203,198.52579681682707,193.40122372899853,195.9255916692109,15931395
2015-06-05,196.69482421875,198.68831721894924,195.97975877137046,197.16069580887057,13066337
2015-06-08,191.86277770996094,197.18237548189444,191.35357054253797,196.48897776595527,10846953
2015-06-09,191.4835968017578,192.98953610544442,190.10764968465915,191.45108067452406,9153355
2015-06-10,196.27227783203125,197.1606854188827,191.76525104580847,191.98192876725156,13509379
2015-06-11,190.0642852783203,197.07401198616915,189.30588433335566,196.3156110412045,14676438
2015-06-12,192.8162078857422,193.43375398751428,190.3026734606885,190.46519625076468,21543824
2015-06-15,195.39474487304688,196.09897654351116,192.84870879287914,193.91045877827077,12858570
2015-06-16,195.87144470214844,196.09897081492593,193.5421009211202,194.7988608597588,13929305
2015-06-17,201.77609252929688,204.19212194220015,193.71544820373387,196.10980984004027,26232634
2015-06-18,212.12269592285156,212.78357742017593,202.0577267396674,202.06856062545194,49366799
2015-06-19,215.95802307128906,218.07068881234696,212.8919463822164,212.8919463822164,45710935
2015-06-22,214.88543701171875,218.569059659903,213.75866942631936,216.02302401911172,19394187
2015-06-23,215.60049438476562,217.26895634278375,214.73375451317278,215.09128724148678,16007498
2015-06-24,214.7120819091797,218.08152187423084,213.79117262438874,215.60048953435222,18603004
2015-06-25,217.66981506347656,218.6340598737921,213.433649801447,213.86701971822035,27175118
2015-06-26,216.8356170654297,219.7391712625162,215.68718158723644,216.66226039948327,20966796
2015-06-29,214.7012481689453,215.35131029069248,210.61675722503782,214.062034398213,20168946
2015-06-30,216.70559692382812,217.3014752085528,214.08372379235777,214.4954259871854,23184864
2015-07-01,217.90818786621094,218.94826994196328,216.9006074512966,216.9006074512966,14824266
2015-07-02,219.03492736816406,220.96341698207308,218.22235696898787,218.6340591117109,15931202
2015-07-03,218.2440185546875,219.67413489517313,217.3447770908442,218.79656120325532,13831096
2015-07-06,220.05335998535156,220.7792448905271,215.64383772501822,215.83886215863217,12237733
2015-07-07,217.38816833496094,220.28088875806586,216.68393668486337,219.06746437113128,11294999
2015-07-08,215.94720458984375,218.56907765168825,214.8746208129287,215.78468181507515,15190654
2015-07-09,213.9537353515625,216.9006398275613,213.032825894754,215.817207577835,16245867
2015-07-10,217.07395935058594,217.55066486199772,214.5712590317913,214.75543511811003,16110573
2015-07-13,218.20071411132812,219.3924851304981,215.6330104498397,217.07396088166902,9860248
2015-07-14,216.20721435546875,219.17578622860862,215.6438377578284,218.61240963096824,9942927
2015-07-15,219.09994506835938,219.8041621865967,216.58641096641105,216.6297465143353,13532911
2015-07-16,221.81935119628906,222.7077589705099,219.0999728963116,219.28414899838185,14854295
2015-07-17,221.3859405517578,223.4336029331818,220.5842184960577,222.1551754128217,10195142
2015-07-20,222.04684448242188,223.17359763388652,220.5625586035714,222.7077260389499,6348354
2015-07-21,218.3740234375,222.84854848449172,217.27977203508985,222.75104351160772,7923338
2015-07-22,227.60476684570312,228.37398719998836,217.68063818913072,217.76730927530744,17309440
2015-07-23,226.4997100830078,231.38592336156816,225.61130240891728,228.27651096672008,18642915
2015-07-24,222.1118621826172,227.44227945589282,221.25595614461758,227.08476116982928,13099664
2015-07-27,217.84320068359375,223.1627990305493,217.06314624942846,222.07938125480993,20118553
2015-07-28,218.9049530029297,220.30255346670745,216.70560144358734,218.48241691164836,13382878
2015-07-29,215.81716918945312,219.43580304164527,214.9721115673716,218.7424053680006,14790821
2015-07-30,216.71641540527344,218.4173935018678,215.0154517731475,216.7055815184026,11701228
2015-07-31,217.0847930908203,218.39573686243116,214.51708944918366,216.68392479169393,16634259
2015-08-03,217.21481323242188,219.68501204068897,216.5539315940881,216.90063047763422,9887787
2015-08-04,214.08372497558594,217.90820304975384,212.35025955003613,217.42066363874457,12006872
2015-08-05,214.029541015625,216.85727230051697,213.2386383381826,214.13787988528327,14345010
2015-08-06,212.12269592285156,214.9504268994203,211.8085132350997,214.73373471926237,8708037
2015-08-07,213.2928466796875,215.38384496158326,211.73270891995094,212.13357724809242,8608888
2015-08-10,209.94505310058594,214.2570558941865,208.991642104184,213.3253271365139,9288894
2015-08-11,209.31666564941406,210.97429371409604,207.5831859130812,210.40008325238796,8762464
2015-08-12,204.31126403808594,209.31666432515416,203.80205690004166,208.79662330043806,9650325
2015-08-13,202.24195861816406,206.7056506543639,201.38605253722986,205.19969682896408,9340350
2015-08-14,209.5225067138672,210.61675818904376,202.44777626383885,203.73705216221944,12739366
2015-08-17,206.0013885498047,209.3166590389366,204.993808185834,209.3166590389366,10857430
2015-08-18,204.57130432128906,207.14984201188875,204.15961657341734,207.14984201188875,6630334
2015-08-19,206.84646606445312,208.23323248887783,203.5636971480745,204.54960976520962,8877298
2015-08-20,198.54745483398438,208.00571234605115,197.9949121712965,208.00571234605115,19008087
2015-08-21,196.73817443847656,197.59408047605146,194.36548076434084,197.18237828844065,20050521
2015-08-24,179.75013732910156,190.6818473899387,177.24743714191817,190.6818473899387,35635706
2015-08-25,183.78045654296875,186.48901500939655,178.3742024257681,182.1986656886669,49504268
2015-08-26,184.91807556152344,189.5551096965712,182.01450685907002,183.70463674068475,18955515
2015-08-27,188.33082580566406,190.952698806604,185.70895280472413,187.82161864741838,26997546
2015-08-28,189.0350341796875,191.33187582102073,187.66992117913264,189.59841070424974,10770215
2015-08-31,185.4597930908203,189.13258245948012,185.0047553197735,189.13258245948012,20708942
2015-09-01,181.98202514648438,185.02643472337957,180.95277676894247,185.02643472337957,21645696
2015-09-02,184.08383178710938,185.71979218121754,182.5778780420635,184.18133677390608,19652369
2015-09-03,185.0155792236328,186.5106991151108,182.96791659665965,185.05891477430148,11659978
2015-09-04,181.12606811523438,184.11630740753597,178.7858764407692,184.11630740753597,16199949
2015-09-07,180.54104614257812,182.88123810648506,179.3492896184002,181.63529768169096,10234633
2015-09-08,183.8779754638672,184.82055260877092,178.78590367545448,181.14776348148376,12900468
2015-09-09,189.39256286621094,190.40014322748073,184.28965774164683,186.56484620151465,17340694
2015-09-10,187.8649444580078,188.62334544474885,185.37307823145125,186.56484914426318,11074406
2015-09-11,186.5540313720703,189.83678606408114,185.52478313292207,188.94837836211948,10634833
2015-09-14,187.18240356445312,187.58327184894227,184.59303224251795,186.72736584482607,7964072
2015-09-15,187.8649444580078,188.51500657934812,185.3947460045314,186.78152687506463,11509788
2015-09-16,189.0675506591797,190.10763270367417,187.47492593257678,188.9700456795961,13424811
2015-09-18,194.018798828125,194.90719207485822,190.064314142537,190.34599521984015,34261453
2015-09-21,190.27015686035156,192.4586599979373,189.82595300742656,190.68185905070663,12732187
2015-09-22,183.726318359375,191.74362732620082,182.9895994727421,190.68187731826094,15745524
2015-09-23,184.2571563720703,185.65477110929467,182.01448403225382,182.66453167989417,15221260
2015-09-24,181.44029235839844,183.7479682552496,180.8769157435693,183.7479682552496,29076982
2015-09-28,180.76856994628906,182.2095204382385,179.56597945390632,181.97117490314173,11624639
2015-09-29,182.17698669433594,184.23548290192915,179.0025712945367,179.8476433354633,15853471
2015-09-30,186.84654235839844,187.3882511851364,181.68946738490803,184.39802598306673,17292020
2015-10-01,187.3665771484375,189.37090407971954,186.0448140197395,189.37090407971954,8663393
2015-10-05,192.41531372070312,192.84868366194448,186.74903175274474,186.95489006868033,16015412
2015-10-06,194.593017578125,195.12389255692386,191.92779433161317,194.07297648737367,12330294
2015-10-07,198.00576782226562,198.926677182794,193.0653849737483,193.8671071080723,11515191
2015-10-08,192.65365600585938,198.24410025200763,192.03611004369932,198.24410025200763,10753149
2015-10-09,192.2744903564453,196.19647348713048,191.00689654478074,193.72627472665081,9327873
2015-10-12,193.22789001464844,195.3622236602024,192.41531954217825,192.41531954217825,6212395
2015-10-13,193.62875366210938,194.21379802388637,191.31022952450718,191.77610112942506,6162561
2015-10-14,195.65476989746094,196.09897377724155,193.7046121674857,194.1054804945531,8002587
2015-10-15,195.81729125976562,197.39908243254112,195.03723679451318,196.6840313006871,9048478
2015-10-16,198.22242736816406,198.22242736816406,195.81723243263124,195.99057460295188,15246935
2015-10-19,208.7749481201172,209.20830357161574,203.89955464608153,203.89955464608153,33505855
2015-10-20,207.30148315429688,209.4683181333868,206.4997466905109,209.09995155831214,18091895
2015-10-21,206.93313598632812,211.22347080445007,206.49976605697344,207.04147485254975,14404450
2015-10-23,207.073974609375,210.84428283498337,203.93206073101337,208.8724576299984,12153422
2015-10-26,204.3004150390625,208.6665867605852,203.96455011261187,208.4282412714356,10938775
2015-10-27,203.5853729248047,205.4705271397162,203.1195013146315,203.4228646181636,11601798
2015-10-28,203.02200317382812,204.74464914016312,201.4943816465048,203.01116928635355,11958727
2015-10-29,203.8995819091797,204.76632185700262,202.58863809970921,202.8161642066358,13280382
2015-10-30,205.35134887695312,207.1281497086737,203.70455468706052,204.1379101598204,13366359
2015-11-02,207.9732208251953,208.34158743976616,204.80963910221067,205.63302896102584,7222044
2015-11-03,209.5767059326172,210.28093759040976,208.28744431547034,208.72081430538807,11373522
2015-11-04,206.1314239501953,211.26684592869807,205.02633845443683,209.75005822789018,10033187
2015-11-05,202.94615173339844,206.066397894139,202.16609742544742,205.6330279610692,10767454
2015-11-06,206.36978149414062,206.87898868432345,203.2278672507946,203.56371777200965,8367190
2015-11-09,208.28744506835938,209.10000114598085,200.09677971180125,202.27446355739764,17031699
2015-11-10,199.94509887695312,207.9082378624526,198.54748395366104,207.36652900655542,11486238
2015-11-13,202.1769561767578,203.3687127909159,198.15746799539858,198.27664076392037,13682323
2015-11-16,202.44778442382812,204.1162464203342,200.37845414262804,200.64931578292465,15346549
2015-11-17,201.02850341796875,203.444532567793,200.69265291728763,203.26035648677433,8588142
2015-11-18,197.61575317382812,201.79774954988338,197.1715493127983,200.99601292959164,11249222
2015-11-19,202.54527282714844,203.4011787616392,198.7533114246796,199.11084413197418,12183206
2015-11-20,205.16717529296875,206.45645132438898,200.55180894641563,202.38279382802457,11304265
2015-11-23,206.66229248046875,207.56153407790757,205.02633206364482,205.84973644807764,10499517
2015-11-24,209.68504333496094,210.53011553256326,206.07725735976646,206.4997934585676,14806176
2015-11-26,214.2245635986328,214.93962910943114,209.8042217404734,210.40010002315907,23805828
2015-11-27,212.1444091796875,215.05881186740126,211.07182532811376,214.3004107709424,10891864
2015-11-30,209.55502319335938,213.3036639365756,208.51494107761053,212.02522183438018,29919205
2015-12-01,209.2949981689453,212.09021327421635,208.2874177717434,208.88329600776646,12981379
2015-12-02,211.9060516357422,212.28525216248792,208.99164911314452,209.37084963989025,7573628
2015-12-03,211.74351501464844,214.289550731529,211.07179956949327,211.2451417580576,11361395
2015-12-04,209.1974639892578,211.52682179997677,208.3199047593999,210.681749763629,13443688
2015-12-07,206.29391479492188,210.83344330662646,205.79554156375065,209.19746862762022,14483909
2015-12-08,203.87789916992188,206.6297787752493,202.83781709465987,205.61136447386906,7532164
2015-12-09,198.4608154296875,204.4304612744202,197.79993379908925,202.8595041254595,9174419
2015-12-10,205.92555236816406,206.6731049978237,199.3491952536844,199.890904040755,18592203
2015-12-11,206.4889373779297,207.79988108567747,204.31126825408217,206.2289240924403,18155513
2015-12-14,206.95480346679688,208.774954274618,204.98297824648003,205.32967708236694,10563900
2015-12-15,211.46185302734375,211.90605689006546,206.6406283284482,207.36652773745791,15718833
2015-12-16,212.05770874023438,213.98619841445978,210.94178949059952,211.4618305122864,12097338
2015-12-17,218.78575134277344,219.9341867743403,211.9168788500212,212.36108268774072,19369032
2015-12-18,214.92880249023438,218.63409342736946,214.5171002828927,217.5073401495175,16016139
2015-12-21,214.9721221923828,216.46724201546115,213.2928262873884,214.0620467410362,12331769
2015-12-22,213.93202209472656,217.24727807708345,213.21695667263322,215.1237785122586,11579277
2015-12-23,217.50732421875,218.17903968818098,214.51708457113767,214.90711897397162,12919467
2015-12-24,216.80308532714844,218.24403566657762,215.88219048364215,217.52898467250333,11901877
2015-12-28,218.9374237060547,219.66330855496184,216.68390302605337,216.81390966207238,12885935
2015-12-29,220.02085876464844,220.73590978408188,218.23320951936154,218.93744111606742,14913870
2015-12-30,217.6590118408203,220.1508783649689,217.11730298465494,219.93420060829064,8151610
2015-12-31,219.8474884033203,220.95258822188913,216.48889679493288,217.42063996469415,18483713
2016-01-01,220.01002502441406,220.7792454803435,218.46073576088267,218.8074201514001,5416562
2016-01-04,215.66551208496094,219.6741661777694,213.8020255761289,217.76734411891513,30170947
2016-01-05,217.79983520507812,218.85075117102275,216.03386823402062,216.74891923913347,14946239
2016-01-06,223.66114807128906,225.00459348881043,216.77059325149128,218.33071641483755,26759864
2016-01-07,219.55499267578125,222.75107626597082,218.42823945006,221.2451225143631,19739943
2016-01-08,222.26351928710938,223.81280846606384,220.30252795242174,221.0175933977657,21313199
2016-01-11,227.8648223876953,229.85831559754763,219.06745961234898,220.1400434317524,29016443
2016-01-12,226.53221130371094,230.85504797832004,225.58963419577407,228.60154160053855,23373377
2016-01-13,233.33607482910156,236.13130442423247,226.9113918866168,228.18983392878874,71802356
2016-01-14,230.04244995117188,234.23529394246754,228.17897819728532,230.51915539157707,27823189
2016-01-15,232.5668487548828,236.07712947998945,230.89838672268309,231.79762829460677,28767318
2016-01-18,220.3350372314453,234.87453303742072,218.43906361533644,232.93520940889573,27254669
2016-01-19,226.13134765625,227.47477861500693,219.73916608917565,222.9677657669591,21489315
2016-01-20,217.66981506347656,224.2461720902953,214.51706736114656,224.2461720902953,45114225
2016-01-21,213.2602996826172,222.2635198402183,211.63517329333288,220.4867190379852,31768619
2016-01-22,217.58314514160156,219.06743096712333,215.39464223783318,215.39464223783318,23682648
2016-01-25,217.53982543945312,220.74674282410305,216.68391942528197,218.8507547141282,13099564
2016-01-27,216.5430908203125,218.8507667692877,216.02304974376474,218.43907903472584,17251028
2016-01-28,220.3458709716797,221.4076352890921,216.05553601198588,216.9006081253365,23074633
2016-01-29,224.35452270507812,225.35126922652623,220.58422882125657,220.79007267188388,19177163
2016-02-01,223.24945068359375,225.741317136433,222.2202024398864,225.34044883358007,9918809
2016-02-02,216.93310546875,223.79114382847345,214.62541526566855,223.2494350258033,14771279
2016-02-03,212.6536102294922,215.38383674034773,211.26684366294648,214.08372681168277,15691478
2016-02-04,210.84429931640625,216.90061592956934,209.25167447968684,214.08371842669246,18203784
2016-02-05,210.37841796875,212.7835987114515,208.3199216058435,212.15521880860464,20998404
2016-02-08,208.2440948486328,213.39033601416665,207.57236490013193,210.42176407638163,12078110
2016-02-09,207.474853515625,209.9233843176464,205.8497270604858,206.4781069754913,19603494
2016-02-10,208.59075927734375,210.8334460793422,205.55718430549038,206.21808030331113,16883350
2016-02-11,200.3351287841797,209.30584806431622,198.3741372735685,208.6341181051593,17114833
2016-02-12,196.43479919433594,202.3611088437634,192.4369792519477,202.3611088437634,29319458
2016-02-15,205.14552307128906,206.14226974552287,198.91586358956314,198.91586358956314,19283523
2016-02-16,201.63525390625,207.58321774804588,200.86601890077702,206.0880977551779,13024856
2016-02-17,206.41310119628906,207.46401715930583,198.5691356135171,202.62112504829437,15442221
2016-02-18,203.70457458496094,209.90173202438697,202.81616685008663,208.65579152509355,14433087
2016-02-19,204.62547302246094,206.445624074882,203.10868530026673,203.6829102965322,10235503
2016-02-22,208.51492309570312,209.81503286050489,204.5712727200524,204.5712727200524,12770834
2016-02-23,205.7738800048828,209.57667543865958,204.2787602662221,208.68826781181738,18989787
2016-02-24,206.42393493652344,207.70236252456638,204.11624469562528,204.74463906717372,15186204
2016-02-25,204.57130432128906,207.26902924547963,203.86708713019627,206.75982204022083,24826958
2016-02-26,205.92555236816406,207.74570314998078,204.6146087140618,206.49976281459084,8349402
2016-02-29,209.45753479003906,215.5138518788519,202.59948104398057,206.13142985510305,31032353
2016-03-01,212.63192749023438,213.44449794652522,209.0241418575042,209.0349757445356,16453192
2016-03-02,217.00894165039062,217.92985094991764,213.92119715042463,215.1454552779109,20105967
2016-03-03,219.4683074951172,220.58422676177284,216.14220300422977,218.85074702006418,15880459
2016-03-04,218.0707244873047,219.93421114186683,217.44234449837228,219.71751891034054,8987660
2016-03-08,222.53439331054688,223.3794509778336,218.30904711623754,218.30904711623754,13222993
2016-03-09,225.7196502685547,226.19635578599065,220.71424956771168,221.01761288406888,11854901
2016-03-10,219.22994995117188,226.62971166682465,218.6340717075315,225.79547344704704,20706353
2016-03-11,219.82586669921875,223.08696847681276,218.98080890899638,219.91255227402323,15319044
2016-03-14,220.9634246826172,222.40436053566276,219.48997270516114,220.82256969173233,11880095
2016-03-15,221.12594604492188,222.71857086958101,219.95585728894147,221.88433261951093,10487788
2016-03-16,221.3967742919922,222.2743480161569,217.86484055154727,221.23426599657938,11064129
2016-03-17,222.62957763671875,227.20926193421207,221.7530789750696,225.03994164259063,16832997
2016-03-18,225.08377075195312,225.73018158313377,222.56384800707525,223.12261189536045,14030979
2016-03-21,227.29690551757812,228.21722763598328,224.1086603327633,225.24809979968094,12708074
2016-03-22,229.60867309570312,230.5728040834198,226.93535360520687,227.23117666128962,15333442
2016-03-23,225.52200317382812,229.40048249725353,224.03196137441657,229.40048249725353,16806372
2016-03-28,223.59371948242188,226.069818652217,222.5528828244483,225.6973045331758,18070240
2016-03-29,227.06683349609375,228.3267875113211,223.5498976426835,224.33873472880438,15871250
2016-03-30,229.433349609375,230.46323036358757,228.4801599242787,228.4801599242787,14453294
2016-03-31,229.0279998779297,231.39454062054753,226.28895960474108,228.10769229272125,30833349
2016-04-01,226.6724395751953,229.2690536711955,224.60172181981125,227.6913646493471,12381116
2016-04-04,226.8038787841797,228.37061172134196,224.66742610871532,227.88853892319,8632568
2016-04-05,225.02899169921875,228.4144426368272,223.98815499635631,225.99313732695003,10259495
2016-04-06,226.51902770996094,227.16543852512137,224.07579610066784,226.15746945215102,6990781
2016-04-07,227.28594970703125,229.64153434076175,223.96623411227816,226.77100931057169,8789163
2016-04-08,227.0887451171875,231.05487153542248,225.96026151232513,226.99012768256125,13411752
2016-04-11,227.95428466796875,229.093738824583,226.35468405429123,227.23118275097076,10308361
2016-04-12,229.5100555419922,231.7122580915777,227.4612497678992,227.9542784429017,11164859
2016-04-13,233.59671020507812,234.44034127096924,230.63855279527326,230.63855279527326,16038542
2016-04-18,233.31182861328125,233.76103375952601,231.26302310305445,233.54190180589876,19065716
2016-04-20,227.29690551757812,234.2869537176954,226.96821486748303,234.2869537176954,21687934
2016-04-21,228.14053344726562,230.51801515545162,226.7929178903452,228.1953127836454,11380697
2016-04-22,227.65846252441406,229.53195972592485,225.54392161353195,227.66941839177974,11705087
2016-04-25,222.8267822265625,228.86364076735003,221.81881315850842,228.86364076735003,61157544
2016-04-26,222.83773803710938,224.36064750633798,220.76702056384593,222.49810614355022,26429236
2016-04-27,223.3745880126953,224.80985052776592,222.62957440025272,223.0459119898499,14502641
2016-04-28,218.4005126953125,223.33078513860156,217.14054394289812,222.19134556633873,61949033
2016-04-29,215.332763671875,218.80587606630152,214.4891326183518,217.68833369750698,23479680
2016-05-02,216.2640380859375,217.45825688026346,214.30287932340727,214.52199667013636,10620873
2016-05-03,213.82083129882812,218.01704599332163,213.15250868657048,216.49413637518657,17571826
2016-05-04,214.3247833251953,215.5518696772571,213.20725564254516,213.43732884830962,13546285
2016-05-05,213.70030212402344,215.49710833436652,212.74711236590912,214.74113882498472,21665684
2016-05-06,212.31982421875,214.03993939725515,211.89253073432457,213.20727879199302,14748329
2016-05-09,215.42039489746094,216.0558497944642,213.1634278441311,213.64550060707418,15347096
2016-05-10,215.29989624023438,215.77101317120005,214.30288304067054,215.4204107830258,7248302
2016-05-11,213.73316955566406,214.90547666995272,212.54989194620143,212.9443178160223,12339923
2016-05-12,217.54591369628906,217.8526926229648,213.65647822397045,213.86463971281432,12786216
2016-05-13,214.33575439453125,217.05288272528878,213.6455201009553,216.70228033097834,14648291
2016-05-16,213.8536834716797,215.28894603739437,212.79093503899387,214.08375669578973,9327335
2016-05-17,212.36361694335938,215.4203914732071,211.75007378954598,214.79589245284927,12157600
2016-05-18,212.67041015625,213.09768898025803,211.25705939486033,211.65148524434775,8228838
2016-05-19,208.43035888671875,212.9662196095892,207.20327249048017,212.9223961402468,9134784
2016-05-20,204.7052459716797,209.1534594162354,204.08074695390656,208.6056514639559,18544619
2016-05-23,203.78494262695312,206.12957140948686,202.83175289943375,205.39549903205173,18365734
2016-05-24,206.0747833251953,206.85266451230396,203.3576405355201,203.3576405355201,12283217
2016-05-25,208.43035888671875,208.78096126878384,206.22817104296016,208.1345504686578,9240115
2016-05-26,207.47718811035156,208.69333337757857,206.8746007245696,208.16743707014535,14190024
2016-05-27,213.57977294921875,214.06184576220144,207.89351663145564,207.95925183859052,13401594
2016-05-30,212.26502990722656,215.06980508750934,211.45426646808104,213.95227736233943,9633652
2016-05-31,209.8875274658203,213.20725757028876,209.59171905573427,212.33075895241925,23332727
2016-06-01,208.95623779296875,211.69529216335349,208.56182660164214,209.90942742665803,9042808
2016-06-02,209.5369110107422,209.73413123153733,207.0936943156717,209.15345569010546,10253825
2016-06-03,210.28196716308594,210.99411319495303,209.44929195850835,210.35865823742105,8643295
2016-06-06,209.21922302246094,211.0160292542523,208.72619433573473,210.57777990745933,8672842
2016-06-07,209.2740020751953,210.5668237504996,208.51801793049998,209.75607489327328,18954268
2016-06-08,209.06582641601562,209.92039868721676,207.9811516783498,209.92039868721676,12135516
2016-06-09,212.80189514160156,213.96324640773136,209.525988208508,210.3586634336542,15643495
2016-06-10,214.0179901123047,215.7052520177209,212.17736070729342,213.42635870971804,16316760
2016-06-13,214.98214721679688,215.49708758376502,211.02696228306516,212.527959916766,10214469
2016-06-14,213.91940307617188,215.92438524934602,212.39649367901382,214.94928383029816,10923848
2016-06-15,215.74908447265625,216.1654074059292,213.37158826970796,214.74111548481852,11129082
2016-06-16,213.9303741455078,215.54093059324074,211.90348009426714,214.9602549728195,9372207
2016-06-17,213.6235809326172,214.44530021688112,212.5717884400618,214.08374197652589,10534878
2016-06-20,216.97616577148438,217.50206198656056,212.11162943886092,213.02098097833903,10758608
2016-06-21,216.29690551757812,217.84172669278004,214.67539327108142,217.83077082545222,13933068
2016-06-22,214.85069274902344,216.03395570592608,214.10566449665765,215.8367500888845,12788710
2016-06-23,214.83970642089844,215.17933826876063,212.5498572777211,214.73014776029774,9837526
2016-06-24,208.48513793945312,211.43235401267034,204.5299674454081,211.43235401267034,24985097
2016-06-27,209.40545654296875,210.00804386284267,206.0857410364307,206.0857410364307,9163399
2016-06-28,209.87657165527344,210.698290938163,209.26302847352994,209.5698073780646,7604977
2016-06-29,211.87062072753906,212.31982595189274,210.3586670311757,210.79691638730924,7523987
2016-06-30,212.36361694335938,214.1933051655803,211.90345592116802,212.9881159637172,12758283
2016-07-01,213.30587768554688,214.03993546414378,212.54989354376417,213.15249553453526,6610193
2016-07-04,216.20925903320312,217.7212127118872,213.75508607127585,213.75508607127585,7803505
2016-07-05,217.6116485595703,219.7590571609281,214.80687326189064,216.07778318326805,11359882
2016-07-07,216.47218322753906,219.23313472457954,216.08871327237853,217.48015220107092,12029091
2016-07-08,214.39053344726562,216.71323590974276,213.94132824408993,216.27500120159743,7140617
2016-07-11,217.4801788330078,218.0170309850437,215.94631345185854,217.15148817014477,8266601
2016-07-12,219.86863708496094,220.2192248656451,217.15149402069494,218.08277206779184,9767494
2016-07-13,221.0409393310547,222.78296620969223,220.03297022927867,220.2630434552522,14915296
2016-07-14,220.19729614257812,222.2132342353048,218.7401219095391,220.89850090450767,10758372
2016-07-15,221.79689025878906,223.72518135753663,219.89052552133825,221.09570014439257,13992989
2016-07-18,220.49310302734375,227.61462103376635,219.50704578784985,225.2590366000142,32106850
2016-07-19,223.0240020751953,224.15248568416064,218.09371541901248,220.43834420441036,16649300
2016-07-20,224.16343688964844,225.32478807701338,222.7500861272933,223.49511435764805,12265316
2016-07-21,220.5150146484375,224.60166986881674,220.2191916258094,224.38253791163757,6711097
2016-07-22,222.37757873535156,223.02398950979676,220.24111155315876,220.43833178469038,6899519
2016-07-25,224.10865783691406,224.3277751829863,220.73414831611845,222.19132254947732,8241568
2016-07-26,224.3935089111328,226.74909350254921,222.45427652916797,224.16343569927,10516399
2016-07-27,221.99411010742188,224.82079692140954,221.0847438945503,224.17438614305985,11030767
2016-07-28,224.8975067138672,225.80687300244747,221.98317272151652,222.39951032823146,15610838
2016-07-29,222.38853454589844,224.579766434712,221.753065011189,224.38254620323036,9629597
2016-08-01,221.2052764892578,223.5718170838445,220.23017499498482,223.06783253491668,7978251
2016-08-02,221.9283905029297,223.50607933896524,220.50408381520506,220.87659794557266,7710138
2016-08-03,217.79791259765625,222.2789795462148,217.2610604481601,222.2789795462148,11872282
2016-08-04,217.5897216796875,219.1235869492327,215.4861366960056,218.9044696081516,10187608
2016-08-05,222.68435668945312,223.2869440333177,218.47718652264803,218.685348006543,12109001
2016-08-08,225.53294372558594,226.5737802783533,223.21022693421494,223.48413821893917,13556347
2016-08-09,225.8507080078125,226.68338326376582,223.72521102150438,225.03995911606313,13290768
2016-08-10,219.92340087890625,226.69431706997543,219.56184262830763,225.97121519610445,13471958
2016-08-11,222.2132568359375,224.1305923179597,219.0359672314781,219.550907674334,14169454
2016-08-12,226.9682159423828,228.52400763349493,222.84869275222752,222.84869275222752,16365425
2016-08-16,224.57977294921875,228.94032511953964,222.52001140342725,227.06682794373526,13367575
2016-08-17,222.03794860839844,225.43435536192445,220.70128886600855,224.404474542693,15486572
2016-08-18,223.0787811279297,224.30586754298648,222.6295759329554,222.6295759329554,7749690
2016-08-19,222.38853454589844,223.94431152732818,220.6793608005773,223.06781292087248,8177802
2016-08-22,221.72021484375,223.44034459121778,220.70128988751082,221.75308244702694,6684236
2016-08-23,221.41343688964844,222.41045004887354,220.2192034955994,221.75306876922838,7320433
2016-08-24,223.6156463623047,223.93338116584857,221.5339729053696,221.6873550594052,8719596
2016-08-25,221.90647888183594,225.47819415706164,221.0957154142639,223.7690202799804,14960746
2016-08-26,225.2371368408203,225.87259175882602,222.32278843340234,223.04590491537942,9639663
2016-08-29,231.71226501464844,232.2162495724351,224.8427309625444,225.09473055510134,16193208
2016-08-30,233.67340087890625,234.13354729180816,230.7371407659588,232.70925533055558,18170724
2016-08-31,232.27101135253906,235.33874193954605,229.4223981100357,233.34471559525892,23295502
2016-09-01,225.52200317382812,235.06482665749513,224.75506322637952,230.73714215810568,42621045
2016-09-02,222.0489044189453,226.25607463645417,219.62758451940596,225.93833984566922,28124615
2016-09-06,223.48414611816406,224.60167377450315,222.41044192855784,223.48414611816406,11510431
2016-09-07,222.9911346435547,225.0508962477473,221.98316557651037,223.94432437296902,12927438
2016-09-08,226.44232177734375,227.00110027853464,223.5498995998095,224.17439867914888,12206479
2016-09-09,228.88555908203125,230.0578661968393,225.6973137731643,226.792929813009,15269894
2016-09-12,229.3128204345703,231.39449354415012,225.5110324312053,225.78492908913694,33684893
2016-09-14,228.92938232421875,232.05189242284777,228.08576587313954,229.6415429885336,18604842
2016-09-15,233.3666534423828,234.50609301595188,229.42242378136777,229.42242378136777,31371009
2016-09-16,235.67835998535156,239.68832417292575,232.07377748863263,233.8048629178724,39324529
2016-09-19,237.1793670654297,238.40646805360544,234.68137087565125,235.02100275325975,16678060
2016-09-20,235.382568359375,237.69431488217413,234.25408476638174,237.52997687173615,11531268
2016-09-21,234.95526123046875,237.7271686484949,234.24311526602497,235.33873119316556,10943394
2016-09-22,238.6146240234375,240.1156216524841,236.4343480275154,237.3108466235212,18761415
2016-09-23,241.64950561523438,243.10667989017782,238.62559838918483,238.62559838918483,31085948
2016-09-26,242.6136474609375,247.51106648279213,241.09073800389322,241.78097228034986,38213411
2016-09-27,243.33673095703125,246.7221961335355,242.482158733435,244.76103749945872,19374535
2016-09-28,238.98715209960938,242.78894048138756,238.0339623804813,242.767028746572,24820234
2016-09-29,234.99911499023438,243.39154402054953,233.8925430537248,239.94035779337466,21260295
2016-09-30,237.46421813964844,239.8417142583871,233.6514596566449,234.0239737373886,11199883
2016-10-03,238.99813842773438,242.77801555644874,235.8318045793782,238.18737488157404,18125170
2016-10-04,240.23614501953125,242.85467040972992,239.2829553211116,239.5130431590022,13113580
2016-10-05,238.71324157714844,242.46026526161546,237.92440449385236,241.9124572620879,10789932
2016-10-06,243.40249633789062,246.7879471034055,239.28295858002704,239.28295858002704,21111045
2016-10-07,243.00807189941406,246.0867437705648,242.46026390295623,244.10368789232973,15280380
2016-10-10,240.23614501953125,245.85668040552162,239.7212046352273,244.10368314905867,11553662
2016-10-13,231.64651489257812,238.63654841591426,230.51801667374394,238.62559254856615,21938040
2016-10-14,236.1385498046875,237.09173956819788,232.63256967967394,232.92839274078395,15265659
2016-10-17,232.4134521484375,236.82879856200555,231.9971145405404,236.65349004812273,9826781
2016-10-18,236.89453125,237.2560895145031,232.7202286021685,233.58575678515973,11073137
2016-10-19,238.26402282714844,239.87459375908222,236.96024542084314,237.62856792422673,17073242
2016-10-20,238.30789184570312,240.59772681765529,237.54095181408667,239.71027223537345,10125508
2016-10-21,233.1913299560547,240.37858353052374,231.9204054950204,240.37858353052374,43608816
2016-10-24,232.994140625,235.3387696236295,232.41346496643155,234.46227088785596,10513017
2016-10-25,232.45726013183594,233.4214056983076,231.00008591494867,233.36662636240877,7658966
2016-10-26,230.9672088623047,232.1504863512784,230.5399154324524,231.40545815888842,10945927
2016-10-27,229.79489135742188,230.9343307000306,228.63354028235239,230.32078756380474,12842476
2016-10-28,231.16445922851562,231.83278181359154,228.72122749224073,230.0797990260395,8127969
2016-11-01,230.29888916015625,231.38354923438905,229.5100374912639,230.36462436134303,10223897
2016-11-02,224.32778930664062,228.51306252606022,223.725201939677,228.1076807829776,7039997
2016-11-03,224.37159729003906,226.73813774988278,223.63753955782738,224.3496855555649,7311872
2016-11-04,220.33975219726562,225.01803950253543,219.12360696122062,223.56086516928866,11535892
2016-11-07,219.37559509277344,222.75009004126457,218.91543403119258,222.19132617234345,9506040
2016-11-08,219.89053344726562,220.37260623932875,218.75107935772692,220.37260623932875,13432073
2016-11-09,220.13156127929688,221.09570685794688,203.7849391661722,208.16741773936974,21640144
2016-11-10,221.40248107910156,225.46722478662258,220.65745286260037,223.19928716318674,9764091
2016-11-11,219.50706481933594,222.95826545678722,218.04989056675313,218.65247790372766,14775330
2016-11-15,215.9243621826172,219.12356277338935,214.64248199674475,218.3566375368943,14487470
2016-11-16,216.1763916015625,218.42241769886178,214.89452577911496,218.0279918199059,16550762
2016-11-17,214.24810791015625,218.71821896735528,213.51403551681352,216.05586996950544,12628378
2016-11-18,216.38453674316406,217.52397611716844,215.17934754264104,215.83672878922638,18163751
2016-11-21,217.2610626220703,217.71025320633922,215.44233003986872,216.39551980260552,13232434
2016-11-22,219.4413299560547,220.83275437878703,217.65546504992258,218.6196106415124,17646355
2016-11-23,221.09568786621094,221.4243784848478,219.02497061164598,220.2191893013959,13107911
2016-11-24,216.3516845703125,220.33973729101714,215.22320098237498,220.33973729101714,18913793
2016-11-25,217.7431182861328,218.22519109586784,215.69432712891745,216.93236944293764,10454964
2016-11-28,216.19827270507812,219.25504723605545,215.63950888378042,217.58971163871078,8312777
2016-11-29,218.61961364746094,220.06583205473066,216.50507268829878,216.71323417299962,9885281
2016-11-30,216.94334411621094,219.11266463440026,216.19831578779903,219.11266463440026,27596098
2016-12-01,218.6305389404297,222.4104297579015,218.0279516785018,219.1235675415206,12627845
2016-12-02,217.9731903076172,220.21920154912956,217.3267795280946,218.2251752483041,12481430
2016-12-05,217.77598571777344,219.05785141581208,216.16541475395832,218.02797065963586,3987213
2016-12-06,220.26303100585938,220.55885404986077,217.94032863228978,218.2470929162493,6726369
2016-12-07,218.9373321533203,220.78891752467385,218.32378898513616,220.00008048767293,4930865
2016-12-08,223.5170440673828,223.90051408068845,220.0767990704576,220.23018122484893,8750556
2016-12-09,225.4672393798828,226.10269433932746,223.5718157420172,223.9443298743786,8239158
2016-12-12,225.08377075195312,228.26106019587357,223.6156405764741,223.6156405764741,9023848
2016-12-13,227.84469604492188,228.10765147029963,225.1604355948428,225.25903839411248,10365823
2016-12-14,232.16148376464844,233.24614401981984,227.49415205587258,227.84473985401897,24139260
2016-12-15,230.7261962890625,233.9363532348296,229.78396242814503,230.60568174640076,19331986
2016-12-16,231.64651489257812,232.7092632799974,230.51801667374394,230.51801667374394,14942206
2016-12-19,232.82977294921875,233.79391851033174,231.03295223241926,231.1753931322906,15009634
2016-12-20,231.8108367919922,232.49011514769163,230.77000021160708,231.1096467031194,11688169
2016-12-21,232.983154296875,233.87060878513904,231.65746512534565,232.29292004340624,20367894
2016-12-22,230.81385803222656,232.8517080299631,230.2879617304664,231.83278303109483,28892834
2016-12-23,231.67938232421875,234.23217255108227,230.51801650419446,230.51801650419446,10265033
2016-12-26,229.52101135253906,233.58575529653402,228.90746813270198,231.03296498034834,15321770
2016-12-27,233.3009033203125,233.82679959968016,229.4224091178969,229.60867349698816,17442849
2016-12-28,230.01402282714844,234.363633634018,229.44430312080814,234.0020753988561,9637310
2016-12-29,233.4652557373047,234.19932817654473,229.9702313179137,230.07980462950772,8772325
2016-12-30,237.1793670654297,237.74910140510195,232.95028537724681,233.32279948323998,15711974
2017-01-02,237.77102661132812,238.84473089473974,234.9771925990686,237.5299828959129,7097888
2017-01-03,238.71324157714844,240.3785919379455,236.8945236994614,238.811859011471,6434204
2017-01-04,233.8377685546875,239.50211339949,233.21326943061072,239.48020166276197,10392483
2017-01-05,236.08377075195312,236.6315787758402,234.18836171787427,234.68139040210534,8734164
2017-01-06,235.54689025878906,237.74909258466207,235.1415085667766,235.38255225959153,7845839
2017-01-09,236.1494903564453,237.96822282216377,234.68137489601304,235.9961082155429,5228980
2017-01-10,238.81187438964844,239.80887301858223,236.65349522755614,236.65349522755614,11349916
2017-01-11,237.9791717529297,240.09371257161257,237.52996658319685,239.94033043518084,11475958
2017-01-12,237.3765869140625,238.92140804330162,236.609646969281,238.18733569952568,4371992
2017-01-13,238.932373046875,240.4881501026076,237.65049267666242,237.65049267666242,7234429
2017-01-16,235.83177185058594,239.71025126028096,235.3277873282119,238.83376725026284,12013154
2017-01-17,228.16246032714844,234.0240106094572,227.55987295964547,233.36664390193826,39234251
2017-01-18,226.25604248046875,229.64150751159227,225.4233673985422,228.45823008559276,15867619
2017-01-19,226.508056640625,229.04989088764037,225.91641057579744,226.82577677942345,15284274
2017-01-20,224.7769775390625,227.32976772528664,224.36063995944215,226.56284239636582,8784907
2017-01-23,222.607666015625,225.91642579269003,221.9283875975284,223.90050227358637,13708502
2017-01-24,225.10565185546875,225.43432784660058,222.84867024640548,222.84867024640548,9419288
2017-01-25,222.9144744873047,226.28896991728462,222.66247487193007,226.13558775064786,23856654
2017-01-27,224.62359619140625,225.4562713535853,223.2869365105033,223.5608478179369,21861796
2017-01-30,228.94032287597656,229.30188111786623,224.5578590141721,224.59072661549607,15678126
2017-01-31,229.0279998779297,230.912467777187,227.95429550574664,229.38955816728205,15125194
2017-02-01,230.00308227539062,230.2769935935583,226.8367487653081,229.22520104607534,11312284
2017-02-02,228.65548706054688,230.25508765732494,227.50509167538812,230.07979377077183,9099129
2017-02-03,226.49708557128906,230.1783589788009,225.71918982213683,229.203257639493,13219481
2017-02-06,228.2500762939453,228.96222224483054,226.1464914135135,227.23115145327833,9991907
2017-02-07,225.89450073242188,228.40346739986748,225.083751951033,228.32677633123987,9905562
2017-02-08,224.6345672607422,227.5050924264882,223.94433295283355,225.89452132915633,16230826
2017-02-09,226.29991149902344,226.57382283519578,224.99613391026708,225.2590747507581,9861688
2017-02-10,225.73019409179688,226.91345714110847,224.7222249379899,226.79294258794903,12518554
2017-02-13,225.66444396972656,226.57381024722392,223.94432885176462,226.35467826499502,8565757
2017-02-14,230.03594970703125,230.7152427544646,225.67539737347482,226.79292512592764,18244623
2017-02-15,230.36465454101562,231.72322609216963,229.03895059476093,230.71525695393578,15236663
2017-02-16,233.91444396972656,234.3417374346383,230.63855178428076,230.63855178428076,19655195
2017-02-17,235.6674041748047,236.25905022501794,231.9313512782147,233.69530430761958,14847356
2017-02-20,235.64549255371094,236.40147660305124,233.6953044187673,234.58274423985887,11650581
2017-02-21,238.4503173828125,239.05290476157148,235.13058692454322,235.60170388480802,14186476
2017-02-22,264.5917053222656,265.5010568060167,239.28292409646645,239.50205603859223,127323130
2017-02-23,259.16845703125,267.76906249696856,258.42342871611294,265.92841807352676,62249698
2017-02-27,271.4721984863281,275.3944862530825,260.8337454948441,260.86659846530864,83422197
2017-02-28,271.2859802246094,273.4662710516185,269.1933363399269,269.96027633993856,36111716
2017-03-01,270.5080871582031,272.6774073952574,269.5220298454828,271.7351735517845,24385665
2017-03-02,271.0011291503906,274.93438810018756,268.8756322779892,271.2530994836367,18063590
2017-03-03,275.77801513671875,282.18738823080196,272.0529321604447,272.0529321604447,84305639
2017-03-06,286.0329895019531,287.49016380859985,277.2461494453081,278.0678541617324,66724743
2017-03-07,285.9453125,290.77698136192043,284.01702145098284,288.9911312073668,42071555
2017-03-08,282.9324035644531,286.5479276923552,281.81487579730856,286.5479276923552,43336972
2017-03-09,281.957275390625,284.42241866995744,280.8068946967048,282.66945064716174,31094457
2017-03-10,280.83978271484375,283.98421941385106,276.3587007836864,282.724250635049,24785585
2017-03-14,282.55987548828125,289.02404227048964,281.62861209829543,288.9692483041829,27765035
2017-03-15,285.9453125,288.43236737819194,282.75708215282054,282.8994937926333,24107889
2017-03-16,284.3457336425781,287.1395528565999,283.4582645360172,287.0519059208385,15924023
2017-03-17,285.0140686035156,289.2321799625434,284.433393001409,286.61365450567615,22727289
2017-03-20,280.65350341796875,286.23020059316633,280.11665131037563,286.1754066311194,12869337
2017-03-21,276.9283752441406,281.33275051358873,275.9423180228829,280.9602510595368,22596181
2017-03-22,276.030029296875,277.38858628886936,273.14856265281554,274.34276698473917,20291685
2017-03-23,279.0101013183594,279.94136475761,275.6575178314708,276.78598690148164,11807911
2017-03-24,281.957275390625,283.1076853391976,277.9473109398877,279.1853678268675,16282523
2017-03-27,274.1455383300781,280.2043234504644,273.2909513769059,278.5280025205822,32452615
2017-03-28,272.9732666015625,276.9722610914353,272.1734442998629,275.6575275851925,21707345
2017-03-29,275.3616638183594,276.0957215443711,270.2560834557331,274.2769890890697,18924345
2017-03-30,278.42938232421875,279.3277926458154,274.5618589984057,275.0000936652086,27862325
2017-03-31,289.4403381347656,293.1106558939095,277.4104453657711,277.4104453657711,45390562
2017-04-03,301.21820068359375,302.5000808471645,292.9791556740825,294.0638302558688,44886623
2017-04-05,310.05987548828125,310.71725677243865,302.4124754291378,305.7212350749376,40323877
2017-04-06,315.20928955078125,317.4881685029597,307.2551249531842,308.7451521897154,50620850
2017-04-07,308.2192077636719,314.22319803599214,307.33176796427006,311.4403494809205,31875272
2017-04-10,302.6864013671875,312.2292107880125,301.79893220247726,308.9642744530204,30768410
2017-04-11,300.7142639160156,306.8716366186177,300.2212352800401,304.1106704062244,32249647
2017-04-12,296.693359375,303.8039371010874,296.0688602730623,303.00411485688545,27448279
2017-04-13,299.0598449707031,300.9442830782796,295.23611629181187,296.69329027517574,12713918
2017-04-17,304.9871826171875,305.79794605557015,299.10372095088104,299.10372095088104,11837502
2017-04-18,300.2431945800781,308.96430001861194,299.5419897353691,306.7621265491172,16016414
2017-04-19,299.9363708496094,302.9493368014956,297.4712275270308,299.98019431958176,11572557
2017-04-20,300.1006774902344,303.880553587262,298.9064442345584,302.171409265662,8393496
2017-04-21,307.3208312988281,311.3746189168726,302.0728103519453,302.50010377218473,30230907
2017-04-24,310.5857849121094,314.4423671524225,306.8168496086532,308.75608196859093,25512511
2017-04-25,313.9602355957031,321.6186050365415,312.49212035514495,319.9204019917631,36764315
2017-04-26,310.37762451171875,315.5489403211543,307.3427760328846,314.44238306002876,16763153
2017-04-27,308.854736328125,312.0649081656167,307.2551502845792,310.4981750999944,12571594
2017-04-28,305.7212219238281,311.2212132740253,304.80089986745776,308.90948152106296,11848658
2017-05-02,300.31982421875,307.21125464576164,299.3885609060489,307.21125464576164,18591411
2017-05-03,300.22119140625,302.5548345881354,299.1036638953057,301.71121833596004,9500038
2017-05-04,297.5588684082031,302.30289011564446,296.70428159050874,301.2949211712497,14365934
2017-05-05,291.0509338378906,299.6186861036979,290.3387877741126,298.35871737261067,15598448
2017-05-08,289.5498962402344,293.5160370217857,288.881573741252,291.43436383027375,16066733
2017-05-09,291.5111083984375,292.234195700262,289.29793525616185,290.11966925385366,21106150
2017-05-10,297.8108825683594,298.79693992560635,291.57683288581313,292.48618454108714,22906024
2017-05-11,297.90948486328125,300.14454029152614,296.1783993285229,298.9064834103308,13783848
2017-05-12,295.91546630859375,298.88457954809815,294.51308600904184,298.0190513852481,7523427
2017-05-15,294.5240478515625,297.2192792184712,292.2013452616669,297.2192792184712,6738085
2017-05-16,297.1972961425781,301.71122981918825,293.84468422749694,294.9512705426239,12655992
2017-05-17,296.49615478515625,299.3118860013444,295.3238330256958,296.47424304912863,9844573
2017-05-18,290.85369873046875,295.81683819203516,290.14155273886877,293.6804002172352,9790379
2017-05-19,288.99114990234375,292.68337961136086,287.05191748849916,292.0917627711307,12813204
2017-05-22,290.15252685546875,292.22325911669634,288.19138253273707,290.6674672968477,8801430
2017-05-23,286.0768127441406,291.4015400451478,285.29893149975817,290.49215913196133,9223001
2017-05-24,284.356689453125,287.86268408183787,283.78698434148356,286.5040979986178,14326531
2017-05-25,285.3975524902344,287.57781410067895,284.08278982305876,284.86070033177816,25922008
2017-05-26,293.03399658203125,294.58975900892256,284.860685456852,285.72621360957874,21430443
2017-05-29,297.328857421875,299.2023549069521,292.6615109443969,292.96830453172385,24022633
2017-05-30,297.86566162109375,299.0379832996835,295.4881652894662,297.10969215296217,9658309
2017-05-31,293.7790222167969,299.750160652247,292.7053178585477,299.541984525243,16423338
2017-06-01,291.0509338378906,293.625636014003,289.90055304398913,292.0260499943976,9534069
2017-06-02,290.283935546875,293.34072456729467,288.58573242648583,292.52996122462787,11495005
2017-06-05,291.29193115234375,293.8447213133778,288.33378853750685,290.6126673947768,10835031
2017-06-06,287.6654357910156,292.29989918659226,287.27102457827993,292.29989918659226,9591064
2017-06-07,293.406494140625,294.0638754355538,286.8327982099465,287.3148563728158,11199223
2017-06-08,291.806884765625,294.6774098288396,291.0070918068265,293.62561728896316,7903123
2017-06-09,292.6833801269531,296.46325678192227,291.6534993337892,294.7431417132809,13836547
2017-06-12,289.1225891113281,291.3795853185319,288.58573703876306,290.67838062520116,8432435
2017-06-13,288.0050964355469,290.7770040644326,287.2710386818134,289.37462376231554,6025338
2017-06-14,297.4603271484375,298.00812059834163,288.34478085012086,288.34478085012086,52939271
2017-06-15,303.2561340332031,305.6774541488308,297.8109063970436,298.0081120333412,28290813
2017-06-16,304.3188171386719,305.8526676055587,300.0458832027658,304.3845523334821,32710880
2017-06-19,308.7999267578125,310.23518932991914,304.6256387105091,304.6256387105091,15236956
2017-06-20,309.47918701171875,311.6156541552572,308.40548282026117,308.74512931535196,10142474
2017-06-21,311.5937805175781,312.90851393722255,307.7043157168712,308.4822262298051,19992472
2017-06-22,313.9274597167969,316.7212792589446,312.842784877381,313.2262548937001,22118609
2017-06-23,314.62860107421875,315.97621660526784,313.47822040500256,314.6614833027415,31143289
2017-06-27,314.9134826660156,316.1953631129135,312.2511335868611,313.78501362683903,32591540
2017-06-28,306.4443664550781,315.5270294353656,305.79795563398994,315.5270294353656,15567803
2017-06-29,305.1733703613281,308.9642168937738,304.60366534768536,306.77298525508263,12898245
2017-06-30,302.3905944824219,305.1077083236551,301.30591964132486,305.02006137746406,7814271
2017-07-03,302.62060546875,305.6116594281433,300.41843241024867,304.1873382673583,9195278
2017-07-04,311.58282470703125,312.7113230504818,304.36271717209206,304.5818345432507,18816782
2017-07-05,316.1186828613281,317.1704754386472,312.0320124721136,313.22624596003726,27209010
2017-07-06,316.0967712402344,317.7292394465279,315.09974337494833,317.44435762521533,13590313
2017-07-07,326.7461242675781,328.19232790036995,315.5379656631537,316.19531765321807,35845310
2017-07-10,327.1186828613281,328.88265082349596,326.29697809788433,327.6117115703255,3504540
2017-07-11,327.4472961425781,329.6494689704398,325.83674004644826,328.9044701230738,20995547
2017-07-12,331.1177062988281,334.1635254987862,328.1376223097187,328.5539453117608,17104482
2017-07-13,336.17938232421875,336.8199035117409,332.656574767268,333.23083819268896,23010262
2017-07-14,338.7524719238281,339.2494198921704,334.7327163348912,335.71558405463156,20530867
2017-07-17,342.72802734375,344.4618162375709,339.47025104560674,339.47025104560674,18749450
2017-07-18,335.6935119628906,342.7390980071215,333.72780592964097,341.6347724194457,19640167
2017-07-19,338.5757751464844,339.69115836182624,334.08115763520374,334.08115763520374,11790198
2017-07-20,337.6813049316406,342.3415524384327,336.5327780092869,340.07767170765715,13626050
2017-07-21,350.07183837890625,351.55162454929496,341.2261765195144,342.34153025566445,97142371
2017-07-24,356.7530212402344,358.8843568144316,350.0718385746833,353.3848151348352,43429394
2017-07-25,353.8597106933594,358.8954485161936,352.8547569774608,358.84021896571454,20063064
2017-07-26,358.4095153808594,359.98870302942044,353.6277805913232,354.312473658256,21954323
2017-07-27,352.236328125,360.3420676547318,350.8117419699547,359.5690604090265,18409364
2017-07-28,352.1590270996094,354.69899661558736,348.52578969054815,351.45224810162387,14331863
2017-07-31,356.741943359375,357.53706594525914,352.5013288842713,353.8154853198396,16567422
2017-08-01,354.179931640625,358.409488578495,351.50744682573736,358.409488578495,12311920
2017-08-02,359.8340759277344,361.26969023783977,355.1737992973622,355.5934612712648,20786240
2017-08-03,364.4501953125,367.7190298688552,357.15060608629403,359.3150855170393,19707381
2017-08-04,358.2769470214844,367.29929543940983,356.7198455244438,367.29929543940983,18579866
2017-08-07,356.9959716796875,360.36414834799587,356.1566771950295,360.36414834799587,9537088
2017-08-08,353.947998046875,358.0340110539239,350.46936256235415,357.36037577369507,10961296
2017-08-09,353.1197509765625,357.80211354381385,350.07183498277584,353.71610031538785,10436651
2017-08-10,349.9282531738281,354.8535607450106,348.51472481375475,351.8497871785464,10188164
2017-08-11,341.5133056640625,348.96749581420147,338.58681786909625,342.55137345857304,16996281
2017-08-14,347.4325256347656,349.96143768859594,344.77109803495495,344.77109803495495,13440617
2017-08-16,345.8974914550781,348.0840566366835,342.3857120219696,347.2005902980852,13576650
2017-08-17,346.11834716796875,352.8657877190801,344.8041906340024,346.5379796681342,15828719
2017-08-18,347.9515075683594,348.4815991602277,343.03725744731616,345.4336535968152,7935890
2017-08-21,345.5220031738281,349.88410534358263,344.6054226919537,348.30491773237475,7573558
2017-08-22,344.5612487792969,348.9454073569074,343.67778244122997,347.2005900892563,9533641
2017-08-23,349.4202880859375,350.4141840834896,343.03727957403726,345.62142096255786,8320052
2017-08-24,346.3281555175781,351.8608410324256,345.5440905608026,351.1761774659957,12654347
2017-08-28,345.99688720703125,349.39820778096015,344.81524610603293,348.7577160195551,12316426
2017-08-29,338.3990783691406,346.2066721977142,337.92421634830305,344.9587734941719,15164812
2017-08-30,345.4557189941406,346.4937867079667,340.40895364676396,341.8003960760341,10334911
2017-08-31,352.1701354980469,352.8216850406854,347.64237335683845,347.86323261074693,25104625
2017-09-01,355.6155700683594,357.0511844708178,353.1639737771299,353.35168936859463,15431918
2017-09-04,356.3333740234375,361.36911157787165,352.46821979952165,356.80823608083756,21560532
2017-09-05,360.5850524902344,361.08200047729855,358.0340547891191,360.010789032804,25216776
2017-09-06,363.412109375,364.9802688061407,358.4205730709698,359.21566626029073,48745984
2017-09-07,361.380126953125,367.74107855025056,360.01077037712145,363.54463565188126,16205339
2017-09-08,360.85003662109375,363.65503680320745,358.72972941701636,362.219393089958,13248413
2017-09-11,361.29180908203125,365.2453071341966,360.6954891781794,362.7937107772689,12690592
2017-09-12,363.8759765625,364.4281246612297,360.89428836771503,363.43422859630135,6500191
2017-09-13,375.0296630859375,379.844512077877,363.1029112427437,363.98637761859646,29377106
2017-09-14,372.75469970703125,380.55126562556444,371.93752063969015,378.03341168690326,11867640
2017-09-15,371.84918212890625,376.7302886289489,368.7349787997664,371.9375258130909,28595395
2017-09-18,373.50567626953125,375.9352161800743,372.4234365914427,375.47138232534337,5061995
2017-09-19,370.4356384277344,374.9192280082725,369.7288889271271,374.8971420863785,7718697
2017-09-20,374.21240234375,385.4102877065822,373.3068501718372,378.1658998184882,24942703
2017-09-21,371.650390625,376.2223238562813,369.39756763553936,374.14618824054907,12950541
2017-09-22,361.0709533691406,371.0099134021045,359.21567689802566,371.0099134021045,12294087
2017-09-25,362.90411376953125,365.7312000865037,355.6818112754915,360.01076969032425,14229631
2017-09-26,362.26361083984375,365.3336424397479,358.7739467246368,362.9703898265132,10564143
2017-09-27,353.00933837890625,364.73731653879764,351.3970366226274,364.69314469580945,18448855
2017-09-28,347.3993225097656,354.6657961636441,344.6384942140146,353.2301819626899,29547622
2017-09-29,344.94775390625,350.46938144823713,344.152631283785,349.7405165870434,16666208
2017-10-03,352.65594482421875,355.085455033399,346.91342861879815,351.17615867583663,18345748
2017-10-04,361.7114562988281,364.4059976915527,351.4412079471208,353.0314237795595,18907611
2017-10-05,364.0526123046875,365.9520604692661,361.62310204053017,364.4280729585558,10631751
2017-10-06,369.7509460449219,370.7669278601106,363.3679087043247,363.98634395639124,12997688
2017-10-09,366.9238586425781,370.9656999703981,365.75327538987113,370.6122957615288,8850408
2017-10-10,372.46759033203125,374.2786948439745,367.0784781257912,367.0784781257912,14732024
2017-10-11,371.1203308105469,379.1819281847069,369.2871403222968,373.39523973586347,15420644
2017-10-12,385.520751953125,387.3097705386096,371.98169897022944,371.98169897022944,18642942
2017-10-13,387.1551208496094,393.44978498836514,385.78576431902826,388.4140772671283,21509701
2017-10-16,387.3097839355469,394.0240811128242,380.4629417397284,388.28159398583864,32009221
2017-10-17,386.2275390625,390.4902398782278,383.06913432627505,387.83984082578587,13898844
2017-10-18,403.9630126953125,405.46488476630276,386.5146343364713,387.57478800046744,36671941
2017-10-19,401.93109130859375,407.23186018590815,398.88314551823635,404.5372891583006,8014767
2017-10-23,415.1167297363281,417.3033244832035,401.57767617174875,403.2562652237301,27455320
2017-10-24,412.68719482421875,418.6284844323052,410.0147394376654,418.6284844323052,13857773
2017-10-25,415.18304443359375,417.833414231983,410.589024902657,415.27138812772574,10011782
2017-10-26,418.4960021972656,423.08999202991583,411.2516132007852,415.22719720292406,16840049
2017-10-27,410.7436218261719,422.60411647883706,408.9104312187717,419.64451429649296,11498547
2017-10-30,416.3315124511719,417.6787831784575,411.0749155866277,412.5767877676922,7823263
2017-10-31,415.6026306152344,417.7671098544238,411.7816483214438,417.4137351173189,9504986
2017-11-01,420.7709045410156,423.08998534320716,417.7671306643662,418.6505970383469,17571371
2017-11-02,418.1425476074219,422.5157071755952,417.104479886829,420.88129013159386,10277678
2017-11-03,417.568359375,422.2727787685376,415.2934504061956,422.2727787685376,4798537
2017-11-06,411.9141845703125,416.3315164424044,410.3681405304897,416.3315164424044,9757496
2017-11-07,400.5174865722656,413.0184711931569,398.9051849180429,412.2896358299867,20447574
2017-11-08,392.1687927246094,400.2083039441085,390.53440506757977,398.6622599719339,17752793
2017-11-09,397.7787780761719,401.9310490507787,394.0461395882117,395.23880877431213,15007224
2017-11-10,390.42401123046875,397.9776033880813,388.3699613949833,397.9776033880813,13923102
2017-11-13,386.6251220703125,393.9799410630902,385.85208525463054,390.9319951349178,9088619
2017-11-14,391.6828918457031,395.3492431294856,385.6311726738295,386.5146389856547,12481463
2017-11-15,390.35772705078125,393.4056432257304,387.81775758870765,390.7111017986682,15272059
2017-11-16,399.2585754394531,400.20829952837727,391.1528065457484,391.1528065457484,15160866
2017-11-17,402.8145446777344,408.55703182280365,401.3126430101847,405.9287481354101,12219276
2017-11-20,406.7679748535156,408.3140482193454,399.76656132915537,400.29662340621053,9231195
2017-11-21,411.936279296875,415.0725687751258,408.8220757412764,409.39633921744655,13082246
2017-11-22,411.1411437988281,414.63080768063,407.91648147438605,414.1007161042799,11058315
2017-11-23,418.3193054199219,419.6003183844171,409.3300697720086,411.2516039623576,16031638
2017-11-24,420.13037109375,423.8409238591258,418.49598341354334,419.6444808201569,13987125
2017-11-27,420.2408142089844,422.95747110575553,416.9940951785287,418.42973909834956,10237135
2017-11-28,416.7069396972656,420.2407753903719,414.38785910218934,419.57819778447004,10153618
2017-11-29,417.8775329589844,419.6444655914432,415.6688819120161,416.0443425643491,8038351
2017-11-30,407.07720947265625,415.8676415301619,406.1716572654643,415.8676415301619,20637767
2017-12-01,402.0194396972656,411.3620504815621,400.95928590941384,408.3582765014464,11114967
2017-12-04,398.2646179199219,403.65372923928857,396.38725595336376,403.5212137339607,10103208
2017-12-05,403.609619140625,406.7238224538009,395.548051589629,398.02173370853905,18306627
2017-12-06,409.3300476074219,410.94234931494526,401.4451379747825,401.975229561822,24078081
2017-12-07,411.4945068359375,413.4602126684137,407.71769660925935,410.8318997561245,12095301
2017-12-08,406.8342590332031,413.8798743420738,405.97290810205186,412.51051773354504,12224184
2017-12-11,404.6919250488281,409.0429996214484,403.5434274849618,407.4748400038979,10792248
2017-12-12,404.448974609375,410.36817923521136,401.0918256597188,404.6035760792176,15782031
2017-12-13,404.0292663574219,408.5790838521436,402.2844196930765,405.0231622502856,9147866
2017-12-14,407.05517578125,408.55704802113314,401.423088535458,405.95085015236765,10983157
2017-12-15,406.2820739746094,412.1129335927471,405.3765217961495,411.2515532528849,24408414
2017-12-18,406.8342590332031,411.980426134856,381.0592811695271,402.8366188141747,18581421
2017-12-19,409.0208740234375,409.4846783940207,406.3925607951609,407.98280618301465,8891691
2017-12-20,405.5753173828125,409.66133062672145,405.0673412109932,408.99875301130504,10443493
2017-12-21,403.2783508300781,408.1374011184208,401.97525194157225,405.7078612306433,9071450
2017-12-22,406.5691833496094,407.45264959230815,401.6659619205954,404.02924370315736,10658428
2017-12-26,410.7214660644531,414.7412213683618,405.5752993771338,408.5349010562319,11596338
2017-12-27,408.0490417480469,414.1228175160323,405.95082025895795,412.13505512018963,9520350
2017-12-28,408.247802734375,412.7534484736515,405.9949798647367,408.7116070657433,15511891
2017-12-29,406.8563537597656,411.8258335984762,405.72994226128617,409.26380769646346,11089700
2018-01-01,401.8648376464844,407.5852391130104,400.87094162888235,407.5852391130104,9453202
2018-01-02,402.48321533203125,406.19376806809856,400.38499382911994,403.30042390928554,9499419
2018-01-03,404.09552001953125,409.0429135135487,403.32248333576393,408.60116562830615,13507800
2018-01-04,406.5250549316406,407.18766205623797,404.4930912025674,405.57533083084263,9008932
2018-01-05,407.8281555175781,409.44048674987306,406.50297074992386,407.18766379869743,7441284
2018-01-08,410.1693115234375,411.2515510504921,407.9385747117867,409.0870719963829,8827020
2018-01-09,415.64678955078125,416.9498883406029,408.15945613038986,409.99261700940946,14294571
2018-01-10,416.26519775390625,418.49593454204944,413.2393383964344,416.5523147002275,11727682
2018-01-11,414.2332458496094,416.3977249415919,413.0184612990072,416.0222348217441,7849171
2018-01-12,419.2027282714844,420.8813172634133,414.45413724679906,416.55235874310455,15071161
2018-01-15,419.2689208984375,423.3991054855411,417.52410390094275,419.6444109891239,11120925
2018-01-16,407.6956481933594,418.6285038363339,406.39254932082434,418.6285038363339,10825151
2018-01-17,408.38031005859375,410.36810184182707,400.65000212663995,409.0429171487414,13204016
2018-01-18,406.2599792480469,410.63310912324124,404.2280157421897,410.3680780974011,9381821
2018-01-19,411.3841247558594,412.75348142595635,407.32019710296487,407.7177437044474,9973533
2018-01-22,429.14166259765625,430.37850360430576,415.22714967023234,418.76098533026095,45700733
2018-01-23,434.3320007324219,437.73332086860324,430.6877354766296,430.6877354766296,22526810
2018-01-24,426.8667907714844,433.6694316398229,425.23237357649236,433.6694316398229,14289485
2018-01-25,426.66802978515625,429.36257130907364,422.3611274544124,427.5514666866288,13669901
2018-01-29,426.049560546875,431.7037037022086,423.752565811496,426.8005113405526,9897064
2018-01-30,419.8211364746094,426.6238062014482,419.20270123136606,426.6238062014482,9182956
2018-01-31,424.63604736328125,426.04957583102106,415.911842957929,419.64448165223286,12551686
2018-02-01,416.9278259277344,429.6275847106691,413.7252788299651,425.4974289045024,16524809
2018-02-02,399.4794921875,416.9720453978947,397.99970578215556,413.0185470259723,28965593
2018-02-05,398.50762939453125,403.0795625259468,389.51842355475804,394.9075357718175,19191099
2018-02-06,394.0682067871094,396.6744337262016,384.7476834573947,387.398082235088,24062503
2018-02-07,395.084228515625,399.9432786891704,393.14060844620684,398.6843516745189,15532284
2018-02-08,399.56781005859375,402.2623810925237,394.17869747794714,396.63032336191645,13825894
2018-02-09,396.60821533203125,398.4413763031294,391.37367501501336,392.6988892789931,11580639
2018-02-12,404.4047546386719,405.5974238941796,398.4634647955566,398.88312679383546,11877059
2018-02-14,412.4222106933594,416.3315370617093,406.8342951817592,407.71776159993226,22247829
2018-02-15,413.3056640625,417.76713837184013,409.9926577271469,414.18913045278,13363743
2018-02-16,406.966796875,416.37566457278876,405.5532389615524,415.0504503430303,9628162
2018-02-19,409.48468017578125,411.6933314006896,403.54339009870563,406.8342810135634,8941900
2018-02-20,406.87841796875,410.61105650084346,405.862465620646,410.368111374123,8458450
2018-02-21,410.5227355957031,411.91417815860615,407.3422743896304,410.8098525795759,11917390
2018-02-22,408.3141174316406,411.2516337348806,406.3925831021823,407.27604953423787,11196908
2018-02-23,412.68719482421875,414.3436978557467,407.60728561303847,408.77786890060446,10610664
2018-02-26,414.6529541015625,417.39169709001646,413.725315823009,414.78546964318235,8435611
2018-02-27,419.8653564453125,422.2065231930949,414.49832986843995,414.785446859512,14021366
2018-02-28,421.6543273925781,422.7807387941539,416.6406761416063,417.8554312227402,56650480
2018-03-01,418.93768310546875,424.017592265509,417.8554435118435,419.53403244723427,8956590
2018-03-05,408.20361328125,419.7107017461303,407.0992878146186,416.5523267833553,12325694
2018-03-06,402.3507385253906,413.5486260881023,399.81079835099007,410.36816464562503,16019726
2018-03-07,393.0301818847656,401.6439272474934,392.27923105957655,401.6439272474934,15853546
2018-03-08,402.6157531738281,403.9630534254239,394.5983568680487,396.5198616194217,13283967
2018-03-09,403.3445739746094,406.1054024562447,402.4390217608376,404.1396965875809,10638527
2018-03-12,410.9423522949219,412.1792228445798,405.31029500734587,406.3925346228884,8315150
2018-03-13,411.6270446777344,413.46023509110705,406.9888833291356,411.6491305986856,11148731
2018-03-14,410.3902282714844,411.7154130953788,406.03918363386197,410.27979866009423,14724464
2018-03-15,402.7703552246094,410.5669218033103,401.9752620106834,408.60121571667827,12711836
2018-03-16,397.5800476074219,401.8427486428174,391.3958123202465,401.53351623740934,30814962
2018-03-19,395.5701904296875,400.6058990249132,394.02411678312785,397.99970103175,12630833
2018-03-20,393.0522766113281,399.32485543939316,391.83752140311753,394.59835013975066,15192983
2018-03-21,396.18853759765625,398.5959619191376,394.598321826149,395.28298536522124,14715126
2018-03-22,401.1580505371094,402.836639617899,395.68059433291023,395.79102394517105,22129723
2018-03-23,394.8634033203125,397.5579449540399,392.7430956959439,393.4056733990502,23469999
2018-03-26,398.0438537597656,399.4573823078872,394.24495708472136,394.8854783339088,13227705
2018-03-27,397.4695129394531,402.306476533389,396.23267201460953,400.7383468306072,15179544
2018-03-28,389.9159851074219,395.7247595381538,388.72331582780373,395.7026736160722,19160609
2018-04-02,394.4437255859375,397.9775911440199,391.5945826015695,394.4658115084952,12494499
2018-04-03,397.359130859375,398.30885495689813,391.04238048147505,393.5823498776638,13922126
2018-04-04,395.30511474609375,402.77036314525293,394.0461876454072,399.6340736114515,14214534
2018-04-05,401.18011474609375,401.97523739854904,399.103979173534,399.8107581409622,8527915
2018-04-06,402.4169616699219,405.72993836820274,399.7665921061819,401.09177688805187,9664888
2018-04-09,404.6255798339844,405.9507939950901,403.1016218820848,403.1016218820848,7813897
2018-04-10,405.08941650390625,408.11527599655466,403.8084036604986,405.68573634213647,8455132
2018-04-11,411.185302734375,412.02456768250596,404.6476640963641,407.18763332207226,13140816
2018-04-12,410.2356262207031,413.7473763194558,408.2478342441375,410.7436024323613,10822592
2018-04-13,414.71917724609375,415.97810427358496,410.235617180111,412.0025204080658,12616816
2018-04-16,413.9240417480469,415.22717006588465,410.1472607826156,412.775544364944,8934275
2018-04-17,417.1045227050781,418.407651084965,413.4602570925726,415.2271898371154,9599816
2018-04-18,414.34368896484375,418.8493346523352,413.0405606934608,417.5462358681623,7360987
2018-04-19,416.2431335449219,417.4358027175167,413.01847126152325,414.8295756841201,9802587
2018-04-20,409.8822021484375,416.0443510802386,406.9226297362246,414.34370566235674,7326696
2018-04-23,413.46026611328125,417.14870365051263,410.14728926039163,410.8098669386417,7674482
2018-04-24,428.50115966796875,430.9969571946898,413.01848678788514,413.3718910099758,19921115
2018-04-25,428.6999816894531,433.6915179925618,425.6299500807275,430.09142425772006,14079382
2018-04-26,430.84234619140625,436.43023149879895,425.0556581128426,429.80427844351203,34096999
2018-04-27,440.0966491699219,446.59008724744325,435.32594251849457,437.22539081014816,25518647
2018-04-30,425.5194396972656,438.46214133297633,424.06171015273424,433.77980882558836,19406069
2018-05-02,429.6717529296875,432.5429814945542,426.29248923209184,427.15386959643564,13381914
2018-05-03,424.7685546875,431.9687713909612,423.7304869065152,431.9687713909612,8634812
2018-05-04,421.38934326171875,426.1379345154058,419.64449642179534,425.3207259013143,8302649
2018-05-07,428.9208068847656,429.91470277960525,422.44945535182814,423.5537808475155,7683268
2018-05-08,427.1980895996094,433.779900890228,426.358795060568,431.79210889831376,10792648
2018-05-09,431.43865966796875,434.7958079868842,425.05565183184376,426.6679829745652,9831044
2018-05-10,433.4044189453125,434.9284065953954,430.35647313236007,432.89644272009383,8781584
2018-05-11,436.982421875,437.88794463972954,431.902512588023,433.44855655160154,8774740
2018-05-14,435.81182861328125,438.175110737556,431.4386980924482,438.175110737556,5642499
2018-05-15,432.43255615234375,441.7309939178403,431.4165743385117,434.2436605785683,10501479
2018-05-16,422.361083984375,430.2459934161951,420.7266963976513,430.2459934161951,18840763
2018-05-17,417.5904235839844,424.0617753975009,415.88974868277296,423.7746584228482,10353948
2018-05-18,412.5105285644531,421.19053176549426,411.69331996725697,417.70086764500707,11440117
2018-05-21,411.4062194824219,413.3277537384678,407.3202058197804,411.14118840909504,14491208
2018-05-22,409.37420654296875,412.57675342343515,408.6011698512121,412.20129278122664,11310073
2018-05-23,402.9691162109375,409.0429212216042,401.59973017681125,409.0429212216042,9991028
2018-05-24,404.5593566894531,406.8342655956632,402.0415026448969,403.7421481005316,11632489
2018-05-25,406.7458801269531,407.89437742291534,403.9409093888494,404.6255728902216,17782410
2018-05-28,406.5691833496094,409.484613104353,405.55320159358695,408.55697502387966,11369679
2018-05-29,405.26617431640625,409.92642218156897,403.9189034789805,407.05519311652574,17878384
2018-05-30,404.6697692871094,407.80605849373967,400.473326397776,404.11762126862374,13105124
2018-05-31,406.9888916015625,407.408524108165,403.98511782951005,406.8342606645501,37080158
2018-06-01,411.0528564453125,413.34985145410457,405.7078860574503,406.39257917029215,19174278
2018-06-04,415.6026306152344,416.9940731297958,411.052812926165,412.3117399143121,12250151
2018-06-05,418.6064147949219,421.85313373477703,415.66889875775433,416.46402142330567,17436812
2018-06-06,421.588134765625,422.2948843112785,416.3977953536621,418.3193296553356,9164022
2018-06-07,429.0754089355469,431.12945848865303,421.61016149716374,421.8089347789721,14999572
2018-06-08,434.81793212890625,435.7897126334314,424.32679550483186,426.86676483056283,14289325
2018-06-11,434.0670166015625,441.7089521456387,432.4767712178357,436.0327226652633,15018718
2018-06-12,440.4720764160156,441.7310033783938,433.0289147576214,434.3982713230844,16285583
2018-06-13,442.8352966308594,444.33719809780405,437.0928102527987,441.73097119326275,12962502
2018-06-14,445.2427978515625,446.9434432841325,436.1652187842908,440.6046069281636,11997529
2018-06-15,448.00360107421875,452.1117004349542,441.39973360172974,444.3814214752195,24705890
2018-06-18,448.5999755859375,450.7644549954616,444.82316483706717,445.6182875453367,12363932
2018-06-19,439.9861755371094,448.2686314661442,438.92599239867627,447.8710554174293,13881382
2018-06-20,450.2343444824219,451.84667575416256,439.4561197323496,439.96409593561367,15735681
2018-06-21,455.8443603515625,457.6333790563893,451.1399114022214,452.08963556112866,22988909
2018-06-22,447.252685546875,454.6295898572643,445.46366690211465,454.2761856203562,35370008
2018-06-25,443.69671630859375,449.01957069756395,442.74699221982524,446.7667477845637,11369371
2018-06-26,432.43255615234375,444.3813927967452,430.7981685744807,444.3813927967452,17649122
2018-06-27,429.4978942871094,438.1914528339474,428.0971207815019,435.12313281430056,19595831
2018-06-28,420.2040710449219,430.67637534941616,418.13629045780954,427.78592330289115,18770484
2018-06-29,432.43280029296875,433.78910673648994,422.0049644642282,422.04943158143715,17425606
2018-07-02,427.163330078125,432.38836515827825,425.5624840558685,432.38836515827825,14570004
2018-07-03,431.92144775390625,435.1009358294562,427.0521497802258,429.1199301915295,11084063
2018-07-04,440.281494140625,441.12639907146564,431.7880370826304,432.1437740285319,10938521
2018-07-05,428.8975830078125,448.4192118099807,426.2739636774319,443.34981193687685,40946479
2018-07-06,434.7007141113281,437.12423137783117,428.89757718574947,429.00874497922905,20039239
2018-07-09,443.394287109375,444.68386323899347,437.34658084618684,438.9474564917528,11309207
2018-07-10,456.1122131347656,457.35732207415697,444.6838377303352,445.90671311160025,22846197
2018-07-11,461.9376525878906,462.871491853242,452.6215231801572,455.8010115209115,18953870
2018-07-12,481.3035583496094,488.7075411717945,463.62737458584877,464.405578823077,52736376
2018-07-13,489.06329345703125,493.15438686680193,480.258537329094,480.4809025934431,39301408
2018-07-16,478.5687561035156,493.10991858331136,477.1679825840221,489.06329229912666,14427529
2018-07-17,485.75042724609375,487.35127318235175,475.63386103299104,479.5026190457951,14150770
2018-07-18,485.8393859863281,491.19782241037757,479.0579423423618,488.4407718955738,10241565
2018-07-19,491.3089904785156,495.82252193400575,483.0823357343073,486.1728896534325,11885426
2018-07-20,501.8924255371094,506.27252537011725,494.443946380736,495.11098278283094,17538801
2018-07-23,498.1792907714844,502.40378553824917,494.97759904365915,502.40378553824917,12779803
2018-07-24,494.02154541015625,501.0475281307351,492.4429033591059,498.9353103502395,9775749
2018-07-25,495.8891906738281,499.37997813581995,491.0199225689629,493.59907475330965,13014255
2018-07-26,493.8881530761719,498.7130138430537,492.62081043482885,493.6435839090284,14053674
2018-07-27,502.42608642578125,505.78344299583443,494.5551688118055,497.8235911429957,14610585
2018-07-30,512.0090942382812,514.6327140449583,501.60348989504956,502.49283241641143,30344461
2018-07-31,527.39501953125,529.351632016895,510.11909958563047,511.8311132473274,30350826
2018-08-01,530.21875,534.9101790096715,527.1281964838087,529.3516115813917,21227054
2018-08-02,519.5464477539062,529.840913329401,518.4792367942981,529.840913329401,13668930
2018-08-03,523.3707275390625,526.2834131049905,520.0800417489592,522.5035889692016,14536058
2018-08-06,530.3298950195312,531.8417767656799,522.6591107231013,523.2593870262235,8785462
2018-08-07,526.5946655273438,534.2432477903697,523.3929140879111,531.3527661969772,8879612
2018-08-08,541.4915771484375,543.6260583601007,526.9504127623593,526.9504127623593,17307566
2018-08-09,541.6027221679688,547.717099235045,538.9568396284175,543.181334520756,14976885
2018-08-10,535.48828125,540.2909079972662,534.6434060260635,538.512163946647,7833494
2018-08-13,528.1510620117188,533.5984326141039,525.9276466509217,532.5311623692227,10211072
2018-08-14,538.3343505859375,541.2692399802731,526.6391413928889,529.1738266928132,11592139
2018-08-16,533.976318359375,540.7355573527685,531.6195018821965,535.0658517360988,13086024
2018-08-17,535.2882690429688,540.4688371828257,533.6429261586562,537.6228226346489,8379864
2018-08-20,549.1400756835938,549.9849508674034,537.022400966974,537.1335984386398,16639535
2018-08-21,554.6096801757812,556.5218255922935,545.6270849879666,550.1851129422862,15923396
2018-08-23,564.5039672851562,566.5272509074617,550.6965407791934,554.2095025896118,17429373
2018-08-24,568.0836181640625,569.173092197335,560.3238985823036,562.6362479976997,14550512
2018-08-27,574.3091430664062,576.2434921424017,568.6394378071352,568.9284443537545,12188510
2018-08-28,586.5380249023438,588.3167689804493,575.8656198023589,576.3102909797232,19018790
2018-08-29,575.5098266601562,590.984858666815,573.731141940907,585.3373565772522,24230135
2018-08-30,566.727294921875,576.821626333055,564.9485510478639,575.242954781577,21545859
2018-08-31,552.1417236328125,564.748477898974,549.8960451590323,564.748477898974,33479841
2018-09-03,546.5831909179688,559.3678738414986,545.2046508263741,553.6314372432969,26686176
2018-09-04,552.275146484375,557.9893196942645,546.5165061555106,549.251263656787,19333815
2018-09-05,545.6270751953125,557.0332171292616,537.4004211508131,552.5196563733415,22584608
2018-09-06,560.9242553710938,562.8364010140253,544.8934123881183,547.027893644338,24487897
2018-09-07,568.57275390625,569.795629282917,557.855882086477,562.4805808966339,23389269
2018-09-10,558.4561767578125,567.86123827691,555.8992287180316,566.9718366519835,15440786
2018-09-11,550.38525390625,564.0370762282482,548.8511084806238,559.8570479349355,23787332
2018-09-12,556.9666137695312,559.7236347017905,546.4498128904398,556.6552845469216,17642490
2018-09-14,557.255615234375,567.2387511887387,554.8098641786469,560.0348993863038,17233514
2018-09-17,545.137939453125,556.1883445058162,543.2257940620204,556.1883445058162,14773803
2018-09-18,541.2469482421875,551.1412088051937,540.0018689028976,545.182436718355,16660044
2018-09-19,538.4010009765625,544.2930427848416,534.0653677334085,544.2930427848416,24642640
2018-09-21,541.402587890625,550.2517816901769,526.2833524583987,542.0695946487879,41713856
2018-09-24,547.8727416992188,551.3634993287706,535.6216654482612,540.0462918745893,22098277
2018-09-25,547.2279663085938,553.6314093860151,531.3971974021459,549.4069144522583,21250513
2018-09-26,556.4773559570312,557.6112971297255,545.6938128793007,550.9633146880527,13992341
2018-09-27,557.5224609375,561.6358184226336,550.2963453329604,558.0783296844626,23642923
2018-09-28,559.3900146484375,565.504450762396,554.6541184706492,560.2571530768485,24220992
2018-10-01,547.7171630859375,559.2789711752496,535.399413912335,559.2789711752496,16039441
2018-10-03,535.8884887695312,551.2301191999461,533.6428696596937,546.738821611623,16135428
2018-10-04,499.0464782714844,529.3516817175322,491.8203634047585,528.9514776332984,50774608
2018-10-05,466.4067077636719,495.9559414994142,461.6485772871373,488.929958116124,47998260
2018-10-08,493.332275390625,496.7118653974098,456.0455284684863,466.9180653014089,53983473
2018-10-09,484.7276306152344,499.51336225851844,480.79217211386884,498.7796251605546,24042005
2018-10-10,490.08612060546875,496.2005278332912,482.170735613099,486.4396979554879,20784941
2018-10-11,483.7271423339844,495.7113578938818,463.80530825210366,473.14367076089087,28926389
2018-10-12,500.9585876464844,502.0480617036656,489.99714639878323,491.3534231595213,19814528
2018-10-15,506.8284912109375,510.0079795618762,497.2233254735488,502.44833116903834,19406012
2018-10-16,517.5230102539062,519.1238262178748,506.9394818358394,509.6076271797304,16358598
2018-10-17,511.96453857421875,524.4378918068329,506.93957609155115,524.2822865768344,27967162
2018-10-19,489.7303466796875,494.0438057632177,475.92291995334614,489.1522741167524,55606079
2018-10-22,472.5433349609375,495.73359146893216,470.18651819439566,493.59911030596476,28798142
2018-10-23,469.0080871582031,473.45491775221717,464.0943221349092,468.1409486618189,23128845
2018-10-24,465.0281982421875,478.45765501227083,458.6469881150502,477.9907205459065,29869514
2018-10-25,458.380126953125,462.7602866268105,451.97668366649805,460.69250621023355,30833933
2018-10-26,464.65020751953125,470.0309075094515,454.4669691917767,459.3140043369467,20085933
2018-10-29,483.7271423339844,486.41746250580826,465.1393515578372,465.1393515578372,16781215
2018-10-30,470.0308532714844,482.70433807824037,467.8518754425523,482.70433807824037,19263668
2018-10-31,471.92071533203125,473.96626203573976,465.58397319899746,470.9201755381668,35999348
2018-11-01,469.6972961425781,474.8778635314597,466.91804204900353,474.8778635314597,20552752
2018-11-02,477.99066162109375,480.70324478770397,472.7656269969736,474.4776703553768,36739798
2018-11-05,484.83880615234375,485.90604663719756,473.58829910252797,477.34588920002255,16585905
2018-11-06,490.9754638671875,494.4884552638269,485.4168959769588,486.4841364998654,18886485
2018-11-07,493.91033935546875,495.82248475692427,492.1316249894632,495.82248475692427,2808599
2018-11-09,486.2395324707031,495.28885754931315,482.48197219309054,491.93150130746153,23712291
2018-11-12,480.258544921875,488.61860033760775,477.8350276926302,488.1294620538174,12690610
2018-11-13,488.9076843261719,490.4862967119038,475.8339656351982,477.59047617865275,14899604
2018-11-14,488.2406921386719,494.7775372347361,482.70438698052175,491.3979468807499,17034346
2018-11-15,487.7514953613281,490.4862824288341,483.1490003245572,487.7959624783827,14943663
2018-11-16,501.3365783691406,502.47051952218806,487.8626561975103,488.24062668708495,24131016
2018-11-19,511.3864440917969,512.1423850717864,502.93745448791486,503.78232970084434,15987574
2018-11-20,505.7833557128906,514.0100088626461,502.4926707055322,509.16297494376465,12511640
2018-11-21,494.8886413574219,509.3853666532768,492.28725566419314,505.82787858322143,16422494
2018-11-22,490.41961669921875,500.42501559270096,489.1967412087544,495.6001846268527,12670591
2018-11-26,493.4879150390625,496.93420575564187,487.99607751479056,493.15441165226196,13969873
2018-11-27,501.69232177734375,502.4927298832469,491.5757558178303,492.66522986852226,14896607
2018-11-28,512.56494140625,514.8328241088459,500.8475276532853,503.5822854755989,17507771
2018-11-29,519.6130981445312,524.6824681597061,515.833274507063,516.2779456717894,27640198
2018-11-30,519.190673828125,527.3950652866846,516.8560609671007,521.3028917197313,23443212
2018-12-03,514.2546997070312,522.4590910850749,510.71941526791136,522.4590910850749,12182825
2018-12-04,512.4091186523438,514.9438033178783,507.91782175740866,514.9438033178783,11358720
2018-12-05,513.6765747070312,515.299713651556,506.6283283466079,508.6072042536634,12729759
2018-12-06,499.6690979003906,510.94178056272494,497.2677842431366,510.94178056272494,12831451
2018-12-07,504.1825256347656,505.5832694653496,492.86531814773923,502.2481764151298,15779984
2018-12-10,484.81658935546875,495.5112281320951,481.6371013493278,493.599082679723,20521072
2018-12-11,488.0627746582031,490.08608789212525,469.1414816662142,474.0329833745023,29518062
2018-12-12,493.8214111328125,495.1554840289615,483.7048747236817,488.7075441891058,27572962
2018-12-13,492.28729248046875,501.60342127626643,486.95108966063515,501.60342127626643,20337275
2018-12-14,494.577392578125,495.7780344633259,485.50583323480475,490.5307660526879,15795834
2018-12-17,502.4482727050781,503.8268127278275,494.2661152259523,496.24496134000356,11077711
2018-12-18,505.3387145996094,506.4948595739579,498.2682059357479,499.51334450753654,12841994
2018-12-19,505.5166015625,510.1857674825031,503.91572601692445,507.60661538435954,16118419
2018-12-20,501.80352783203125,503.6044757854226,496.3338942422521,498.49057913768144,12609700
2018-12-21,489.2411804199219,503.04860635781375,487.3735021084379,500.26932244943106,18115814
2018-12-24,484.327392578125,490.5752004234189,483.1712178886543,489.55242708069596,9065704
2018-12-26,488.41851806640625,489.15225520609124,473.87735473417604,482.8377462721944,15771193
2018-12-27,498.1348571777344,501.15874001330144,490.93100577885446,492.35398327412855,27294221
2018-12-28,500.5139465332031,504.82737590371954,498.57953776326934,500.4916832889124,16768547
2018-12-31,498.6017761230469,504.20481106054626,496.3561273100057,502.9152052782862,15799099
2019-01-01,498.4905700683594,501.29211717323517,493.64353558398005,500.380511591524,9746670
2019-01-02,491.9981994628906,501.15869228234436,489.5968862076428,495.60012481927885,15628818
2019-01-03,485.9283142089844,495.6446470445033,484.74990584992383,492.48739248563277,16288287
2019-01-04,488.5518798828125,491.1310616004377,480.7476934262198,487.9960409464638,18516544
2019-01-07,491.2644958496094,497.3566691059738,489.59691956022573,492.2650356863747,12060290
2019-01-08,491.22003173828125,493.57684836932714,487.3735072802789,491.4201337699942,12304389
2019-01-09,493.9325866699219,496.7118706154236,488.5741504955051,494.4884553327521,12614237
2019-01-10,492.48736572265625,494.04377419977465,490.4862860716892,492.59853351611844,8925160
2019-01-11,488.2851257324219,495.2889048168985,484.082864218601,492.531854365571,14139060
2019-01-14,487.7292785644531,489.3745916363414,483.10454981021815,486.92884074563796,8994060
2019-01-15,502.3371887207031,503.3821957876693,491.3757164560614,491.3757164560614,22011407
2019-01-16,505.1163635253906,509.162989548706,502.6483496990788,504.71610013944866,13961606
2019-01-17,504.4716796875,510.452656222767,502.492803637814,508.9185107769511,16379077
2019-01-18,526.6613159179688,529.1293300822731,504.8273667420513,510.85280980484947,56181172
2019-01-21,550.38525390625,551.385793856642,528.573506735167,530.9525868652364,48206814
2019-01-22,549.2513427734375,554.4986416742612,542.336496986532,548.228598889696,36207430
2019-01-23,545.3158569335938,553.275709031057,543.4037113706246,548.4286147581106,19313542
2019-01-24,554.720947265625,557.27789588952,542.5588626050742,544.7378109993763,28775487
2019-01-25,554.0761108398438,562.3916998081567,549.3624773520974,556.0549867456017,18703992
2019-01-28,546.760986328125,558.5006606761848,543.5814986132726,556.0771139019208,18744303
2019-01-29,538.3566284179688,547.6950220803392,534.2210668036322,547.4059560658945,20405845
2019-01-30,531.7084350585938,544.7377153830962,529.662888392258,540.290885129087,17164298
2019-01-31,545.6937866210938,546.8277277392239,534.0653095076366,534.5099806581494,22279301
2019-02-01,555.8326416015625,558.0783204303511,545.6494326683425,548.7399868583243,20187323
2019-02-04,574.0423583984375,576.7327078391552,552.3195499133491,554.5207017331047,25528059
2019-02-05,574.3314208984375,580.0456533746585,568.572780672687,574.5315526145657,20479210
2019-02-06,582.6470336914062,585.9377193107048,575.5321163811374,576.4214587816766,20586783
2019-02-07,573.820068359375,587.5162967228948,571.9079229435836,582.6469989486654,20150710
2019-02-08,568.1725463867188,578.3113456353781,565.7489995219256,571.3297709781081,14230054
2019-02-11,557.3001098632812,567.416707050385,556.2995698939483,567.372239926607,16457901
2019-02-12,558.7007446289062,565.7934572740039,556.5217966214702,556.5217966214702,13998153
2019-02-14,544.3820190429688,551.8527332372782,541.6249980277621,551.8527332372782,14496604
2019-02-15,553.3867797851562,555.810326626612,539.8461572542001,546.8499357176113,20994460
2019-02-18,542.5587768554688,556.9665380020092,540.2908945736532,555.8548007347506,21106139
2019-02-19,540.7801513671875,551.2746898733178,538.6012028397195,541.6250267552971,13658461
2019-02-20,548.8955688476562,551.40805031561,542.0696577706717,544.2264022595144,13776558
2019-02-21,554.476318359375,559.3234126066798,546.6721309103161,549.6292834807225,23142949
2019-02-22,548.0061645507812,553.764804671846,545.1824135447996,553.4535348502544,19152470
2019-02-25,547.98388671875,552.7420462566317,542.8033192614208,549.6292293862924,17176522
2019-02-26,542.6255493164062,549.0957236865192,536.2888356877302,537.8451850368259,22160532
2019-02-27,544.0706787109375,553.5869387145924,537.6227685570489,546.0940216134371,24308835
2019-02-28,547.4280395507812,551.3412646659417,545.4269598752707,548.6287111035471,24688859
2019-03-01,545.2046508789062,552.453028929686,543.5149003151358,550.0739489514001,17329606
2019-03-05,550.3629760742188,551.3190487732026,541.8917231342477,544.0262041170199,15577500
2019-03-06,562.4361572265625,566.1270468840365,549.2290665171735,551.3190805032713,26332276
2019-03-07,564.8596801757812,569.1063789616119,559.4789808376285,562.0803962714617,17738092
2019-03-08,563.4589233398438,566.7273454629021,561.1910410246052,562.991988931222,13211934
2019-03-11,579.9122314453125,583.4251930254334,563.8591274031988,564.7707329778415,21258869
2019-03-12,592.0298461914062,593.2082544635542,584.4257317916117,585.6041400637596,24561597
2019-03-13,599.12255859375,604.7700011248371,590.5846347537425,594.5423268583403,24577591
2019-03-14,596.5656127929688,605.6594053107309,594.1420658815271,600.2120350971369,22753310
2019-03-15,587.7164306640625,604.2364100965389,583.0694684590887,598.0997697695152,34764353
2019-03-18,600.3455810546875,603.858602855043,590.9849835821872,591.8743261297905,22104063
2019-03-19,612.1295166015625,613.6636616556493,597.2548223168461,604.769942379016,21448030
2019-03-20,611.640380859375,617.2211524223837,606.5487475796755,612.6853877853137,21639437
2019-03-22,596.6544799804688,614.0638588336733,594.4088611566903,610.3285027159073,25078643
2019-03-25,588.9616088867188,594.4757104943625,585.5153176451882,591.6964261280339,17394088
2019-03-26,607.9940185546875,609.9283678159212,591.4295129464958,591.5629142966276,20734876
2019-03-27,599.9896850585938,612.7521034470577,597.7662699100543,612.7521034470577,22079870
2019-03-28,604.7700805664062,609.1280366604836,597.12155742008,600.4344470864746,22930248
2019-04-01,618.9332275390625,625.5812099242753,605.9040061008697,609.2168953564346,22088854
2019-04-02,617.9771728515625,623.9359447841351,613.7082107757865,621.6680623919196,17526740
2019-04-03,611.529296875,623.8915126137143,610.1062896471476,619.3334843305834,17169813
2019-04-04,601.679443359375,615.3089990206084,599.1002321380023,613.2189853976179,18320845
2019-04-05,602.057373046875,606.5042028817983,597.2103392131637,605.1923934236735,14717266
2019-04-08,591.0960693359375,603.6584176039115,588.6281143007074,602.9914107523164,19081843
2019-04-09,593.408447265625,596.1876720186839,587.4274116874274,590.9404329916111,20774977
2019-04-10,592.0520629882812,599.4338419665922,589.8731148625114,594.9647482369978,16651949
2019-04-11,598.9002685546875,601.6572893551589,590.9848837435666,592.7413646626808,12558520
2019-04-12,597.2548828125,603.3915230190657,594.3866647342375,600.3231732314594,12948769
2019-04-15,595.9430541992188,599.8562790788998,593.6529087106474,598.0997389733817,9285737
2019-04-16,597.5438842773438,604.7699383783045,595.876278529146,598.0996934914357,17360317
2019-04-18,616.3096313476562,617.9993818498127,606.9935028676342,611.4403334527134,39286534
2019-04-22,598.2554321289062,607.8828302001219,596.4544248221322,604.770013246378,23607922
2019-04-23,606.4820556640625,610.5508857514487,598.5444678230537,599.4338101256589,19807450
2019-04-24,617.8881225585938,620.2449387443512,607.5491930125892,609.3502000107034,16101112
2019-04-25,610.2842407226562,628.0716256877919,605.9263435767734,617.7104883425005,30469914
2019-04-26,619.3555908203125,620.7563939519315,609.5281212383547,611.4402664921453,15069884
2019-04-30,619.3555908203125,620.9564662788464,607.7938444389966,620.9564662788464,22348580
2019-05-02,624.8030395507812,628.7384682810313,614.597510131298,618.9998732533446,18992003
2019-05-03,626.492919921875,630.3394745889589,623.7358988512833,626.0927158038522,14240262
2019-05-06,615.8427124023438,623.8025642845884,612.8188295325302,621.668083175341,15832114
2019-05-07,597.4328002929688,620.3340203125821,595.9653259537797,620.2450860719435,19417647
2019-05-08,577.844482421875,595.8764047390747,574.6205270752714,595.8764047390747,31958919
2019-05-09,558.7230834960938,573.1085830669476,556.633069435921,573.1085830669476,42670173
2019-05-10,556.3662719726562,568.1726192629694,553.6314549463908,562.5251167243712,24557430
2019-05-13,547.8727416992188,560.6573639690338,545.8493988853006,554.9209873160831,17603659
2019-05-14,560.5017700195312,564.4594621270546,547.6281538909506,549.8515690855692,28438234
2019-05-15,558.923095703125,568.3059540878594,556.1216080069211,566.0825389036912,24419559
2019-05-16,562.6807861328125,565.593471669986,559.4568307423665,560.2795021817708,14451308
2019-05-17,563.5923461914062,567.8390450416779,556.7441724991771,563.414477718221,17276949
2019-05-20,589.6063232421875,594.8536213108704,579.6453918934102,584.1367489505126,26979100
2019-05-21,595.7874145507812,607.8828266181661,591.4517815790188,592.4078542813324,30343560
2019-05-22,596.0542602539062,604.6366519509965,593.697443508096,598.3888731238807,24689918
2019-05-23,593.163818359375,618.9999268330204,589.2061260447321,610.1062655891104,38766006
2019-05-24,594.4756469726562,602.0130316473468,585.4263208404058,599.4338793034989,22269265
2019-05-27,582.8248901367188,594.7646975136477,581.2018106049238,594.5868290372126,16076686
2019-05-28,588.6502685546875,593.5640337021803,584.0255693695124,586.893787642564,42594251
2019-05-29,583.89208984375,592.8969475346283,579.9343979837645,587.427314438901,15558515
2019-05-30,591.3184814453125,596.7658526460594,585.3152415011444,585.3152415011444,23494381
2019-05-31,591.496337890625,596.7213733612587,587.0717106487731,594.9426290397537,25724066
2019-06-03,604.8590698242188,607.994090978728,587.5163579234107,593.6529988664066,18556942
2019-06-04,601.056884765625,611.1067495489239,599.4782725066448,603.6360367914572,15442761
2019-06-06,590.2510986328125,605.6149325640446,587.4718148138544,605.6149325640446,16764835
2019-06-07,584.7147827148438,590.2066198858296,580.5792222472563,589.6285473858957,14722419
2019-06-10,586.604736328125,590.0954943640182,582.5803728426142,587.3829406264767,11768468
2019-06-11,591.0514526367188,593.4305321916586,586.0932805749615,587.8052940784626,11492074
2019-06-12,592.3856201171875,595.1649041263249,589.2061320343628,593.5195613436267,10297599
2019-06-13,590.2066650390625,593.5195544412555,581.935543471113,591.4295404898774,15686169
2019-06-14,585.8931884765625,589.206077611282,582.2690295355039,587.8275376717066,14942768
2019-06-17,570.2180786132812,586.9826557986509,568.5282688866099,586.9826557986509,14908257
2019-06-18,569.6400756835938,572.7306295845631,564.3483102839548,568.7062067925273,16797371
2019-06-19,568.0169067382812,578.97837779512,561.4578584462031,572.2636649065373,14492763
2019-06-20,576.6437377929688,578.0890081049911,568.3059458158605,569.1952881291243,10748848
2019-06-21,568.9730224609375,576.3103349214878,567.2165414920985,576.2880716765978,23236832
2019-06-24,561.3689575195312,567.616736357961,559.012140769453,565.7045908119254,11267228
2019-06-25,576.2435913085938,577.1996640751701,557.7447350271847,559.8125451650295,14966899
2019-06-26,575.4876708984375,580.1346335376018,572.0191166686196,574.0869268805968,11593027
2019-06-27,566.5939331054688,576.7104690943013,565.1931299068178,575.0429225698807,24905533
2019-06-28,557.2333374023438,570.462690213797,555.2544617015469,567.9057420091402,18942165
2019-07-01,564.2371215820312,565.9268719949085,554.2761907260495,559.4344949342307,13478857
2019-07-02,568.5282592773438,569.6399964943206,561.7690798535466,566.5049759090552,10146746
2019-07-03,570.3292846679688,572.085824960274,566.9941913005933,570.484949272235,8806492
2019-07-04,570.9740600585938,574.0868770445999,569.1953159763973,569.8179149947877,9351405
2019-07-05,561.7913208007812,573.8645289266176,560.3016427013837,571.4631858784575,10926753
2019-07-08,556.7664184570312,563.9035985122777,555.0544047714505,559.4123009664904,14009219
2019-07-09,569.23974609375,570.7516873706384,553.8537087411103,555.3878538911504,17535754
2019-07-10,568.6839599609375,573.3531259576268,564.1703991885711,569.2175653620112,12018196
2019-07-11,569.8846435546875,573.5533295685975,568.8841036179219,572.3081907746865,8608376
2019-07-12,569.417724609375,578.089050270766,568.3281911431877,570.5294025820405,15692436
2019-07-15,567.4610595703125,573.4197716904608,564.9041114164919,571.4186921559307,10659498
2019-07-16,574.9761352539062,575.8210697378344,567.8834232063787,569.1730288036164,10070773
2019-07-17,570.01806640625,576.7550434835489,569.1953949277995,575.5543717667138,9482233
2019-07-18,561.1243286132812,572.0413326152861,559.4123148851044,570.084720053663,11942908
2019-07-19,555.41015625,566.0602981891096,552.6086090736543,563.9480803959793,16336536
2019-07-22,569.417724609375,571.1964093656397,545.7605049272529,556.299508951372,29092589
2019-07-23,566.3271484375,575.3764145680664,560.4795147418307,571.418722404301,20316348
2019-07-24,559.9014892578125,568.6617495471938,557.433474995596,566.3049327715216,15189179
2019-07-25,547.628173828125,564.3260813225814,545.6270941432515,562.0804028036227,21805071
2019-07-26,539.7572631835938,552.5196824605647,538.0674533045859,547.6281806669657,20387504
2019-07-29,538.4899291992188,543.4036943148075,535.888513661204,541.1358118566359,17626045
2019-07-30,525.1270751953125,542.5142499305953,522.9259235144004,539.8239006595787,20853117
2019-07-31,518.612548828125,526.9503408040927,516.9004758223577,522.8370435528417,21229950
2019-08-01,524.8381958007812,528.3734210380151,511.54211079766753,517.3452186160949,22628222
2019-08-02,529.8226318359375,536.0408419669061,519.8690401403267,525.9530481643328,23766807
2019-08-05,511.48114013671875,522.0610071052761,504.61425742213294,522.0610071052761,30399133
2019-08-06,504.74853515625,514.2771836992629,501.9302310893103,507.6339701414579,29067994
2019-08-07,496.29351806640625,509.3338769283476,493.4751843934342,503.9432766269725,25349369
2019-08-08,515.50732421875,518.0348268120429,489.9858131797809,495.8237534899631,31198568
2019-08-09,519.8690795898438,525.8636199974287,515.4850243130315,519.7572743547313,21970009
2019-08-13,570.263427734375,582.8116539527516,548.4549569719392,551.6535302947624,104827144
2019-08-14,576.3026733398438,583.5497663510162,572.7685650438011,583.3484930514089,31688983
2019-08-16,571.71728515625,577.8907613008839,569.4805236306593,577.6223570848148,21977767
2019-08-19,578.2485961914062,580.1274853073897,572.6119288434555,573.0816660537041,16317602
2019-08-20,570.8001098632812,578.2485346219559,569.3014900508762,576.9959818280072,14969299
2019-08-21,568.5633544921875,572.0079941605229,566.5726603476659,570.6659135712353,10677848
2019-08-22,557.7374877929688,568.585759842969,554.2257765227104,568.5634226883876,14031953
2019-08-23,570.7554321289062,574.4013453869694,548.6785598455581,554.2704931165212,21307915
2019-08-26,566.7068481445312,578.8748022989025,563.2174745353713,578.8748022989025,19202504
2019-08-27,570.30810546875,574.8486994909782,564.2017008121152,574.8486994909782,28401906
2019-08-28,565.1411743164062,573.0593371929982,561.8978672808688,569.8160301574608,11605488
2019-08-29,555.500732421875,563.7767677346285,552.6152975985758,562.076814692412,18890222
2019-08-30,558.5426635742188,561.1596939883926,546.2181094841907,557.1782457593526,24735240
2019-09-03,539.6868286132812,556.0599638701939,536.8237308101504,555.7244287319322,18730619
2019-09-04,537.338134765625,539.1722897682706,530.5831168851553,537.0697305786537,32949395
2019-09-05,536.197509765625,542.7288589843552,533.8265458466701,539.8658206100557,22995486
2019-09-06,546.88916015625,549.796991849655,534.6988072637425,538.1657845260604,23186819
2019-09-09,546.7550048828125,551.5864004741132,542.7064848250591,546.0615974259554,11747929
2019-09-11,552.2127685546875,554.7179345713766,546.8892385098295,546.8892385098295,12127900
2019-09-12,541.4537963867188,554.9190983976177,539.3736340317583,552.4810637858907,11880005
2019-09-13,548.2760009765625,549.5732880390341,539.9104972253901,542.1919928188903,12947715
2019-09-16,541.6326904296875,545.3680714069599,530.6054238873454,531.9027704423286,20547730
2019-09-17,535.6829223632812,541.7445926965229,533.9158982485218,541.7445926965229,15640772
2019-09-18,539.3736572265625,544.1155842826566,535.5711448848785,539.03812210891,14933909
2019-09-19,527.45166015625,541.1630300871835,524.5886221931479,540.3354205777293,13766222
2019-09-20,561.1373291015625,568.0936803911683,525.3267496017127,531.4330945245753,48165560
2019-09-23,554.3599853515625,573.0593493887246,552.4810961684015,569.994978423035,21610844
2019-09-24,572.0303955078125,581.0221752076171,555.9480624084689,556.3283315585267,34958974
2019-09-25,572.4107055664062,579.32232332458,567.6240441545225,574.4014000766002,18192270
2019-09-26,580.1275634765625,581.0222442594841,574.1777570950776,577.980269872532,18350457
2019-09-27,585.6075439453125,588.2693084591403,574.4013403478185,578.203852549714,19058663
2019-09-30,595.9861450195312,597.5518958958941,584.0417998862946,586.0325539376727,25263770
2019-10-01,583.7510375976562,600.3478410067997,578.561710792839,598.1110797172258,17920384
2019-10-03,586.5023193359375,588.1351414776207,573.1935556971858,575.296115069358,13524851
2019-10-04,585.1825561523438,594.3533316552545,583.2813298639416,590.4613512863376,14992253
2019-10-07,586.0773315429688,590.8639928687065,582.3195530503269,585.1825910935223,10061584
2019-10-09,592.6310424804688,594.9573319134045,578.2039269700573,585.4510800476256,17588647
2019-10-10,609.6304931640625,612.4264003120319,590.9534655095318,592.7428866972427,35006390
2019-10-11,605.0897827148438,610.9053861013408,597.9097614777667,610.0553797608088,16597126
2019-10-14,607.5054931640625,610.6145980694955,604.3069201919269,610.6145980694955,13394275
2019-10-15,610.2566528320312,612.8736830576718,605.8502017612948,609.5185115074913,9672791
2019-10-16,613.9249877929688,617.1906316962651,610.0553448993284,612.8289741993957,19403660
2019-10-17,624.7285766601562,625.8469872240627,613.768439813928,615.1105205456134,16038940
2019-10-18,633.6085205078125,638.7754504466981,625.7127549286956,628.0837183177501,28121951
2019-10-22,632.6243896484375,642.7792539618401,627.7929349463449,637.4781217793438,27786502
2019-10-23,622.8944702148438,637.9031875827602,618.7564822001889,633.5862634199051,18446160
2019-10-24,642.600341796875,644.814766083547,620.2774614179121,626.7416786905978,22642488
2019-10-25,640.251708984375,644.8370366166074,631.327001295776,644.6804973751445,13539957
2019-10-27,641.6162109375,646.4252690742446,639.7149248380822,644.635847926269,3014841
2019-10-29,656.2894287109375,662.082635948356,645.1279577348761,646.6489747529108,25768505
2019-10-30,661.6799926757812,664.1180871998608,653.2697550954862,662.0825989955799,16341366
2019-10-31,655.0814819335938,666.3995507299683,653.8960001863959,663.8719882562208,19463741
2019-11-01,651.748779296875,653.940806901363,644.6358880231328,650.8988325681008,13904301
2019-11-04,652.0842895507812,658.0564327559093,646.470018638842,655.7749371618147,14063434
2019-11-05,647.4541625976562,657.1393502221374,644.6358585848789,654.5223792352792,12685356
2019-11-06,641.9068603515625,647.0737900327247,639.0438227599466,645.3962340765049,14625505
2019-11-07,652.5092163085938,654.4775136905121,640.6990736670325,641.9516862714436,14084039
2019-11-08,646.64892578125,652.9789409956463,644.7700366012668,648.2146767187381,12019353
2019-11-11,638.7307739257812,646.0897317907238,636.3821474784538,643.7858393788213,11357841
2019-11-13,658.6380004882812,660.2484855944018,639.7149647351628,639.7149647351628,25225749
2019-11-14,654.3658447265625,662.7984204401872,651.2567393088689,660.2932544347478,14258133
2019-11-15,657.9893798828125,665.1246679644767,654.5447395149349,655.6631501873038,15691605
2019-11-18,652.7776489257812,664.7666684900898,651.0776959332642,658.7945257246133,14076051
2019-11-19,675.3912963867188,677.6951885777207,655.372250065905,656.2669306886194,30176255
2019-11-20,692.345947265625,703.4179480639135,690.355253088663,695.6563849014791,43538120
2019-11-21,687.85009765625,696.0813988250823,683.8015779854442,691.1605356274156,14897371
2019-11-22,691.8314819335938,702.12060743976,687.8500338208812,689.8631248921964,22352865
2019-11-25,698.5642700195312,700.0181560781981,693.8446798240759,693.9118107417911,15146156
2019-11-26,697.982666015625,705.1850244813896,696.0813800314871,701.4943771827839,35330983
2019-11-27,702.2772827148438,704.8048452673582,696.1261438952308,697.8484938217292,9642739
2019-11-28,706.9521484375,708.6744386628012,699.6379246125003,703.5298454170753,13747479
2019-11-29,693.9117431640625,707.6901835082276,692.4354603682556,707.6901835082276,18559594
2019-12-02,709.7257080078125,722.2291992065935,705.4758552570175,715.7649818734178,31225364
2019-12-03,706.3257446289062,713.0807625025484,703.5074409435476,712.521616976094,12990426
2019-12-04,694.605224609375,705.6995644648412,686.1278557937455,703.6864730649567,20987607
2019-12-05,693.777587890625,706.7060824908307,690.7132168735769,704.1337858639256,19942460
2019-12-06,695.58935546875,701.4496933682179,689.4158793168318,694.7394087835282,13085234
2019-12-09,703.507568359375,705.6548619668907,691.831625773185,696.1486098703353,12642677
2019-12-10,698.7432250976562,703.954889839164,695.2538506823063,703.2614823873939,10173333
2019-12-11,698.9444580078125,704.357395282487,693.6656631029554,695.902424408401,12364641
2019-12-12,701.5391235351562,704.0666860237436,696.3721933363692,702.4562010874308,10326606
2019-12-13,708.115234375,711.2914703427954,703.4180412015133,706.8178876216022,12668303
2019-12-16,700.8233642578125,713.0360538117269,699.8168186594121,712.1861071903043,11892718
2019-12-17,699.0786743164062,706.3705007919149,695.8801014038346,700.8904324959013,20324601
2019-12-18,704.9612426757812,706.8177346080432,698.7654307931107,699.2127710508846,14742077
2019-12-19,720.2161254882812,722.4305498496976,703.1496428791409,703.9995895600298,20507816
2019-12-20,715.3623657226562,723.6160040571339,714.0202849737523,722.4752563243196,21271510
2019-12-23,702.970703125,705.7218761773056,696.886695107476,697.9155779264252,25107772
2019-12-24,691.8092041015625,703.2614153675864,690.042120180771,701.8522634418367,18048449
2019-12-26,677.9188842773438,694.7169615393198,675.57025796671,689.6618963804922,29761019
2019-12-27,689.97509765625,691.6973879397483,680.5583141243674,683.1082139531873,17677571
2019-12-30,690.802734375,692.3460885715724,683.5779780924734,691.5856099142079,17123749
2019-12-31,677.3150634765625,690.579094741355,674.6309613126566,689.8185563253166,22203005
2020-01-01,675.32421875,683.1529137163456,673.490123328754,679.0819971118469,14004468
2020-01-02,686.8212890625,689.3488518479688,676.3979593733322,676.3979593733322,17710316
2020-01-03,687.6488037109375,689.6618949086101,681.3187290426969,685.7922517653002,20984698
2020-01-06,671.70068359375,683.5107670428088,670.13493269889,679.9767186772816,24519177
2020-01-07,682.0345458984375,686.4633346701793,677.0688889990518,679.5293205694625,16683622
2020-01-08,676.912353515625,686.440941615489,675.5032015883575,677.7399630034671,16047902
2020-01-09,692.5026245117188,693.3973052036212,685.0094646794911,688.2975058097518,14982742
2020-01-10,692.345947265625,696.9536717580928,688.7671054525405,694.2471733835102,12478359
2020-01-13,690.5790405273438,697.289325272827,688.2080768341074,691.182979891191,18282382
2020-01-14,684.1818237304688,693.3972733335526,680.8043146862556,688.9237506296278,15816535
2020-01-15,681.6990356445312,688.8790573291237,679.1938699492092,687.0672990416617,15817859
2020-01-16,687.9842529296875,690.4223472080394,683.5554644082378,684.0028644434916,12847975
2020-01-17,707.2651977539062,709.0322217924195,694.8287791271389,694.9629812164561,29463471
2020-01-20,685.5015258789062,719.7911481994419,682.839761284159,719.7911481994419,32545850
2020-01-21,686.1949462890625,691.5408127343894,680.8714169985212,683.8239827310947,18922720
2020-01-22,685.9488525390625,691.9433921150559,684.9423069375898,690.7131763493682,10322817
2020-01-23,683.0411376953125,689.796156393504,680.2899048582964,687.3580618125278,11247739
2020-01-24,680.6701049804688,687.2909208972738,679.3280242942884,683.1081395891008,14628445
2020-01-27,673.9598388671875,681.9674704241261,673.2664314282462,677.6952802850295,13387750
2020-01-28,658.3919067382812,675.5031818296184,654.7459935025485,674.8768456496997,24532236
2020-01-29,662.0154418945312,668.5243925324733,654.9472262974796,659.4207487202938,24746565
2020-01-30,645.865966796875,661.9482981087504,644.1884108522094,661.6351599067466,22402689
2020-01-31,631.5059814453125,650.1158766250334,629.5152871221561,650.0040116804691,34750310
2020-02-03,619.8078002929688,626.2720780843299,609.7647395910974,612.8291109062031,30712290
2020-02-04,638.1044311523438,640.8332667548419,625.310139999637,626.2942886767648,25383901
2020-02-05,647.9909057617188,649.9145288544571,639.849132797698,641.9068982608502,18472100
2020-02-06,652.1512451171875,656.2668952091881,644.2331428592124,650.4960860546478,15538577
2020-02-07,641.347900390625,649.713405164779,638.9545395503509,649.1094657338193,12209212
2020-02-10,642.2201538085938,646.6489428047836,630.9692153123326,638.8202476362594,15142476
2020-02-11,649.8922119140625,655.9090886918525,646.4475719077193,647.4988515504008,13999816
2020-02-12,657.7432861328125,659.7787743619559,650.8987994375913,651.4132707150139,13533565
2020-02-13,659.4655151367188,661.0760000110254,654.2985851368666,661.0760000110254,13565659
2020-02-14,665.482421875,671.6782343336056,650.0487037471439,660.8523004641426,21227841
2020-02-17,661.2997436523438,673.7808982963232,659.5327193324579,666.108801931165,13149130
2020-02-18,656.4459838867188,660.2484966614289,651.9724605253016,660.2484966614289,11127161
2020-02-19,672.7295532226562,673.9150349477495,659.8905275306022,661.7917537765035,14084409
2020-02-20,664.744384765625,674.6085086758875,663.7825731086709,669.6876451612479,16892268
2020-02-24,646.4027709960938,660.7404153655295,643.987073728272,657.4971087066476,21370214
2020-02-25,633.6310424804688,649.288374635656,630.7679444557913,649.288374635656,27745062
2020-02-26,622.7155151367188,631.8191601622372,620.6353526146177,630.7678804610105,29362748
2020-02-27,620.1432495117188,623.5207586374837,612.4263599498594,620.9260652375485,25054993
2020-02-28,594.3756713867188,607.0581581658521,592.7428492925397,606.1186837322065,39315769
2020-03-02,588.7837524414062,612.4263145698782,582.0510718430629,606.2081051825395,29500495
2020-03-03,600.7280883789062,605.6713484615526,591.4007735026032,594.8454135797672,27398798
2020-03-04,599.3189086914062,605.6265863851147,585.0930684252744,604.8213738082619,22105261
2020-03-05,586.5469970703125,607.4831207123542,584.2431048990697,604.9108243565992,30510390
2020-03-06,568.5857543945312,576.2579099445863,555.2099199542964,568.1384140570675,33734039
2020-03-09,498.41845703125,555.1651920392663,489.85165057435484,554.7401888514859,88187018
2020-03-11,516.0440673828125,527.1831382281243,495.6671217538885,495.6671217538885,59578576
2020-03-12,475.53631591796875,492.5357258130127,469.1391701914128,485.37810154536595,55970485
2020-03-13,494.4593505859375,509.982477758339,421.5855519763993,446.45836059532905,73297403
2020-03-16,454.3765563964844,483.00714524632815,449.58986531183916,474.4403385952524,38482258
2020-03-17,450.93194580078125,474.19430109253625,448.7846523850041,468.4905324264047,45445979
2020-03-18,433.261474609375,463.4130789981454,429.90633253193516,458.6711221665263,44730415
2020-03-19,410.5359191894531,432.59042415452996,399.12841250234374,411.6095658236809,61404010
2020-03-20,455.3830871582031,462.9657149231966,416.03836966442924,420.2882223245293,63360475
2020-03-23,395.4825134277344,424.98544483853334,391.72473514239124,409.86489349215907,40670949
2020-03-24,422.0329284667969,433.9325104811008,400.73893016882965,416.03838849257653,45734887
2020-03-25,484.1479187011719,515.1494727896879,430.9129207991729,431.1589580061235,73130298
2020-03-26,476.9678649902344,499.6486775382283,466.2984990986507,490.20952746231364,45744488
2020-03-27,476.69940185546875,495.3540295280193,468.0207613040913,489.8515946324297,41657940
2020-03-30,460.9749755859375,480.81508630927294,456.30014975804846,465.51562917935905,30229866
2020-03-31,498.2395324707031,505.41952430798887,468.8260681247117,480.4348787671312,44292810
2020-04-01,483.3426513671875,503.093264271414,467.5734569491014,502.0419846435416,41597459
2020-04-03,482.0005798339844,507.4997254458984,472.5390630031507,507.4997254458984,41367807
2020-04-07,539.5526123046875,543.086660841312,492.08842686836795,493.0278714782651,54373624
2020-04-08,533.3119506835938,549.7969487728319,518.929571501776,527.8766166035285,49880330
2020-04-09,545.7484130859375,551.4968858405396,533.6922622821191,543.0866484415843,33032857
2020-04-13,531.9699096679688,543.5339847346166,527.8765966727111,538.5907251822866,23673784
2020-04-15,514.3888549804688,552.9283228822885,511.3244846445434,535.5039122780124,35321842
2020-04-16,522.5308227539062,531.2094648682425,512.2193584197375,514.3889890858135,37455706
2020-04-17,547.5601196289062,550.2442808995188,533.535612903734,543.9813374764348,33269335
2020-04-20,556.4177856445312,562.3227974116861,537.7184224485133,548.4548889228998,36030932
2020-04-21,553.5323486328125,560.0860337092978,520.7190100428373,541.2972025264376,61371628
2020-04-22,610.0106201171875,619.5392672425052,581.5590002828025,590.506045286382,142683366
2020-04-23,613.2764282226562,619.964375961398,605.4029986108286,611.6883400063555,65464502
2020-04-24,633.8993530273438,668.7705176942633,602.6741016877038,603.9937855419026,134986308
2020-04-27,639.6030883789062,659.8458058753123,636.5834515375906,641.5043146604703,58482901
2020-04-28,638.8873291015625,651.1000185601599,622.7825996528488,648.6619839341811,78453401
2020-04-29,638.3505249023438,650.2948710877204,635.2414197546999,646.3805532770238,37494672
2020-04-30,655.8196411132812,668.770532341543,643.3161499559969,650.4290406318744,71345899
2020-05-04,642.0411376953125,655.372237059235,634.100578563775,644.1884308722197,53456868
2020-05-05,653.4262084960938,661.6351717003255,647.4093321949724,650.3171635725639,44903763
2020-05-06,653.4710693359375,664.2970042488814,646.6489200756587,654.9249553114857,40489094
2020-05-07,674.138671875,677.1359713581347,646.4251935136327,650.8987159981552,50026966
2020-05-08,698.6760864257812,706.7731256998821,687.6264217526766,691.1605298647231,84262770
2020-05-11,705.3864135742188,722.4752932861393,703.3733222103791,706.8179027396051,67085063
2020-05-12,661.7470703125,701.6062908611085,655.372320874391,700.0181429966896,100683202
2020-05-13,675.7871704101562,689.5833490177412,656.6169951579172,689.5833490177412,66430125
2020-05-14,648.4657592773438,675.9000855316069,645.8013667337839,663.3909205122524,49266771
2020-05-15,659.0556640625,662.3523056062347,639.0500542508714,652.101104371265,62152260
2020-05-18,650.6334228515625,669.2616544401022,644.875632962838,663.842565100716,62796089
2020-05-19,636.2501831054688,660.0943806330317,633.6987303989603,657.9718729953,42315854
2020-05-20,647.4496459960938,653.3881033587526,629.0697531498768,636.7468651669092,55320985
2020-05-21,650.8592529296875,659.981412669229,643.5208404585119,648.0367682176926,39167981
2020-05-22,646.4786987304688,658.4233416526746,644.1981590875719,655.6234930794669,37828973
2020-05-26,643.091796875,654.6751640177939,639.5919112653286,653.9751868958597,33216635
2020-05-27,652.8011474609375,656.6170983783275,637.6501643523708,646.230439764707,35667956
2020-05-28,664.8585205078125,668.2454658354499,654.3589840196363,657.0685283367451,40126278
2020-05-29,661.3135986328125,664.7456963541632,656.007389810822,662.9393134152917,40022527
2020-06-01,686.580322265625,694.7090163146383,666.5295595380629,668.3585186853417,39943702
2020-06-02,693.5121459960938,695.4540448662401,686.7834072832798,689.1317348245016,22153960
2020-06-03,696.19921875,704.4859445214847,692.4509368094127,697.712053268636,25381289
2020-06-04,713.4275512695312,717.8080227909754,695.9057249087699,697.2604674305974,34202350
2020-06-05,714.2855224609375,730.6783659768879,710.6727564801458,720.291708575871,33076685
2020-06-08,708.7760620117188,730.8590266524802,706.7439184964705,730.8590266524802,31414953
2020-06-09,694.1669311523438,714.8725147619756,692.2928202723828,704.6213151878495,25857161
2020-06-10,709.9728393554688,713.3146329578219,695.4766830422209,696.8540015463917,22132647
2020-06-11,694.4154663085938,708.0761301554923,691.3897970340737,707.1955445300772,20385805
2020-06-12,717.4918823242188,719.3885695925972,676.0355556331963,677.3903578499011,38548899
2020-06-15,729.1204223632812,734.7201801016447,704.9827364804711,706.7439674657269,53107403
2020-06-16,730.5428466796875,744.474480971934,715.9111755811775,741.9681807809915,51187003
2020-06-17,729.481689453125,738.5586972066078,723.4980791176175,726.2753520321108,41782053
2020-06-18,747.7937622070312,751.9032611106536,725.0786081018418,725.7108570793259,40471557
2020-06-19,794.53369140625,807.8105013724783,750.5484911968546,754.1611973181019,105804173
2020-06-22,788.5501098632812,814.7650899304879,783.5148135515716,800.8560305108304,60198705
2020-06-23,777.1473388671875,796.4981230069162,774.9796793150689,790.2886927800162,37962078
2020-06-24,780.2859497070312,800.539956785878,772.9927488541816,783.9212919679801,51586221
2020-06-25,775.79248046875,789.837054705863,773.6022450212416,779.9019790081456,39679374
2020-06-26,786.517822265625,791.1918414785443,775.386036822663,780.7148809969344,30921913
2020-06-29,778.1633911132812,785.6598351283517,774.7312935693344,780.3762026333931,25621946
2020-06-30,769.5606079101562,786.2243641857787,765.6994455798191,784.418040909027,30276420
2020-07-01,784.6890258789062,789.8372029771134,771.3444262157954,776.7409996637026,28464103
2020-07-02,798.19775390625,801.4851428535685,786.7259244633,790.3307243392775,28789533
2020-07-03,810.689697265625,813.0022452904714,801.6664242784979,807.0168938963399,29434266
2020-07-06,839.6640625,842.4753051236336,812.5941809641026,818.4434654093601,47016185
2020-07-07,826.809326171875,845.3546899164363,819.033027407066,843.3822803148714,35189589
2020-07-08,815.2694702148438,832.0237061429656,811.6420023700266,827.0813186844387,26204095
2020-07-09,827.1719360351562,832.0463193953086,809.9415548565688,820.257139626406,36418942
2020-07-10,851.5665893554688,854.5365672443328,827.1719444149811,829.0990778284718,43759967
2020-07-13,877.3894653320312,883.1480175589572,861.5193398778321,863.0383306607164,69608392
2020-07-14,869.2277221679688,880.4274760561808,855.7608159923657,876.9360759259316,67331128
2020-07-15,836.127197265625,897.2497559791088,815.2694086530637,878.7270634112394,139669773
2020-07-16,835.8552856445312,847.4631233403054,821.8215599703974,837.4876162694775,60961724
2020-07-17,866.8245239257812,870.5879989548259,833.4066071401047,836.5806561826539,49726765
2020-07-20,870.5426635742188,876.0292010321696,861.3607145700907,869.5904907729887,36592938
2020-07-21,893.96240234375,896.4336259674744,878.0696681167741,879.2032442811862,42173371
2020-07-22,908.67626953125,911.3968402873401,889.0426683207968,899.1541819328522,59771457
2020-07-23,933.0709228515625,943.0010338235651,902.9403911340319,908.6536081303097,58333751
2020-07-24,973.1314697265625,980.771759562493,933.0708309814001,933.161502678431,120597372
2020-07-27,977.6885375976562,997.0047292904097,964.8564523008031,987.9361194684092,80304827
2020-07-28,987.437255859375,994.8281988813131,975.1719293046234,977.688488793748,55114422
2020-07-29,950.6866455078125,989.7497164572247,938.806733983119,987.5279599955765,72663399
2020-07-30,956.2185668945312,970.2068959629854,939.5096069794463,951.7522658851112,72857444
2020-07-31,937.2877807617188,965.3551702803413,930.803734578172,958.7804523943249,74958061
2020-08-03,910.9434814453125,932.708168854675,908.268186395727,930.1236054784066,46715383
2020-08-04,975.1492919921875,982.5855710982528,906.9759241686489,916.2032692730761,92041055
2020-08-05,964.1989135742188,995.7350350128565,960.5034420662862,983.4924363615606,74549993
2020-08-06,967.6676025390625,982.9029063632007,955.7423553761497,978.0511909769217,49322975
2020-08-07,973.2674560546875,978.4139143017511,961.3649370691895,965.7178380803712,32984416
2020-08-10,961.2062377929688,981.6786719644749,955.8784359553779,979.0034370833714,26958997
2020-08-11,967.5315551757812,979.4114660011795,952.3642557487519,967.9849736113041,46828306
2020-08-12,964.7203369140625,972.6100942320181,955.2889807683499,961.727691023823,30264617
2020-08-13,962.203857421875,969.8441477839456,956.7399877786922,964.9017603707093,24830322
2020-08-14,958.4630737304688,978.0512804622297,947.3313228359067,962.4305605276342,33224635
2020-08-17,948.2835083007812,954.4728113825545,938.6480809006554,954.4728113825545,30979066
2020-08-18,960.6168212890625,967.7583570068861,944.2026051100721,945.4041850307872,30547672
2020-08-19,966.5114135742188,976.6909912734272,961.8864371354927,970.7963711289713,34087543
2020-08-20,950.8680419921875,963.0426971858464,946.7644877423543,961.2742991196269,22537845
2020-08-21,943.975830078125,962.1811114690666,941.7766816436981,960.3673777103614,25280895
2020-08-24,950.278564453125,954.2460509640609,938.8294034471639,948.3061551600297,32717218
2020-08-25,944.0892333984375,957.3294607463159,942.2301636663344,954.9262408658594,19388008
2020-08-26,969.1185302734375,973.9475774399552,928.1737249632505,945.4041049124211,59870421
2020-08-27,957.0120239257812,974.8772272109728,953.6792992534803,973.9703303109421,28085062
2020-08-28,959.528564453125,967.1235185049004,955.0395957954092,961.2742345079785,27166900
2020-08-31,943.4544677734375,985.7595929976718,934.2271229260566,985.7595929976718,62076132
2020-09-01,946.4244384765625,962.3625085827924,935.1566206196067,952.2056589351107,38616258
2020-09-02,964.9923706054688,969.4360033995823,945.4041656068121,948.5781547637196,26949439
2020-09-03,957.6921997070312,969.7761228830589,953.5659776492615,964.9017393534515,18586429
2020-09-04,941.8900756835938,950.8226774812872,939.6002554209449,944.7467140146105,28475945
2020-09-07,944.3385620117188,954.8128218318382,926.9267781694189,944.9507158856927,21926473
2020-09-08,955.4251098632812,961.7277530048063,943.363793855557,948.5782565741886,27397082
2020-09-09,980.0236206054688,982.948262646231,943.7944599093832,945.4041824088742,55310877
2020-09-10,1049.2398681640625,1063.2735913062183,986.3715829983507,989.8857107486725,140304404
2020-09-11,1051.8472900390625,1060.054399431229,1037.0428539822522,1048.3332813865745,59470807
2020-09-14,1044.04833984375,1070.0979877970385,1034.7302619381398,1054.2279189798085,44063445
2020-09-15,1051.4390869140625,1054.5677402462597,1037.5187024549093,1048.3104335818653,27178393
2020-09-16,1054.0235595703125,1074.3372576523657,1047.6755813917168,1051.9604186878269,33952295
2020-09-17,1042.3251953125,1058.17259404091,1039.1964218842008,1051.9605029718427,25828669
2020-09-18,1045.4764404296875,1051.7110790333331,1032.2588818564082,1049.3532551234189,33074915
2020-09-21,1022.8728637695312,1059.215300889657,1019.0185972834089,1042.8917579068893,33627381
2020-09-22,1002.6045532226562,1032.4629482711289,998.2515919553894,1032.4629482711289,34792254
2020-09-23,1011.514404296875,1032.3495853551422,999.95196363165,1024.7546312020859,42988708
2020-09-24,989.0242309570312,1009.337868735385,986.6890150583746,1001.130821092991,29826318
2020-09-25,998.319580078125,1003.3526989604931,982.7215890510984,992.561027630643,28374935
2020-09-28,1004.9169921875,1014.7791583315967,1000.7454344947183,1009.7913754651387,19666849
2020-09-29,1017.9757690429688,1026.5682312030854,1004.9169464432822,1008.8844926380805,25842539
2020-09-30,1013.1241455078125,1027.928578554187,1008.8845241351473,1024.754589473698,24465159
2020-10-01,1008.9979248046875,1026.4776536649397,1003.8968020817645,1026.4776536649397,20783227
2020-10-05,1003.0806274414062,1019.8348626021702,1000.2693849664739,1017.4997065200467,18922799
2020-10-06,1002.2417602539062,1012.9200316663944,998.2968817912705,1008.9978810960307,18412175
2020-10-07,1023.6210327148438,1046.9727113511217,1006.6173319875696,1013.4187882912593,53170865
2020-10-08,1015.3458862304688,1028.3821018510423,1007.5695886566497,1024.301155767066,21077808
2020-10-09,1012.716064453125,1021.5806624419674,1005.3024535496829,1013.4188900706193,18545499
2020-10-12,1014.348388671875,1022.8275119437076,1009.4513972409951,1013.4188838080661,14226473
2020-10-13,1034.1407470703125,1036.4305673579886,1009.2699549272937,1011.423767661742,23112012
2020-10-14,1037.2239990234375,1044.7056133384592,1028.608748631058,1033.3245163972065,26742011
2020-10-15,1000.4959716796875,1038.357459681843,995.2815098619011,1038.357459681843,20036197
2020-10-16,986.5757446289062,1012.285249528179,985.1474254749343,1004.3502763795697,21583600
2020-10-19,986.7570190429688,1010.5621766967382,977.2123240387696,993.0370533155368,31200385
2020-10-20,977.552490234375,994.3747895538761,975.8974318290545,988.0267509433463,18482288
2020-10-21,963.3600463867188,993.9213260213652,951.1853919731954,983.0389831777511,34082321
2020-10-22,955.35693359375,966.9421018379,948.1247264007278,964.6296137675083,30802210
2020-10-23,958.1229248046875,968.0757029274415,950.5733065108839,954.9262077062731,23422125
2020-10-26,920.057373046875,953.0898169372152,915.2509933655792,953.0898169372152,37324416
2020-10-27,922.5059204101562,934.0003573150689,909.129685940206,922.6872638083931,36478896
2020-10-28,912.0543212890625,933.0255097674074,910.2179195551136,925.8159103792913,29924017
2020-10-29,919.0597534179688,925.9066057760115,902.781605556934,905.5021761803395,30655304
2020-10-30,931.5745239257812,936.3809035347286,916.7473024873174,922.0524364064571,34021563
2020-11-02,851.2945556640625,919.1051761545775,842.9967754989971,919.1051761545775,99366895
2020-11-03,839.0292358398438,865.6003029117848,832.0917710410919,856.9851117444604,88691623
2020-11-04,867.5046997070312,874.6689636295238,832.9532636853438,832.9532636853438,80180117
2020-11-05,886.4581909179688,889.15609401037,876.0292653807634,886.4355229909437,37205373
2020-11-06,920.0800170898438,924.9997362683603,896.955016187128,902.3282137896616,66674086
2020-11-09,929.8515014648438,938.1492815350944,923.1860519106892,935.0206280565577,35838510
2020-11-10,945.2000732421875,947.671296720315,925.5438649087239,941.7766770254419,36934242
2020-11-11,905.5928955078125,949.9384928452779,896.9323689240059,947.2179220787752,56724780
2020-11-12,897.7938232421875,910.6939707303043,890.9923666961812,898.2473016530297,40046527
2020-11-13,905.2301025390625,923.4807196009718,898.5873814202945,898.7007210390979,45388670
2020-11-14,907.9053955078125,913.8000155522184,904.7540741586882,913.6186721505104,5226220
2020-11-17,903.8017578125,945.4041131541818,900.0609508176602,945.4041131541818,46542562
2020-11-18,901.05859375,909.8098520291383,888.7705994600573,903.8018324500739,30402290
2020-11-19,894.6879272460938,911.6008986042735,892.4434427638029,901.0586339089177,27796343
2020-11-20,861.2926635742188,899.5169003772073,859.2521905953536,895.5266860839987,57471248
2020-11-23,884.5083618164062,893.2595600473776,873.4219475565428,884.644369365096,45327567
2020-11-24,890.5616455078125,895.0732820966707,876.0291671598031,890.538977583329,30936268
2020-11-25,883.193359375,903.6657931642695,880.654192057057,897.7938413094128,32637879
2020-11-26,885.369873046875,890.9924179780169,875.1450197156285,885.5739443403047,25838637
2020-11-27,875.0316162109375,886.956863707273,871.2228051404243,879.8833317328676,47336811
2020-12-01,886.4127807617188,891.5592393178523,875.1450229329691,879.8153351253683,19750687
2020-12-02,887.8864135742188,889.6321436054803,877.3894853981996,888.0450890461269,22188887
2020-12-03,890.5616455078125,898.2926670858094,888.1130898872199,894.166445181224,27785372
2020-12-04,882.7173461914062,892.806192431299,879.6566964271353,892.806192431299,18464552
2020-12-07,887.9091186523438,890.9924362657266,879.9287495447478,879.9287495447478,18242188
2020-12-08,904.028564453125,913.3239128258733,884.1909519390108,889.2467387240156,43403061
2020-12-09,919.08251953125,922.1885651259229,906.5225094998519,911.3742252800819,29175254
2020-12-10,910.0365600585938,919.7853272816659,907.3159891974719,916.6566737897788,16065507
2020-12-11,909.4924926757812,924.0929759507371,895.1866924423914,912.7571538037538,26944202
2020-12-14,902.9176635742188,913.6639990942831,900.6731791916262,910.4672819578382,17312747
2020-12-15,895.2320556640625,902.1921882018914,889.2240359631435,902.1921882018914,18551265
2020-12-16,896.2295532226562,904.5727289498443,891.3098338764274,901.4213476389596,18561011
2020-12-17,900.3330688476562,909.1296626703094,896.5015899774218,899.8343145472157,20252358
2020-12-18,903.031005859375,909.0843613071538,890.9924186751066,897.8392714360722,18466344
2020-12-21,879.5205078125,916.8379057961085,841.2282692058656,911.3967647349846,44135540
2020-12-22,878.1602783203125,888.226455543862,856.2821939144102,883.737487050984,28140001
2020-12-23,881.4024047851562,884.8484691755272,870.8827482738318,875.1223699613015,19501410
2020-12-24,904.2100219726562,906.3184389463692,882.3319351071959,882.8306894509022,20776988
2020-12-28,908.35888671875,915.0243362502358,904.7314189530317,909.900545527166,17221499
2020-12-29,902.3508911132812,912.4397367118075,898.9501027379986,910.943413813905,18611939
2020-12-30,904.8220825195312,910.1272165991579,895.7761410801606,904.7087428928894,22043630
2020-12-31,900.1970825195312,912.2583374556028,897.1591008607796,903.9152218564029,18781189
2021-01-01,901.1946411132812,905.5022064134912,898.7007496438623,901.421320358103,10015175
2021-01-04,902.7136840820312,906.3637598470406,892.352762889534,904.6407576146281,24513534
2021-01-05,891.4912109375,899.4262438413816,886.9115106039434,892.80613046262,24123091
2021-01-06,867.9807739257812,891.4457932255564,863.854552119663,891.4004573776713,46401468
2021-01-07,866.5751342773438,881.9237776804218,863.854563591743,870.8146957594764,32325918
2021-01-08,876.800048828125,878.9311936650147,867.0059456976594,869.6811807226603,27540187
2021-01-11,860.2724609375,879.1125050229124,858.1186482532938,879.1125050229124,33307825
2021-01-12,887.3876953125,888.7252828199374,861.4740587259083,862.87970997784,41161546
2021-01-13,879.1124877929688,895.5040358477936,869.8852032617441,890.3349094942321,26619458
2021-01-14,888.997314453125,891.8539526683576,879.225879879633,881.9237826562116,21553242
2021-01-15,878.5004272460938,894.9826476255291,870.6107298685408,888.9973558240713,20593268
2021-01-18,899.5849609375,905.5022489944743,872.1070575050039,883.7828981720585,35100458
2021-01-19,914.298828125,920.9188817318542,904.4366615381475,904.4366615381475,32006615
2021-01-20,931.6651611328125,933.1614839760485,907.4972564349495,916.5659251576317,30924537
2021-01-21,951.9335327148438,961.2742166156673,940.869846715687,944.0438358240183,39087742
2021-01-22,929.3527221679688,959.165840987856,922.8006124178714,957.1933717044934,30532660
2021-01-25,880.1100463867188,922.7099125187834,876.0291603627637,922.7099125187834,54207104
2021-01-27,859.252197265625,872.8551706594984,856.0782081201552,872.8551706594984,42370131
2021-01-28,850.886474609375,872.0844035148573,847.9164965706553,852.5188051471522,34067814
2021-01-29,835.1976928710938,867.4593064405973,829.7791594362084,858.9347876285253,43712383
2021-02-01,859.3883056640625,863.7865428347654,837.9409701152957,843.110096652801,34180952
2021-02-02,873.2178955078125,879.6566053024357,841.092290337818,867.9807655747403,41470034
2021-02-03,875.4171142578125,885.0978176672972,861.5193971120666,874.3515418529886,30301696
2021-02-04,872.5377807617188,879.656648554206,863.7865225405493,872.4017132446297,25626981
2021-02-05,872.288330078125,881.7650813571979,870.5879959278572,875.1449682096818,20248046
2021-02-08,884.848388671875,892.8060891318694,874.6915398289318,876.5052135771294,21183400
2021-02-09,886.9795532226562,902.1468540671391,885.2338830875444,889.6095123241837,19604141
2021-02-10,895.2092895507812,899.9476653520371,873.8980223594517,885.8913333557456,21234156
2021-02-11,932.11865234375,935.9728593397923,894.2798277886045,897.7938959649373,42539278
2021-02-12,925.7252197265625,942.2301071014969,913.8453084946966,932.0279220969353,30497029
2021-02-15,921.6444091796875,934.6578975884943,918.1983447144302,928.6499377082844,15791099
2021-02-16,933.8416748046875,942.8649480322981,922.7325927047402,924.8864053509033,21421660
2021-02-17,944.6107177734375,950.3692703869466,929.8061636594126,934.0683933136262,23742994
2021-02-18,937.5598754882812,956.0145057624479,933.6603325517267,945.4042372455169,18646877
2021-02-19,943.2730712890625,954.4501576444582,931.030412526974,932.7081388605912,23403483
2021-02-22,910.5352783203125,947.6260001116775,904.5727145749872,943.1370313830363,23804335
2021-02-23,917.4954833984375,930.8490501461664,913.0291825324456,928.6272336757321,25644108
2021-02-24,934.5218505859375,936.4489240552962,918.7197282010852,920.4654582700598,10807663
2021-02-25,972.3153076171875,975.7840397521635,939.9629623775807,941.3232777095965,34855693
2021-02-26,945.7669067382812,967.576928004242,938.9200542247918,959.9139702500598,37481215
2021-03-01,952.9764404296875,957.6468123803251,935.2019094636117,956.8305872083303,17680764
2021-03-02,954.9262084960938,965.8085514456496,947.2632505723379,962.1811437745009,17150760
2021-03-03,998.5009765625,1006.572077071357,955.4703590572257,961.750393670414,31924461
2021-03-04,986.598388671875,992.991762854271,978.368612759976,988.480126250495,21435754
2021-03-05,987.890625,1002.9672532884404,976.260120871694,977.5977682721734,25511666
2021-03-08,993.5133056640625,1012.0132716669716,983.039044773577,983.2657240329895,19506841
2021-03-09,993.490478515625,1003.8060628939456,973.3355160603489,997.548696502313,15154484
2021-03-10,989.3643188476562,1004.3956118787131,984.0591848216625,1000.7228083320849,11519358
2021-03-12,969.254638671875,1000.4506792735099,963.042608072978,995.2815530770632,16864952
2021-03-15,956.2411499023438,974.378367439583,943.3636702802955,970.3655452396614,16698099
2021-03-16,952.4777221679688,963.9948870594851,950.165234013291,958.553685547253,13873801
2021-03-17,931.9598999023438,953.5659093364974,922.7778916021027,951.3214250817775,19210236
2021-03-18,910.98876953125,945.3135252330827,907.3159659802869,939.9176595322679,20647480
2021-03-19,944.0438842773438,950.3239190123003,899.0635245309819,902.7816639429236,41787429
2021-03-22,935.1566162109375,940.4164143959771,921.9164490477823,939.0561589834671,18572478
2021-03-23,946.5377807617188,956.6039587366939,932.2547090305418,934.9526119187763,17421165
2021-03-24,928.3097534179688,943.0235744782575,925.181100240172,943.0235744782575,16822814
2021-03-25,902.9857177734375,931.3478510950881,900.0610755416413,931.3478510950881,22001648
2021-03-26,904.4366455078125,913.0745041101142,894.937285828174,912.3036747318539,20180202
2021-03-30,920.1480102539062,929.0352757477536,903.0309690022071,910.4899154033928,20441701
2021-03-31,908.2681274414062,929.4887232737643,906.40905776399,915.0243084377211,16250796
2021-04-01,916.7699584960938,920.465429845356,908.2907755247039,915.0242884490825,11723312
2021-04-05,903.5072021484375,918.1983571528486,889.6775482799965,918.1756892265367,14875099
2021-04-06,899.74365234375,909.1070043382359,892.8061280725167,908.6762538058488,14009194
2021-04-07,908.15478515625,928.1284651595439,903.8245518752842,906.8625335398098,24266353
2021-04-08,909.288330078125,916.8379481306634,903.6884533297169,911.850225266319,15369188
2021-04-09,898.7234497070312,909.7418004729616,897.7938848658578,906.1597285641935,14037885
2021-04-12,866.5751342773438,889.3600561933767,861.632747207554,888.2718159255257,20901482
2021-04-13,875.9384765625,879.9286908340912,869.6131063111714,872.4016807388492,19411189
2021-04-15,881.6063232421875,889.1786089267097,867.4139245804644,873.4445516203328,19723716
2021-04-16,876.0745849609375,884.1456861292494,873.5126894782757,878.1150581636493,15656948
2021-04-19,862.2902221679688,868.9556716698464,856.985088064207,863.3331266419872,18478808
2021-04-20,862.0408935546875,870.1346024372397,857.189177823117,866.28045535031,17203668
2021-04-22,864.4213256835938,868.0714611843059,850.9544197704057,858.0052836359382,14490954
2021-04-23,863.4918823242188,870.0892682363567,859.4109960022909,864.2400438171045,11828857
2021-04-26,878.6817626953125,889.6321696188024,866.7338471259807,870.5880540621903,20846778
2021-04-27,901.716064453125,905.592879224886,878.8631384956852,879.6566357896455,19992524
2021-04-28,905.6382446289062,910.4899602170952,897.861946907099,905.8876517747103,17122437
2021-04-29,917.7675170898438,927.0401972486708,910.1725631547909,917.2460348994038,17412606
2021-04-30,904.36865234375,923.1860285256435,901.2173310194296,910.7166908105166,19828769
2021-05-03,888.2945556640625,897.340497401844,881.0623478526642,891.4458771331132,23640186
2021-05-04,869.04638671875,892.2621215061423,866.5072191354321,884.1910203527071,21849830
2021-05-05,870.6334838867188,878.9766005658655,865.1696137978273,872.1071390573795,12393609
2021-05-06,875.5758056640625,877.3895395810054,864.51205875474,871.4269155650811,14624666
2021-05-07,875.9158935546875,886.7529013481309,873.308662266205,878.6364644741296,12288548
2021-05-10,873.3993530273438,882.740038023686,871.0188609169002,879.2033017480504,13941237
2021-05-11,876.5507202148438,878.999216065306,866.0537312569095,868.3209436649042,13478264
2021-05-12,867.4819946289062,876.4372641804301,864.6934200952072,875.1676804843173,13177961
2021-05-14,878.4324340820312,880.563518938135,864.2400338075389,874.2381482108096,13291616
2021-05-17,888.8839721679688,890.2895633789483,875.3036666921718,878.4323799585411,11873078
2021-05-18,901.398681640625,908.0414631541172,894.3931533556103,898.2473602910601,12064918
2021-05-19,905.5247802734375,914.3213732920465,894.1663522461369,897.7937594989635,16317002
2021-05-20,900.2423706054688,911.8048706158811,898.2472934944823,905.9102510089941,11422532
2021-05-21,908.018798828125,911.2154560407943,900.5145161905418,903.2350870037179,10785605
2021-05-24,900.3558349609375,911.3062425850612,898.7008364416796,910.4900173207081,8551760
2021-05-25,890.153564453125,905.5022080454436,888.7252453359569,905.2301329831129,14780102
2021-05-26,893.2821655273438,897.5671226281908,891.1284129833724,895.5266497321538,7480204
2021-05-27,896.0255737304688,903.6885320706949,889.7455387788042,893.3956745411289,26819294
2021-05-28,949.8478393554688,954.472815743996,902.3282518740783,902.3282518740783,56469931
2021-05-31,979.5475463867188,993.7852821100847,945.4268620793822,953.1124880356037,59124142
2021-06-01,983.447021484375,998.4555855632798,973.290112651038,982.1320420491826,28013832
2021-06-02,998.115478515625,1001.8562854678098,978.0511285109794,978.0511285109794,24630162
2021-06-03,1001.9243774414062,1020.220331233519,995.7804103170117,1007.0707759680465,23974257
2021-06-04,993.2412109375,1005.007723278059,990.4072405064371,1004.2595618006808,14468646
2021-06-07,1009.9727783203125,1016.5928919877746,990.7473191357551,998.4556731308024,16336573
2021-06-08,1004.1688842773438,1009.8594330639162,996.7099374722953,1009.6100858849402,9674735
2021-06-09,986.2130126953125,1007.0708023507111,978.4819907883092,1006.1639653966724,11409161
2021-06-10,989.8405151367188,1011.1517839840507,987.3692913998711,994.556163411871,14155653
2021-06-11,1007.0098876953125,1013.766875641892,991.9717457006176,993.24581569042,13762778
2021-06-14,1021.45654296875,1027.5309418058741,998.7741616955363,1007.8516997013584,20332436
2021-06-15,1023.7771606445312,1035.1069484647805,1019.3635296711183,1028.7823327456254,15174215
2021-06-16,1006.3045654296875,1022.434740881434,1003.6882448935254,1021.456501659872,10797349
2021-06-17,1008.1473388671875,1016.9518526581879,991.8806822040291,1001.0264002407747,15745975
2021-06-18,1012.6975708007812,1016.951973026685,993.905579255041,1012.6293299435551,29369026
2021-06-21,1017.9755249023438,1022.6393714408105,1001.0946414287472,1002.6189276770938,12186448
2021-06-22,1012.7429809570312,1028.7822288722177,1009.8308898725479,1025.5970540271667,12871913
2021-06-23,1003.4608154296875,1024.0500559302593,1001.7999870984139,1023.777092514532,16653951
2021-06-24,979.868408203125,1007.6696350296437,973.7257686881059,1004.143316081599,91461975
2021-06-25,957.5499877929688,979.868355835384,946.9254774381874,979.868355835384,55355022
2021-06-28,949.1550903320312,967.5830690553377,946.8800342020979,965.535542609245,20277042
2021-06-29,949.97412109375,959.6203929887992,948.2906059997632,950.7476377872767,27144063
2021-06-30,960.3711547851562,965.8312654969786,951.4529057551116,953.8189497184267,19762858
2021-07-01,954.592529296875,966.0587979305755,953.2502184775107,963.715500911565,12534407
2021-07-02,968.7433471679688,970.4951632609226,952.317400936898,954.1602048328318,14086620
2021-07-05,978.3668823242188,979.8911687487861,969.8581385815543,972.1104477919255,11702287
2021-07-06,966.8095703125,977.775345876362,964.7165499262375,975.9780960314433,10070124
2021-07-07,960.09814453125,968.1518891821571,954.6152867923088,968.1518891821571,10454892
2021-07-08,952.1580810546875,963.2376503194929,946.8799465079013,963.2376503194929,11185460
2021-07-09,942.4208984375,951.7486525291566,940.1003484340649,950.0650773140198,9037675
2021-07-12,948.29052734375,956.207729408689,943.9223909587707,946.3111816946794,8585292
2021-07-13,955.3887939453125,956.9130803745411,950.0878516924769,955.5252756516485,6717133
2021-07-14,949.1550903320312,958.6420731903104,946.9937689554591,955.6844881859736,8532544
2021-07-15,947.4943237304688,953.2502049164673,945.7425076403309,953.2502049164673,9448356
2021-07-16,961.1673583984375,962.2366455584815,949.8830661097808,949.951306958421,8828185
2021-07-19,955.0474853515625,966.4455126172754,951.9989126340373,955.525231478772,8354449
2021-07-20,952.7041625976562,959.1653798198789,948.2450982877981,955.2977362314513,6741464
2021-07-22,964.9439697265625,966.4000152300578,954.683470529445,964.1704530749702,7972397
2021-07-23,958.1187744140625,971.200376447822,956.4579462312084,971.200376447822,9937030
2021-07-26,944.99169921875,965.0804452589716,942.3753787545852,959.1653356602167,12389668
2021-07-27,935.0496826171875,948.1085383406385,929.1345728588083,944.9689777697635,10824523
2021-07-28,927.0186767578125,936.414671001328,917.4178997988275,936.414671001328,12897848
2021-07-29,934.25341796875,943.8769425785124,929.7715466212894,934.5946824013536,13765738
2021-07-30,926.0859985351562,940.9421040230186,924.1748936428288,936.4147387774315,11350608
2021-08-02,943.012451171875,946.1520117827725,928.7478263645152,934.7312372274596,10925104
2021-08-03,949.9512939453125,951.4300863540562,939.2357958963441,950.9750871922383,11817299
2021-08-04,957.2315673828125,961.8954143261994,949.6100753022611,952.9771655453944,13169800
2021-08-05,971.1094360351562,980.4598768953389,957.4590392491626,962.0318984025091,21252078
2021-08-06,950.5428466796875,976.8880266163,945.8561927770681,969.1528000617284,16620987
2021-08-09,945.128173828125,950.8841149123823,940.2822912594686,946.8799898333923,7494143
2021-08-10,950.0877685546875,961.4403616289129,943.5811181110125,947.3349664779623,11919198
2021-08-11,963.39697265625,964.6254885296094,947.9720727670094,954.1374592617027,9184963
2021-08-12,960.3028564453125,967.4465419866664,957.8002707488877,966.8550009426898,8137612
2021-08-13,976.2965087890625,978.2303606065249,959.5975996548036,963.3969420853272,12780901
2021-08-16,988.9686279296875,1002.3914951366927,968.3338340297282,977.980105672493,21935444
2021-08-17,984.7597045898438,994.2921805714811,977.2975018360073,986.8527849435737,12658169
2021-08-18,988.5819091796875,995.0203194571639,979.4589373887336,989.1961972236583,10075860
2021-08-20,977.4796142578125,988.2861007519195,972.3607078932538,975.09076320503,9426282
2021-08-23,983.895263671875,989.1961455676026,970.2221199980743,989.1961455676026,9854395
2021-08-24,993.6097412109375,997.3863365967811,980.823849400721,985.1237449789751,11864472
2021-08-25,1002.20947265625,1010.1267354530132,991.9717199859176,994.3833180171741,13380559
2021-08-26,1014.881591796875,1021.4565439234876,1003.3015280719944,1004.666585861122,18589616
2021-08-27,1013.4937744140625,1020.4782919319844,1008.3294342208058,1017.8619111430866,10480636
2021-08-30,1032.990966796875,1035.5391065503322,1017.7708505413503,1023.7770080256,14027062
2021-08-31,1027.4853515625,1039.1335948612243,1020.2506181777845,1036.0167814052759,26485463
2021-09-01,1031.5577392578125,1043.2970916409213,1029.6922485674477,1034.2423608926047,11145486
2021-09-02,1043.9796142578125,1050.0767599227504,1026.052128476792,1026.052128476792,9956770
2021-09-03,1086.7962646484375,1089.753849755498,1047.6652497127798,1051.0777738490863,30664428
2021-09-06,1103.6773681640625,1128.4300252290316,1097.4891136321319,1097.9441730557705,33641710
2021-09-07,1110.6387939453125,1118.4194539969155,1097.4888911294768,1105.6791166147452,17349882
2021-09-08,1106.29345703125,1116.5995103115172,1095.054658449374,1115.6895119598441,14301651
2021-09-09,1103.6773681640625,1109.2512142438177,1099.354724879374,1104.723848377905,8963249
2021-09-13,1079.083984375,1107.0444444518414,1077.4914568578176,1107.0444444518414,16311160
2021-09-14,1077.67333984375,1089.2988378614205,1076.5584984650136,1080.6536720322044,8908356
2021-09-15,1082.1551513671875,1090.09504087413,1077.6960268089388,1077.6960268089388,9071075
2021-09-16,1104.8602294921875,1108.7505599524602,1077.0135078740498,1083.633953919053,13448882
2021-09-17,1087.72900390625,1117.441336518829,1080.9265822690465,1112.9594649804742,34882133
2021-09-20,1089.4580078125,1100.3782281549334,1078.3784384748346,1079.3339306750968,11779819
2021-09-21,1094.16748046875,1099.5820973964808,1084.7486779581968,1094.3039621775245,9915736
2021-09-22,1105.9068603515625,1111.139381442334,1091.2326692117995,1095.6690469817631,10995912
2021-09-23,1132.9344482421875,1136.1649964932392,1112.731907489886,1113.596411926489,15748397
2021-09-24,1129.6583251953125,1140.009872555042,1124.7897556991463,1139.1453680882425,15192163
2021-09-27,1148.655029296875,1151.134928281977,1126.2912870102596,1131.6149158288965,15373834
2021-09-28,1159.3934326171875,1167.0603586138618,1143.354184437372,1153.0004562253168,18035258
2021-09-29,1150.2021484375,1169.38083570803,1146.653022546889,1169.38083570803,9719875
2021-09-30,1146.2889404296875,1153.273457399079,1137.6892697076169,1148.9053210131074,13590654
2021-10-01,1148.3138427734375,1155.6395643825463,1135.2550471541776,1138.4173546931033,8958928
2021-10-04,1163.0789794921875,1171.587662580675,1154.38820045178,1161.645680951927,10918552
2021-10-05,1187.21728515625,1188.4913549848789,1159.0747363088924,1162.6011151090838,13533634
2021-10-06,1164.7626953125,1192.1088663326832,1160.7813766554293,1192.1088663326832,10258881
2021-10-07,1170.4730224609375,1182.4625914537355,1168.3344479778266,1180.7562090449592,6336665
2021-10-08,1215.4508056640625,1221.4342158935647,1174.6134140323147,1176.3196758612125,15772493
2021-10-11,1206.987548828125,1237.6326239992216,1203.6660128198464,1229.1694349795048,14768666
2021-10-12,1213.881103515625,1220.797380462856,1201.8005463413256,1203.5069288032655,6682011
2021-10-13,1226.234619140625,1237.4051767394146,1214.563508294983,1218.9771386553036,9959762
2021-10-14,1228.71435546875,1236.4723889341724,1222.7081981299596,1228.6916085198675,8623469
2021-10-18,1231.9906005859375,1249.0079672854492,1211.3784935963072,1214.2450907648501,13594479
2021-10-19,1243.024658203125,1251.8974138396732,1232.172677010528,1239.3617971163028,8833409
2021-10-20,1228.71435546875,1247.9841503821117,1224.6647967965337,1247.9841503821117,12710570
2021-10-21,1193.2689208984375,1241.2726844412653,1184.4871546113602,1240.9997210618956,20831669
2021-10-22,1195.49853515625,1212.5615152599457,1188.2638017444342,1192.1313848923699,11027475
2021-10-25,1183.850341796875,1219.4323525860245,1169.3809932455636,1219.4323525860245,17198417
2021-10-26,1210.8096923828125,1214.3815653473446,1184.464511564794,1190.8119938799573,9750178
2021-10-27,1195.49853515625,1217.9761316670556,1192.1086379430944,1206.6918395131022,9896298
2021-10-28,1182.3941650390625,1200.2989032113676,1178.7086777178667,1192.131424255356,9886181
2021-10-29,1154.0244140625,1181.2795964610077,1138.3037421282204,1181.2795964610077,14233025
2021-11-01,1154.7294921875,1163.0107055431893,1134.8454091416836,1154.0242164122978,15481114
2021-11-02,1137.8941650390625,1159.3707786875088,1135.3688922235076,1158.0057208153316,10569130
2021-11-03,1130.0677490234375,1146.630174581532,1119.7844438035129,1140.2826930467033,11989430
2021-11-04,1137.0068359375,1139.7596984467234,1132.9800238081948,1134.3222142818038,1705656
2021-11-08,1138.4173583984375,1146.63033145871,1117.6915164906068,1146.3572476973713,20337183
2021-11-09,1147.40380859375,1150.6798507830363,1131.637644937905,1139.805123815544,15682497
2021-11-10,1160.2349853515625,1163.9205925184515,1139.190689562383,1145.1286055338035,10253470
2021-11-11,1162.35107421875,1169.6084350981216,1153.7057882040397,1155.7533749476675,10722478
2021-11-12,1179.8917236328125,1182.4626105860948,1163.465776749054,1166.1503984605802,8712341
2021-11-15,1172.9300537109375,1184.03237124433,1169.3809275416072,1183.0312646799675,4803269
2021-11-16,1145.6748046875,1171.6559135252794,1135.255016670807,1170.3136027722971,11337581
2021-11-17,1121.1495361328125,1137.0521803529896,1119.784478533251,1137.0521803529896,10202029
2021-11-18,1125.381103515625,1132.5248489990865,1114.8020873378032,1119.3294522857677,8505625
2021-11-22,1075.53466796875,1114.3244768150466,1069.733232783756,1108.4548007788628,24124307
2021-11-23,1085.59033203125,1092.5975959560926,1050.6227346718351,1061.5657022414562,25326999
2021-11-24,1069.9154052734375,1096.5335515396243,1066.343532034508,1082.9287078531017,16820296
2021-11-25,1134.322265625,1138.4401860996381,1072.5316743871786,1079.7436617787243,42401936
2021-11-26,1097.761962890625,1127.33768989774,1092.7112978197426,1122.8785658449294,15763138
2021-11-29,1110.9119873046875,1137.530255730691,1091.6194414696517,1109.820013179238,24325354
2021-11-30,1094.4857177734375,1126.564088119279,1086.9552748107687,1122.9694687396177,32172299
2021-12-01,1122.5147705078125,1125.699825172228,1103.4496957163708,1107.044315866843,10104610
2021-12-02,1129.7266845703125,1135.8010837797613,1120.057665060323,1123.7432731717324,12720411
2021-12-03,1095.78271484375,1136.8475802217874,1092.028866217897,1136.8020863205188,19222481
2021-12-06,1075.0113525390625,1103.404119692969,1072.5315739182363,1099.309066908383,10332254
2021-12-07,1083.7703857421875,1093.8488493527543,1073.8284038337267,1081.1768723394634,11235122
2021-12-08,1100.2646484375,1106.4982760975693,1094.8955253046402,1102.9947640848918,8744178
2021-12-09,1117.71435546875,1126.1093048249602,1103.404235637729,1107.9543482561612,13213547
2021-12-10,1118.851806640625,1122.0596079618992,1105.8383850496557,1110.343003210938,8364414
2021-12-13,1096.4197998046875,1125.7453143246432,1093.8489128488443,1125.4723509045855,12901733
2021-12-14,1082.996826171875,1094.758924705155,1079.925506579218,1082.9285853235253,12991523
2021-12-15,1079.8345947265625,1094.3039423247055,1074.3288697386265,1084.7486582787296,9366969
2021-12-16,1093.80322265625,1099.0813569765323,1077.7640971670983,1094.6222331236886,9761279
2021-12-17,1064.932861328125,1095.6689246022736,1055.6277943848347,1091.1415595298965,21049821
2021-12-20,1036.2215576171875,1054.6494737766875,1022.4573675126571,1054.6494737766875,14325846
2021-12-21,1051.646484375,1067.4581418231853,1042.9785726603923,1051.6919782743073,12836561
2021-12-22,1076.6038818359375,1079.2430094666254,1056.5379426212896,1057.8573860824001,17658543
2021-12-23,1076.2171630859375,1082.9285964305648,1072.9411209146308,1080.1984810516549,9072401
2021-12-24,1079.652587890625,1088.3887407376528,1063.6133400712515,1078.3785179602155,7886494
2021-12-27,1078.4921875,1082.0185663686743,1068.413724480792,1074.5336166000147,4017223
2021-12-28,1091.3009033203125,1094.2357415301187,1079.7663934022717,1080.926608302519,6374613
2021-12-29,1093.16650390625,1100.674201497558,1083.8841830224792,1087.9338625439977,15425312
2021-12-30,1073.4188232421875,1094.2811463385967,1067.276183900113,1092.0288372228872,29333171
2021-12-31,1077.536865234375,1084.7032384928461,1073.8285101886943,1079.7436806997002,9477290
2022-01-03,1093.7806396484375,1095.6462506930534,1075.4437086416906,1076.1034905748938,5421611
2022-01-04,1118.465087890625,1119.7846517979926,1093.848914455948,1099.2636517956478,10847728
2022-01-05,1123.6976318359375,1127.0647821675334,1107.021469888781,1120.2396140596422,11643813
2022-01-06,1099.53662109375,1116.5996031111947,1096.123976548564,1115.3255331004264,14447422
2022-01-07,1108.4091796875,1118.4421482661342,1097.284116906681,1106.11137689842,13112115
2022-01-10,1109.3193359375,1117.9646215781718,1099.3318598320666,1115.6895654128748,9246731
2022-01-11,1117.3048095703125,1126.1319502273575,1107.9542483452858,1108.409307707792,16205164
2022-01-12,1147.1307373046875,1148.8826135216357,1121.6045672988503,1124.4711644227355,14800442
2022-01-13,1153.5919189453125,1156.185552589028,1141.3521345231045,1147.199063341914,11856712
2022-01-14,1155.275390625,1168.1522095010407,1149.2919803342058,1153.4553940360954,19930176
2022-01-17,1161.304443359375,1167.105878804206,1154.3655399895374,1154.8205993720844,8036453
2022-01-18,1147.449462890625,1165.9001302656584,1144.6966001621126,1162.4421119945257,6215029
2022-01-19,1147.3582763671875,1156.6404758295853,1141.6250823732196,1151.1803655784236,9755485
2022-01-20,1127.2696533203125,1142.0575796806486,1117.0545865844654,1137.5529609143537,16494486
2022-01-21,1127.4515380859375,1138.5538554378697,1115.6895591579548,1115.6895591579548,13338594
2022-01-24,1081.97314453125,1139.6914253053906,1071.5988501296624,1126.1547030087693,21868937
2022-01-25,1079.8572998046875,1086.8644436444313,1048.802657948011,1069.0734401117095,24510205
2022-01-27,1063.8636474609375,1072.053874198635,1051.5556205791781,1062.9081551085756,20020431
2022-01-28,1062.8397216796875,1081.0629157010064,1059.4499449788068,1076.103358864866,14667727
2022-01-31,1085.931640625,1094.9408766634326,1072.0992089277,1073.9193259070898,12143683
2022-02-01,1082.3370361328125,1101.4019884840088,1067.958677458383,1095.668914786197,13200509
2022-02-02,1084.5439453125,1095.2139504085303,1080.6991087798986,1095.2139504085303,10017691
2022-02-03,1070.529541015625,1092.6886822523618,1068.0042683536662,1088.3887863228124,9572839
2022-02-04,1060.7694091796875,1068.5729364671636,1056.1283095273284,1065.1830393454286,11061241
2022-02-07,1054.308349609375,1072.3723159767667,1048.8026250078512,1065.638135750538,10714467
2022-02-08,1072.031005859375,1073.8283759531457,1051.0776952115107,1060.4737500675897,12060849
2022-02-09,1084.5211181640625,1086.204633140618,1072.918368570495,1078.901658786714,11486225
2022-02-10,1083.4063720703125,1090.0721909727154,1076.1488917844267,1090.0721909727154,12464491
2022-02-11,1081.2906494140625,1084.976257286365,1066.5937118273357,1079.857350777376,15943370
2022-02-14,1064.0684814453125,1071.5306852913075,1052.4428632313213,1064.841998172486,10719633
2022-02-15,1100.1964111328125,1102.9037798370225,1062.7716573911962,1069.824295697398,11212671
2022-02-16,1097.92138671875,1107.0443589837334,1090.186219274119,1105.6793011160346,10392840
2022-02-17,1111.8216552734375,1117.008801624326,1096.5787938302476,1101.174399210009,12853252
2022-02-18,1103.131103515625,1117.6914375971696,1101.1972517891083,1112.2313273608688,6775458
2022-02-21,1091.9832763671875,1109.0917498883975,1085.0216268966433,1097.488880416598,11107193
2022-02-22,1087.023681640625,1090.1633625619224,1067.9814753307442,1070.5977356852184,13494914
2022-02-23,1080.2213134765625,1095.0092390254035,1077.468571284383,1092.5294602510214,7310110
2022-02-24,1026.3934326171875,1064.6828130643278,1020.7740927277775,1048.8027920240986,24846650
2022-02-25,1039.2247314453125,1050.1449523145036,1035.7210994030459,1037.4728552470633,14570089
2022-02-28,1073.62353515625,1077.1726610969984,1020.5919703644313,1020.5919703644313,21297446
2022-03-02,1091.3690185546875,1092.4838597770897,1059.8139450476658,1062.2027357830907,21471786
2022-03-03,1082.1551513671875,1098.785820478749,1078.4013026500006,1092.0288927878125,10186748
2022-03-04,1058.1531982421875,1075.7848524224223,1055.787154408625,1070.643199306108,10805667
2022-03-07,1019.022216796875,1052.0333374144284,1011.0367133096933,1036.8358471079189,17983310
2022-03-08,1017.179443359375,1021.9571458487228,991.9262942983967,1006.2591610579486,21289374
2022-03-09,1071.1436767578125,1077.0133522040442,1016.5649623830144,1017.4068401715399,20414228
2022-03-10,1088.50244140625,1094.3038764083778,1073.8283721325647,1092.028820377732,17980493
2022-03-11,1091.64208984375,1097.0340801861346,1081.1313132856126,1081.1313132856126,12257423
2022-03-14,1100.605712890625,1103.1311056498985,1080.1984500463022,1086.06812572994,8340678
2022-03-15,1075.398193359375,1104.7464533796308,1065.1148867530296,1104.7464533796308,15925769
2022-03-16,1093.5531005859375,1095.6234340578644,1081.609026403429,1083.8385885222203,11149828
2022-03-17,1129.203369140625,1136.3469946247096,1098.8994972340938,1106.9304944761457,21422098
2022-03-21,1122.6966552734375,1130.249846191458,1109.7743416930666,1112.0493977484434,11999466
2022-03-22,1151.7037353515625,1153.4327442921551,1116.417558596963,1119.3750232146147,22557065
2022-03-23,1155.366455078125,1167.0375661035232,1147.9953600851836,1147.9953600851836,15462187
2022-03-24,1173.3167724609375,1175.8194185614975,1142.0802732954487,1142.0802732954487,13168266
2022-03-25,1181.1429443359375,1190.3114093068612,1172.5659000566366,1175.0685459381182,14222488
2022-03-28,1193.018798828125,1196.5678044575318,1176.8885634283017,1187.5813149251485,9891424
2022-03-29,1193.2918701171875,1200.321761515582,1186.3984604316122,1200.321761515582,8684065
2022-03-30,1216.224609375,1223.0725256096823,1190.812170111679,1201.18646593222,15811550
2022-03-31,1198.8427734375,1214.7455381812567,1196.0445377182448,1212.5842170179712,13223718
2022-04-01,1208.4437255859375,1212.6753807326781,1193.041632181676,1199.4117414992725,7922880
2022-04-04,1212.015625,1217.1572786813153,1201.9826544660282,1208.2617761125623,7929162
2022-04-05,1194.88427734375,1214.8366019261355,1192.4499926471442,1206.2823045318924,13149870
2022-04-06,1191.6993408203125,1198.72923220727,1177.1617516980632,1177.1617516980632,12257215
2022-04-07,1170.6776123046875,1185.7612463786218,1168.0157378896517,1180.8015690820077,15496499
2022-04-08,1190.1522216796875,1194.4066235414564,1164.8307737717014,1164.8307737717014,15152495
2022-04-11,1187.6724853515625,1200.572052745213,1175.296097837182,1183.0312648122701,9254209
2022-04-12,1165.30859375,1184.2143186613282,1162.737706900729,1177.116066491659,13217742
2022-04-13,1161.0313720703125,1179.664132404293,1158.2330158892628,1171.4284128604863,10354235
2022-04-18,1157.4822998046875,1164.7397805103374,1147.4493300930017,1152.545489452205,9974224
2022-04-19,1201.5955810546875,1213.9719664591003,1160.7583113534643,1163.9206184581967,26141820
2022-04-20,1236.9273681640625,1244.0028730390352,1205.3722941596611,1209.0124078704498,25072240
2022-04-21,1265.8890380859375,1269.0285988217172,1243.092861615674,1251.6926535659309,21708633
2022-04-22,1255.2872314453125,1274.9437261640837,1248.6440386176957,1255.3327253469529,15054154
2022-04-25,1226.2574462890625,1255.1051538112451,1211.9928211860372,1247.825046254362,17063215
2022-04-26,1262.9541015625,1271.7586153913803,1232.0360622414871,1233.0825422871724,12227666
2022-04-27,1264.1827392578125,1286.7740721528176,1253.5808548135026,1253.9449263825297,19338945
2022-04-28,1283.065673828125,1297.239310503393,1267.7089550364747,1278.5610555725848,25614076
2022-04-29,1269.597412109375,1299.5827089210004,1263.7049887259216,1299.5827089210004,18214862
2022-05-02,1265.13818359375,1276.5362108883514,1254.9458650066724,1256.7432351242765,9467006
2022-05-04,1225.64306640625,1269.4835388914837,1217.7486714056079,1267.2084828840266,19247660
2022-05-05,1201.6412353515625,1242.18280014838,1197.591676403661,1239.2252151754037,17210669
2022-05-06,1192.42724609375,1209.8769247815503,1180.0963532492094,1188.582409796725,19649948
2022-05-09,1145.8568115234375,1181.711782557566,1140.715158224648,1171.6331985147315,18083752
2022-05-10,1125.9954833984375,1149.633416525882,1118.4195452683007,1135.2550569441219,19511677
2022-05-11,1114.4608154296875,1130.6820367729072,1102.0161891385821,1125.0853248600542,16643899
2022-05-12,1091.7559814453125,1107.8860980458353,1078.3786071325271,1104.5418146447614,20490321
2022-05-13,1104.132080078125,1127.5196744148523,1099.0131741208802,1103.8591166926499,19308778
2022-05-16,1104.4052734375,1128.8848441001169,1099.6048242868326,1107.7040627563247,13437911
2022-05-17,1150.793701171875,1155.6851383517537,1106.5892723531913,1107.999824091496,16551828
2022-05-18,1154.979736328125,1169.3808421611643,1141.2839062872033,1155.5712773721964,17276788
2022-05-19,1128.361572265625,1143.2177387581737,1122.0824507846328,1130.2499303127915,14699118
2022-05-20,1194.15625,1203.2337272058603,1138.4400638194588,1143.2176453948912,21793091
2022-05-23,1186.1707763671875,1207.3970487902327,1179.846041628983,1197.363959753279,15252755
2022-05-24,1190.2431640625,1200.3216273375488,1181.984697463416,1186.2163522132455,13527818
2022-05-25,1188.491455078125,1208.8304783808387,1183.713752995507,1198.956737262974,12714544
2022-05-26,1177.1617431640625,1198.911319486633,1159.3707382493358,1194.1336171006558,17882023
2022-05-27,1171.701416015625,1185.3744993862058,1155.7760235250337,1179.8688949887019,16521973
2022-05-30,1212.5159912109375,1216.7020315446362,1180.392124401247,1189.8562993151577,13853398
2022-05-31,1197.887451171875,1218.8862574674567,1190.1750310186887,1201.8687694825662,70620653
2022-06-01,1198.2742919921875,1208.1480337988985,1190.402522676765,1198.638243225424,9776989
2022-06-02,1239.5892333984375,1243.2975879303071,1198.5016232049925,1198.5016232049925,22126569
2022-06-03,1264.7059326171875,1281.9281427980586,1247.642951094485,1248.5530698496407,23939791
2022-06-06,1259.2685546875,1280.4038420032741,1252.102061607887,1264.9335082984549,11093152
2022-06-07,1261.634521484375,1269.9839758549958,1252.215840132052,1260.337704653236,12358255
2022-06-08,1239.4755859375,1265.3884552322884,1235.949206752914,1261.6346065371608,12479250
2022-06-09,1273.4649658203125,1275.3986973973456,1233.082627965682,1233.082627965682,17278305
2022-06-10,1235.0164794921875,1269.4381532361936,1229.215044054509,1261.24792684013,18093057
2022-06-13,1211.6514892578125,1216.156107684235,1190.4479609930536,1205.7819334162448,17620803
2022-06-14,1195.8170166015625,1215.7238471836963,1189.151077141205,1205.804612494347,14714312
2022-06-15,1181.3475341796875,1200.0030396756413,1175.9329182849908,1191.016551311612,11195535
2022-06-16,1164.830810546875,1209.8997420887063,1162.1006949883244,1193.4965424947006,17111475
2022-06-17,1178.4810791015625,1194.3382305909047,1163.0562400137392,1164.830742811065,24457187
2022-06-20,1157.1182861328125,1190.81193373047,1147.1306905067754,1185.3062092078612,12066797
2022-06-21,1175.7967529296875,1180.028288003995,1150.4070610668425,1164.8309161531756,11720049
2022-06-22,1140.0782470703125,1164.0573868656688,1137.9851663317936,1163.9663990536787,10617206
2022-06-23,1121.5819091796875,1148.9054514666468,1112.5044311379243,1144.3780859216936,19446323
2022-06-24,1137.5528564453125,1142.5351607614082,1122.9696539988313,1128.429884986889,14240234
2022-06-27,1134.185791015625,1157.9829545073123,1129.135125114688,1157.9829545073123,15474529
2022-06-28,1150.1337890625,1152.9776391694047,1129.3853215361614,1129.3853215361614,13572847
2022-06-29,1173.999267578125,1181.6663139665932,1137.985067118919,1140.8061704616555,19205146
2022-06-30,1181.052001953125,1190.2659611777156,1167.5608938992502,1173.9310028878358,23112959
2022-07-01,1095.987548828125,1179.3912376535845,1076.1035827419444,1171.6105762032093,81997149
2022-07-04,1098.262451171875,1111.139270756361,1076.6038647303487,1082.45079365179,41857728
2022-07-05,1107.1580810546875,1121.5591886498996,1099.8096118894064,1102.4942336887211,17647327
2022-07-06,1097.420654296875,1111.11648393539,1086.568674692882,1101.1745026432604,23943726
2022-07-07,1086.6142578125,1107.1580039571165,1080.6535938667357,1103.813720771296,23301033
2022-07-08,1088.11572265625,1100.2190253242575,1084.0887905138445,1100.2190253242575,19010108
2022-07-11,1102.903564453125,1105.1330060215998,1078.378383303484,1081.3359679020425,13847467
2022-07-12,1101.3338623046875,1110.092882939669,1093.8489116704193,1093.8489116704193,10778989
2022-07-13,1081.813720703125,1107.4992384747932,1079.7435076394818,1104.4506658974965,14224132
2022-07-14,1090.7320556640625,1107.4765795757364,1081.540843303509,1086.5687619025882,16970315
2022-07-15,1092.847900390625,1098.8540583216684,1084.33921677306,1098.8540583216684,9603210
2022-07-18,1102.1529541015625,1103.4041567519191,1088.5252438187727,1101.584159976362,15160908
2022-07-19,1108.909912109375,1113.4145306244031,1092.1653876854057,1092.1653876854057,16439888
2022-07-20,1138.8951416015625,1156.8681226053911,1131.273708960185,1155.730654624441,23924246
2022-07-21,1131.29638671875,1137.5301345200253,1122.6512213878611,1134.8000189659344,16523230
2022-07-22,1138.940673828125,1144.9468316984942,1135.2550660118313,1137.5301221641155,10969995
2022-07-25,1101.31103515625,1122.7194053701078,1093.3938930172108,1122.7194053701078,23110452
2022-07-26,1101.8116455078125,1112.003964591019,1097.193292295004,1101.629669898458,11303288
2022-07-27,1100.76513671875,1104.3141424256505,1092.938861823789,1101.1063409773997,8655086
2022-07-28,1118.010009765625,1122.9468197968529,1101.5840648849116,1108.409232735442,12496073
2022-07-29,1141.8299560546875,1145.3108414909532,1121.1497270683567,1126.018296934473,15130683
2022-08-01,1171.5877685546875,1177.4574449449278,1140.9881839019702,1146.2435722402156,15700044
2022-08-02,1176.046875,1186.5803984650074,1165.5360984864087,1170.5185233262116,13917913
2022-08-03,1185.9205322265625,1187.5813002703721,1168.220637135406,1183.0311881851292,14250977
2022-08-04,1170.245361328125,1191.107684300821,1153.455464512121,1187.5813052958538,14467127
2022-08-05,1153.0003662109375,1173.384882192994,1149.7925649671015,1172.1109326876474,13942438
2022-08-08,1168.083984375,1175.546187127536,1151.6352925910844,1151.6352925910844,10165178
2022-08-10,1175.068603515625,1178.4356336498447,1163.4884798945134,1172.5204636099309,10724688
2022-08-11,1178.981689453125,1187.5358669102814,1174.0220116644236,1184.4418001629217,8198226
2022-08-12,1198.046630859375,1201.845973401522,1174.9321182963517,1178.6176057306407,12650587
2022-08-16,1206.3734130859375,1209.1035287580976,1195.4531911057852,1204.052862906299,6607378
2022-08-17,1212.67529296875,1218.0216687174445,1208.3071564277768,1212.6070521185068,6595965
2022-08-18,1214.87451171875,1218.3894546289891,1205.24240897424,1214.2810405952932,7410035
2022-08-19,1193.2137451171875,1215.0571053038057,1189.1508525921777,1209.7161065799955,9460724
2022-08-22,1189.904052734375,1201.1795211355932,1180.500282384016,1194.6517009933089,9471680
2022-08-23,1208.2552490234375,1211.1768414672938,1182.9424687305054,1184.1522321085429,9678484
2022-08-24,1205.0369873046875,1218.846089361482,1203.0284828486285,1205.1968562417935,10369622
2022-08-25,1201.52197265625,1215.6048071686444,1197.2080472965745,1209.2367351350583,7871946
2022-08-26,1195.108154296875,1209.716117387308,1190.0867726380989,1201.9555917154182,10742038
2022-08-29,1185.8184814453125,1211.9985882371661,1176.8711343003506,1180.0437597555986,19838975
2022-08-30,1204.2152099609375,1207.5477042577893,1176.2091689010513,1193.282179919688,23139054
2022-09-01,1168.8138427734375,1189.1507627907063,1164.3858118822848,1178.9709525719995,19909939
2022-09-02,1155.1646728515625,1175.638520959865,1152.9734784565321,1168.8139049237643,12999345
2022-09-05,1173.1051025390625,1178.446101569222,1155.3929766209455,1155.3929766209455,11327815
2022-09-06,1185.453125,1189.6301230359006,1174.1091938151708,1174.5657379013658,10899618
2022-09-07,1178.56005859375,1184.5629915454858,1173.196239070829,1175.4787180326446,7488501
2022-09-08,1180.226318359375,1185.978218827882,1173.6528558204227,1181.527366464761,7057077
2022-09-09,1172.8768310546875,1191.4561604892992,1170.4573041604863,1191.4561604892992,8314850
2022-09-12,1186.0009765625,1192.3691689901582,1173.447281793324,1173.447281793324,7435419
2022-09-13,1195.9071044921875,1200.4492419384865,1187.3478372720913,1195.1082427715635,8888657
2022-09-14,1181.572998046875,1191.4561336808906,1174.451706778856,1175.4787801044877,8678219
2022-09-15,1169.864013671875,1188.5118075681453,1167.147811442509,1179.1308576947656,10365600
2022-09-16,1140.8763427734375,1165.4359048168926,1137.133067391258,1161.213264147553,20217708
2022-09-19,1142.35986328125,1151.6038847358493,1132.7277612467549,1140.8762459554318,7580254
2022-09-20,1142.54248046875,1158.4514907194557,1138.8220264150539,1151.4898271317024,8411448
2022-09-21,1145.6925048828125,1156.3060391967588,1138.9591731329301,1139.7580348153278,9207309
2022-09-22,1134.896240234375,1142.6110027498532,1128.5053470017444,1134.8505978968233,10308170
2022-09-23,1113.62353515625,1139.3927402184245,1112.0714541784876,1134.394179751921,9528051
2022-09-26,1085.252197265625,1103.7175409409906,1084.2479451217905,1092.8756748841324,12479523
2022-09-27,1093.8800048828125,1107.4607728213189,1077.3776445528867,1092.8528108642224,16154822
2022-09-28,1064.755615234375,1085.5490819988559,1062.3133878058827,1077.4918807802046,16997059
2022-09-29,1061.49169921875,1080.7557852500533,1055.8767254588533,1077.3321267840065,14671827
2022-09-30,1085.434814453125,1096.5047707006538,1054.9636064469146,1054.9636064469146,18613024
2022-10-03,1081.6688232421875,1103.3294933419215,1078.7015883112226,1091.7117072217247,11852723
2022-10-04,1101.6175537109375,1103.808747936222,1091.0953054950355,1094.58754770497,8948850
2022-10-06,1105.6802978515625,1118.4165611455717,1103.8771842481965,1108.8302224863316,13352162
2022-10-07,1110.359619140625,1115.6321543527151,1102.2795971833257,1102.2795971833257,7714340
2022-10-10,1098.2396240234375,1103.6262649687026,1090.1139598954956,1097.8743645838504,6329527
2022-10-11,1076.373291015625,1101.982746487589,1073.2691292307711,1101.982746487589,9215177
2022-10-12,1084.2935791015625,1087.2379927529598,1069.6171531804475,1073.6800455545388,7417103
2022-10-13,1087.7401123046875,1092.8527780894253,1077.3776122421918,1082.5360411069073,7328492
2022-10-14,1082.216552734375,1103.0556611703817,1081.48615457156,1102.4393688537991,9106089
2022-10-17,1099.586181640625,1101.9827665257233,1069.845490552908,1075.0495620947684,16729355
2022-10-18,1118.9873046875,1124.3511243615108,1104.7902440911478,1105.634748048647,12415820
2022-10-19,1138.4569091796875,1153.9550179585947,1114.6277458530562,1120.4709308445554,19247142
2022-10-20,1141.5155029296875,1149.9150215278255,1134.3942113183082,1134.3942113183082,8717053
2022-10-21,1128.2769775390625,1148.9106943491454,1126.177188586748,1144.7565172867282,8243452
2022-10-24,1132.0430908203125,1142.382770547029,1120.836206695688,1122.9816380159375,3370033
2022-10-25,1114.559326171875,1140.785075413764,1112.9387816840604,1140.785075413764,12233241
2022-10-27,1118.9415283203125,1126.8389796677511,1110.5648325053564,1122.068510929358,12513059
2022-10-28,1153.178955078125,1157.218905475806,1122.730566891981,1125.2640787350124,17609592
2022-10-31,1163.8837890625,1169.065039404331,1155.9406944170403,1159.957944449031,12419943
2022-11-01,1154.8680419921875,1186.8912136799254,1144.8936213637878,1186.8912136799254,13963166
2022-11-02,1162.08056640625,1164.1576549471247,1148.0890168960855,1155.986348539346,8981896
2022-11-03,1166.417236328125,1168.4258612328554,1152.6767205686606,1154.8679148064807,6693449
2022-11-04,1183.5816650390625,1186.8912175642852,1164.568612402097,1165.8467186255812,12575815
2022-11-07,1189.904052734375,1191.5931814379082,1175.0223567357784,1182.7827614663586,11789748
2022-11-09,1188.7171630859375,1196.9112902936065,1182.3489707407007,1191.5931131291466,11254205
2022-11-10,1174.3375244140625,1185.3161961635597,1170.0007782161263,1182.3261403082447,5966242
2022-11-11,1201.407958984375,1203.3251787933696,1181.4133535308406,1186.8912796597394,12310132
2022-11-14,1195.58740234375,1206.0640083384951,1189.2420312652064,1200.9284005914947,9043112
2022-11-15,1190.2237548828125,1198.9427700567662,1182.3263018305277,1197.0711926191022,7086433
2022-11-16,1183.3990478515625,1194.1723297469184,1178.3775455967132,1191.4561277313167,9716161
2022-11-17,1186.45751953125,1192.825591205946,1177.7612057960014,1180.020863607493,6661451
2022-11-18,1185.8184814453125,1190.9997319984882,1173.6985088451027,1189.9725379072304,5303197
2022-11-21,1164.4771728515625,1181.4131345958851,1160.9164671915146,1181.4131345958851,6390268
2022-11-22,1170.9366455078125,1172.5115476255721,1157.9037056180239,1161.783907991267,6611488
2022-11-23,1167.28466796875,1176.80266503484,1165.0934735308952,1175.4787957552544,6413408
2022-11-24,1177.3504638671875,1184.1522586948402,1163.2446877659072,1171.3703518394527,9389439
2022-11-25,1194.925537109375,1198.2579106358316,1178.7198513447252,1181.8697762735126,7349922
2022-11-28,1235.9874267578125,1242.1501079495758,1142.1545139312134,1190.9540185279361,31527484
2022-11-29,1238.1099853515625,1246.9888680905747,1229.8017525224489,1234.3438891412923,11058913
2022-11-30,1246.8519287109375,1253.28858432772,1231.7190805205594,1238.2470208025131,26164986
2022-12-01,1243.1771240234375,1257.648037723801,1239.8447507387561,1251.6222838141432,9485801
2022-12-02,1242.6522216796875,1254.4526976676975,1232.8147284105949,1246.235748845341,11589592
2022-12-05,1224.5294189453125,1240.1872774344642,1222.4980932976318,1238.0189040182454,14828536
2022-12-06,1228.067138671875,1231.1713003979203,1214.737403586102,1216.6091015367565,8594245
2022-12-07,1209.9442138671875,1230.2583124986502,1206.1324752746186,1225.6933546542932,8462111
2022-12-08,1209.3736572265625,1216.5635327967686,1205.1967796428094,1214.281053698547,7757008
2022-12-09,1191.04541015625,1214.2811038799705,1187.7357368415526,1207.8900896926802,12655763
2022-12-12,1192.871337890625,1197.3906539089487,1180.0437880026634,1180.272120443367,9479842
2022-12-13,1198.3037109375,1201.9555809304147,1189.9497141999723,1192.8713067918438,8333348
2022-12-14,1193.967041015625,1204.6718603186412,1191.9127734525748,1204.07838914528,7268947
2022-12-15,1177.0079345703125,1193.738505954403,1173.6527401257097,1188.0323691325584,8688551
2022-12-16,1171.1876220703125,1195.4733287956508,1167.7867851451592,1173.6527911334736,15837349
2022-12-19,1186.5716552734375,1188.7172073020977,1171.6898388274747,1178.2177795852808,7729933
2022-12-20,1196.8428955078125,1198.76011514875,1171.3703661582176,1179.5416726679264,7467588
2022-12-21,1179.8155517578125,1201.9555872542346,1175.9809916475376,1196.477661489117,8527550
2022-12-22,1176.757080078125,1189.0139802290078,1171.7127563166528,1185.9782816535776,7451122
2022-12-23,1142.2459716796875,1182.5546798699038,1137.7038341837574,1170.137910188138,10257115
2022-12-26,1152.22021484375,1160.414342154975,1137.7721216907048,1147.9748739735228,5990242
2022-12-27,1161.6468505859375,1163.518427683626,1148.2030104259682,1154.9363410889032,5763271
2022-12-28,1161.5328369140625,1163.9750640999512,1151.0562304776126,1158.5884232916014,7459393
2022-12-29,1161.0079345703125,1163.5642678265237,1152.8822699122077,1153.567025752554,6930648
2022-12-30,1162.7880859375,1176.3916749175478,1160.0035413220228,1161.829476176333,7289476
2023-01-02,1175.8896484375,1177.3048023328713,1163.244668797144,1164.066351583663,5316175
2023-01-03,1167.28466796875,1174.565828259546,1163.0621480210023,1170.9366586985077,7658932
2023-01-04,1149.7095947265625,1169.1107276232437,1147.6325061253483,1167.2618507099899,9264891
2023-01-05,1147.6552734375,1157.858025867488,1143.0674942432397,1151.969198619059,13637099
2023-01-06,1158.0863037109375,1163.1306272948216,1149.5955006159752,1153.4072395784428,6349597
2023-01-09,1185.430419921875,1187.804304506264,1161.0307261466326,1161.920872492315,10722753
2023-01-10,1167.90087890625,1189.6301316742909,1162.2403842296717,1189.6301316742909,8047142
2023-01-11,1153.178955078125,1167.7183330231771,1150.873534164056,1165.207642347734,11509553
2023-01-12,1128.2769775390625,1156.077627831873,1125.2641003718309,1152.5855061360771,17688773
2023-01-13,1126.4510498046875,1128.870455871767,1111.3866638722207,1122.2512303793665,20618583
2023-01-16,1115.723388671875,1131.951774613395,1107.917221092014,1128.7791493112115,13623855
2023-01-17,1131.56396484375,1133.4811846812154,1118.690771838856,1122.0687880986452,10751000
2023-01-18,1129.692138671875,1137.178689301756,1123.1414974309203,1129.1444306357287,13448286
2023-01-19,1128.482421875,1132.6364779441453,1121.4522950704254,1128.8703817084495,11940054
2023-01-20,1115.0614013671875,1129.8289903822717,1112.5963531280504,1129.8289903822717,14930286
2023-01-23,1109.4237060546875,1125.811961602633,1107.004299933337,1117.960272105855,10954118
2023-01-24,1102.873046875,1115.51790607312,1089.8171651533376,1113.851719292168,16488755
2023-01-25,1087.6259765625,1102.302402806859,1086.461976225218,1101.2753294802073,12385018
2023-01-27,1066.992431640625,1089.817223588686,1055.260418546103,1088.4706538388855,25830975
2023-01-30,1077.218017578125,1082.764407064242,1050.3987961919847,1064.4132886312711,21772103
2023-01-31,1074.5245361328125,1089.9541811505658,1068.6585300710096,1087.3749062182637,22691594
2023-02-01,1068.156494140625,1086.43914786492,1052.2246622437708,1086.43914786492,19347800
2023-02-02,1062.244873046875,1071.8540341073915,1054.9637127057106,1058.1591593362568,13662663
2023-02-03,1063.1805419921875,1072.3104574781503,1046.7466458186898,1072.3104574781503,24699575
2023-02-06,1055.1690673828125,1059.528634971871,1052.5899131464937,1056.7896118119152,14837879
2023-02-07,1052.6356201171875,1062.4502927137798,1046.7467924098464,1055.4202857843334,15135435
2023-02-08,1073.6572265625,1077.2863960062462,1053.137736379797,1055.8766387784026,21160332
2023-02-09,1075.5289306640625,1082.2850839057578,1065.4632246870067,1074.3421090421186,13172763
2023-02-10,1066.6728515625,1075.0039060071294,1059.6655455942528,1075.0039060071294,10790445
2023-02-13,1060.6014404296875,1072.7670546240697,1056.127767130611,1068.293381324993,10352493
2023-02-14,1085.5947265625,1087.329376978281,1060.738487756277,1063.6144381671827,14321920
2023-02-15,1110.1768798828125,1112.5735854842064,1083.2664969637603,1084.6358877756606,33503591
2023-02-16,1109.3095703125,1124.7163944448255,1107.0270912647763,1118.1656324865594,17264487
2023-02-17,1113.9429931640625,1117.2754874405753,1100.4306882070916,1104.7217922905263,11809520
2023-02-20,1102.16552734375,1118.3026298698114,1100.2025445254703,1116.13425652598,8836937
2023-02-21,1111.158447265625,1116.9558691842672,1101.22954869757,1106.547846833629,13311592
2023-02-22,1085.959716796875,1109.2866925279875,1084.2022454513722,1107.4379365148654,11024335
2023-02-23,1080.755615234375,1093.1952035465454,1077.948249542989,1085.5489053785018,9851910
2023-02-24,1088.1510009765625,1093.8344379808216,1080.9840672539892,1082.8100022510873,9434053
2023-02-27,1080.91552734375,1090.8672478016565,1073.543202799622,1087.3750050988056,11199715
2023-02-28,1060.2362060546875,1080.5274845520237,1056.1734344203933,1075.5516247048565,21994038
2023-03-01,1069.982421875,1070.712820002187,1060.5557097259696,1070.0280642112666,11551145
2023-03-02,1061.833984375,1073.5203549354069,1059.802538079039,1066.8326656493814,9333535
2023-03-03,1088.927001953125,1092.6018137297042,1068.909698230002,1072.3789987479975,14643807
2023-03-06,1099.5633544921875,1106.8216933590497,1095.5918675399987,1095.5918675399987,10171916
2023-03-08,1103.5120849609375,1104.265304210858,1088.7443751303776,1099.5632986303585,15782657
2023-03-09,1076.98974609375,1103.3067824873158,1075.0953474005576,1102.8960014079455,16235128
2023-03-10,1060.3046875,1070.0280749321848,1056.8124450060086,1068.8868957671646,13334091
2023-03-13,1042.8665771484375,1070.0281154160118,1038.5298305140532,1063.1806779260546,12771592
2023-03-14,1038.9635009765625,1052.2018311560978,1035.8136967949142,1040.812257084253,16027522
2023-03-15,1021.2056884765625,1049.1660857467195,1016.8004787547293,1042.6839083296516,21728555
2023-03-16,1016.1157836914062,1028.9433330363881,1005.2968594074098,1023.921951504309,18363159
2023-03-17,1014.837646484375,1028.0075129528561,1010.0900587449327,1024.720781814394,34014213
2023-03-20,1004.8632202148438,1013.4225471579439,995.1626537042278,1011.1400680229121,19524589
2023-03-21,1036.1102294921875,1038.0732119172073,1012.0528577510236,1012.9430039303461,21400360
2023-03-22,1039.26025390625,1046.0392280531037,1036.2473765076484,1043.0948141638403,10920094
2023-03-23,1026.1131591796875,1036.2016854580306,1023.9447859117854,1035.3343603002547,16249370
2023-03-24,1005.7989501953125,1027.117362031003,1003.3795441878093,1024.9489888672188,12375945
2023-03-27,1021.4340209960938,1028.943393312628,1004.383950761555,1012.2813433372775,14054323
2023-03-28,1026.2044677734375,1030.0846702786253,1021.1829653124684,1024.8349561252708,12576424
2023-03-29,1020.133056640625,1024.7436572444662,1009.3597140789179,1022.0959186617868,18804065
2023-03-31,1064.116455078125,1069.7770709600845,1029.2629756900762,1029.3999027039445,28171201
2023-04-03,1064.299072265625,1072.3106311531849,1056.7896998650788,1070.4846960590223,10293043
2023-04-05,1061.74267578125,1071.8540232011114,1053.8453439607506,1071.8540232011114,16262928
2023-04-06,1068.8638916015625,1074.592970502133,1058.2275373074351,1058.2275373074351,18435046
2023-04-10,1061.2861328125,1072.9496819536614,1059.779694186431,1072.7671126043012,12961408
2023-04-11,1066.535888671875,1068.6586196822263,1060.9210357303307,1065.4631729553812,10542367
2023-04-12,1071.2379150390625,1080.8927189104256,1063.660079131172,1066.5359087914262,18179087
2023-04-13,1075.2777099609375,1079.9795947799273,1069.115028980157,1074.1364101327636,12378208
2023-04-17,1080.73291015625,1106.9814803229494,1072.333391852291,1106.9814803229494,17929479
2023-04-18,1068.3619384765625,1085.0925121063174,1061.8111761257844,1085.0925121063174,10405576
2023-04-19,1073.68017578125,1076.373436165099,1064.6415432193398,1067.7685265934954,12273475
2023-04-20,1070.9637451171875,1076.875393044396,1064.5956738732273,1074.638556551585,7007330
2023-04-21,1072.310546875,1077.7884724738815,1066.5586465106753,1073.0637661728558,7647317
2023-04-24,1076.4190673828125,1086.8727319946267,1071.8539885727766,1084.1794719407253,12936186
2023-04-25,1084.6588134765625,1086.7359021827194,1072.995384428631,1080.0710338352167,9236126
2023-04-26,1078.290771484375,1089.2467445727555,1074.6159592843226,1086.005534613959,8617834
2023-04-27,1085.1153564453125,1088.2879820525134,1079.158065119624,1084.1795677314856,9167125
2023-04-28,1104.9500732421875,1106.5022750107378,1087.2608896802224,1087.374995527852,15565210
2023-05-02,1114.3310546875,1116.4994278601828,1108.4194062766874,1112.1170391794083,12981805
2023-05-03,1104.7674560546875,1116.1342091904096,1101.549188303151,1116.1342091904096,7061872
2023-05-04,1117.503662109375,1119.717677582049,1102.2567073883076,1105.2467632974385,8635233
2023-05-05,1114.650634765625,1123.5979821409157,1112.0258380416835,1114.3083172243437,8746585
2023-05-08,1128.4139404296875,1133.7777597410543,1115.7461404298203,1118.4165791288924,9153782
2023-05-09,1131.9061279296875,1135.2158009724574,1124.4652198090143,1129.8290394334551,6464721
2023-05-10,1139.6895751953125,1141.173192717246,1132.659447469911,1136.6766978121202,10872255
2023-05-11,1132.2486572265625,1145.578272899187,1130.536707274967,1140.7622816578707,10557860
2023-05-12,1134.0972900390625,1135.4896227195354,1121.3838473257679,1127.455243721531,6955341
2023-05-15,1136.3341064453125,1143.3184701435996,1128.984483334697,1136.6309023578756,6833343
2023-05-16,1120.1514892578125,1141.0589403639667,1118.485181669263,1138.5026071786638,8717229
2023-05-17,1113.5322265625,1125.2641183192468,1108.830341392445,1124.3511508366894,8798967
2023-05-18,1111.1357421875,1121.6123498838558,1107.9858169299096,1118.21139175125,10525531
2023-05-19,1114.7418212890625,1116.5678769225615,1104.1967514891073,1111.1355938507186,8050447
2023-05-22,1120.69921875,1125.7207212869755,1110.3596592183865,1111.5693019532657,7434906
2023-05-23,1120.49365234375,1126.6335119735163,1119.0784985578177,1123.2783175836105,6092034
2023-05-24,1113.9658203125,1124.8076864197674,1110.861658447196,1116.545095308795,8112254
2023-05-25,1113.8289794921875,1117.9603357408223,1102.9187697829475,1111.0672556833676,11487863
2023-05-26,1144.2088623046875,1145.3500415058625,1118.7591533794464,1122.0687058844728,12626260
2023-05-29,1150.6453857421875,1154.9364899661489,1144.5283465169668,1150.8279550929283,10010304
2023-05-30,1150.3486328125,1158.451475420254,1147.7921790871794,1150.645307987406,11342504
2023-05-31,1127.5009765625,1145.7381091276332,1123.4382047768395,1141.2416143873527,27107927
2023-06-01,1124.4652099609375,1134.3484659204855,1122.068625138698,1132.1800927726736,14592692
2023-06-02,1120.7904052734375,1133.412563645759,1118.8731857024297,1128.003101699598,15800644
2023-06-05,1130.856201171875,1133.8234358683376,1122.2739934203582,1126.2684221252366,10908682
2023-06-06,1131.81494140625,1135.626680467698,1123.8947880782737,1133.6866395560062,7493309
2023-06-07,1140.3970947265625,1141.241598708449,1128.7335456658939,1135.3071289198083,10312545
2023-06-08,1141.081787109375,1148.9335976883083,1137.133121023714,1143.9805586437908,12071109
2023-06-09,1133.0018310546875,1145.1446246797914,1131.1985964976163,1144.4370477074842,5877018
2023-06-12,1134.006103515625,1136.311403822295,1125.2641468372988,1130.0574375493186,6391969
2023-06-13,1150.759521484375,1151.946463788879,1134.9647365494955,1138.9591656822827,11248016
2023-06-14,1164.910888671875,1166.3488637759137,1149.0019986007082,1150.827933567815,13277380
2023-06-15,1165.2303466796875,1169.7953042210922,1157.4470010964749,1164.8879084532837,11813494
2023-06-16,1176.574462890625,1178.856942021871,1168.72265257123,1168.72265257123,24171579
2023-06-19,1164.8880615234375,1179.5873088461865,1160.7111839901809,1179.5873088461865,6798554
2023-06-20,1167.3074951171875,1170.457299404325,1157.2189687814275,1162.9480481347903,6921096
2023-06-21,1170.5943603515625,1173.1278723617306,1163.1534517577868,1167.2618659292657,6961603
2023-06-22,1157.4471435546875,1174.702723824018,1155.8494202932393,1166.8053921892115,7619166
2023-06-23,1147.974853515625,1156.4884770186727,1146.7194478373872,1154.434209748897,6628570
2023-06-26,1139.210205078125,1148.2716583591261,1136.0832218598148,1144.437098137329,12641159
2023-06-27,1139.62109375,1145.578264166708,1135.1474200849475,1139.666736088607,9689466
2023-06-28,1154.708251953125,1158.519990797568,1140.2600374666351,1147.1760589375283,11354006
2023-06-30,1164.1805419921875,1167.1021346662303,1156.511421596289,1162.423070452648,11151555
2023-07-03,1194.0582275390625,1196.9341777415286,1166.5086096788432,1167.741194264735,12154387
2023-07-04,1181.7557373046875,1198.3037415268395,1174.6799673322103,1198.3037415268395,8061643
2023-07-05,1179.8155517578125,1190.9997357239995,1175.8440646341217,1190.9997357239995,10248062
2023-07-06,1204.5804443359375,1207.1824197013011,1175.958111582341,1175.958111582341,19117987
2023-07-07,1202.2294921875,1216.5406584496827,1199.6730384312104,1202.8686056265724,13375267
2023-07-10,1248.541015625,1258.1046546175523,1221.1284462814795,1227.4736968882496,33240016
2023-07-11,1262.076171875,1264.4955779542368,1249.705166712445,1256.6895309307056,20069348
2023-07-12,1263.468505859375,1279.103541836806,1260.683840337917,1262.806571231475,18733835
2023-07-13,1252.170166015625,1277.7339788902639,1249.545369524751,1270.8408996155135,14682934
2023-07-14,1251.1202392578125,1260.3414396091937,1243.9988277461352,1255.365580017741,15124144
2023-07-17,1276.6842041015625,1285.060901535764,1245.3228457945552,1253.9963391795925,22220040
2023-07-18,1287.5257568359375,1295.2861607810748,1274.9948839462775,1285.9508548808042,25867313
2023-07-19,1297.2950439453125,1303.754521961654,1276.8211937050912,1291.885581272737,39122156
2023-07-20,1295.7237548828125,1301.2135132047797,1276.0147195399904,1276.0147195399904,38717624
2023-07-21,1255.613525390625,1293.2757006107088,1248.1206953399467,1290.357730278342,30249238
2023-07-24,1230.2166748046875,1243.8423605772516,1221.2648606691866,1227.0514151401742,23727866
2023-07-25,1229.425537109375,1239.0203294862108,1226.5569523456327,1233.4810641733905,12026020
2023-07-26,1249.4063720703125,1259.6936470475673,1229.029726310642,1229.029726310642,12911012
2023-07-27,1237.7838134765625,1255.06933898356,1231.6758304667376,1253.2889256301971,17226898
2023-07-28,1250.2225341796875,1257.6412248805652,1236.7204929547063,1242.4081558253793,20827852
2023-07-31,1260.8065185546875,1263.1062644351005,1245.3261593927457,1250.222567835286,8551174
2023-08-01,1242.9769287109375,1265.6286894674379,1239.0697997346808,1263.6503718598296,9536632
2023-08-02,1229.697509765625,1242.383422770223,1218.4458286875906,1240.9985763343113,12748214
2023-08-03,1224.5291748046875,1236.8936606795558,1215.7010043381908,1224.23249959185,10168350
2023-08-04,1241.1717529296875,1244.3617658987635,1222.4024889169664,1235.8550243989196,22885610
2023-08-07,1248.2442626953125,1250.4945023600335,1238.92139273861,1246.8346631113916,5982870
2023-08-08,1240.7264404296875,1253.486611833248,1236.2258407843067,1250.2965991690858,9844072
2023-08-09,1248.9119873046875,1250.7914133404697,1227.1011062817865,1238.8473680717575,11486586
2023-08-10,1254.475830078125,1261.177404750792,1240.6276075945868,1248.788167272386,15470598
2023-08-11,1259.767822265625,1265.5544976220099,1242.5565564009414,1252.4975295128647,22179330
2023-08-14,1274.6546630859375,1277.1523130180672,1248.8128913733601,1255.737002454242,9575812
2023-08-16,1273.6160888671875,1277.3996937112483,1261.672044700447,1261.672044700447,10203112
2023-08-17,1255.2425537109375,1275.0752365265755,1252.695518025622,1269.6348629683328,13673744
2023-08-18,1264.5406494140625,1274.827925208279,1240.6771930744892,1251.9041214413387,18639978
2023-08-21,1250.74267578125,1268.3374245054665,1248.5836072167706,1260.6443643964944,9221746
2023-08-22,1250.44482421875,1259.6517042081298,1240.319812990251,1249.204008079304,7713044
2023-08-23,1251.8345947265625,1262.0838090060652,1249.2288807667073,1252.8272476636503,9517952
2023-08-24,1230.7904052734375,1260.6195534341234,1226.4227081001463,1260.6195534341234,14140020
2023-08-25,1225.1075439453125,1243.2978613921046,1212.3271367872899,1218.9778633049934,22222400
2023-08-28,1212.8978271484375,1232.8749678308823,1206.6193456890517,1226.9190501118926,12580826
2023-08-29,1201.2838134765625,1217.7121468384466,1195.2285336373561,1217.0173382536789,16876644
2023-08-30,1200.1422119140625,1212.5255327642963,1198.628391987628,1207.0659417448908,12168946
2023-08-31,1194.65771484375,1203.5915905675504,1191.133748727762,1202.5989377093504,21638600
2023-09-01,1197.4619140625,1203.9141576589248,1192.0023233270636,1194.4343955405523,18112842
2023-09-04,1196.494140625,1202.921543874001,1193.8140262826475,1197.4619529612135,9347626
2023-09-05,1202.8968505859375,1208.033756715794,1197.3627378820318,1201.1100268699734,8675876
2023-09-06,1205.4281005859375,1209.125708635972,1199.745186611218,1201.6560920331103,8200370
2023-09-07,1207.06591796875,1210.1679582595825,1196.6430625915527,1201.9537313347682,13652572
2023-09-08,1215.1064453125,1218.9778160313297,1202.5742018862823,1211.0365924741222,23109288
2023-09-11,1228.20947265625,1229.326207160582,1216.9924464989115,1216.9924464989115,13271074
2023-09-12,1210.4659423828125,1232.3787090583842,1209.0265228175713,1232.3787090583842,16255666
2023-09-13,1216.52099609375,1222.2783103355039,1204.2120756300537,1211.0365644667,12803338
2023-09-14,1217.6376953125,1223.8417758931353,1213.5181615722684,1220.9630582690309,9209636
2023-09-15,1219.8961181640625,1224.9337835939812,1215.7517434819517,1224.9337835939812,25468592
2023-09-18,1209.274658203125,1216.4962329024152,1207.0908701058952,1211.061482045193,7516300
2023-09-20,1182.323974609375,1204.8821081322808,1168.8487603007638,1202.623798606989,57081884
2023-09-21,1173.712890625,1186.2699748730859,1171.3304992731428,1178.750555955457,12226182
2023-09-22,1168.8240966796875,1182.47307577697,1166.3673046768697,1179.2717940052096,19176786
2023-09-25,1161.6273193359375,1171.6779308453931,1158.9720452955405,1166.5657437194718,14254884
2023-09-26,1162.6446533203125,1166.4663425671888,1159.2200494490667,1160.684188171601,10087782
2023-09-27,1175.7476806640625,1177.1871000752483,1160.6594050312615,1163.1410372849095,11722778
2023-09-28,1158.4755859375,1182.7459002555731,1153.9589668880435,1182.7459002555731,14518346
2023-09-29,1163.8856201171875,1175.847137006539,1158.475709840611,1162.2973995824232,12342014
2023-10-03,1150.55908203125,1159.220075299941,1149.492028660551,1156.415758225436,8859056
2023-10-04,1148.5738525390625,1150.981084388904,1139.1189302205564,1146.0178196869251,10286386
2023-10-05,1148.549072265625,1156.14276991832,1146.017758932428,1151.105104982258,10953682
2023-10-06,1150.4847412109375,1153.8597853939605,1147.5316229908371,1150.0132553057874,5431026
2023-10-09,1140.6822509765625,1147.4818990309532,1139.0691900320726,1145.5711149238573,7576878
2023-10-10,1145.719970703125,1150.435072150941,1143.4121010954177,1144.8018394410437,10236032
2023-10-11,1163.910400390625,1166.2182699823193,1148.0031129607796,1148.7227620999727,9814118
2023-10-12,1166.0693359375,1171.0078811502246,1160.485663265934,1163.3148210249558,12554450
2023-10-13,1166.0198974609375,1170.0897506197043,1156.0188455521982,1161.4040366702475,10150316
2023-10-16,1163.4140625,1168.6254903286665,1159.4186102633319,1163.885548402189,5929036
2023-10-17,1168.972900390625,1171.18152891328,1162.0491704758838,1169.3451452373686,7928180
2023-10-18,1153.4627685546875,1174.8048077319042,1151.9737890772074,1168.9729714451066,8918320
2023-10-19,1144.603271484375,1152.37085365543,1142.0472385636656,1147.5068298823098,12032556
2023-10-20,1141.104248046875,1148.846868358942,1139.7145096810816,1141.5508934053469,8913312
2023-10-23,1123.2861328125,1144.6530132953733,1119.3403612940447,1136.5877075106362,7853962
2023-10-25,1120.6802978515625,1132.219887961399,1113.2602415640138,1116.7593673158804,11620688
2023-10-26,1105.0709228515625,1120.7052071856403,1101.9937228681183,1117.2309217780673,15222534
2023-10-27,1124.5765380859375,1128.3982276638756,1109.761144511754,1111.7712909465938,11771084
2023-10-30,1147.7548828125,1153.958963260135,1126.6361687340607,1128.6463150337838,16813304
2023-10-31,1135.5452880859375,1155.4480281047179,1133.0636557231696,1155.4480281047179,12808438
2023-11-01,1140.2603759765625,1150.236586425296,1129.2419526519689,1136.1656826268284,10309190
2023-11-02,1151.57666015625,1153.6116471680004,1145.4966608528325,1148.4746196953226,10562104
2023-11-03,1151.3284912109375,1158.897469898072,1149.3680258840427,1155.0509397455937,8850156
2023-11-06,1160.9075927734375,1161.4039192346488,1154.256866662586,1157.5822297180116,10647304
2023-11-07,1153.3634033203125,1160.9572220726066,1151.2540159543112,1158.4507493206686,6960204
2023-11-08,1159.368896484375,1161.900209827792,1152.3459257444151,1157.4332718147846,7884494
2023-11-09,1146.787109375,1159.3689122452765,1143.6353879313751,1159.344192861405,14513610
2023-11-10,1148.946044921875,1149.6658152095554,1140.5830169850344,1144.3054653415224,7734954
2023-11-13,1148.7972412109375,1153.7605056745233,1147.3578218124285,1152.9166537769547,3854810
2023-11-15,1169.5684814453125,1172.2982770196893,1154.9516911953863,1161.4039352802765,12220648
2023-11-16,1171.6778564453125,1178.3534231349859,1164.8533675821152,1166.9131951067154,13134910
2023-11-17,1169.121826171875,1177.9067803474445,1167.3846835483773,1167.8064883385834,7758634
2023-11-20,1166.044677734375,1170.5363354915235,1159.617152805321,1165.647592311094,4490186
2023-11-21,1180.7109375,1185.227556641674,1171.4296571663483,1174.3083747965666,8214450
2023-11-22,1185.326904296875,1188.4289448727575,1177.3856804226161,1178.7754188353035,8534814
2023-11-23,1188.9500732421875,1191.1835423841578,1185.3268657327444,1185.3268657327444,8531542
2023-11-24,1188.1558837890625,1192.474021001291,1186.7414260587238,1187.0144298509326,6749486
2023-11-28,1188.404052734375,1191.034607263244,1178.899449291774,1188.1558894990753,13792174
2023-11-29,1191.5308837890625,1197.1145563492605,1190.2156671664848,1195.1540911072586,12531306
2023-11-30,1179.9913330078125,1191.530923348677,1176.2440439527552,1188.5529645510346,28439984
2023-12-01,1188.3544921875,1189.3967050711567,1180.0658643673892,1180.2643464861462,14342842
2023-12-04,1201.209228515625,1215.9997806950958,1190.4886500919326,1215.9997806950958,15590990
2023-12-05,1209.9197998046875,1211.4584602643838,1201.9288955146308,1210.540207865299,12693624
2023-12-06,1221.5091552734375,1227.3905513904704,1208.5549856031337,1214.560584514323,16422442
2023-12-07,1219.4990234375,1221.4346482742724,1212.0292855470004,1220.9631623446442,8142096
2023-12-08,1218.853759765625,1229.251775342433,1213.5182500771466,1222.874052744466,10204894
2023-12-11,1220.6405029296875,1224.7351961410227,1217.1909371644088,1218.9777608532804,7066138
2023-12-12,1203.1202392578125,1223.41994400905,1201.1844932637518,1220.9631521449135,9197124
2023-12-13,1208.03369140625,1210.2176004047437,1194.3103140708777,1202.102614795848,10031182
2023-12-14,1223.0228271484375,1228.3831772791464,1212.3518080035872,1217.9851619285064,16972354
2023-12-15,1238.6324462890625,1240.8162343922088,1225.951280138882,1229.8970515295573,15932152
2023-12-18,1251.239013671875,1258.1379030406688,1236.3243792186838,1238.6323699765335,14165188
2023-12-19,1269.6527099609375,1277.4945707453207,1253.3234974409622,1268.1140495332209,16820604
2023-12-20,1254.2913818359375,1289.8780864366483,1250.7426960684581,1276.080186427869,17736722
2023-12-21,1271.8614501953125,1277.2962009364337,1249.8741628164655,1254.2170195322976,13765454
2023-12-22,1273.1021728515625,1280.968874306117,1264.4660199985942,1270.3972179591544,16541784
2023-12-26,1279.554443359375,1286.453332624264,1271.935783794956,1274.5663382448713,7465664
2023-12-27,1283.922119140625,1290.3990823415181,1277.0976304877347,1281.514887400953,9204156
2023-12-28,1293.203369140625,1296.4046504171113,1283.9220890250845,1285.3862277761266,12302636
2023-12-29,1282.9791259765625,1297.397434632089,1280.174929799553,1295.9581362918193,10864584
