Price,Close,High,Low,Open,Volume
Ticker,SBIN.NS,SBIN.NS,SBIN.NS,SBIN.NS,SBIN.NS
Date,,,,,
2014-01-01,155.03515625,155.9003426147356,154.70137468713887,155.6456103474798,5904780
2014-01-02,153.063232421875,158.63205314476272,152.14974258433062,155.10981582054558,19451900
2014-01-03,151.04739379882812,152.4835230646238,150.2876198718886,151.69298987360145,13759590
2014-01-06,148.28054809570312,151.42946549160757,147.74035113281835,151.24501714516867,13907830
2014-01-07,145.93093872070312,149.49708328014665,145.36878805225973,148.69777131951852,17352910
2014-01-08,145.5576171875,147.3846100183518,145.0174336489705,146.18125951161963,14248790
2014-01-09,144.03366088867188,146.0494981652823,143.17287069492627,145.19310406625914,14791100
2014-01-10,141.253662109375,145.4566237747581,140.53779556876006,144.01171581130276,20473070
2014-01-13,144.16107177734375,144.49923610778615,141.42936715454726,141.42936715454726,15564850
2014-01-14,142.9532928466797,144.84176416528308,142.58877882663697,143.612063781457,10197000
2014-01-15,144.1127471923828,145.6323085125336,143.3485637354997,143.3485637354997,13624980
2014-01-16,143.7174530029297,145.083311616944,143.38806755809148,144.41574853765928,7241970
2014-01-17,142.43067932128906,144.4465169501302,142.0310233108212,143.5725517222357,11207380
2014-01-20,144.2137451171875,144.5694803646144,142.0002709310749,142.43067278476417,9468650
2014-01-21,145.7640380859375,146.92348130027602,144.59581608460365,145.27215795963446,12351890
2014-01-22,144.65289306640625,145.62787440637743,143.63399099166173,145.28091802521263,9821920
2014-01-23,145.6586456298828,146.07147648374576,143.71307870538266,143.96340147200814,9241310
2014-01-24,142.39991760253906,146.23836527218947,142.1188489797716,144.84176073743973,16616560
2014-01-27,140.0546875,140.88912794063046,139.04896019592402,140.35332708460828,15688040
2014-01-28,140.2128143310547,142.99721795879628,138.6273652634951,140.80569746828652,18296910
2014-01-29,138.22332763671875,142.45262594115283,137.902720944572,141.67967712869535,17594550
2014-01-30,133.21226501464844,136.8486799067583,132.63693949133932,136.5851688618489,20955320
2014-01-31,133.8490753173828,135.17979208557318,132.89606085910586,134.43319305879177,13174950
2014-02-03,130.7308807373047,134.3014073647603,130.43662387043088,133.9500682844492,14150230
2014-02-04,133.10687255859375,133.68659426397036,128.8380358782641,129.47045711999667,18002040
2014-02-05,133.66026306152344,134.3805258990492,131.85084058073951,133.41432292254692,13227190
2014-02-06,132.1802215576172,135.0831996774247,131.17889005422407,133.69540039953597,16116300
2014-02-07,134.17848205566406,134.8021245441545,132.06164127694302,133.51532831540447,18203400
2014-02-10,132.99267578125,134.6396030717765,132.39538318113352,134.42001276637296,10494640
2014-02-11,133.4845733642578,134.16969413442794,133.0278217165676,133.06734636837777,7118720
2014-02-12,134.60887145996094,135.26764244589876,133.339632927077,134.1345622472869,15539930
2014-02-13,131.802490234375,134.8987216657934,131.40723035452322,134.6527815893199,13251910
2014-02-14,129.56704711914062,133.0541419220765,127.8103248366632,131.95619049552812,45823350
2014-02-17,129.43533325195312,130.42788589837932,128.52622600869006,129.11912261963255,16601150
2014-02-18,131.83766174316406,132.61500679455077,129.2157523020095,129.7339823362673,13981720
2014-02-19,132.46128845214844,133.07175607670263,131.57854433262588,131.74543514805026,9753850
2014-02-20,130.05015563964844,131.84640266477004,129.67684945337382,131.4906674550583,10363320
2014-02-21,131.93865966796875,132.193378553362,130.43665591477915,130.43665591477915,9430050
2014-02-24,132.6764678955078,133.28253929514685,130.80555416666192,131.82006032597806,10295950
2014-02-25,132.2812042236328,133.59874604497287,131.67513284137982,133.2473935176451,9445490
2014-02-26,133.54603576660156,134.81087808464954,132.21971513175532,132.63254598286065,31769610
2014-02-28,134.6747283935547,135.2149253568742,133.3352329238095,134.3189931795508,13109410
2014-03-03,133.36599731445312,136.9013962768335,133.0805191624234,134.38928235808302,16179310
2014-03-04,136.17674255371094,136.5720024442082,133.07173225119467,133.33524331243598,17249460
2014-03-05,138.48245239257812,138.95676162004372,135.26764666429096,137.0243693482428,25001030
2014-03-06,138.55270385742188,139.08850473846437,137.20002007124242,139.08850473846437,22604310
2014-03-07,144.8988494873047,146.19883368945787,138.98308637755167,139.13240617048925,51525570
2014-03-10,148.63186645507812,150.28758566327076,144.0512166543399,144.40255572411357,44180640
2014-03-11,148.42364501953125,152.61546189009863,147.64820501054433,149.7706988786138,25625230
2014-03-12,145.79156494140625,148.35273172619418,145.11804483807975,147.04999155484745,17206710
2014-03-13,146.4119415283203,150.3024342819449,145.5966098491684,146.22582997658768,29306490
2014-03-14,146.59359741210938,147.89191575642198,144.80787047500633,144.985124715221,17043720
2014-03-18,150.77210998535156,151.45448737279017,146.66892074542318,146.66892074542318,29193580
2014-03-19,151.44117736816406,152.38500057564926,150.35113431509262,151.54309718469818,17798490
2014-03-20,148.7028045654297,151.1886506946386,148.2198178430031,151.1886506946386,14052620
2014-03-21,150.84744262695312,151.70263889547823,149.68206495987283,150.47966847504338,16902930
2014-03-24,152.9256134033203,154.19291082833055,151.62730865844762,151.62730865844762,16494770
2014-03-25,154.5030975341797,154.88417794745803,153.14718635148853,153.5637095014761,16789650
2014-03-26,156.6388702392578,157.21490593717988,154.33913581504038,155.455764477323,20279380
2014-03-27,162.798095703125,164.2869476196073,157.7466604058838,157.7466604058838,48585150
2014-03-28,168.55404663085938,169.79474500581034,164.5261785179477,164.5261785179477,33298740
2014-03-31,169.94985961914062,171.81977826927567,167.0696540006568,169.71057721220012,25924470
2014-04-01,167.81849670410156,171.35449408256667,165.5010342479689,170.8626501101873,22272160
2014-04-02,171.4741668701172,171.92613276336905,167.30007800617548,170.1536984049838,19202730
2014-04-03,168.0444793701172,171.748873818043,166.92785071088957,171.3943788703996,20425470
2014-04-04,168.62939453125,169.47129810081236,165.73589614070227,168.29262769438495,20800500
2014-04-07,170.3663787841797,170.65883204750907,168.23944964794765,169.24087929002107,22630300
2014-04-09,175.9141082763672,176.53445759095763,171.04434925358115,171.04434925358115,26631730
2014-04-10,179.729248046875,180.78828394613268,176.37492668318728,176.80030709437975,28796540
2014-04-11,176.72499084472656,179.87549991296098,175.86093721832364,178.57275959243884,20895560
2014-04-15,174.05746459960938,177.66437460779818,172.6040691286118,176.8003075453413,16863520
2014-04-16,173.64537048339844,176.7692801673834,172.8211815973171,174.23027698028213,19376260
2014-04-17,178.7765655517578,179.19308865601607,173.94224981741522,174.3321874914101,21513800
2014-04-21,183.63304138183594,184.22680518424528,179.1930852947497,179.1930852947497,18872420
2014-04-22,181.5460205078125,184.06730952067832,180.80603671933278,183.80144165646834,18364100
2014-04-23,183.02157592773438,184.15593283711843,180.86363925654362,181.231413436556,23265390
2014-04-24,183.02157592773438,183.02157592773438,183.02157592773438,183.02157592773438,0
2014-04-25,184.7984161376953,187.12917144762915,181.04528616266867,182.56072335992067,22655730
2014-04-28,186.65505981445312,187.7894167333162,183.57546319962924,184.33317510906173,16889200
2014-04-29,183.07473754882812,188.3122840671893,182.56072998731685,187.85588278312503,16514320
2014-04-30,184.20909118652344,186.79684355536924,182.02013381733605,183.44250850924442,22114870
2014-05-02,181.51498413085938,186.53096239700238,180.79713695560616,185.66247346734923,15446470
2014-05-05,181.1915283203125,183.4336566192725,180.34518932264652,182.07331005389625,13172760
2014-05-06,181.86949157714844,182.89307134283143,180.85034722461768,182.54301176883303,9841880
2014-05-07,183.96095275878906,184.7762708925333,181.14277526450337,181.82516623830026,19519520
2014-05-08,185.37448120117188,186.46008913235084,183.55773327892425,184.90920906843718,19363440
2014-05-09,192.5971221923828,193.65615808275564,184.33315071232374,184.33315071232374,27635400
2014-05-12,198.75192260742188,200.71045492237707,193.9043137494896,193.9043137494896,26436870
2014-05-13,201.71189880371094,205.9568732706146,200.32053129940675,202.0575229731557,32756640
2014-05-14,202.2834930419922,205.23459767414607,200.92758193027285,202.23474406864275,28870930
2014-05-15,201.99102783203125,204.09579336752688,201.37953589178716,202.94370847515677,21093980
2014-05-16,214.2163848876953,222.17461015389478,203.91854716700206,208.26100527214768,79653680
2014-05-19,227.5894012451172,229.9556126975971,217.03455280442057,217.03455280442057,36044700
2014-05-20,223.91603088378906,231.74576467663158,222.4759281396226,231.36469782594602,23419880
2014-05-21,217.94737243652344,224.21293404068234,217.30043771751676,224.03569331908326,23542300
2014-05-22,222.5867156982422,224.92190645030328,218.98425448541136,219.3387359223064,20116860
2014-05-23,244.01988220214844,246.1024977817487,221.31056917210157,223.32670765158292,89947940
2014-05-26,239.44700622558594,251.23368312364707,232.98647583709004,251.15392682813481,43472930
2014-05-27,233.01747131347656,239.27859675895158,231.89642084031223,239.0304570737502,21141040
2014-05-28,231.3203887939453,234.48419048344832,229.54354614124097,233.6954712901453,22103120
2014-05-29,231.87747192382812,235.54535194909678,229.96555875694224,232.0067335421792,38177620
2014-05-30,226.6007537841797,233.5309118540486,225.59799700618044,232.01119021694902,23614930
2014-06-02,235.7325439453125,236.35649243699243,225.2147357813839,227.20241893415582,22338560
2014-06-03,235.77706909179688,239.596461373896,233.65124329297535,237.6444260707645,31312470
2014-06-04,239.11517333984375,240.1000859519805,233.73593688345002,233.73593688345002,19581210
2014-06-05,240.4744415283203,242.71168471303685,238.07673659367194,239.28005010981607,21508380
2014-06-06,244.2091522216797,245.53723907971496,242.02982109575657,243.78129956335516,23003760
2014-06-09,241.36131286621094,246.14333945177088,240.40311224901563,245.56397435367165,16762200
2014-06-10,237.6132354736328,242.30168922855958,236.3029655216656,241.90949773262935,15604840
2014-06-11,240.42543029785156,243.6699189095177,237.452820887983,239.14636038020038,20880260
2014-06-12,240.7775115966797,241.5529725067276,237.9965370772586,240.4031370875949,17608610
2014-06-13,232.45240783691406,241.5529754198873,230.50037239079415,241.37469666074082,18537170
2014-06-16,230.0234832763672,233.0807706087507,227.02858262384933,232.71977927302046,17379420
2014-06-17,236.4990234375,238.1970235647138,227.60347542471686,228.54829282244916,22808210
2014-06-18,235.45172119140625,239.26219108847977,232.34095587777557,235.3135646941351,25021300
2014-06-19,232.23402404785156,237.84052900162132,231.33822364448662,235.93753797711608,21446630
2014-06-20,230.24185180664062,233.8651482278161,228.86028677584906,232.37216578481497,15397210
2014-06-23,231.7660369873047,233.93644602535505,228.80681115899958,230.32207166112514,17948990
2014-06-24,237.3815155029297,238.32633309067504,231.76606096280875,231.76606096280875,17354830
2014-06-25,239.9396514892578,241.04490362339226,235.95536334584685,237.45280698593598,23118070
2014-06-26,236.43218994140625,242.22589489071754,235.26453773543543,240.6615902021612,17973090
2014-06-27,235.22000122070312,237.97869775235327,234.24398348943382,236.69516683995747,10927310
2014-06-30,239.43601989746094,241.28109878017673,235.80826241150672,236.20491492909127,15140470
2014-07-01,238.89675903320312,241.46382067302957,238.56696783113836,240.57248133706304,9828620
2014-07-02,240.86221313476562,243.2465353306031,239.9797685645787,240.66611736378206,16497960
2014-07-03,240.3229522705078,242.4889007328451,238.6338737061088,240.66166563364325,14368590
2014-07-04,240.4922637939453,241.9718903541888,237.1007241527232,240.75075981751354,15306300
2014-07-07,239.2978973388672,241.88723728931566,238.43329700558982,240.40314952517284,13937420
2014-07-08,229.53768920898438,240.39422267275023,228.18286325097782,239.14632587813284,17690110
2014-07-09,230.16610717773438,233.07631598646506,226.8904323736052,230.8568897279294,18223190
2014-07-10,226.90826416015625,236.37874472478597,223.28050648844666,230.2463256633993,37386490
2014-07-11,216.1720733642578,226.72998919694297,214.9910514295657,225.6425540870636,22975720
2014-07-14,214.90635681152344,217.56700514987537,210.92653012540526,215.70410928838496,16142970
2014-07-15,224.40357971191406,225.04980615174452,216.3414172878363,216.3414172878363,20244400
2014-07-16,229.39064025878906,230.53601454801097,226.0391957144983,226.22192190700426,21653240
2014-07-17,231.9487762451172,233.78939408734263,225.78515733033416,227.91545772673422,16169410
2014-07-18,228.4056854248047,230.41119876024197,226.19070681919138,230.10814667595776,13962750
2014-07-21,224.90274047851562,230.1438199561027,223.95790938842526,228.27200197103346,12814270
2014-07-22,224.99185180664062,227.20236933797392,223.1423255834225,225.3305650738134,10256470
2014-07-23,226.431396484375,229.337171488378,224.35011310452794,226.57846149372818,15629540
2014-07-24,227.9243621826172,229.15886212907506,225.5221964115397,227.20236597631185,12997790
2014-07-25,222.88385009765625,228.80681736677795,221.32846731581895,226.62302512313576,13895680
2014-07-28,221.91229248046875,225.6871150777138,220.60648362943022,223.29833220758562,12536680
2014-07-30,220.11622619628906,223.43200931135578,216.62217795045956,222.03261375407246,24264520
2014-07-31,217.41995239257812,221.23042265115583,216.95199107611975,219.00207428923693,18349440
2014-08-01,217.23724365234375,221.49784497466072,214.81279935168305,215.25846905988155,20333530
2014-08-04,219.39427185058594,220.07168487508895,217.5670234230766,218.64555004443636,13946260
2014-08-05,220.50843811035156,221.40868594475026,217.62495481015915,220.74464249070542,17961890
2014-08-06,216.26119995117188,219.6884006840023,215.80216075084425,218.82380046579163,12928410
2014-08-07,217.13916015625,218.28898183046815,214.39383357195825,215.2584337521081,15579810
2014-08-08,215.52139282226562,217.96811494400782,213.03010101363242,214.9910448300078,32789900
2014-08-11,215.20941162109375,217.48231582668313,214.36708950196353,216.59543762568458,12536370
2014-08-12,216.5196990966797,217.3887604308311,214.0997159487633,215.7041295498646,12331020
2014-08-13,211.15382385253906,217.1569944845769,209.68756691963898,216.14977673969162,20923880
2014-08-14,210.57888793945312,212.45070571699551,209.47362242500105,212.22787091494317,15800260
2014-08-18,215.81106567382812,216.52860087843368,209.82126452556923,209.91040389533978,16556210
2014-08-19,217.68736267089844,219.44774976289617,216.5375272693264,216.9698274069972,15948060
2014-08-20,215.2361602783203,218.22659978507457,214.6790732226261,217.93245618757703,16065950
2014-08-21,219.94244384765625,220.77584395691184,214.82169007562024,215.1693118752231,27963970
2014-08-22,225.0364532470703,227.20240140142602,221.0298871059686,221.0298871059686,26474960
2014-08-25,223.3830108642578,229.73378998349537,222.09501900531188,225.50885026794134,26784130
2014-08-26,222.47828674316406,223.63701691101016,219.73740761333383,222.82144746508675,14312180
2014-08-27,223.28050231933594,225.97679835414613,220.51734495412245,223.73063303353987,14200130
2014-08-28,219.3318634033203,224.95175104164315,218.64552834874027,223.90442466631993,14700480
2014-09-01,223.22256469726562,224.34566096643064,220.41929867404002,220.78475106641147,15193550
2014-09-02,224.79579162597656,225.86539617471976,223.1913780024819,224.3634914774344,16508080
2014-09-03,223.28050231933594,225.44645036436884,222.2465454316391,224.87154628866782,15715840
2014-09-04,221.60031127929688,223.6370111174299,220.69560248970382,223.36962022455117,12428860
2014-09-05,224.23867797851562,225.5088391802159,221.59586026179107,222.0326214078597,16913550
2014-09-08,228.70877075195312,229.25250192449118,225.32167835074847,226.15063105561168,17875080
2014-09-09,228.83798217773438,230.8479566519071,227.46978668851798,228.80680923956243,12975200
2014-09-10,227.28704833984375,228.44134464050228,225.11663943611936,227.20237002279532,16289770
2014-09-11,232.0245361328125,232.54152817108334,228.47256200056958,228.47256200056958,15981320
2014-09-12,234.45790100097656,235.402718498622,230.63404772374074,232.19389152477086,16374410
2014-09-15,233.82057189941406,235.66118956587673,231.25797164046398,232.978249807674,17437540
2014-09-16,228.45916748046875,235.67009895360422,227.2915152059243,234.33309004062818,15687360
2014-09-17,228.39231872558594,230.68306731760475,226.12833642675523,230.2685977959505,13044950
2014-09-18,233.56654357910156,234.24394290885974,226.75669868465928,227.6480379304335,20121200
2014-09-19,228.89593505859375,234.5916065832022,227.73720477985154,234.0657196289104,15558510
2014-09-22,231.88636779785156,233.976559483969,226.60517987791894,227.3806542950098,14346980
2014-09-23,227.8441619873047,233.9498420204646,227.21576610879555,232.63064998011833,19379150
2014-09-24,221.61817932128906,229.35947387151182,218.8862353308544,227.32275996346524,23106290
2014-09-25,211.93374633789062,222.82591352643774,210.56107621780407,222.38915237899963,28369080
2014-09-26,217.95474243164062,219.27838186981202,209.4692018725218,210.34717164936623,28118450
2014-09-29,218.35140991210938,220.87390200006067,216.23893992499256,218.46728838423294,13845560
2014-09-30,217.994873046875,220.69563021023956,215.7308634639085,217.13472023088366,18632180
2014-10-01,216.00271606445312,218.73465960461917,215.00886784493196,217.93245967189716,10544750
2014-10-07,210.9265594482422,216.01165246283813,210.29816352611314,214.33593000382731,13002440
2014-10-08,214.9241943359375,215.6862856491651,209.11265813966776,209.11265813966776,13589310
2014-10-09,221.0120391845703,222.70113097714253,216.23892101059428,216.23892101059428,17279230
2014-10-10,218.48509216308594,222.2287282287631,216.87623120119983,218.8059748658366,12525220
2014-10-13,221.53793334960938,222.3356858625177,216.70241473786564,217.219393184173,13926640
2014-10-14,224.9339141845703,226.75670133136327,222.15294005753762,223.2403750381353,17315970
2014-10-15,224.9339141845703,224.9339141845703,224.9339141845703,224.9339141845703,0
2014-10-16,219.8399200439453,227.71935603534928,218.59205048902,222.85709861827854,19073950
2014-10-17,224.786865234375,225.95005651833893,220.61539014535563,221.76522548431169,14633000
2014-10-20,229.0251922607422,231.19114031927268,227.5366436006693,229.6981578117939,18824230
2014-10-21,230.33544921875,232.372162751536,229.03853532471098,229.96553579861836,15022310
2014-10-22,229.54214477539062,232.96042332954048,228.63744954256947,232.5504148733538,14511170
2014-10-27,231.5521240234375,233.52197627496415,230.0546805164358,231.03515919418106,13429580
2014-10-28,236.8065643310547,237.47952987379264,232.2830335767824,232.46128512090374,22963480
2014-10-29,235.6478271484375,238.78979273678,234.5113749826349,238.61154119790868,17372970
2014-10-30,235.1352996826172,236.47676969974867,233.70917854428137,236.1959956402785,15544270
2014-10-31,240.91119384765625,241.53514226139566,235.8483929643183,236.38320200444954,20770240
2014-11-03,242.7517852783203,244.53892479846175,240.14906274094298,241.1964026639872,17780640
2014-11-05,247.96165466308594,249.55715945033427,242.80525411777595,243.60299291064328,26605100
2014-11-07,244.44979858398438,247.88146026694338,243.33562447922603,247.34665125635613,18163030
2014-11-10,244.18240356445312,246.8118380864615,243.60301127852978,245.9204988176758,12068890
2014-11-11,244.2581787109375,246.23249208008525,241.1072908874681,244.93114426325442,17405950
2014-11-12,244.7662353515625,247.0346786101745,243.83031277680814,245.38569548452614,16233230
2014-11-13,242.38189697265625,246.21021135568387,240.21594893364107,245.662019171846,16859020
2014-11-14,248.4920196533203,250.1900198609582,242.4442794908107,243.33561875364452,50846690
2014-11-17,262.1072082519531,263.06094774351465,248.87973752187304,249.04017205273922,49164120
2014-11-18,262.5662841796875,265.5299710200079,260.6365269861008,263.5645798396488,32898390
2014-11-19,259.42431640625,264.54951785582716,258.8048562085427,262.8559784693142,20735930
2014-11-20,264.8169250488281,266.2876295289354,259.60258443615874,262.72227214612116,18099509
2014-11-21,272.30419921875,273.6412083802169,264.95064883068227,267.31269290896955,21009207
2014-11-24,275.2901611328125,276.1815004745399,272.794394655065,274.3542385030879,18631463
2014-11-25,271.3683166503906,276.27068380996957,268.2931845515004,276.22610051487817,26776620
2014-11-26,272.97265625,275.2010044642857,270.6106125831604,271.76934277398243,11131807
2014-11-27,272.6161193847656,274.97816299449624,270.83344085643824,273.64115409825075,15378080
2014-11-28,286.4764404296875,287.4569190823647,274.532499464708,274.88902973799526,27760604
2014-12-01,284.8720397949219,291.4233889539562,283.08936123200186,287.7243091746842,18449916
2014-12-02,284.0698547363281,287.72432422019864,277.6967567794178,284.2481062810315,23776383
2014-12-03,283.40130615234375,287.813418818997,281.97515800899095,284.91656645342647,13699078
2014-12-04,285.49603271484375,286.11998124926754,279.9251608057848,285.0949462583053,13809486
2014-12-05,283.0447998046875,286.3873223682833,281.66323469234186,285.22859209351077,11391988
2014-12-08,278.90008544921875,283.98073077556074,278.3652763830482,283.98073077556074,9814223
2014-12-09,273.2400207519531,280.23703890899236,272.3041254729951,278.7217785906073,14926558
2014-12-10,281.61865234375,282.73282642771557,270.3431888528056,270.52146758684637,15381613
2014-12-11,279.92510986328125,283.9361369078522,276.71630998883893,279.524023479735,13151866
2014-12-12,277.5184631347656,282.4653847744887,275.4238105912608,279.5685323977198,11727933
2014-12-15,276.8053894042969,281.66319913066906,274.131371691031,274.79987611934746,15117938
2014-12-16,263.4798889160156,277.20650798696414,261.1624014153714,274.6216295907328,20951938
2014-12-17,268.961669921875,273.10639278359815,255.81441347996065,262.41031974610854,28290440
2014-12-18,273.7303466796875,278.63271358563543,271.41285870202614,277.02828627732174,18921827
2014-12-19,271.100830078125,278.0978486988314,270.5214650003055,277.6967351518326,14130478
2014-12-22,274.2651062011719,275.1118621927567,270.3877749089205,273.0172094531252,11565161
2014-12-23,273.8194580078125,278.5435456616264,272.9726747483939,274.17598830595574,12836868
2014-12-24,272.5269775390625,276.27061329510303,271.85847309702064,272.7498123530765,14866629
2014-12-26,274.2205505371094,276.1369247338979,272.79440211106254,273.50748992484534,7373519
2014-12-29,274.13140869140625,276.4934797514858,273.6411829250795,275.86953132023484,7699059
2014-12-30,276.0923156738281,276.98365486890106,272.7497936923048,274.71075080207055,8113742
2014-12-31,277.9642028808594,278.9446816807421,276.31521951762755,276.35977560790934,6305857
2015-01-01,279.88055419921875,280.77189354380226,276.9391452427004,278.4989890957215,6138488
2015-01-02,280.9947204589844,283.7132945027229,280.1925205117761,280.1925205117761,9935094
2015-01-05,278.766357421875,282.3762705942138,278.1869923351623,281.88604487503744,9136716
2015-01-06,267.31268310546875,277.2956953589099,266.24309213643437,276.31521656948837,15329257
2015-01-07,267.5355224609375,269.6747316365354,263.07882534447504,267.4018269877477,15046745
2015-01-08,271.7247619628906,273.19546621017935,269.4964139513883,271.858457403278,8939749
2015-01-09,270.25408935546875,274.39881170180155,269.1844713041171,273.3737769368078,11953948
2015-01-12,273.7303466796875,274.3542679649865,268.38231005501706,271.1008844586162,8536142
2015-01-13,271.9476318359375,276.98369355110873,271.10084860175516,274.6662058799674,9484804
2015-01-14,271.5910949707031,273.64116447541716,269.4073028100809,270.9671465815206,8855660
2015-01-15,285.49603271484375,288.52660879459023,279.8806047111215,285.1395023529686,30729523
2015-01-16,281.17303466796875,285.4960091513827,279.07838156274056,285.2286182024262,21598514
2015-01-19,279.1228942871094,283.4013392163271,278.54352918670435,282.15344244435744,9975658
2015-01-20,283.57958984375,285.0502942328312,279.88053722832854,279.88053722832854,13104643
2015-01-21,290.7548828125,292.002752359029,284.3372291424711,285.13942905084565,22617660
2015-01-22,289.3733215332031,292.0027835598814,286.83299888398363,291.37883511918926,12232626
2015-01-23,291.8690490722656,296.4148574981887,289.3732828446939,292.5821095935631,17127278
2015-01-27,294.1865234375,296.0583413973247,287.5460620105842,293.6071583360467,13734088
2015-01-28,298.24212646484375,299.4899960079068,292.5375605526154,294.49849063413853,19428852
2015-01-29,291.46795654296875,297.3508014731303,289.7744172816464,296.63771369890384,14911660
2015-01-30,275.3792419433594,294.5875897920063,273.64111971602404,292.9831901987062,30252827
2015-02-02,274.0868225097656,278.0087098143177,271.94761372560225,275.8695010301543,17639807
2015-02-03,267.6692199707031,278.0979021831807,266.5550456831103,278.0979021831807,23743882
2015-02-04,261.2070007324219,270.03128256860447,260.1819658609873,269.8084477182265,21477507
2015-02-05,259.2014465332031,265.4408213677859,257.77532547508235,261.2960992394019,15722348
2015-02-06,258.7557678222656,262.81137764333994,254.65562912177145,259.3797161644354,15985714
2015-02-09,249.12936401367188,260.98416723460895,247.79235490447508,258.04275807498396,17088719
2015-02-10,256.0817565917969,259.2014439783385,245.74224301475687,247.34664279008643,22589681
2015-02-11,254.87852478027344,261.60812669890424,252.87301103215577,259.2014993205546,17366588
2015-02-12,253.40777587890625,257.5970818624676,248.05973957726331,257.507942483803,20957180
2015-02-13,273.5965881347656,274.4879273667388,254.34365528384257,256.7056988082685,70540056
2015-02-16,273.373779296875,279.12290156835115,271.59110066357687,276.8499971915029,21372131
2015-02-18,272.48248291015625,274.4434133948207,269.18451603834933,273.4629345517277,13472484
2015-02-19,269.4964599609375,273.908573456058,264.5495102099305,272.8389825488402,17762135
2015-02-20,269.4518737792969,273.1955099181628,264.7723422064735,269.0953434807187,15792502
2015-02-23,264.3266906738281,271.5019892321814,262.41031638611986,270.25411950075653,12440505
2015-02-24,264.0592346191406,266.5104173877571,260.3601824268039,264.63859965142007,15046698
2015-02-25,263.4353332519531,267.9811693641433,262.9451074914746,266.51046488118953,12845169
2015-02-26,257.9535827636719,264.7277667469959,256.75026929270047,264.7277667469959,18707345
2015-02-27,267.31268310546875,268.2931618948903,258.57756778484776,259.60260266407573,18316053
2015-03-02,269.18450927734375,272.660727632343,264.4604211540782,272.660727632343,15085595
2015-03-03,269.71929931640625,272.2150386765557,267.1344205787831,270.5214993106315,14387971
2015-03-04,261.9200439453125,280.7718636347728,260.2710608931862,279.8805243851386,38674148
2015-03-05,261.87548828125,264.05928055377876,258.26557482010935,262.7222715383166,16803823
2015-03-09,259.0677795410156,262.0537718372884,257.3296841099447,260.27109311730686,13199803
2015-03-10,256.34918212890625,261.38524361590004,254.12083393098726,259.156895417981,14064427
2015-03-11,254.16539001464844,259.29059086986837,252.91752046411548,257.1959381235188,16329314
2015-03-12,255.68064880371094,257.99813610821036,255.012144419808,256.83937885520413,9969794
2015-03-13,250.2434844970703,259.42426752677574,249.57498008612535,258.4883722320584,13414248
2015-03-16,251.0457305908203,253.0066881047263,249.5750260561504,250.91203512430835,15132928
2015-03-17,252.33819580078125,253.1403958402526,249.12936844137536,253.05125645775124,11350496
2015-03-18,256.0817565917969,257.10681849430136,251.35766942992566,253.2294873021537,12394230
2015-03-19,251.00112915039062,258.7557640236503,250.10978993267014,258.48837313893983,11046649
2015-03-20,248.01516723632812,251.7142199955961,246.72271433418413,251.17941096017384,11482652
2015-03-23,244.8954620361328,249.57499315784236,243.82584404199298,249.04018416077244,13058026
2015-03-24,241.1518096923828,246.36614945296637,239.77024481291386,244.04866209253882,17585259
2015-03-25,236.5614471435547,242.53343139383688,236.20491686029538,242.35515265144875,15824629
2015-03-26,228.76220703125,237.0070948760264,227.4697678730311,235.75922539928206,22253318
2015-03-27,234.95703125,236.16034467529198,228.18284752383317,231.6145090694751,19423101
2015-03-30,238.78977966308594,240.08223245634568,234.5559182250826,236.2940406433953,12303870
2015-03-31,238.0321807861328,241.86495660589162,237.0962852774877,239.68116415035925,19482636
2015-04-01,243.73675537109375,244.80634626681692,234.55594377407385,237.67563148925652,12383589
2015-04-06,244.8063201904297,245.78679880820883,241.73121609107295,245.51940791313964,12925445
2015-04-07,242.48886108398438,246.32163663830013,240.92901720992433,245.38571399295304,12933524
2015-04-08,244.13780212402344,247.2129332532486,242.3105676395071,242.35512371902652,9913899
2015-04-09,250.33265686035156,251.17941290493513,242.88996799702005,245.11831632726793,13471276
2015-04-10,254.70022583007812,256.12637426715577,249.61958052346375,250.4663638084058,16880558
2015-04-13,255.19044494628906,257.1514023962962,252.56101018550478,256.5274539708799,11985436
2015-04-15,258.4883728027344,262.4548431970372,254.87845985626737,256.17088539937254,17289500
2015-04-16,260.62762451171875,262.2766077749063,255.36872770606854,258.7112503200223,15043998
2015-04-17,260.0482177734375,262.85593087978873,257.7753136400852,259.3797133575675,16819018
2015-04-20,256.39373779296875,261.47438255652196,253.89799869598724,259.37972981360036,13788536
2015-04-21,257.77532958984375,260.27106868290906,251.13484110071792,256.1709025715738,15487948
2015-04-22,253.00665283203125,261.38523638409123,245.47482525084348,258.97860951631696,17741741
2015-04-23,247.4803466796875,256.1709046957866,246.2324771228073,254.0316958552039,13874710
2015-04-24,245.6085205078125,249.21846080666796,244.538929724145,248.10428673940058,10049508
2015-04-27,238.0321807861328,246.4999052603288,237.18542465962543,246.4999052603288,12394191
2015-04-28,242.88995361328125,243.78129289259604,236.3386044700143,237.9875875770499,12693457
2015-04-29,242.35513305664062,243.69214191190144,240.2604804097624,242.6671072298378,8217676
2015-04-30,240.4387664794922,243.73673263711095,237.72019260472328,240.75074066221543,21635216
2015-05-04,247.0347137451172,247.79235768914705,242.1323469563031,244.227000024555,8012690
2015-05-05,242.48886108398438,246.90100177979016,241.86493985527144,246.90100177979016,7102772
2015-05-06,236.5614471435547,243.87044035719705,234.64507306970853,241.95406628335087,16335660
2015-05-07,232.5950164794922,238.21044355739397,231.4362589925395,235.31359064229002,15962706
2015-05-08,233.48634338378906,238.87893533442582,232.015611759509,235.3135780906284,14044596
2015-05-11,246.05416870117188,247.07923051497792,234.06567310259078,234.77873356292173,17198308
2015-05-12,238.34413146972656,245.47484611176188,237.4082360535665,245.3857067384329,12792368
2015-05-13,244.49436950683594,245.11831792397683,238.92349864492738,240.57248186035588,9245732
2015-05-14,250.42178344726562,251.26853944861364,243.29106915456845,244.22696452487844,13101418
2015-05-15,256.2154846191406,257.01768452364416,251.35767470609383,251.35767470609383,18247889
2015-05-18,258.26556396484375,258.488398791388,254.38823254266953,258.39925942046693,13266119
2015-05-19,257.1068420410156,259.6917206720076,255.1013285374243,257.77534654221273,14541041
2015-05-20,260.805908203125,262.76683851952794,257.8199158378196,258.04275068296903,11807544
2015-05-21,258.71124267578125,262.72226969401044,257.10684274909676,262.05376519097223,12118415
2015-05-22,251.75885009765625,271.8585447378276,250.24356208244293,261.16247084650325,69490117
2015-05-25,247.4803466796875,253.40774747600568,246.1433377541338,249.75327817403854,20356833
2015-05-26,247.0347137451172,250.28809717375336,246.00967885685102,248.68369710529504,9675703
2015-05-27,250.2434844970703,251.00112826977744,244.4052235220898,246.90096244234542,12176680
2015-05-28,250.55941772460938,252.54510259130433,249.20553041076414,252.54510259130433,13024987
2015-05-29,251.0558624267578,254.2149332079014,250.10815221037922,251.50715825263546,14809918
2015-06-01,251.1009521484375,254.53078863693057,250.5142456706198,251.50710177357465,11567692
2015-06-02,240.3150177001953,252.2292380463944,239.5026907549795,251.6425314602123,21653784
2015-06-03,232.32705688476562,241.26270762169742,230.20597502925855,240.99194117766316,25967877
2015-06-04,232.5076141357422,235.9374513816818,229.0326307804361,234.5835639090881,20210546
2015-06-05,232.6881103515625,236.47900620176878,230.70242529971532,231.96604806814724,13539638
2015-06-08,230.11573791503906,233.545588932108,227.94952346870897,233.545588932108,17384700
2015-06-09,232.5076141357422,233.13941176267258,229.25827869253504,230.16087034093087,15275972
2015-06-10,235.21536254882812,236.97539953772252,233.31991479201966,233.77121056531178,10910978
2015-06-11,229.25828552246094,237.33649203422897,228.0397812518434,236.7046668435645,20857622
2015-06-12,229.213134765625,230.61215450438917,227.2725683286796,229.30339943488264,11440479
2015-06-15,225.87355041503906,230.70242103778912,224.6099276699509,230.16086056277706,13545280
2015-06-16,229.79983520507812,230.8378100737492,224.74531655274117,225.87355609366858,9896598
2015-06-17,230.2510986328125,231.8757523252492,228.80694671458718,231.06342547903085,11241061
2015-06-18,232.95887756347656,235.30562103193762,230.34135388366172,231.46960705971134,11598549
2015-06-19,234.80917358398438,237.47182953111962,233.0039905811555,234.58352570863076,12216399
2015-06-22,240.08935546875,241.3529781464459,235.3958683288411,235.48613299401404,11051382
2015-06-23,241.66888427734375,244.78283610112138,240.31499697046786,243.15815480592565,16180083
2015-06-24,236.79490661621094,241.8042788692407,235.12510668356464,241.6237770801143,8361760
2015-06-25,239.00624084472656,240.0893617653913,233.81633922761756,235.80205173386642,16506503
2015-06-26,239.3673095703125,240.9016988033172,235.62153229685686,238.3744532754798,14588452
2015-06-29,234.35787963867188,235.39585436431327,230.1608346337438,233.5455527901224,15040805
2015-06-30,237.1559295654297,237.69749000396132,232.50758859577397,233.9968591430548,14181965
2015-07-01,241.66888427734375,243.24841946869893,236.97539726221095,237.4718391350101,12072024
2015-07-02,241.75918579101562,244.8279919787251,240.1796503588948,241.80430435682572,8741783
2015-07-03,243.15817260742188,243.6997330788012,240.81142892805147,241.3078708371949,7238541
2015-07-06,244.4217987060547,245.05362385550623,236.47900349960454,237.56212445726146,9458200
2015-07-07,246.31723022460938,247.8967654482583,243.69972022011572,244.0607513336824,12523410
2015-07-08,241.30787658691406,244.6023305110139,239.72834124228575,243.60947421397972,12669850
2015-07-09,241.66888427734375,244.8730732189869,240.9919406239058,240.9919406239058,6469504
2015-07-10,244.19610595703125,244.60228312778852,240.3149737371723,243.92533953979648,8788162
2015-07-13,247.03929138183594,247.62597031653968,241.8042444343212,245.5048748957753,8423083
2015-07-14,242.0750732421875,246.949062274633,241.12733555440894,246.949062274633,10337307
2015-07-15,241.93968200683594,245.23416358218125,241.12735502664708,242.5715071830447,7483918
2015-07-16,245.6854248046875,246.18183912685197,241.98479403293754,243.4740645443385,8354120
2015-07-17,244.69256591796875,247.31007580989495,244.1510054984547,245.86592387282656,5571891
2015-07-20,241.3981170654297,245.50489753191596,240.22473154292814,245.50489753191596,6418930
2015-07-21,238.554931640625,243.51918508225282,237.8328694307149,240.9919398026599,5638653
2015-07-22,242.39096069335938,243.15816905452755,236.38873212347215,238.0134135138711,11322177
2015-07-23,243.74485778808594,245.5049224782286,241.21761225112718,242.34585178457493,6376216
2015-07-24,237.6072540283203,244.015660310716,236.56927913034127,242.52638958362334,7796401
2015-07-27,233.27479553222656,237.74260714745864,232.91373687875057,237.56210536562858,6788558
2015-07-28,233.9517364501953,238.19390012977655,233.18452813790591,234.8994465422008,10788886
2015-07-29,228.897216796875,235.3056221486958,227.72384505707566,234.67379706172048,9997136
2015-07-30,231.78550720214844,234.22251549111792,228.89723066716104,228.89723066716104,10536937
2015-07-31,243.74485778808594,247.08445782505544,232.4624624536085,232.8686397036139,20534806
2015-08-03,253.67335510253906,255.43341971927518,243.6094643928993,243.69972906079258,21901780
2015-08-04,260.4879150390625,261.70641908534674,249.4762876099182,254.98210132449034,28858887
2015-08-05,257.5996398925781,263.3762206855232,256.56166505043257,260.93923986634366,10169558
2015-08-06,260.89410400390625,262.4736393828658,254.53084392377625,257.78017935518966,15372143
2015-08-07,253.89895629882812,260.39762556307807,252.90612776934637,260.39762556307807,13845614
2015-08-10,255.20774841308594,258.14117080863866,252.81588643030895,254.57592334069648,14694901
2015-08-11,242.6166229248047,261.255162412066,241.44326480539706,257.9606808750542,39233644
2015-08-12,231.37933349609375,241.39810452353393,230.20596180700883,241.39810452353393,29724325
2015-08-13,234.04197692871094,237.2461934448987,233.00400215948707,234.44815414249368,16360033
2015-08-14,242.3458251953125,243.15815206128738,233.99685356381664,236.38871560331773,14852873
2015-08-17,252.5,254.44056643024953,244.4217941652354,245.50491510277033,27500063
2015-08-18,257.0580749511719,259.9463790699125,248.70910270673895,253.4477085752009,27728824
2015-08-19,250.92047119140625,258.0960856121462,248.70911069711497,256.24575625806915,15452575
2015-08-20,244.19610595703125,254.2148765682944,241.89450877582038,250.6045107656702,14577599
2015-08-21,241.44325256347656,242.70687529221001,231.24397851988044,236.02770297326774,19030056
2015-08-24,221.49595642089844,232.59784879029417,218.7881818251786,229.89006042212057,29561705
2015-08-25,228.6715850830078,229.98034013543355,216.62198183448282,225.64789774425296,23492839
2015-08-26,221.76673889160156,228.62644011287577,221.13492756732856,227.90436412551207,16325529
2015-08-27,225.15147399902344,227.45308535532425,223.93298359095002,226.68587697907233,21076926
2015-08-28,224.70018005371094,230.97318903055955,223.3462926296808,229.70956627711345,16644381
2015-08-31,223.25604248046875,226.86640895666017,221.13494666672423,224.74531314291565,21645114
2015-09-01,215.80967712402344,220.9995793063174,214.54604050312167,220.9995793063174,19689080
2015-09-02,208.0924835205078,219.32974550484553,207.68632007961926,219.01383295501333,23655457
2015-09-03,209.62689208984375,212.47005002578348,208.49865262757334,209.98792320878854,14680299
2015-09-04,203.21849060058594,209.31098382172556,202.18051578300327,209.31098382172556,20466346
2015-09-07,199.56301879882812,205.33959983464467,198.7055457156201,204.978568684577,15424783
2015-09-08,206.10678100585938,207.8216994007275,199.60811098383454,201.2779108202486,16189253
2015-09-09,209.08535766601562,211.65774946918646,206.7837598944435,211.161321289501,18237115
2015-09-10,205.29443359375,207.41552912435526,202.27076033703466,205.20418270736565,14195882
2015-09-11,207.6863250732422,210.5746153331174,205.79087727358274,208.40838730887023,13650937
2015-09-14,212.33465576171875,213.01159940389215,207.59605026650505,208.99506988148744,10671222
2015-09-15,210.2135772705078,215.22296338449283,209.9879293714315,212.2895406965008,13193410
2015-09-16,213.7336883544922,214.59114759881885,212.10902076013642,213.37264345993842,11272509
2015-09-18,218.42715454101562,222.44368417374596,216.17067567179024,216.62197144563532,16049395
2015-09-21,221.36058044433594,222.03752411541953,214.13984795277756,216.21581129859143,9602436
2015-09-22,214.7716522216797,224.24886330488957,213.23724937222218,223.79756753902242,13667322
2015-09-23,216.48658752441406,218.33688917324943,210.84539036954038,212.1090130232505,13614082
2015-09-24,215.76451110839844,217.9307253026144,214.86191956539943,216.12554221661645,9299508
2015-09-28,216.12554931640625,219.91643116704282,215.40347330379586,217.5245690085037,8588230
2015-09-29,218.33688354492188,221.49595387021603,209.58174854074016,213.01159907697885,24488685
2015-09-30,214.04959106445312,221.49597171691292,212.74083600729963,220.99955735804608,17011911
2015-10-01,212.24441528320312,218.3369087569316,211.56747156389994,217.70509737340635,11590498
2015-10-05,216.62196350097656,217.84046755465098,214.13983683586122,214.90704513224193,18307463
2015-10-06,216.7122344970703,219.14922890321193,214.54600653525804,219.05896424013287,10087077
2015-10-07,219.82618713378906,220.45799849987088,215.7645249301067,216.75736742753392,10608795
2015-10-08,219.60052490234375,221.31544332300012,217.61482626462214,218.83331658273465,9230511
2015-10-09,219.7359161376953,223.66219499718443,217.20865697368248,221.58623162058623,12171416
2015-10-12,220.728759765625,221.72160217772938,217.7953373150579,220.3225963346526,7566962
2015-10-13,220.0518341064453,223.39142026090528,218.47229881167124,220.23234967135713,10200698
2015-10-14,220.45799255371094,222.75960382820986,219.51026864392261,219.9615644321595,7895820
2015-10-15,224.70018005371094,225.55763933443902,221.58624173293262,222.03753754094268,11582401
2015-10-16,231.78550720214844,232.10141976477917,224.15862486242744,225.51251223520848,11738832
2015-10-19,229.7095489501953,232.05629248381547,228.8069574022574,231.65011526928018,8969153
2015-10-20,230.02548217773438,232.0563133431442,228.536197726294,229.70956959857742,8811740
2015-10-21,225.46737670898438,230.97317701685847,224.33913724764284,229.25825854460106,8606466
2015-10-23,228.71669006347656,230.02545881064276,227.45306742012409,228.35565895750554,7544810
2015-10-26,226.77615356445312,231.06346393034826,225.96382658305527,229.93522436037586,13085058
2015-10-27,224.5647735595703,227.63357922718558,223.93296224829112,225.73814529334803,6565348
2015-10-28,218.47230529785156,225.15147780506805,217.70509690863045,223.8427227050337,12310403
2015-10-29,213.8690643310547,218.24663884347538,213.41776855750425,217.97585862485434,16114932
2015-10-30,213.95933532714844,216.98300883595337,212.1992845127016,215.4486059149601,8669606
2015-11-02,213.82394409179688,214.81680035873936,210.03306213407478,214.81680035873936,7611610
2015-11-03,212.9664764404297,216.35119480017096,212.10901721045275,216.03529601673432,8323201
2015-11-04,215.7194061279297,217.07329361408824,213.91422281305162,215.89992170492636,8418352
2015-11-05,211.1161651611328,215.719387730472,210.39410291472666,214.81679615000976,8906564
2015-11-06,219.3297576904297,220.9544253167016,210.30384173609102,212.65058539320097,30821077
2015-11-09,222.12777709960938,224.113475675876,212.65056620281297,213.0115972994238,22806485
2015-11-10,217.705078125,223.16575973239677,216.71223568794406,221.04466409046822,11767845
2015-11-13,216.8476104736328,218.24663006988888,214.54599936656038,217.97584986215327,9082062
2015-11-16,224.11349487304688,225.0612187983976,215.80965498762356,216.17068611515967,14051479
2015-11-17,223.70733642578125,227.13717353161726,222.66934780905297,225.64790288158085,11273394
2015-11-18,217.52456665039062,224.4745189299579,216.1255469734595,223.4816764742793,10397889
2015-11-19,220.14208984375,221.13494613128066,217.88561080159408,219.37489523289005,7325199
2015-11-20,219.2846221923828,225.55763093565182,218.4271629435828,220.18721377479432,13718619
2015-11-23,219.05897521972656,221.36058651906401,217.1184088183476,220.14208236869283,10552151
2015-11-24,217.88558959960938,220.23233308407694,217.1635273943459,218.8784457905273,6651669
2015-11-26,218.87844848632812,221.04466267370609,217.52456117610342,218.38202038475495,13629888
2015-11-27,225.37710571289062,226.099181702359,219.14922957019047,219.32974512444406,15149912
2015-11-30,224.4293670654297,228.35564553117217,221.1349136566687,225.3319585497426,12865469
2015-12-01,225.82839965820312,227.36280251562914,225.0160727844052,226.4150924203495,9501537
2015-12-02,220.77392578125,226.2345943121293,220.00671736044666,226.14434340950618,10881754
2015-12-03,217.61483764648438,220.68364354051997,216.9830125161347,220.36773097534513,7155630
2015-12-04,217.61483764648438,218.56254779709957,214.86193054516895,216.62198138946744,11115170
2015-12-07,215.4034423828125,219.28458834256054,214.81676345378943,219.28458834256054,7531729
2015-12-08,212.9664764404297,216.57684269082037,212.3797974337229,214.90705656348723,8254434
2015-12-09,211.5674591064453,214.99730983678356,210.8453968663357,212.47005067903672,7408777
2015-12-10,209.35609436035156,213.68853628772965,208.13760410644892,213.011592666966,11713559
2015-12-11,205.15907287597656,211.11616915628636,203.1733741158733,210.21357755874354,12872949
2015-12-14,203.94056701660156,205.5201022991836,202.18051617050108,202.9928430925614,12464883
2015-12-15,204.3467254638672,205.02366913979313,202.18051120988585,204.8882859135897,10404430
2015-12-16,205.15907287597656,207.23503630481602,203.30875734652278,205.56523634037987,13030720
2015-12-17,208.4084014892578,209.76228893186223,206.24218709007283,207.59607453267725,14539096
2015-12-18,204.43698120117188,209.71714715177305,203.80516988572523,207.55091921994403,18871084
2015-12-21,208.00222778320312,208.4986559089057,204.43699378081016,204.79802490543682,9557098
2015-12-22,206.10678100585938,209.62688245741137,205.33957269778725,209.0853220314247,9155574
2015-12-23,207.28016662597656,208.4986708607685,206.60322288941563,207.82172712420754,7914311
2015-12-24,206.06166076660156,208.49865528163627,205.42984941417842,208.36327205342224,7257958
2015-12-28,206.6032257080078,207.55094970661358,205.7908987220347,206.7386227206405,8756879
2015-12-29,205.9713897705078,207.5509249892578,205.33957843749866,206.55808254380173,7263286
2015-12-30,203.80519104003906,207.3252928575124,202.94773175347044,206.69348147648583,11702877
2015-12-31,202.586669921875,204.48211767910954,202.1805064803116,203.94055724205566,11558305
2016-01-01,205.61036682128906,206.60320930616342,202.6318118217567,203.08310761645998,6449426
2016-01-04,199.2019500732422,204.84314719681868,198.6152710813718,204.84314719681868,14092071
2016-01-05,196.53932189941406,201.0974122570832,195.86237819597176,201.0974122570832,15074848
2016-01-06,195.72698974609375,198.4798830487351,195.3208125168933,196.67469988768266,11921123
2016-01-07,189.1380615234375,193.24485581884315,188.6416334178471,193.15459115511618,14342279
2016-01-08,188.5965118408203,191.8007147714939,188.28061304466956,191.34941897203154,11745840
2016-01-11,184.39947509765625,187.28776559572574,182.9101906258314,186.6559542012192,19287860
2016-01-12,179.97674560546875,185.0312636833616,179.25468339930157,184.8958804628187,20318816
2016-01-13,181.3306427001953,182.6845300686063,175.10276631448662,181.73681992868222,23788247
2016-01-14,176.9530792236328,181.87220050258662,175.3735439835359,177.81053845662314,20256636
2016-01-15,166.34764099121094,178.53262805684153,163.36908584289904,178.53262805684153,29090426
2016-01-18,163.36907958984375,169.82260402046063,161.69927962096563,166.889181320643,35653244
2016-01-19,165.12911987304688,169.50669436122254,163.82036489148996,164.40704388487458,24501774
2016-01-20,156.73500061035156,163.053140793682,154.7944344915954,163.053140793682,28655794
2016-01-21,158.49508666992188,161.24797996597232,155.29088381223428,159.75870937065145,28697205
2016-01-22,166.61839294433594,167.3404551113588,160.9320638580862,162.37620196458496,21432409
2016-01-25,165.12911987304688,170.40928590332442,164.72295643359183,169.59694525196036,17534650
2016-01-27,166.43788146972656,168.0625490645736,163.41420794698084,166.43788146972656,16569813
2016-01-28,167.20509338378906,167.79177241299587,164.7229664914521,166.257369452224,20241030
2016-01-29,162.37620544433594,167.65637123167693,160.75155176126484,166.2573516512961,24259147
2016-02-01,155.92269897460938,164.22653894409183,155.3360199433106,164.22653894409183,22915269
2016-02-02,152.89901733398438,160.11975040803236,152.17695504454386,156.23861739869585,35957332
2016-02-03,149.87533569335938,151.45487096974009,147.34807649665927,151.45487096974009,24132003
2016-02-04,146.98704528808594,153.2600540562525,144.59516932172937,152.80875826325556,23811109
2016-02-05,151.81591796875,152.80877432669536,146.40036788349764,147.75425540481072,22732245
2016-02-08,155.38113403320312,159.66844401185764,152.13181262864288,152.94413953666933,22289005
2016-02-09,150.77792358398438,155.60678018993886,149.9204643523153,151.63538281565346,19008384
2016-02-10,143.51206970214844,150.01072670775466,142.6094780688016,148.9276195022295,32294785
2016-02-11,139.22476196289062,151.18410132112922,137.37444632655883,143.96336812370214,72749830
2016-02-12,139.72117614746094,142.29355382823883,133.80919867899107,140.93966648915966,41187889
2016-02-15,151.49998474121094,153.4405509054457,142.60945319447305,143.51204467038744,35956266
2016-02-16,141.16531372070312,154.1175080464749,140.48837005432037,154.1175080464749,33816243
2016-02-17,143.46693420410156,144.27927491968362,136.51698153499294,139.9017000854473,32447698
2016-02-18,144.234130859375,147.7542323567079,141.1653113596285,146.17469716156677,21024178
2016-02-19,148.65684509277344,149.1984056030209,141.79715667355595,142.51921899061136,24592575
2016-02-22,148.88247680664062,150.55227672112764,147.7542373434614,149.78506837718402,15815058
2016-02-23,143.06076049804688,148.92760556579012,142.6094647236051,148.92760556579012,20200068
2016-02-24,141.0750732421875,145.04647086913548,140.1724816203852,140.8042930011558,19440950
2016-02-25,137.01341247558594,142.699742510992,136.29133641558187,142.24844669504637,22713124
2016-02-26,140.71400451660156,143.24126338444447,137.690331358741,140.35297343796094,30051402
2016-02-29,143.28640747070312,147.93474840880262,138.09650609774855,142.78997936749494,66981910
2016-03-01,146.26495361328125,147.03214811580733,143.1058834003484,144.86593405020608,23588231
2016-03-02,163.5044708251953,165.35478645015323,155.69705861245168,155.69705861245168,53333757
2016-03-03,164.9486083984375,166.61840830160313,161.11259424963663,166.07684785396717,33507048
2016-03-04,170.0482177734375,171.35698634850905,161.1125682373231,165.53526067995506,38860711
2016-03-08,165.49017333984375,168.73949479652967,163.7301087234607,168.73949479652967,27928279
2016-03-09,165.53529357910156,166.07685404693217,161.2931158226111,162.46648765460756,29453018
2016-03-10,162.9177703857422,166.75378436989402,161.92491419850964,166.75378436989402,20472928
2016-03-11,162.55673217773438,164.85832944964042,160.25512113337524,162.46646752013083,21869157
2016-03-14,164.0460205078125,165.53529111348206,163.0982965894525,164.67783186256761,14369755
2016-03-15,167.25022888183594,168.06255582571205,163.95576122621608,163.95576122621608,22369600
2016-03-16,167.1599578857422,167.7917692373429,163.91063646074386,166.97944232420693,19237834
2016-03-17,168.1979522705078,170.86059476928486,166.97944808630146,169.68722292013337,21560986
2016-03-18,172.62063598632812,173.29757965686275,167.88203029258577,168.64923862817338,21144216
2016-03-21,177.63002014160156,178.08131591748347,174.2001694904084,174.2001694904084,20678069
2016-03-22,178.2618408203125,178.93878451963013,175.5540660230419,177.6300294554403,16728809
2016-03-23,177.4495086669922,178.35210023951512,176.27613686822147,177.72027512078554,13362780
2016-03-28,169.95797729492188,178.93875970600374,169.37128457339765,176.72741334937348,19760603
2016-03-29,171.0410919189453,172.62062706859257,168.4687005948241,170.1385004048612,16804848
2016-03-30,178.3069610595703,178.9839047129685,171.94368796313668,173.5232231543991,20709407
2016-03-31,175.3284149169922,179.39007703862134,173.61349641906392,178.57775012327733,30132473
2016-04-01,176.59201049804688,178.0361623173332,173.29755723664374,174.83195993685268,21752206
2016-04-04,175.73458862304688,178.21671561990476,173.79402211630375,178.08133238360375,15732565
2016-04-05,166.3927764892578,175.59920858151912,165.44505250054218,175.0125157444782,36635637
2016-04-06,165.94146728515625,167.43073788131824,164.45218291653973,166.9794420918807,16350631
2016-04-07,164.22653198242188,167.56611800796168,163.3690727528508,165.89633188141892,19430601
2016-04-08,165.26451110839844,166.03170562897608,162.64698746405082,163.9557423999979,15805231
2016-04-11,169.91287231445312,170.49955135795125,164.27167469445135,165.94147469895393,18990364
2016-04-12,169.50668334960938,171.71802972961314,168.15279612440875,170.13849463354572,14563344
2016-04-13,173.20730590820312,174.92223804709292,172.21446350695976,172.89140714199303,17573045
2016-04-18,168.55897521972656,172.84628516507436,167.5210004261504,172.80115283221141,13985439
2016-04-20,169.05540466308594,170.27389502522246,166.16711437909575,170.0031285708284,20163005
2016-04-21,175.41867065429688,178.17156382307527,171.4923919609463,171.94368772926458,31008152
2016-04-22,180.6536865234375,181.87219057972726,172.8914077447972,174.74172310816354,34049763
2016-04-25,177.85565185546875,182.81990493872365,176.72741251836536,181.37575307825017,23835613
2016-04-26,181.3757781982422,181.78194166136126,175.59919750121517,176.86282022479773,21809451
2016-04-27,177.0433349609375,181.33064501565133,176.45665593611645,181.33064501565133,22801603
2016-04-28,173.34271240234375,178.89364500496995,172.57550406492845,177.58488999330933,24555479
2016-04-29,170.58981323242188,175.1027712544436,168.2882018866998,173.2073233762125,21021661
2016-05-02,167.88201904296875,170.09336546404407,167.43072329285323,169.3261709523197,14469844
2016-05-03,166.1219940185547,170.90573246280147,165.7609490992508,168.78463660081442,16247931
2016-05-04,162.42135620117188,166.43788607992735,161.69928016429952,165.62555914623024,17826594
2016-05-05,162.78240966796875,164.90349178305718,161.11260960565065,162.69214499394133,17742028
2016-05-06,166.3927764892578,166.93432321676988,162.55676196977765,163.3239566102003,18336962
2016-05-09,170.31903076171875,170.95084212202033,167.02457695785398,168.3333320125761,13863696
2016-05-10,171.0410919189453,171.76316788470334,168.51383292501902,169.32617355116685,13845979
2016-05-11,166.9794464111328,170.138517018911,166.16711947811464,167.34047754303978,18128414
2016-05-12,170.1385040283203,171.04109556162703,167.34046476608788,168.87488139067239,17398341
2016-05-13,166.84405517578125,169.64208074496807,166.34762706388312,169.64208074496807,15546644
2016-05-16,159.57818603515625,166.9794338626873,158.08890173993566,166.9794338626873,30937008
2016-05-17,159.6233367919922,161.20287215950853,158.17918466128077,161.11260748666828,22183140
2016-05-18,162.42135620117188,162.87265200266023,156.64477545110273,159.66844905760186,25345278
2016-05-19,155.87754821777344,163.36906037046785,155.1554722682752,163.36906037046785,25480517
2016-05-20,154.65908813476562,157.68276196523067,153.9370120444085,156.59965471592295,16720624
2016-05-23,151.99642944335938,155.87757632074283,151.8159138665532,155.5165451671305,16193112
2016-05-24,152.98928833007812,153.80161532550326,150.19124863924773,152.3574769144746,14816798
2016-05-25,158.04380798339844,158.6756194021345,154.74934010238275,154.7944724406759,18900887
2016-05-26,166.21224975585938,167.4307540137287,156.59965402362226,158.0438061979521,30700988
2016-05-27,176.81768798828125,182.68453335700104,163.8203745265608,166.07685351452997,85585820
2016-05-30,179.48033142089844,184.03840763378872,175.64431741473476,180.69882172408992,46075949
2016-05-31,184.9861297607422,185.66307340253982,177.0884539397698,179.43519740698306,39457647
2016-06-01,178.93878173828125,188.00982992263206,177.44951113191297,185.8887341887576,41868032
2016-06-02,181.0147247314453,182.59425982723025,176.5017673149169,178.57773048101058,23499884
2016-06-03,179.78024291992188,184.85541139726752,178.6828956188574,183.80380317932304,24568749
2016-06-06,181.88345336914062,185.2669175138055,180.2374603784227,180.55750836957336,23623536
2016-06-07,192.1709747314453,193.08542146146095,183.026507431289,183.3008442409636,66063192
2016-06-08,192.67393493652344,193.77126828858056,189.79343314320465,192.17098641376998,35163093
2016-06-09,191.98809814453125,194.59427704173393,190.47926654300372,192.03382327407613,27858182
2016-06-10,188.33033752441406,193.40552064404167,187.7359526167781,191.43946537722812,25598224
2016-06-13,184.53536987304688,185.26693011498517,183.07224938917028,184.26103303815114,21192525
2016-06-14,189.93060302734375,190.753613543005,186.36426598619866,186.86721453132202,23918910
2016-06-15,197.5662384033203,198.9379086343732,190.70788724805593,191.805220642228,48362742
2016-06-16,197.52052307128906,199.80664023646602,194.82290760705064,197.52052307128906,48122379
2016-06-17,195.18865966796875,198.892171865795,193.4969415206607,198.2063367903957,26486677
2016-06-20,197.42904663085938,198.16060681740598,190.1134726720933,190.2049229279179,32633757
2016-06-21,195.69161987304688,198.8921837494752,194.91433449314522,196.60606669488354,18960306
2016-06-22,194.6857147216797,196.83467024530316,193.35976967562186,195.69161176536528,16395548
2016-06-23,198.9379119873047,199.3494102728858,194.54856438328648,194.77717609231502,20666649
2016-06-24,193.1768798828125,194.1827769096963,185.17547065689718,188.28458408905556,47224652
2016-06-27,198.57211303710938,200.12668372846292,192.5367726507418,192.76538434613488,29021651
2016-06-28,197.42904663085938,199.94377517918522,196.9718232584365,198.20633194531828,21784062
2016-06-29,198.6178436279297,200.08096410001482,197.61196051255325,199.25795360196034,18019568
2016-06-30,200.08096313476562,202.91573984989722,199.2579526406816,201.17829650686014,30600995
2016-07-01,200.81251525878906,202.09273514898095,200.1723913603428,201.909848586575,15346865
2016-07-04,203.92164611816406,205.15615493833658,203.00719927458485,203.32726125117816,16534518
2016-07-05,204.3788604736328,205.88769211726557,202.59569199842565,204.1502487728793,15357018
2016-07-07,201.22402954101562,205.38476544558762,200.5839195449318,204.74464149615238,12917872
2016-07-08,199.6237335205078,201.95557558447652,197.97772653692107,201.31545168010635,16017389
2016-07-11,205.4761962890625,206.1620313994755,203.00719268224594,204.47031316580075,15831791
2016-07-12,207.3050994873047,207.76232291535493,204.97325721357817,205.75054262260423,19374179
2016-07-13,208.2195281982422,208.95108841004154,204.79035278669886,207.5794182454242,18377333
2016-07-14,212.1516571044922,212.92894246401707,206.66497631730704,207.57942311517124,21208021
2016-07-15,211.69444274902344,214.34633299477647,211.0543327538435,212.97466273938323,15068302
2016-07-18,209.1796875,213.84337136002839,208.67673901260878,212.51741245144703,11816985
2016-07-19,209.95700073242188,212.2888290193716,207.57943335930077,210.3227738882783,19767339
2016-07-20,211.37437438964844,212.83749486587777,209.5912059021727,210.91715098499563,18051608
2016-07-21,206.34490966796875,212.24310254284964,205.20185119661207,211.83159033048085,13306837
2016-07-22,204.3788604736328,206.57352721952608,203.09864053075353,206.11630381801908,12341622
2016-07-25,210.2313232421875,211.2372203489995,203.64730877522663,203.92164561829821,18427070
2016-07-26,207.3050994873047,212.33455719585723,206.57353921175397,210.32277690310656,14162638
2016-07-27,209.63693237304688,211.23721429955867,207.39654046660056,208.26526215032246,17626617
2016-07-28,211.23721313476562,215.03216181537016,209.68265634825357,210.4599277648341,26838284
2016-07-29,209.7740936279297,212.7917709059172,208.8596468135911,210.32276729787324,15577230
2016-08-01,207.853759765625,212.74604175796125,206.0248661714767,211.05432355538454,16071228
2016-08-02,208.5395965576172,211.14576157844067,207.8537614542398,209.68265506324613,16145066
2016-08-03,207.25936889648438,210.77999478111028,206.48209746127634,208.95110111706592,14838944
2016-08-04,206.34490966796875,209.13397512874914,204.10451785477974,208.9053634344778,17810908
2016-08-05,212.83749389648438,213.88910214105576,207.48797450507126,207.8994867300653,21264296
2016-08-08,213.2947235107422,215.71800203359658,211.87732813082582,213.93483350231207,16972827
2016-08-09,215.0321502685547,217.6383291187538,212.74603336604676,214.20915376499192,19854185
2016-08-10,211.69444274902344,216.63245008709853,211.28294446307572,216.49528864289977,16279843
2016-08-11,207.7165985107422,211.7858981973495,206.75644047114892,211.69444793007787,16673286
2016-08-12,222.48492431640625,226.73709664338725,205.20187025250695,207.5794376750598,86616475
2016-08-16,225.63973999023438,226.6913481920301,221.890502660323,224.26806983831807,27709873
2016-08-17,225.18252563476562,228.42881458179485,223.39935715644984,225.3654122050171,18294050
2016-08-18,227.1485595703125,228.97745300953676,225.45684151103984,225.77688949089432,14314950
2016-08-19,236.38449096679688,237.7561611271458,231.81225709896717,233.18392725931608,39822529
2016-08-22,233.0010528564453,238.1219466836824,232.26949260873968,237.5732730095654,19769886
2016-08-23,232.95533752441406,233.9155095178347,229.52616180030589,233.09249897203767,17583721
2016-08-24,232.63526916503906,234.2812902115115,231.8122725951542,233.13821771479152,11560293
2016-08-25,228.7488555908203,233.686876556593,227.33147424973555,233.092477779778,21230706
2016-08-26,225.50257873535156,229.25180211488816,224.8167436588491,228.88602898876033,16531983
2016-08-29,227.7429962158203,228.47455650394147,223.35364844044517,224.81676901668752,11786129
2016-08-30,230.66921997070312,231.26360484716602,228.428827958883,228.74887598722773,15323228
2016-08-31,230.89781188964844,233.91548905352977,229.70902828528904,231.58364697446916,15601566
2016-09-01,230.44058227539062,233.04676110865472,229.66329695224866,230.39485714696752,12175873
2016-09-02,232.8181610107422,233.36682071908376,230.12053178633042,230.44059374787614,11380257
2016-09-06,237.84762573242188,239.1278457112948,234.09838815331346,235.19573551046312,16620963
2016-09-07,243.97439575195312,247.17495956080327,238.12194179711037,240.40805880343189,30862337
2016-09-08,245.39181518554688,248.36376741663938,244.0658561043783,245.07175321008864,14339143
2016-09-09,241.50538635253906,245.4374961187353,240.81955130680487,245.4374961187353,11455826
2016-09-12,231.12644958496094,236.61313088074635,230.257727837132,235.47007227745772,18989750
2016-09-14,235.5157470703125,235.92725926659696,231.35502555987998,233.18391904256677,12754966
2016-09-15,234.098388671875,236.24734430547687,232.45238158585562,236.24734430547687,7783662
2016-09-16,232.5438232421875,239.5850607876427,231.72081275296756,235.88156242288076,18013477
2016-09-19,233.77830505371094,236.20158334947982,233.36680680864546,234.09836699617853,11433295
2016-09-20,232.6809844970703,234.46415295894914,231.94942426945698,234.46415295894914,9914599
2016-09-21,229.66331481933594,234.3269992143075,229.20609140623483,232.7267172684537,12817180
2016-09-22,235.83583068847656,236.33879318646623,233.2753907400467,235.83583068847656,20797370
2016-09-23,232.77244567871094,236.6588307914533,232.08661054940026,236.6588307914533,12730223
2016-09-26,230.12054443359375,232.68099840662774,229.20609758274958,232.22377498120565,8800173
2016-09-27,227.69725036621094,232.17803404910535,227.05714040484756,231.49219895764085,11345387
2016-09-28,232.04086303710938,233.91548166709399,226.828519347734,228.61168772129002,17277539
2016-09-29,226.09698486328125,234.78422998441843,222.6678091575692,233.18394798841948,27870695
2016-09-30,229.7547607421875,230.89781925334265,224.77102842422119,225.73120036426172,14826293
2016-10-03,233.45828247070312,234.6927773402435,231.0349899578693,231.35505193516767,9314647
2016-10-04,237.52755737304688,239.5850626823418,232.08660167913717,233.91549528739932,21532806
2016-10-05,238.533447265625,242.23694554830155,237.3446497119837,239.58505547741083,20868556
2016-10-06,234.82992553710938,239.5850600286019,233.77831730534703,238.9906751938407,11081154
2016-10-07,236.56739807128906,237.66471748610198,233.41254545196094,235.24143905001745,11934100
2016-10-10,234.6470489501953,238.0304852867077,234.14408647798737,237.16177759113197,9399844
2016-10-13,228.29164123535156,233.50399923101912,224.81675450937453,233.13821213388664,18050638
2016-10-14,230.53204345703125,231.85798852403562,227.78870306184254,229.52614639745508,12133951
2016-10-17,231.5379180908203,234.50988403020867,230.4405847635686,232.0408666022045,16865537
2016-10-18,234.92138671875,235.65296093198174,232.08660989757172,233.09249304572478,20218355
2016-10-19,233.54969787597656,235.92726504302155,233.04676331860384,235.92726504302155,9546481
2016-10-20,237.93905639648438,238.57915237984187,233.45825893283077,233.8240320528494,14179531
2016-10-21,236.38449096679688,237.5275494337543,234.1898242915788,237.5275494337543,8833390
2016-10-24,240.4538116455078,242.23696626844344,237.11605829994238,237.11605829994238,14483254
2016-10-25,239.08213806152344,241.9169009470481,238.44201410928713,241.41396634650738,9079178
2016-10-26,236.61309814453125,242.1912289381675,234.82991580742856,238.12192971077948,15020687
2016-10-27,233.54969787597656,236.01871530073493,232.54381480788084,235.92726504302155,10938008
2016-10-28,235.92727661132812,236.6588228955042,232.26948937704395,234.00693273198854,11430184
2016-11-01,236.79600524902344,238.5791597290552,234.55559947150795,235.01282286229062,10000632
2016-11-02,229.57188415527344,234.09839326563792,229.1146607309265,232.36094983446014,13716294
2016-11-03,224.63385009765625,231.17215306809874,223.9023038227501,229.66330748106552,12902390
2016-11-04,222.07342529296875,226.23414733880253,219.74158301181188,225.18253903227676,12657669
2016-11-07,231.08071899414062,232.1780524367183,224.49670438532291,226.78282153792293,11224419
2016-11-08,231.0349884033203,232.3609474831903,227.37720104555802,231.9951603754032,9367228
2016-11-09,237.75616455078125,238.7163225141712,214.8949948824369,214.8949948824369,31761606
2016-11-10,257.2338562011719,259.88577406636523,242.55699722098007,244.1572790122589,50227559
2016-11-11,249.6439666748047,264.0922143892743,247.35784976386324,254.90203556996997,57937113
2016-11-15,254.3991241455078,259.19997009503993,247.54077278903333,251.61004451651965,48658808
2016-11-16,253.48468017578125,260.43445397054677,252.524494230952,259.7029076468989,27532708
2016-11-17,253.71324157714844,258.056863290858,252.02150964415355,254.21617608658303,19500760
2016-11-18,252.20443725585938,256.04512529801116,251.33572946762067,254.35339299595134,13389671
2016-11-21,235.3328857421875,253.8504331416713,233.96121556444797,253.43892092566895,26002028
2016-11-22,235.3328857421875,240.1794425408534,229.6633045115169,238.48771040696772,25631435
2016-11-23,236.52166748046875,238.07623825731983,232.95533041753689,237.57327575577264,16190033
2016-11-24,239.35643005371094,240.499488458934,232.77241643029598,235.7443543305263,28927720
2016-11-25,238.62490844726562,241.87118349021904,236.24734113785496,240.9567366717305,19303589
2016-11-28,231.85800170898438,235.69867568998404,226.78281889860733,231.766551442604,22315183
2016-11-29,231.08071899414062,234.55561985676303,230.44060898208298,232.49811441942302,12656706
2016-11-30,236.24734497070312,237.893338108006,231.08071199040938,232.26949566440138,16501691
2016-12-01,233.77830505371094,238.67060072657264,232.8638583076321,237.43609203802623,12986151
2016-12-02,232.36093139648438,239.0363816995677,231.35503436139896,232.2237560080543,21139754
2016-12-05,234.92138671875,235.7443832902708,231.5379362143236,232.63526962746846,8406973
2016-12-06,236.93316650390625,237.89332446113588,234.4184378565228,236.38449285404602,10048459
2016-12-07,233.73260498046875,240.2708939441354,230.12052899921795,238.0762272306482,22193202
2016-12-08,237.6647186279297,238.21339229132298,235.9729864602594,236.33878750698943,9047721
2016-12-09,243.83724975585938,244.34021227312527,236.65883632003894,238.4877300409255,16004173
2016-12-12,241.09390258789062,246.30626071269808,239.85939377867803,245.89474847405964,14296268
2016-12-13,243.37998962402344,243.92866323889032,239.17352911897638,242.2369312208421,9084137
2016-12-14,240.40805053710938,243.47145280158688,239.85937689311777,243.24284110881544,8672531
2016-12-15,242.6941680908203,244.61451189639385,236.84171432211593,237.66471083687577,12274497
2016-12-16,242.09979248046875,243.56291295498664,240.54522174378687,243.56291295498664,11017555
2016-12-19,238.99066162109375,241.8711632772714,238.53343825005922,240.81955510523193,8371299
2016-12-20,232.77244567871094,240.40806841302552,231.5836619972355,239.44791039467174,12765309
2016-12-21,233.50401306152344,235.9272916776469,232.36095447781392,234.18984821174917,8778450
2016-12-22,228.42880249023438,232.49808776466867,227.10285748440972,232.49808776466867,12981595
2016-12-23,227.83441162109375,230.25770398100883,226.5999168294546,228.38308527516716,10557157
2016-12-26,223.3079071044922,227.0571445882493,222.75924739322224,226.78280775593885,8592983
2016-12-27,227.46864318847656,228.5659765659518,222.30202431146563,223.67369452164738,8756536
2016-12-28,226.55418395996094,230.89780605404698,226.00551032463108,227.9258540949355,11747088
2016-12-29,226.46275329589844,227.5601006614977,224.4966981803439,226.46275329589844,10658616
2016-12-30,228.79457092285156,230.71491465286616,226.0969558380024,226.55417920673446,10538497
2017-01-02,222.75924682617188,231.94942603504518,221.84480002303218,230.89781779277487,25988990
2017-01-03,223.947998046875,225.31966813851372,220.47311164407003,223.12500157323166,15963085
2017-01-04,222.11912536621094,225.31968921271744,221.47901538757986,224.77102949675552,11225978
2017-01-05,224.35952758789062,224.86246216437283,222.85068199839162,224.03946562708305,11970913
2017-01-06,224.86244201660156,227.69723241922492,224.49666891132418,224.9538922695957,12354302
2017-01-09,225.91409301757812,227.10287669185487,224.95392105168722,225.31969420376407,8329253
2017-01-10,227.05715942382812,227.69726943880903,225.31970200790644,226.50848572335772,9352013
2017-01-11,230.5777587890625,231.5379307353501,227.6972569035508,228.29164175187827,13415303
2017-01-12,229.7547607421875,232.68098774007453,229.1146507666108,231.26359239557192,11282323
2017-01-13,229.4346923828125,230.98926307733456,227.7886993353077,230.4405894259326,9333736
2017-01-16,233.86978149414062,234.46416636430024,229.25182211873752,229.57188409703983,13234727
2017-01-17,234.098388671875,236.5216671920207,232.63526816133526,235.42434773914283,9480201
2017-01-18,236.24734497070312,237.11605271833972,234.6470630123854,235.10428642904762,8048897
2017-01-19,236.29306030273438,239.58507454190266,234.5556168702215,235.19574082748036,13029151
2017-01-20,229.57188415527344,238.21340408476047,228.88604901875303,236.38451038737267,15341756
2017-01-23,232.40664672851562,233.36681865129415,228.70314838163523,229.52614491353071,9339939
2017-01-24,233.0924835205078,235.0128273800509,232.2694869826184,233.2753840430173,13540202
2017-01-25,237.02462768554688,238.67062080427473,232.4523796171713,233.68688840956835,16343545
2017-01-27,243.65438842773438,245.25467050772627,237.29897129022748,238.03051764982757,18039379
2017-01-30,241.3682403564453,244.98028841755954,240.865277880064,243.10568366871428,11884795
2017-01-31,238.07623291015625,241.27679674979848,237.43610897954701,238.80777919653653,8899165
2017-02-01,247.54074096679688,248.63806029874664,239.21927014268834,239.58504325333826,27253142
2017-02-02,249.91830444335938,251.47287519817445,245.71187140176988,248.59237329997217,20139955
2017-02-03,253.8046875,254.71913426153012,248.72951913618812,249.64396589771823,15366890
2017-02-06,253.34744262695312,258.3311882171852,252.38728477148,256.04507150729853,14725291
2017-02-07,254.12474060058594,256.045084314283,252.66162025173585,254.07902942678106,10981984
2017-02-08,253.48468017578125,255.3592850718187,249.27821904804713,254.30767676656103,13622088
2017-02-09,252.25015258789062,256.31942405912866,247.6779186381616,254.94775387420995,16080181
2017-02-10,252.7073974609375,258.6055630133633,251.4728886082472,254.90206436199603,37580487
2017-02-13,248.40951538085938,254.4448710021438,247.08358401004762,254.03335870037398,19853043
2017-02-14,247.0835418701172,249.6439818028501,245.16319796721635,248.72953498305947,13306738
2017-02-15,245.9404754638672,249.18675040741164,244.20300423658284,247.769369044839,12201568
2017-02-16,247.3578338623047,253.30173744864473,246.58054858121278,253.30173744864473,21794688
2017-02-17,246.30624389648438,250.23835385782527,244.797412302328,247.9522369252548,17830528
2017-02-20,246.58059692382812,248.3180404237401,245.07176514513364,246.8092086450456,9229363
2017-02-21,247.54074096679688,248.27228718809673,245.6661084263293,246.90061709313485,7754157
2017-02-22,249.0038299560547,251.19852440291587,246.44339031031546,248.63805685047754,12617613
2017-02-23,247.31216430664062,249.64399263561054,246.5348788947495,248.4552228809795,13146194
2017-02-27,245.30039978027344,248.22664124788395,244.70601483092636,247.63222839183,9645350
2017-02-28,246.16908264160156,248.0436873649977,245.0717353504862,245.8947318654723,7941592
2017-03-01,248.5009307861328,249.91831223695112,246.71774827098437,246.90064880314944,7656892
2017-03-02,244.4315948486328,251.1985228398495,243.7000486420305,249.64395226744588,14220808
2017-03-03,242.37413024902344,245.89475625834027,241.6425839201774,243.47147764899614,10120034
2017-03-06,246.76348876953125,247.22071219585735,243.56292478524864,243.7915364984117,9515073
2017-03-07,244.88885498046875,247.72364579348886,243.60863497330897,247.63219552725533,11599142
2017-03-08,246.80917358398438,247.1749467046307,243.24283682095702,244.8888298172157,9122987
2017-03-09,249.87257385253906,250.46695865730754,245.4375015440817,245.98617517413726,15594429
2017-03-10,248.7752685546875,251.9758327120512,246.44344011700443,251.015674627524,9557026
2017-03-14,251.1527862548828,254.58196145745276,250.37550096096047,254.58196145745276,15734886
2017-03-15,253.62184143066406,256.5023434495591,249.3239300390596,249.3239300390596,20055974
2017-03-16,255.40499877929688,256.228023284924,252.4330464616763,254.21622901493012,18005184
2017-03-17,250.69557189941406,255.58786761214947,250.10118709095843,255.54215643715298,14265642
2017-03-20,250.4669647216797,251.2442500575199,248.5466209233394,251.2442500575199,9678185
2017-03-21,249.04957580566406,253.3474587497452,247.03778181025595,250.92418046438988,11898233
2017-03-22,244.61451721191406,247.81508098851853,243.97439329391258,247.17495707051705,9887203
2017-03-23,245.52896118164062,246.35195770481985,243.88296813528214,245.9861845730403,7998170
2017-03-24,252.84449768066406,255.08490312658924,245.66608592647398,246.44337115710294,20133467
2017-03-27,255.5421600341797,256.7766408434641,251.65576127696417,252.38730752740685,15966114
2017-03-28,257.9654541015625,258.697000396578,254.67343996058784,256.6394950468067,18673371
2017-03-29,263.7721862792969,265.09811737344256,258.92560157508177,258.92560157508177,31008407
2017-03-30,266.1497497558594,268.61876746202154,264.1379833903788,264.2751448392314,19683170
2017-03-31,268.2986755371094,269.761795943908,263.8178919654829,267.0184556461733,20185269
2017-04-03,268.070068359375,270.4019243957335,267.2013606611522,269.57889996719456,10509610
2017-04-05,271.9107971191406,273.1910172252148,264.8695446756747,268.2072703508091,21936647
2017-04-06,267.7957458496094,272.09362898354965,266.51552593538673,270.1733130655663,18413111
2017-04-07,264.6866455078125,269.57891371189066,263.0406244735121,266.74415087066114,10765502
2017-04-10,264.59521484375,265.509661739421,262.0347467918484,265.0066992027792,10307875
2017-04-11,269.3045654296875,269.8989502304504,264.0922078393362,264.54943121018454,11682024
2017-04-12,265.3267517089844,270.17333682673984,264.3665936655488,268.847377712754,13251421
2017-04-13,266.60699462890625,268.0244041322403,265.1896130322782,265.4182247676508,9944020
2017-04-17,265.09814453125,267.70432371666425,263.81792448251963,266.19549194827835,8146800
2017-04-18,265.4638977050781,271.4992522307079,263.72645434791093,266.1497328123837,13457050
2017-04-19,259.7485656738281,266.78981620155247,258.6969575837648,266.60691570471636,18149995
2017-04-20,260.4344482421875,262.35479218290385,258.056908789275,259.61145166950985,14514929
2017-04-21,258.056884765625,262.4462180157519,255.35925568257395,262.4462180157519,12042308
2017-04-24,261.5775146484375,263.2235357499497,256.8681188736263,259.01707458835676,10077853
2017-04-25,261.5775146484375,264.0922435279361,260.61735660258313,262.9034737657637,11531902
2017-04-26,261.94329833984375,264.7323499311876,259.10850766424886,262.53768318149224,13836891
2017-04-27,257.91973876953125,263.3149978422806,257.00529186319477,261.9433274827758,22622372
2017-04-28,264.9609680175781,265.8754148442134,258.33122852447224,258.7884519377899,14152004
2017-05-02,263.6349792480469,267.47566664980064,262.5376599237596,265.41816152172527,9754789
2017-05-03,265.00665283203125,268.11579405864023,261.34886588938514,264.6408797191066,13950914
2017-05-04,273.4653015136719,274.3340371272554,268.0243598546688,268.8473563847103,24534923
2017-05-05,270.67620849609375,278.81477810264363,267.1555833110045,275.2484417477169,34756331
2017-05-08,273.7853698730469,275.0198786503239,268.7559124081199,270.7677065567715,11560550
2017-05-09,271.13348388671875,275.1570443394476,269.9904253543127,275.1570443394476,7843574
2017-05-10,269.2588806152344,272.6423171467246,267.9329215472852,271.5907088721628,8699405
2017-05-11,272.59661865234375,273.7853884255639,269.258893144422,270.584824367367,11934889
2017-05-12,272.4136962890625,276.7116074141161,270.67625294944355,274.33404015146306,13376269
2017-05-15,275.6142272949219,276.16290089127733,272.047890778659,272.870887219843,10383539
2017-05-16,281.1924133300781,282.01540993409367,273.73967689958107,276.16295553067835,17533439
2017-05-17,281.32952880859375,282.3811369589244,279.3634739350714,281.64959074305074,14120513
2017-05-18,277.03167724609375,281.55817229316943,276.1629415982527,278.76912063507336,15471393
2017-05-19,281.64959716796875,288.32504723686725,276.1629167036577,278.40332238926464,55250969
2017-05-22,269.1217041015625,282.92985749292734,268.11583486460603,282.5183731432735,35771221
2017-05-23,264.137939453125,270.58477763715155,262.6748191264334,269.76178117423103,19846852
2017-05-24,258.92559814453125,265.60107633018646,257.55392798529124,265.2352752956951,16435958
2017-05-25,265.281005859375,266.4240642887013,259.29136294568553,259.8400365731021,15018467
2017-05-26,266.1575927734375,268.51050864744025,263.2510131938094,268.0491503851594,12304394
2017-05-29,262.0515441894531,268.37215924978216,261.4056312323968,266.57285041161026,10619968
2017-05-30,266.5267028808594,267.3571422119111,259.3294963072325,261.49788600875615,9643418
2017-05-31,266.0191650390625,268.97186920650273,265.0041993806367,266.66507787540064,10697171
2017-06-01,265.2348937988281,268.87960741656434,262.60514589800863,265.6962520916359,12186700
2017-06-02,264.86578369140625,268.04916716404136,264.21989897922725,267.49553158283413,12004368
2017-06-05,265.0503234863281,267.3571148134502,264.58896522090373,265.7884854473777,7917410
2017-06-06,265.0964660644531,270.30983734529417,264.4505813444107,269.4332453177875,12346121
2017-06-07,268.0953063964844,268.9718984612754,265.00422820386507,265.9269448366653,10864355
2017-06-08,266.2959899902344,269.4332204873824,265.51167532617904,269.4332204873824,8370299
2017-06-09,266.2498779296875,267.03419271351936,263.7124071437522,266.0191987673297,10804887
2017-06-12,262.92816162109375,264.8197197844931,262.3283731779401,264.5890405860746,10326846
2017-06-13,261.9131164550781,264.81966815668994,261.12880170154443,263.3433159428165,9171049
2017-06-14,262.2360534667969,264.1737356848811,260.7597013623393,263.8046546985352,11566255
2017-06-15,262.0515441894531,263.7124229946279,259.60635055330397,261.9131423155351,11925641
2017-06-16,263.8508605957031,264.4967454122064,261.3595141574022,262.6974646815045,19246907
2017-06-19,266.5267028808594,267.4494195062672,263.2510419652157,264.4505904736918,14848661
2017-06-20,267.6800842285156,268.51052351478756,263.52785963808077,265.3732927893851,14927701
2017-06-21,268.4182434082031,269.84847098089807,265.97305014020355,265.97305014020355,10537576
2017-06-22,271.7400207519531,273.03181827481654,268.55663742858076,268.74119200002156,26110402
2017-06-23,266.61895751953125,272.70886420247757,265.5578109632208,271.9707022285066,20648597
2017-06-27,258.0376892089844,267.08032870210485,255.40794129111066,266.89577412015467,25523129
2017-06-28,255.03884887695312,256.93043470055613,252.59365565041693,256.14612000096827,17241351
2017-06-29,251.39413452148438,257.71472034187144,250.65594438835842,255.7308853974177,30457363
2017-06-30,252.50137329101562,253.51636710779334,248.8566598859111,250.97889664538596,12235472
2017-07-03,253.60867309570312,254.20843327742793,251.48640793696077,252.91663561854133,8951033
2017-07-04,251.90164184570312,255.08502550628512,251.02504977711473,253.74707511929802,7856082
2017-07-05,253.65476989746094,254.30068273573764,251.30185399630457,252.73205336225075,10048734
2017-07-06,259.2833557128906,260.85198514275515,253.37797530711663,253.79318086743964,16115817
2017-07-07,258.45294189453125,260.57517894723094,257.622502533,258.91430022416836,5914038
2017-07-10,263.4817199707031,264.81967033533107,261.31335843772735,262.14379776515176,2095795
2017-07-11,261.63629150390625,267.3110213562265,261.1288086165156,265.28103348850965,12400820
2017-07-12,265.4194030761719,266.1114404706825,261.3133314308528,262.69740621987415,7524835
2017-07-13,266.4344482421875,267.5878441220238,264.4044602300439,266.572850115952,8434324
2017-07-14,269.0641784667969,270.90961175098744,265.050355441867,266.4805549734838,13750192
2017-07-17,270.35595703125,271.37095089765336,267.2648508668251,270.1714024522402,10549310
2017-07-18,268.5105285644531,273.49319253486493,267.5878119714481,269.2948433003225,11913832
2017-07-19,270.6327819824219,271.27869490057805,268.87962598052616,268.9719032772738,9006728
2017-07-20,268.46441650390625,271.5093701390309,267.63394900425675,270.3559743440478,6256500
2017-07-21,268.1875915527344,269.617819270944,265.973077200917,268.55667258485767,7266604
2017-07-24,271.78619384765625,273.4009480793478,268.23375706519806,268.32600620831715,11195781
2017-07-25,273.21636962890625,274.3236125672901,271.8784193994011,273.12409234427247,10846999
2017-07-26,272.9395446777344,276.49200903292405,272.4320618380249,273.3547783895508,12527914
2017-07-27,275.2925109863281,276.6765859252648,273.30867587233416,274.04683790946973,22286060
2017-07-28,275.98455810546875,277.5070349597165,272.75504980169814,274.04684749139085,15766196
2017-07-31,288.34893798828125,289.5946110322058,274.969547265625,276.26134487599734,41547584
2017-08-01,285.1194152832031,290.47116003459786,284.15057416480266,289.732998054776,14888804
2017-08-02,283.919921875,287.70303757817896,281.70537940796805,286.04215888698224,17005571
2017-08-03,277.3224792480469,283.6430939632262,275.9845569944602,283.2740129332395,14459919
2017-08-04,281.65924072265625,282.62808188411617,274.6004644002427,277.09178231217203,9615344
2017-08-07,287.1494140625,287.7030214892219,281.5669617977321,282.1667219493979,11420767
2017-08-08,280.182861328125,287.7029952178764,277.92222278457047,286.9648332769347,13578680
2017-08-09,278.937255859375,283.6892695400742,276.9072959514137,279.352489650977,15852734
2017-08-10,273.7700500488281,279.02951822609975,269.43327039190245,277.9222751062376,14519518
2017-08-11,258.4990539550781,279.5831342310501,256.00773599103934,271.74004300674676,67652562
2017-08-14,256.6997985839844,260.57519184937615,255.13116892191778,259.69862787511,23773509
2017-08-16,261.2210998535156,261.9592619398572,253.00892696688157,257.48408037383007,21074533
2017-08-17,259.1449890136719,262.69745391563237,258.36067419234365,261.86698636417964,12134114
2017-08-18,257.1611328125,258.0376967045368,254.66978667918175,256.5152199159874,12653217
2017-08-21,253.4241180419922,258.9604178491753,252.2245976807333,257.43794103401535,9247153
2017-08-22,252.7320556640625,255.59248258108076,250.2407378917492,254.66976603746676,11814388
2017-08-23,257.4379577636719,258.08387071344885,253.00892889373486,253.51641181207472,11317821
2017-08-24,258.637451171875,259.69859778690176,256.0538559609445,258.08384374030123,14138226
2017-08-28,257.7608642578125,260.2983346756449,257.4379078455464,260.2983346756449,10505317
2017-08-29,255.59251403808594,259.1449788000337,254.7159219501365,256.930464454624,10335964
2017-08-30,255.22340393066406,257.6685971617991,254.6697683676152,256.51520147172835,7648702
2017-08-31,256.2845458984375,257.8993000130091,253.0089131010802,255.45410655704467,14222467
2017-09-01,256.3768005371094,258.729716489634,255.22340484291607,256.1922459624086,8255209
2017-09-04,256.2845458984375,257.9915773085143,255.0388728068097,257.391817126346,7168751
2017-09-05,255.17724609375,257.89927113139606,254.62363870087015,256.60747361622,9565430
2017-09-06,253.05503845214844,255.26955275573923,252.50140283648147,254.62366800335872,7306781
2017-09-07,253.00894165039062,255.50025995568737,251.9939476034563,254.11618484416243,16102724
2017-09-08,250.79437255859375,254.11615810858436,250.1484878032838,253.6547997866156,7077895
2017-09-11,250.0100860595703,252.3630022391195,248.71826023017042,251.53256289098906,14489224
2017-09-12,252.3168487548828,254.34680824444754,249.59482370226362,250.9788985102244,8375133
2017-09-13,252.27072143554688,255.22342592015625,251.440282098962,253.7009491099045,10150073
2017-09-14,253.00894165039062,254.30073945599784,251.25575731519484,252.27075136212918,8015217
2017-09-15,250.5175323486328,253.285681877347,249.04118030150397,249.82549496645427,18404860
2017-09-18,249.5025634765625,252.8243488746135,248.62599960036255,251.90163227288133,17538678
2017-09-19,247.10348510742188,249.87163480537987,245.85784027060066,249.5487065345447,14331316
2017-09-20,249.17959594726562,251.02502906862014,246.7805554167645,247.42644011379377,12355806
2017-09-21,247.74940490722656,250.42527739172783,246.68828645843348,248.90280064701813,8509419
2017-09-22,241.6133575439453,246.7344236265521,240.921320064724,246.59602176252324,12860892
2017-09-25,238.75291442871094,241.56718872646277,234.73909168476106,241.29038501684218,13937050
2017-09-26,238.29156494140625,239.58336256580773,236.21545256534367,238.5222440943021,11728345
2017-09-27,231.0482177734375,239.81402497132046,230.21777851282133,239.81402497132046,17080769
2017-09-28,233.0321044921875,233.9548211885893,230.21781575225407,230.90985327455542,17776419
2017-09-29,234.23162841796875,235.75410526634687,233.49345227833075,235.01592912670887,10073641
2017-10-03,231.87869262695312,236.58453900627472,231.23279379993312,236.58453900627472,10547836
2017-10-04,233.63185119628906,234.96978751275768,231.92483385442867,232.20163758370322,14063896
2017-10-05,232.15550231933594,234.46229382060304,229.94097403039675,234.0931987326775,13476692
2017-10-06,236.907470703125,237.96858908809148,232.61684444099808,232.66296900418507,11932139
2017-10-09,236.99977111816406,238.61452521433344,234.60070225775416,236.9536183913989,8009211
2017-10-10,237.092041015625,238.24543676261857,235.9386311890935,236.99976372405035,9742878
2017-10-11,232.29391479492188,238.47612756451494,231.09438034352894,237.2765790335834,14192548
2017-10-12,231.78640747070312,233.40116152325714,229.29507546267024,232.52458356777828,13404759
2017-10-13,232.61685180664062,235.61568064467386,230.86368188437564,231.6941352410919,15697555
2017-10-16,232.5707244873047,235.01591787326052,230.77142991277697,234.9236546599354,12171830
2017-10-17,231.7402801513672,235.0159270625578,231.2789218280879,232.57073358099308,13505216
2017-10-18,224.9121856689453,228.6491909544294,223.8049284938675,226.98829815204326,20677891
2017-10-19,223.9894561767578,226.29624769248136,222.5131039748795,224.95831142926932,3458869
2017-10-23,226.94215393066406,227.9110092148942,223.57424383926343,225.14285930540154,8901335
2017-10-24,234.78524780273438,235.56956258379662,226.94215631026645,226.98829495848284,17197805
2017-10-25,299.79058837890625,302.6971397527357,258.2222208792761,258.2222208792761,262677081
2017-10-26,295.73065185546875,324.1503100993225,292.9625022281165,304.49645900875095,112804243
2017-10-27,287.010986328125,298.59109651974967,286.13442245613066,295.4999902869624,27580765
2017-10-30,287.8875732421875,297.43769548636357,286.5957756607363,287.8875732421875,28530254
2017-10-31,282.1667175292969,289.5946028576493,280.78264266602224,288.81028813664534,16455750
2017-11-01,295.13092041015625,296.6072726533374,285.4885203410427,285.4885203410427,34907283
2017-11-02,290.05596923828125,298.17586406574964,289.3177790618267,295.269312403592,23110527
2017-11-03,299.8829040527344,302.1896956223708,288.4412234991531,291.07097152035396,26898400
2017-11-06,303.5737609863281,304.49647758507075,296.60726192945157,298.5910969849331,17143407
2017-11-07,292.68572998046875,306.06512128372896,291.1171004261108,303.52765051931755,21883541
2017-11-08,285.6269226074219,294.6234097831375,282.95105000235776,293.4238894233395,20242447
2017-11-09,289.4562072753906,293.42387737245707,284.3812660000808,288.94869625241415,21846178
2017-11-10,307.7720947265625,312.33955292363987,285.58077290950234,290.65571394666637,82984969
2017-11-13,305.46533203125,318.15268581558655,304.26581166436176,310.72482813638766,38777555
2017-11-14,303.6660461425781,308.8332648611764,302.1896939145391,304.81944192087786,25647162
2017-11-15,299.83673095703125,305.55755622838,297.3453852014122,302.65100495287265,17389606
2017-11-16,307.63372802734375,308.37191824890715,298.63724061529575,302.0974280814681,22506014
2017-11-17,311.4168701171875,319.90587458105,310.0327951388889,318.33724500868055,26518142
2017-11-20,307.2646484375,311.0939169528785,305.64989427904464,311.0477923834109,13507662
2017-11-21,305.09625244140625,309.47915649659393,304.4964922551434,309.1100754711304,14189920
2017-11-22,309.3868713378906,313.40069426560996,301.72833465761244,305.2807992754577,22861716
2017-11-23,309.06396484375,310.63256631249516,306.0189828884003,309.57144775676903,13338423
2017-11-24,306.71099853515625,310.9555006145289,305.8805592098408,310.0327839954947,11716981
2017-11-27,309.7098388671875,310.95551198022946,302.69718667439355,304.40421811381566,13114683
2017-11-28,306.3418884277344,310.67866738898545,305.6037264662368,310.0327545533697,16054996
2017-11-29,303.4814758300781,308.9716507139522,301.91287454831064,306.6648592768749,11264624
2017-11-30,295.5922546386719,301.2669558318676,293.8852233765692,300.62104297839915,27276288
2017-12-01,288.5796203613281,297.3915527410251,287.195545443528,296.65339071516223,16425620
2017-12-04,289.3639221191406,291.5323116914697,287.1032552579534,290.3789159784303,13887727
2017-12-05,294.4388732910156,295.91522548583526,284.93487539622885,288.34893808680704,15130931
2017-12-06,288.2566223144531,292.8702047079593,287.42618311543646,292.2243200683118,18658202
2017-12-07,291.9475402832031,293.19321338336647,288.3028264379278,288.348951006458,12278558
2017-12-08,288.902587890625,294.2082086124013,287.9798712433595,292.13209615605405,16418832
2017-12-11,293.79296875,294.6234080834599,290.74801514095486,291.5323299066413,14014369
2017-12-12,293.839111328125,295.73066908673434,290.3327713670646,293.19319844714454,17658856
2017-12-13,289.08709716796875,294.30046844287864,287.1032621258996,291.71684508842117,17540585
2017-12-14,289.7330017089844,291.02479926950247,285.5807771621996,290.0098054151401,13894451
2017-12-15,288.1182556152344,294.6695490448659,287.4262181718031,293.79295701955596,16050711
2017-12-18,294.25433349609375,298.49883570987345,277.18407550341163,284.1967276619506,32119915
2017-12-19,295.08477783203125,297.3454449220676,293.79298013447243,294.76184952694996,14741481
2017-12-20,292.9625244140625,294.34659933255415,292.03980780173475,294.34659933255415,9895770
2017-12-21,292.2704772949219,293.60842760220675,291.02480427763516,292.1320754394623,9916409
2017-12-22,295.13092041015625,298.8217869385707,292.03981406079373,292.5934496718713,13821639
2017-12-26,292.6395263671875,295.223149409871,291.8552117263894,293.9774765284943,9329690
2017-12-27,290.517333984375,295.5461226773726,288.85642716981005,292.0398107784187,14276027
2017-12-28,284.5657653808594,292.0397747260419,283.87372799999196,290.9325036530248,20353152
2017-12-29,285.94989013671875,287.88760077374224,285.16557533612854,286.042167435449,11939569
2018-01-01,283.3663024902344,288.5796461819291,282.62811223924575,286.59581092072756,12182400
2018-01-02,279.8138122558594,285.1194327685426,278.0606563269619,285.1194327685426,14797364
2018-01-03,279.4447326660156,282.76651811398784,278.7988197714657,281.7053714787877,13857373
2018-01-04,284.6580810546875,286.2267105931739,279.7215414402381,280.96721452561536,24517099
2018-01-05,282.6742248535156,287.3339322354532,281.9821874309066,287.3339322354532,14580575
2018-01-08,282.1667175292969,285.5807801223378,281.4285555325138,283.45854326228005,13557197
2018-01-09,280.78265380859375,285.5807914553185,279.85993719646024,283.73535823105146,15574755
2018-01-10,277.8299865722656,282.2128906223059,276.814992634125,281.10561938813856,13064599
2018-01-11,278.844970703125,279.58313272722313,276.81498289824077,277.6454222151202,12298455
2018-01-12,278.89111328125,281.1056276556379,277.3224836798913,281.1056276556379,17594228
2018-01-15,279.2140197753906,281.65921287946657,278.2451505506317,280.45969268775326,18189668
2018-01-16,273.26251220703125,279.9060829116194,272.47819747454747,279.02949088841837,18040940
2018-01-17,283.3663024902344,284.56582292935747,269.9869104210482,273.124141550283,26277307
2018-01-18,279.8138122558594,293.2393276808447,277.27634157588045,290.6557324339512,40000111
2018-01-19,285.3501281738281,286.04216567142026,279.1217906954988,280.45974112114146,18461642
2018-01-22,282.8126525878906,284.8887650457136,280.5519855368524,284.5196840183606,12622645
2018-01-23,293.5161437988281,295.77678247870296,282.67422420290734,282.7203487673452,35252217
2018-01-24,304.4042053222656,305.9728348296729,291.7630046060991,293.1470795270786,38070520
2018-01-25,288.94873046875,307.03398351417303,287.74921001617304,307.03398351417303,42466150
2018-01-29,287.9798583984375,292.40888684413034,286.9648644999024,288.94869957122154,23600898
2018-01-30,289.3177795410156,294.20819443124554,286.96486346753284,287.9337046368314,25810404
2018-01-31,289.04095458984375,292.1320606139202,284.0582909326397,288.8102754560929,16409938
2018-02-01,282.39739990234375,292.87023878602554,281.42855875060303,292.4088804929918,19515991
2018-02-02,274.36981201171875,282.1206265365911,272.66278051206103,279.49087835161333,23274673
2018-02-05,275.01568603515625,277.184075792629,267.58782827259955,270.0330217612061,18940578
2018-02-06,269.20257568359375,274.32364169517797,261.0365279102195,262.974238456981,30577218
2018-02-07,270.1714172363281,274.8772776678354,267.5878219432652,273.67775731585834,21463818
2018-02-08,278.1067810058594,279.85993693546277,269.9407333642783,270.26368981003907,18932796
2018-02-09,273.4931945800781,277.3686155633102,272.20139697202603,274.0468301718364,15750824
2018-02-12,266.4344482421875,269.80235857949367,263.1126624764431,265.973089890253,50839665
2018-02-14,254.85435485839844,266.3883132035635,253.74708359363137,266.3883132035635,45641149
2018-02-15,257.1611328125,260.482890111489,253.05503259697682,253.56251547346776,26058237
2018-02-16,250.65599060058594,259.4679521454702,249.17963822122047,258.82203917978546,30338112
2018-02-19,247.74940490722656,250.97891297864294,236.81520766218748,250.5175546827263,43847791
2018-02-20,248.81053161621094,253.00890914387836,244.33535036543427,248.21077144342317,33458021
2018-02-21,252.1784210205078,252.91661115352034,246.73439902525934,251.1634553461114,23714454
2018-02-22,251.53256225585938,252.45527889791381,248.62601046520328,249.50257437970868,25584062
2018-02-23,254.71591186523438,255.77705850623659,251.44027912557766,252.31687117882038,15482147
2018-02-26,253.23956298828125,258.36062846748945,252.68592743832187,258.36062846748945,15306032
2018-02-27,246.91896057128906,254.577496863704,245.39648385762527,251.90162443376838,20824909
2018-02-28,247.28807067871094,248.85670030112516,240.6444993072933,243.82788312257225,26810799
2018-03-01,241.89015197753906,249.13348294688404,241.05971266619798,245.7194202502778,22859175
2018-03-05,243.13580322265625,244.5198780038099,238.75289974900306,240.32152909793993,18484565
2018-03-06,236.72293090820312,245.44261398443848,235.29273145124742,245.30421212716465,20778164
2018-03-07,227.58804321289062,235.615688877287,227.03442170193986,235.33887108204266,31262500
2018-03-08,236.95359802246094,238.01474457884424,225.4196552636954,227.91098712486135,33133336
2018-03-09,233.677978515625,237.50724676669174,232.20162632655416,237.13816575919301,21536191
2018-03-12,233.30889892578125,235.52341314330565,228.14168031217363,234.4622946806456,25332474
2018-03-13,235.0159149169922,242.1208299124051,230.31006871046372,231.8786841126399,37647221
2018-03-14,237.18429565429688,237.92248584495516,230.67915475386837,232.98594630140707,25471485
2018-03-15,234.09320068359375,238.79904693767404,233.0320822159828,237.13816830655048,18339890
2018-03-16,232.8013916015625,235.93862228314916,230.7714179793866,231.27890082527753,25728297
2018-03-19,228.78756713867188,234.00092412538748,227.0805499585823,233.35501127285585,18167594
2018-03-20,229.8487091064453,232.75526074458233,226.38852188031177,227.7725967707652,20556571
2018-03-21,228.83370971679688,234.6468269327682,228.00327043431707,232.293896859692,19533972
2018-03-22,222.88221740722656,228.2339769800363,222.05176394550102,227.91102050944204,26828240
2018-03-23,216.65386962890625,221.12903687983322,214.39321667951648,219.42201954559704,27150262
2018-03-26,227.44964599609375,228.695319060342,216.14636744253534,216.60772575084385,30373940
2018-03-27,234.69297790527344,235.7540963863517,228.83372173704586,230.67915497686076,31205051
2018-03-28,230.5868682861328,236.39999965009773,229.4796112032747,232.52457874078777,36673566
2018-04-02,227.12667846679688,232.52457604245458,225.97328275230058,232.34003554404268,14993188
2018-04-03,231.14051818847656,233.26276927517668,229.0644057496579,230.26394019688306,19883309
2018-04-04,228.1878204345703,233.44730229487126,226.52692772091262,232.24776788614415,18824449
2018-04-05,239.2604217529297,241.65949073161403,230.67916796814592,233.07823694683026,22880821
2018-04-06,239.62953186035156,241.24428604227018,235.15435035293294,239.58337913113553,24868860
2018-04-09,240.5060577392578,242.4437680826753,237.69178358841668,240.5060577392578,20208874
2018-04-10,242.95126342773438,244.5198928720531,238.52223512236125,240.92130385405304,21201141
2018-04-11,237.18429565429688,242.67447080106953,236.49225819003527,242.67447080106953,14885838
2018-04-12,234.1854705810547,237.59951910766506,232.75525706760587,237.59951910766506,18660913
2018-04-13,231.55572509765625,236.1693080407438,230.40232936188437,234.37001350884722,25654020
2018-04-16,229.7564239501953,231.87867485881543,228.0032681141172,230.0793803787274,16408377
2018-04-17,228.9721221923828,232.9859450961516,227.54192270393798,231.97095118866991,15922452
2018-04-18,227.40350341796875,230.58687287435524,226.34238495901926,230.21779186590445,16142387
2018-04-19,227.12667846679688,229.2489293973776,226.2501005396872,228.0032704734441,13166927
2018-04-20,222.55921936035156,226.84985957888446,220.99060410951077,226.84985957888446,15546939
2018-04-23,223.712646484375,225.9271748674278,220.80609470107024,223.2051495166209,12111837
2018-04-24,222.005615234375,224.58921040003483,221.08289865248574,223.29741281720493,9486349
2018-04-25,218.86839294433594,222.14403996323225,218.4531732556396,221.17518463658135,13124853
2018-04-26,215.17752075195312,220.3447396426881,214.53162191049594,219.97564453361346,24495144
2018-04-27,223.85104370117188,226.80373388535483,215.22363820971765,215.22363820971765,31401889
2018-04-30,227.3573760986328,230.4023438484305,225.604220101845,225.88103791174274,17263193
2018-05-02,222.37469482421875,227.26509549310703,221.22129910417613,226.8960004149708,12887066
2018-05-03,223.20513916015625,224.5892140555178,220.29858751171219,222.32856120900152,12939642
2018-05-04,223.2512969970703,225.050591699804,221.77495876283155,224.68151066112907,12777310
2018-05-07,227.44964599609375,229.01826142843504,223.34355986805568,223.7126408828872,15122614
2018-05-08,230.72528076171875,233.0782108272236,225.6964782794672,228.83370898044868,23293920
2018-05-09,228.83370971679688,230.49460236129406,227.2650943612586,230.49460236129406,11429823
2018-05-10,228.78756713867188,230.86367938871342,227.26509045378964,229.06438492125153,13160967
2018-05-11,231.00210571289062,232.1555014592511,227.034421529503,228.46463507089757,11958589
2018-05-14,234.00094604492188,236.0309198414307,228.97212908235002,230.63302185387127,18673849
2018-05-15,228.83370971679688,237.5533925805226,226.89599928496062,233.44729257399038,18026861
2018-05-16,224.31239318847656,229.47959728833698,222.0056018725915,226.52690721991146,17222004
2018-05-17,223.94329833984375,226.98826569556974,222.51308490674884,225.3273731306704,11721064
2018-05-18,220.390869140625,225.142854076406,219.46815252555777,224.22013746133877,11873041
2018-05-21,225.55807495117188,226.7576093731225,221.72880660985,224.72763562495743,18780730
2018-05-22,234.27772521972656,239.62949807790818,222.37468741717794,224.81988063040674,68713602
2018-05-23,242.85902404785156,248.9028066054089,234.6468377362245,234.96978010337426,71202072
2018-05-24,247.74940490722656,248.85667608105675,240.50607402952045,243.4587783870171,34679642
2018-05-25,246.31919860839844,247.65712073393087,242.25922318989677,247.1034851624011,22317308
2018-05-28,251.02508544921875,253.0089490275133,245.488784841694,246.7344581102033,18959368
2018-05-29,243.8739776611328,250.01006536565222,242.48990280911943,249.59483164641824,16107543
2018-05-30,246.50372314453125,247.28803785162188,239.8601808141116,240.36766365801304,19320209
2018-05-31,248.71824645996094,253.56250857477767,242.81286589466615,246.2269285535006,31935892
2018-06-01,246.08853149414062,248.94893046187244,244.15082097862057,248.44144758929454,16574717
2018-06-04,242.67446899414062,247.61100850093177,241.10583948986357,247.28805205486574,12933824
2018-06-05,243.1819305419922,244.75055990871243,240.73673736604792,240.73673736604792,14102731
2018-06-06,249.2718963623047,250.425292170162,241.93631591977865,242.6744779731764,18315171
2018-06-07,248.81053161621094,251.80936063922627,247.6571358381281,250.10232925584836,18773700
2018-06-08,251.90164184570312,252.7320811870054,246.36534202491842,248.1646507303043,14096549
2018-06-11,252.8243865966797,256.884334618241,252.04007173637032,252.17847361546487,18219428
2018-06-12,260.9903869628906,262.4205863800567,252.82433970201424,252.82433970201424,31358021
2018-06-13,265.4656066894531,267.2648873646708,261.7285871472397,262.0515436250723,26748300
2018-06-14,260.75970458984375,264.4044180938477,259.5601561705298,264.4044180938477,18513730
2018-06-15,256.0077209472656,261.5440203096798,255.2234062391087,260.89810745376826,16949917
2018-06-18,255.4541015625,258.1299741253713,254.16230392791488,256.5152200423708,13542420
2018-06-19,251.53256225585938,255.31570612009807,248.90281419418872,254.66979320702907,20726975
2018-06-20,252.1784210205078,253.51637127722938,250.14846151264067,252.08617189307128,14002946
2018-06-21,247.8878173828125,253.51639446591852,247.38033449919573,253.51639446591852,12954943
2018-06-22,251.94776916503906,252.54755751276838,245.21194890649716,248.21077800883438,20784133
2018-06-25,247.70326232910156,252.0400130999182,246.54986667318113,250.84049288139042,10934401
2018-06-26,246.73440551757812,250.24074538373256,244.8889723750995,246.59600366370725,16867009
2018-06-27,241.4749298095703,246.68827262935872,240.82901696786595,246.68827262935872,16277655
2018-06-28,237.13815307617188,241.7517358208445,235.93861874664955,240.2753837107344,21349738
2018-06-29,239.30654907226562,243.0896926570625,238.24543064409792,238.29155520916277,16244724
2018-07-02,238.84518432617188,241.52105668629687,234.37000343197482,238.93746161288124,21896701
2018-07-03,237.5995330810547,240.73676400254254,236.58453915258235,239.53724364285148,16099030
2018-07-04,237.55340576171875,238.38384509027742,234.83138046130676,235.98477623960395,14206935
2018-07-05,236.6306915283203,238.70680395021756,235.43114301133352,237.96861374920795,11215032
2018-07-06,237.3227081298828,240.64446518551017,235.80021737333732,236.3077142921858,16174019
2018-07-09,241.3365020751953,242.1208167734908,238.01474502677226,238.24542416397242,13220744
2018-07-10,243.3665008544922,245.2119340363272,242.12082782493843,243.45877814539907,11487165
2018-07-11,239.0758819580078,242.35151469653076,237.96861074998728,242.35151469653076,12857179
2018-07-12,242.44378662109375,244.05854067090124,240.9674344294546,241.1981135794271,10642215
2018-07-13,237.8302001953125,242.12082669117228,236.95360817441536,241.84402297882346,11976239
2018-07-16,232.15550231933594,237.5995246305111,231.60186672721665,237.1381663302577,8965623
2018-07-17,239.02972412109375,239.76791429701711,231.09436980367997,231.32504895382928,16067598
2018-07-18,239.4910888671875,242.21311417584192,236.3538579725348,239.998599906621,17641125
2018-07-19,240.09088134765625,243.13583500054068,236.40001478218315,239.3526911391153,9958284
2018-07-20,241.29039001464844,242.67446490956993,238.56836479100582,239.81403782825035,6120163
2018-07-23,245.7655792236328,246.82669771282588,240.45995861859078,241.75175626452477,17013119
2018-07-24,246.22695922851562,248.39534912472064,245.02741061234218,246.54991570821923,9320281
2018-07-25,250.8404998779297,251.76321642840279,245.11964600136662,247.28803552679332,13099277
2018-07-26,265.4656066894531,267.0342081889445,253.00893120023315,253.83937060103202,53496546
2018-07-27,264.5890197753906,274.0468661666644,263.06654281739173,267.1264907584153,32175436
2018-07-30,274.4159240722656,276.39975922344877,266.84966449301976,266.84966449301976,40949610
2018-07-31,270.81732177734375,279.02949387574444,269.24869229558226,274.04682987349605,36510328
2018-08-01,272.2936706542969,274.96954312673523,266.0653336875,271.7400350698776,33885474
2018-08-02,271.1864013671875,273.49319285237806,268.095295145217,270.35596206433405,15665209
2018-08-03,276.1229553222656,276.76886823577314,271.74005126953125,271.8323285656148,18254462
2018-08-06,284.6580810546875,287.28782908846676,277.36862529158543,277.36862529158543,31576923
2018-08-07,280.5519714355469,287.6107759646123,279.62925483400375,285.90374461994236,23928622
2018-08-08,284.8426208496094,286.8725804397137,279.629249620824,280.5519662051647,20498279
2018-08-09,292.8702392578125,295.1309061609499,286.1805439980463,288.7641673386427,46464355
2018-08-10,280.92108154296875,301.1746941191325,277.27633969105324,293.10092382862763,111510771
2018-08-13,271.4170837402344,279.3985767420014,268.6028093584976,273.12411509137064,58127432
2018-08-14,272.1091003417969,275.84611920127355,270.67890097721653,273.77000699903334,25294933
2018-08-16,270.07916259765625,275.33863037116834,267.8184956429825,270.817324620897,31083900
2018-08-17,278.752685546875,279.30632112886894,271.3248001531966,272.20139217127667,21931134
2018-08-20,283.8737487792969,284.8426180788755,280.13675791269776,280.5981162003804,20240462
2018-08-21,283.27398681640625,284.98101810167515,279.90607696978515,284.4735070930412,14139592
2018-08-23,279.0756530761719,283.2278778675636,275.2463565746271,283.2278778675636,22721004
2018-08-24,277.230224609375,282.0744869494155,275.89227422325683,277.3686264729893,18869585
2018-08-27,284.1966857910156,286.3650752267552,279.8599069195364,280.50581974178164,28111768
2018-08-28,281.7514953613281,286.27280068309,279.95218688147946,284.24281307295684,16890236
2018-08-29,285.765380859375,287.8876180622275,282.12063853373735,283.0894798308918,24320824
2018-08-30,284.7503356933594,286.50349152336213,282.3512670085308,285.39622038911057,19935935
2018-08-31,285.67303466796875,286.64187573149707,281.0132994371484,284.1044053508465,18100140
2018-09-03,282.6742248535156,288.3489260870947,281.24399728467876,288.3489260870947,14708076
2018-09-04,273.4931945800781,283.68922990447584,272.6166307056138,283.0894415872767,42859084
2018-09-05,273.6316223144531,275.75388759037435,267.9569203202185,273.5854977437264,22922686
2018-09-06,273.53936767578125,276.6765987172708,271.7400589083427,274.96956724850975,18001336
2018-09-07,269.11029052734375,273.0318360739799,267.08033090453057,273.0318360739799,23716678
2018-09-10,262.8358154296875,270.58662883351286,261.8669461547878,268.18756016685694,23354395
2018-09-11,260.75970458984375,268.9257517495375,259.8831125972326,265.14260823475047,28361400
2018-09-12,263.25103759765625,264.54286337905603,258.3606508277613,262.05151726815785,22717796
2018-09-14,268.1875915527344,269.2487100797429,266.38831096147925,267.68010865344957,15149585
2018-09-17,263.25103759765625,266.203742013604,262.143794560983,266.203742013604,16089996
2018-09-18,252.63980102539062,264.7273944621226,251.34800338034466,262.9742385039119,33901000
2018-09-19,250.5175323486328,260.99037036408276,249.59481583906143,254.11612110414663,40759431
2018-09-21,249.68714904785156,257.8531976184402,233.81641026479696,253.0089348581513,39308482
2018-09-24,243.9201202392578,251.90161258873445,242.30536631240693,251.62480889347523,24633374
2018-09-25,249.9639129638672,251.85549882616766,240.64446998315447,243.5971742682174,28948831
2018-09-26,243.4587860107422,252.82435407931007,242.4437920961267,252.82435407931007,23951904
2018-09-27,244.8428497314453,247.84167861150485,243.3664975740625,244.0585350079224,24829383
2018-09-28,244.98123168945312,252.36296371776055,242.21308217883782,245.8116709108231,33803139
2018-10-01,252.6859588623047,253.93163196485654,243.68947157365298,244.9812692448234,17711738
2018-10-03,250.70208740234375,257.16110298192046,249.68709360802418,252.22456401428647,19714943
2018-10-04,250.379150390625,251.6248234092998,245.1658073292863,247.2419196407192,17754204
2018-10-05,238.3838348388672,250.0561939814636,236.21544523710213,250.0561939814636,36628643
2018-10-08,245.21194458007812,247.74941531420876,238.38384714550563,239.6756447965204,21100804
2018-10-09,242.6283416748047,247.4264511080836,239.9063164362248,247.28804924964712,16010883
2018-10-10,257.1149597167969,258.7758663937864,241.0135728967084,241.38265388301468,31772330
2018-10-11,241.89015197753906,250.5175578521445,240.45995250573367,247.28804973987008,46291120
2018-10-12,243.3665008544922,247.1957690749847,241.2903885249278,245.44261318405657,42967696
2018-10-15,242.85902404785156,245.16581558265608,240.92131352680047,243.9662670891119,21965859
2018-10-16,249.4102783203125,249.91778933070822,242.99741503592625,244.15081075172324,33597068
2018-10-17,240.96742248535156,253.7470523921914,239.90630407989005,252.5936566994996,21631573
2018-10-19,240.9213104248047,243.781737522948,238.15316061868072,239.62951281376203,28474307
2018-10-22,240.22927856445312,245.44262185550858,239.3988392351032,245.44262185550858,19933462
2018-10-23,235.89251708984375,238.98362364525647,235.29275687081235,238.06090695164542,20206307
2018-10-24,235.93861389160156,241.56717627655757,233.26274158656932,240.13697691876888,25636533
2018-10-25,230.26393127441406,235.29273394878442,229.20279873241242,234.83137564692404,33066232
2018-10-26,228.92599487304688,232.98594229508663,228.28008198721224,232.5245839935122,20543437
2018-10-29,247.1957550048828,248.4414279635343,229.20278250613103,230.67913459938188,37768359
2018-10-30,252.04002380371094,257.5301986226818,245.44260600347752,246.8266808493618,33401683
2018-10-31,259.6524353027344,260.8981082951095,247.8416745551268,253.7470549289306,28137370
2018-11-01,263.8046875,266.6651147782256,257.2995463096986,261.128814817432,29144808
2018-11-02,263.2972106933594,270.1714330749703,261.31337545998383,265.65012696751296,27760214
2018-11-05,272.1552734375,276.81498102105735,261.5901570648992,264.31218230857,44619891
2018-11-06,264.3121643066406,275.24633278500073,261.9592202327717,273.2163732912163,40688243
2018-11-07,264.4044494628906,266.5728392604969,263.85084199037664,266.5728392604969,3312160
2018-11-09,261.35943603515625,265.28098097125303,260.62127413434314,264.81962274347694,19201007
2018-11-12,256.4690856933594,261.77470604943403,255.45409181951263,261.77470604943403,24044907
2018-11-13,256.56134033203125,258.0838452550225,252.22458919115388,254.94658627595354,25633628
2018-11-14,261.68243408203125,265.4655777838249,256.51521547658695,258.7297296906128,52674807
2018-11-15,263.3432922363281,264.86576888020517,259.42174698075837,261.9130928773381,18445463
2018-11-16,268.4182434082031,269.24868268575915,260.7597071743008,263.8046605783644,24805910
2018-11-19,265.8807678222656,270.8173069886261,263.943057438573,270.8173069886261,13799970
2018-11-20,261.5440368652344,266.24986909390253,260.66744481373456,263.8046756858722,12900924
2018-11-21,264.86578369140625,267.17257514720694,261.17491736212514,261.5440265223136,16167419
2018-11-22,260.8520202636719,264.86581534924994,259.83702626998826,263.8508495146451,12066797
2018-11-26,264.26605224609375,265.05036705806384,257.99159006848987,262.14381513989554,16846820
2018-11-27,267.0341491699219,268.04914295060274,262.09761026862117,262.60512123849804,21242956
2018-11-28,262.55902099609375,269.8485053221681,261.12882140046463,267.0342025423697,19837609
2018-11-29,264.26605224609375,267.2648814643312,262.28221701046004,266.9419249936284,27919104
2018-11-30,262.6512756347656,268.41825440840387,261.3133534547272,266.4805439086462,17583510
2018-12-03,264.6351318359375,265.6501258129747,261.3594988945358,264.54288269545276,15772176
2018-12-04,260.71356201171875,265.6962541397115,260.11380185826056,265.6962541397115,11897307
2018-12-05,258.4990539550781,261.3133565251269,255.63862681792867,260.62131906415897,14893748
2018-12-06,254.34683227539062,257.66861776015696,253.8393493948205,256.51522197788233,11083451
2018-12-07,254.1161346435547,255.91544319671604,251.07118126336206,255.5924867693442,10165275
2018-12-10,253.00894165039062,255.03890158517905,249.27192195382514,250.05623681550532,11947887
2018-12-11,259.5140380859375,261.35947124565973,247.61099983754423,247.61099983754423,30927239
2018-12-12,263.20489501953125,263.7585305795204,260.3906208149416,261.8208201990955,21765939
2018-12-13,266.6650695800781,271.2786520987646,263.6662409429319,267.5877860838154,24097152
2018-12-14,266.849609375,268.3259331720105,264.8657464745082,266.2036965945043,12156361
2018-12-17,267.12646484375,268.9257735389708,265.09647699063305,266.94191025380235,12728014
2018-12-18,270.1253356933594,271.2787316613071,264.8197142407998,265.6040291308205,13606582
2018-12-19,277.46087646484375,278.6603967102316,271.92457719245505,271.92457719245505,26124125
2018-12-20,271.3247985839844,278.33745021084064,270.494359295334,275.2924967660976,19222232
2018-12-21,269.3409423828125,273.5854439408597,268.3259485947249,270.9556962677923,15777301
2018-12-24,270.40203857421875,272.2013468765224,267.72616655877215,270.8172722313875,12048877
2018-12-26,271.4170837402344,272.2013984863322,264.95806750496547,270.21756341731486,12684324
2018-12-27,269.5716552734375,274.6004721230124,268.9718951014246,273.770032795681,15304564
2018-12-28,272.0168151855469,274.1390800485386,270.86341955101,270.9095722718354,12876558
2018-12-31,273.0318298339844,275.20021942438217,272.6627488345513,274.2313782809859,9526067
2019-01-01,276.4459228515625,277.4609168309807,271.1403019436401,274.5082121925056,11837127
2019-01-02,271.1864013671875,279.1217697080582,270.44823935555684,275.9845389200142,25559853
2019-01-03,268.602783203125,272.70885480026885,267.6800666879367,272.20137198054465,17548347
2019-01-04,274.6466369628906,275.89231021608373,268.97193454176727,269.5255702275287,19514041
2019-01-07,273.4009094238281,278.1990468689458,272.3859437203889,277.7838131473024,14579399
2019-01-08,281.7054138183594,282.35132680998834,271.970763324327,272.9396046526898,22949961
2019-01-09,281.7054138183594,283.36632087151355,277.507063850013,282.35132680998834,21109911
2019-01-10,281.9360046386719,283.73531300918813,280.044447148906,281.5207991248332,16295468
2019-01-11,279.3524475097656,282.5358310076112,277.69156891206615,281.7976408404637,12702551
2019-01-14,277.18408203125,280.13678663882865,276.39976722994834,277.73771766505575,10372933
2019-01-15,278.3374328613281,280.1367413404776,277.8299500385288,278.66038927541564,9444374
2019-01-16,279.7215270996094,282.9510351469786,278.7526859490288,279.58312524368006,12111480
2019-01-17,274.4159240722656,280.82881600651984,272.75504537803727,280.4135822534241,15974634
2019-01-18,272.1552734375,276.67657916236203,271.5093605514871,275.66158526680294,9082501
2019-01-21,269.8484802246094,273.816150330554,268.9257636270338,273.03183559079963,10188647
2019-01-22,267.8184814453125,270.35595198441536,265.92692376161114,270.35595198441536,11297989
2019-01-23,264.4967041015625,270.3098354966425,263.43558565804744,268.0030440285335,10304608
2019-01-24,265.7884826660156,267.4955138620374,263.4355668006029,264.4966851681601,11532528
2019-01-25,263.3432922363281,268.5105104401877,261.3133327641834,267.2187129289913,11121223
2019-01-28,259.8370056152344,264.4505887115309,255.86930725697349,263.57399665960395,18905470
2019-01-29,258.9142761230469,263.8969399874993,255.1772571054012,259.283357120585,17435611
2019-01-30,265.2348937988281,267.0341742453332,258.5913231187658,259.46791513873075,18908654
2019-01-31,270.9557189941406,272.0168374328852,265.7423759314669,267.5878090976576,25546487
2019-02-01,262.42059326171875,279.3063237990477,260.20607907164754,273.9545506673769,60015958
2019-02-04,262.00543212890625,263.1588280650978,256.37685432847536,260.57520427258044,20642919
2019-02-05,262.6512756347656,264.81966528546883,261.12879887034035,262.2360700585093,13291133
2019-02-06,266.7112121582031,267.35712501808035,261.590146480158,263.7585360422318,12149759
2019-02-07,265.1887512207031,271.27868655059297,264.4505891875975,267.0341844625439,19733315
2019-02-08,263.89697265625,265.74240603146853,260.39066050696624,263.527891613022,19781908
2019-02-11,258.8219909667969,263.85080740250874,258.36063269412875,263.85080740250874,15420017
2019-02-12,254.1161346435547,260.39062413839133,253.42409722450412,258.9603965769087,15326106
2019-02-14,246.4575958251953,247.610991511237,243.2742124680906,247.28803508733046,26372671
2019-02-15,242.6283416748047,248.07236399288846,241.10583675477557,248.07236399288846,23366091
2019-02-18,239.86019897460938,244.9812650019805,238.79905232398715,243.96627107825483,14781744
2019-02-19,242.58218383789062,246.82668574798888,240.18311509226334,240.7367506734197,19064306
2019-02-20,247.01124572753906,247.56485316172146,243.8739867521001,244.0585413362116,15514595
2019-02-21,247.28807067871094,250.05622072362186,246.64215773793367,249.41030778284463,13760702
2019-02-22,250.0100860595703,250.88664997628908,246.9189796690673,247.1957833987517,12536918
2019-02-25,249.2718963623047,250.425292170162,247.19578390816156,250.33301487371796,20793897
2019-02-26,245.7655792236328,247.47261061533126,242.90515204822958,246.1807848103205,15274303
2019-02-27,246.96511840820312,251.62485462516025,245.9501244093258,247.28807488408395,20571652
2019-02-28,248.2568817138672,249.87163571018988,246.96508414862402,247.0112368725354,31636468
2019-03-01,251.85549926757812,253.37797597760783,249.22575140894043,249.64095697036214,20024726
2019-03-05,255.08502197265625,256.3768196144623,250.24075969657602,250.70211800858365,21533972
2019-03-06,256.6075134277344,260.7135857436928,255.08503654296152,255.8693231909112,22161376
2019-03-07,259.97540283203125,260.66744028411296,256.192259128836,257.8531659092777,14899105
2019-03-08,259.4679260253906,262.28220046596823,257.99157379464634,260.0676861993902,19943319
2019-03-11,265.1426086425781,266.6650853318621,261.5901442615325,263.2510228027378,22931245
2019-03-12,264.7274169921875,267.49556710676404,263.66629841341563,266.8496823088103,20828136
2019-03-13,270.494384765625,271.64778059709965,262.6974458403029,265.83467687009846,23725641
2019-03-14,269.3409423828125,271.924565494224,268.27982403306896,271.74001092945423,16164017
2019-03-15,275.338623046875,278.01449550878715,269.89460083283126,269.98687812305076,37928480
2019-03-18,275.8461608886719,277.6454415070862,271.8784622959924,275.8000081595362,23782967
2019-03-19,279.6292724609375,282.90493349834827,276.0306831198911,276.9533997795993,27218691
2019-03-20,280.3212585449219,281.1055731936464,276.8610717056129,279.3985420544395,18820555
2019-03-22,275.01568603515625,282.72037568792416,274.00072024828074,280.7826650927554,17865957
2019-03-25,271.2786560058594,272.61660621917747,269.6177775388406,271.2786560058594,16895511
2019-03-26,280.04449462890625,281.4285695611743,271.9707241906758,271.9707241906758,18303791
2019-03-27,284.9348449707031,286.82643069801344,280.8287734262415,281.6592126474415,35956450
2019-03-28,294.34661865234375,313.4007123157347,285.16557649344344,286.13444589542627,63244736
2019-04-01,297.8067932128906,302.32809908144134,296.23816367362264,296.93020114816846,22372357
2019-04-02,303.5737609863281,305.4191941838134,297.2070220868191,298.6372215512398,27897583
2019-04-03,295.73065185546875,306.757125801385,294.807935313018,305.4191755512017,30552104
2019-04-04,296.9302062988281,300.57494832495667,293.70069802826066,296.653402567839,27832294
2019-04-05,292.54730224609375,298.6833904880369,290.65574437963505,298.6833904880369,23117232
2019-04-08,288.625732421875,294.5772655741607,287.0571311451162,293.65454900227616,17394139
2019-04-09,290.425048828125,291.301640858671,284.2889890915302,289.68688681435265,25556039
2019-04-10,286.87261962890625,292.5473217659982,286.04218022136973,290.51736189858445,19237974
2019-04-11,290.5634765625,291.02483490196386,284.8426500485956,286.96488714649786,14897935
2019-04-12,290.88641357421875,291.94753205219047,287.1494225381647,290.2866534048501,14751964
2019-04-15,291.2093811035156,294.0698083575183,289.50234966491104,291.11710380646826,13864791
2019-04-16,291.3477783203125,294.71568841571525,290.3789371144696,292.1320930940828,14940726
2019-04-18,286.7802734375,291.39385588121183,284.24280309345846,291.39385588121183,15691168
2019-04-22,286.0882873535156,288.1643998253382,282.6742526286318,284.93489153583647,15665440
2019-04-23,281.65924072265625,289.5023317829104,281.0594805675108,286.0882691165812,17324274
2019-04-24,286.73419189453125,287.84146311077154,280.1367736420477,282.2128860531907,15228591
2019-04-25,282.53582763671875,287.88757252907794,281.79763747837853,286.9648559504591,30842477
2019-04-26,288.34893798828125,289.27165458984376,282.9049156708777,283.18171938771604,14987906
2019-04-30,285.99603271484375,287.88759055582653,281.4285741010484,287.88759055582653,18178758
2019-05-02,284.3350830078125,287.333911624002,282.0282917645898,284.242805726269,16640100
2019-05-03,286.0421142578125,287.7029926898739,284.93484319705635,285.11939776020665,12452689
2019-05-06,284.8887634277344,286.3189629602589,282.2590153642783,283.08945471087566,10639216
2019-05-07,281.84381103515625,289.1793914819381,280.27518147192933,286.6880734309674,15219845
2019-05-08,275.2002258300781,281.70536659361306,273.81615093068126,280.45972171141665,22103678
2019-05-09,276.1690673828125,277.73769686795623,273.2163911554094,274.6004660567447,12654440
2019-05-10,284.2428283691406,286.7341743739116,269.8484723920305,278.47584980168466,60739833
2019-05-13,283.1817321777344,289.91758056881355,281.7053799167391,286.0421594035857,40101505
2019-05-14,290.332763671875,292.27047410438206,281.52083167521505,284.0583022475499,30521436
2019-05-15,287.9798583984375,293.3316034502393,286.9648644999024,291.7630021152997,27932459
2019-05-16,291.3477783203125,292.5934514128798,285.6269239035987,288.34894924813193,18147559
2019-05-17,294.5772705078125,297.06861655725663,289.2255255648795,291.2554851615788,25838962
2019-05-20,318.0603942871094,319.07535992731755,305.4191667559382,306.34188327181715,53207071
2019-05-21,311.4629821777344,320.6901483291598,310.26346184167966,319.1676715459899,33457162
2019-05-22,314.7386169433594,316.12269175123777,307.77209018159374,312.70862929484144,32002499
2019-05-23,315.753662109375,335.86887465765824,312.9855120435152,325.7189910828389,74413322
2019-05-24,327.8873596191406,329.4098364245817,316.95316193793786,318.291112313097,35703403
2019-05-27,333.74664306640625,334.4848051658994,326.641713182699,327.61055445816856,31374994
2019-05-28,332.2240905761719,333.7465954476499,329.0868598623257,333.05455801845994,23501608
2019-05-29,321.70513916015625,331.255261667339,320.3210642506827,330.3325450610233,28370210
2019-05-30,326.2264404296875,327.56439075414454,320.6440163015922,322.7201286373579,25712604
2019-05-31,325.257568359375,330.2402318598742,318.01423815558564,326.9645995272601,32588069
2019-06-03,327.9796142578125,328.90233082271385,322.6278412859398,325.1191872748034,18380919
2019-06-04,325.1653137207031,329.59437015329934,324.24259715046327,326.6416658649019,18130636
2019-06-06,310.86322021484375,322.5817324231242,309.9405036050288,322.02809682542,41941144
2019-06-07,315.61517333984375,316.2610861652987,310.0327496762665,310.9554661931602,29739710
2019-06-10,317.6913146972656,320.4594645023272,313.862046432079,319.2599441837642,20500542
2019-06-11,320.2749328613281,321.38217586987423,316.3533873680252,318.38334696323085,16281297
2019-06-12,317.41455078125,320.1365763611745,315.8459210980597,320.1365763611745,11564970
2019-06-13,319.7212829589844,320.5978749406834,313.53907084160227,316.49177505030775,15509948
2019-06-14,317.22998046875,319.58292487704614,316.07658462911803,318.79861007428076,10347594
2019-06-17,311.7397766113281,317.18379835491425,310.90933738926805,317.18379835491425,13779496
2019-06-18,313.7697448730469,317.4144864314562,308.0027665585219,309.5713959237022,21957480
2019-06-19,312.6625061035156,318.5217617810596,309.5714000538752,316.5840514097123,16416903
2019-06-20,318.47564697265625,319.49064092220294,309.6637142050756,314.64637849666775,20626861
2019-06-21,322.3971862792969,323.5967347989115,316.6302073169487,318.1526841311932,24749090
2019-06-24,325.90350341796875,327.33370283621656,322.62784270273926,322.9507991336879,17919504
2019-06-25,328.9945983886719,329.40983212977693,324.10421158426936,325.44216194198447,15922634
2019-06-26,330.470947265625,331.25526201362845,326.9184826957806,328.2564330399675,15835579
2019-06-27,334.1618347167969,334.94614951414144,329.6405286885042,330.4248434858488,29658120
2019-06-28,333.33135986328125,336.7915469898897,330.97844388081745,334.20795186565203,22708464
2019-07-01,333.60821533203125,334.94616582554465,330.7939406293602,334.76161121986024,12348793
2019-07-02,336.3302307128906,336.7915890540606,332.50096211299575,334.1618408775762,14482172
2019-07-03,337.8526916503906,338.3602026971552,334.94613987011,337.0222523073215,12626285
2019-07-04,339.006103515625,342.23561190434583,337.89886039208204,338.8677016450669,19252646
2019-07-05,342.0048828125,344.7269078921576,337.7142564970167,340.8976398505773,30019347
2019-07-08,327.8411865234375,339.97493196344715,326.18030795870635,339.5596982427269,27247892
2019-07-09,331.71661376953125,332.17797206406465,325.2575976460633,326.18031423513014,16579914
2019-07-10,326.8262023925781,333.56202171969215,324.15030195940756,332.6854297627469,18681819
2019-07-11,335.13067626953125,335.86883827683914,329.4098221561307,330.7938970391396,20048321
2019-07-12,335.4997253417969,338.2217221238681,333.56201505819195,334.9460898094708,14661748
2019-07-15,332.2240905761719,336.7915488724558,329.9634518695963,335.9611095892428,15665939
2019-07-16,336.19183349609375,337.7143104112138,330.00962037520776,330.79393519786925,16251836
2019-07-17,343.6196594238281,344.6807778919431,334.9922535012764,335.91497010991134,17545177
2019-07-18,335.5458984375,344.9114666440004,334.5309045079361,343.2044633977759,21691056
2019-07-19,328.4870910644531,337.76038110755866,327.70277636689445,336.88381728246605,22213173
2019-07-22,323.7351379394531,331.7627557912677,321.7513028003938,328.48712299136105,19682038
2019-07-23,315.753662109375,325.7189910828389,314.64639081939964,324.05811230695446,27956145
2019-07-24,313.35455322265625,318.06041336776127,310.26344707720955,315.4306655079312,20823143
2019-07-25,314.9231872558594,316.6763714508248,311.32459788554775,315.2922964500066,19857643
2019-07-26,316.12274169921875,319.3983746651241,314.1850310302123,314.4618347718939,16139052
2019-07-29,317.22998046875,319.7674513159404,310.7709637668109,317.3684104967683,17060483
2019-07-30,302.2358093261719,319.90585464169294,300.66720801064906,317.78358957846683,24437235
2019-07-31,306.5264892578125,307.4492059284753,298.86792399586443,299.975195264291,22741445
2019-08-01,292.6395263671875,305.8805135036076,287.28778204010473,305.2346007031686,40853304
2019-08-02,284.6119384765625,297.34541593246064,283.320112745872,291.16320362384226,64472348
2019-08-05,277.0456848144531,279.4447538285089,269.15646841725663,275.384806044226,48815899
2019-08-06,278.1067810058594,280.7365289798026,274.2775127008918,275.70771218473436,30442970
2019-08-07,267.49554443359375,279.07565499347885,266.480550512465,279.0295022667004,30820114
2019-08-08,271.6016540527344,272.6627725781604,263.5278832911137,267.58783095657026,32929233
2019-08-09,268.83349609375,274.96955605854305,267.6339475779143,273.4009265220951,23377581
2019-08-13,261.4517517089844,269.01801086024017,260.66743697476727,268.4182507078656,24231272
2019-08-14,267.3571472167969,268.7412221808182,262.51288484272203,263.02036773256566,18523649
2019-08-16,268.4182434082031,270.1713992517269,262.328308441001,265.6962464340432,20047399
2019-08-19,264.6812438964844,269.80230940597284,263.89692920932714,269.43322842350887,19831459
2019-08-20,261.77471923828125,265.1887538744044,258.9604166208659,265.0964765795737,23204417
2019-08-21,255.96156311035156,263.527850018126,254.94656928237094,263.4355727321143,28226325
2019-08-22,247.7955322265625,256.7920190969009,246.64213647395502,256.7920190969009,27728925
2019-08-23,250.14846801757812,253.97773615522425,242.3976544533754,246.45760173376016,35212444
2019-08-26,258.5451965332031,265.7423745811457,249.1334761698241,265.7423745811457,64066440
2019-08-27,263.6201477050781,265.7423846522118,260.7597205717981,262.05151819870883,45164811
2019-08-28,262.8819580078125,264.49671208422296,260.3906400425107,264.49671208422296,18979998
2019-08-29,253.2856903076172,262.32830113875855,252.17841919564822,261.3133354717068,27083514
2019-08-30,252.6859588623047,256.46910273857884,246.22694234737526,254.62366944859897,45702652
2019-09-03,247.65713500976562,250.97892047134877,246.3192128071106,250.97892047134877,21241863
2019-09-04,253.83932495117188,254.5313623538964,246.59599450417366,248.85666128337007,27309675
2019-09-05,252.1784210205078,254.99272338418007,250.10230878984808,253.74705041396936,25085139
2019-09-06,252.77821350097656,255.5924877523089,251.0711822289386,253.7931791922277,16675146
2019-09-09,256.5152282714844,257.16114118903636,250.05621173227433,252.77823710885812,18616889
2019-09-11,263.20489501953125,263.7585305795204,256.9765583275704,256.9765583275704,20999669
2019-09-12,264.86578369140625,266.4805377104667,262.1899112344925,264.5889799803403,21964832
2019-09-13,269.1564636230469,269.8946256946489,260.2061006697128,262.9742506768374,27303181
2019-09-16,262.6974182128906,268.00303847969167,261.8669507743053,265.9269262013782,18267680
2019-09-17,252.77821350097656,264.31217052951035,251.9016215031781,262.9742202505705,21533362
2019-09-18,258.729736328125,261.0826806201397,253.1934365714929,255.77706002003393,25478758
2019-09-19,252.8704833984375,258.3145340902903,251.9477667603712,258.3145340902903,23387797
2019-09-20,278.38360595703125,283.87375276203585,247.65712667083267,253.28570349134432,84481749
2019-09-23,289.5023193359375,291.5784315861554,277.1840476861632,283.78146542726284,54178171
2019-09-24,279.2140197753906,290.79410063833734,277.5531131725495,288.9486676301181,40096711
2019-09-25,258.59130859375,274.50816880157225,257.16110923001,274.04681053467885,73063465
2019-09-26,260.06768798828125,267.49554560160476,255.5925066976798,259.74473153572876,79005946
2019-09-27,259.4679260253906,263.9430791261326,258.36065481256327,260.8520009618865,37851718
2019-09-30,249.8716583251953,260.0676942345138,249.2718981326654,259.6524604771052,41094131
2019-10-01,236.16932678222656,254.20844033712058,226.57307913089858,251.67096951705858,79350077
2019-10-03,234.5084228515625,240.55223359538977,230.77143181199546,234.37002099066677,56207921
2019-10-04,230.6330108642578,240.36767378949023,229.3412132588166,238.5222405934097,60029186
2019-10-07,229.8487091064453,233.81637919544815,227.7725967707652,232.06322329935563,39160623
2019-10-09,240.7829132080078,241.75175439519765,225.46581168703113,230.77143225104788,60328507
2019-10-10,234.5084228515625,238.06088746296075,233.07822335717918,238.06088746296075,37577511
2019-10-11,234.8775177001953,241.19811807964726,232.0632292021149,236.40000856614284,43272106
2019-10-14,235.7079620361328,239.35268993529874,234.37002572878563,237.09205107076258,28265136
2019-10-15,238.4761199951172,239.8140421890916,235.10819590850892,236.6306867683307,23444973
2019-10-16,236.2615966796875,241.70564766571073,235.2927554209972,239.26042591544532,30892295
2019-10-17,244.93515014648438,245.44263304893184,235.84638535853355,236.58454742738036,37061013
2019-10-18,248.81053161621094,250.37916113803422,242.85902629674953,243.96626934826307,33203721
2019-10-22,249.59481811523438,253.74704244617172,247.74938507926223,249.50254083162108,27574295
2019-10-23,254.1622772216797,256.3306385208918,247.88778797729842,249.82549830510843,31789622
2019-10-24,242.2130889892578,256.19223877910883,229.43345942410508,254.6697621372768,63943183
2019-10-25,259.79083251953125,262.1899011733181,243.18193467510966,245.25804690566235,105518180
2019-10-27,260.0215148925781,262.92809457878764,258.591315490693,262.92809457878764,12183625
2019-10-29,258.96038818359375,262.97421071580766,257.02267784124143,261.2671795056622,51033578
2019-10-30,267.49554443359375,268.5105383547225,257.6686179916022,261.12880534153425,51469048
2019-10-31,288.2566223144531,293.2392856676254,270.1252491397882,270.6788846588234,128449327
2019-11-01,289.3177795410156,290.6557298786908,284.7503492526532,288.2566610796229,44894016
2019-11-04,290.00982666015625,294.3466061014574,288.210546120186,291.57845620081673,31535656
2019-11-05,294.5311584472656,297.1147537378774,288.6257495103073,289.6407434312893,50080853
2019-11-06,293.0086364746094,294.3004622039905,289.7330039042896,294.3004622039905,32157080
2019-11-07,293.562255859375,298.3142403161337,292.31658292278865,293.65453314339504,33926772
2019-11-08,291.5784606933594,296.19204393217836,290.1943857217137,291.76301528654307,25423362
2019-11-11,293.654541015625,294.9463385493148,288.90255643147606,290.3789085381535,20491942
2019-11-13,283.0894470214844,293.97752000481927,282.02832854303927,291.62457573444823,32675829
2019-11-14,282.3512878417969,285.5807960360658,276.5381843557435,283.22787990101483,43617772
2019-11-15,297.0224304199219,298.6833369857385,286.0882344581507,287.8875428646839,95199897
2019-11-18,299.9751281738281,304.3580313792251,298.72945531521674,298.96013443129027,39009263
2019-11-19,304.8655700683594,306.15736772340915,297.2070332741468,300.6210679225585,41372145
2019-11-20,303.3891906738281,306.8032531758052,299.9751563309255,306.3418949003529,29972583
2019-11-21,305.74212646484375,307.1262012535854,301.3130702454263,303.8044161287907,34116162
2019-11-22,303.8505859375,308.00281092202806,302.88174470474127,305.8344492907035,28974967
2019-11-25,310.12506103515625,311.4168586689306,302.97400724349933,303.57376741356495,27561300
2019-11-26,309.5714416503906,313.72366665017233,306.8955689490136,311.878233316936,36464072
2019-11-27,316.999267578125,318.84470072521714,308.2334601294373,309.9866441464349,33971305
2019-11-28,322.3049011230469,323.8735306261774,317.8758726516185,320.0442623203897,42538227
2019-11-29,315.4306640625,321.88968003153553,314.27726835374364,321.88968003153553,23081823
2019-12-02,312.33953857421875,317.73743578848297,310.217301865261,317.3222020954345,20648850
2019-12-03,310.2634582519531,316.44567076551095,307.5875857308147,314.6463621231703,26482178
2019-12-04,315.4306640625,316.4456579180206,306.2034983924492,308.27961066821064,26789483
2019-12-05,310.2173156738281,317.96812906951374,309.24844639994586,316.49177695627014,30429507
2019-12-06,295.26934814453125,311.5552924963122,293.42391471862794,310.6787285144557,47027528
2019-12-09,292.2243957519531,302.3281269150691,290.42508688885107,294.3005083667265,52435239
2019-12-10,289.1793518066406,297.7144796187201,288.1182334401968,292.68569147893896,52155809
2019-12-11,288.625732421875,291.3477575725646,284.1967041404589,287.14940843411966,52557951
2019-12-12,296.97637939453125,297.99137340956594,289.3178137893414,289.7330475733809,37804216
2019-12-13,306.8493957519531,307.6798632237758,299.8828966473152,300.06745123195935,40955226
2019-12-16,306.2035217285156,311.1861859382617,305.2346523638769,309.98666557336844,35027613
2019-12-17,307.1723327636719,309.80208055357366,305.09622053360323,307.49528918683075,26734601
2019-12-18,301.6821594238281,309.61749849368863,300.62101296207237,309.11001570168776,26449075
2019-12-19,302.7894287109375,304.1273789652635,299.4215189523789,302.051266738321,27516289
2019-12-20,311.7397766113281,313.2622532116171,304.81940282903906,304.81940282903906,51839714
2019-12-23,306.71099853515625,312.6625319915575,304.8194407297667,309.75598027341505,30150335
2019-12-24,305.8344421386719,308.3719129032106,303.7583296949584,307.44919626156013,21747782
2019-12-26,304.3580627441406,307.67984798973265,302.7433087652212,307.2646142743806,24616942
2019-12-27,311.1861877441406,312.2011816829051,307.2646420127467,307.6337230380036,33477173
2019-12-30,308.5564270019531,311.7398105520264,306.80327108471283,311.64753325973464,22775554
2019-12-31,307.9566650390625,310.35573382923445,306.8493938561906,308.5564251968365,23801635
2020-01-01,308.6026306152344,309.98670575061305,306.4803651788719,308.83330980446414,17379320
2020-01-02,313.0777282714844,313.58523929231825,307.587581446818,308.64869989536055,20324236
2020-01-03,307.9105224609375,311.83206777885346,306.3418930701414,311.83206777885346,21853208
2020-01-06,294.34661865234375,306.06513166169526,293.14709824121627,306.06513166169526,35645325
2020-01-07,293.79296875,301.72833738333424,291.02481886574924,299.3754212453518,50966826
2020-01-08,295.08477783203125,296.65340742418846,286.9648824538806,287.9798764159189,44527485
2020-01-09,304.6810302734375,305.7882732895965,299.88289272618823,301.63604862108,40348407
2020-01-10,306.5726013183594,311.83209739016064,302.7433329231734,305.4192055270939,42377838
2020-01-13,305.1885070800781,309.5252862447705,303.6198776394681,308.18733594783396,23615129
2020-01-14,302.6510314941406,306.0650940276739,301.26695665499057,304.31191003749075,26296117
2020-01-15,299.1908874511719,303.7583463412746,297.43773136777645,303.5737917391998,32625740
2020-01-16,298.3142395019531,301.6360246040929,297.4376757038392,298.96015232925686,26653623
2020-01-17,293.4239196777344,298.4988616847392,286.1344631540343,288.8103360350027,58396326
2020-01-20,289.7330017089844,296.60725138895805,289.1793661375981,296.19201767064965,30682902
2020-01-21,289.4562072753906,292.455036210801,287.8875777993918,289.5484564076811,30591772
2020-01-22,291.7168273925781,292.5011420804446,289.4561887735207,292.5011420804446,24994911
2020-01-23,298.2220153808594,299.69833940863447,289.8714132834927,291.578444619568,33293610
2020-01-24,299.0063171386719,302.0051462308104,296.33044450365605,298.49883424824856,22706879
2020-01-27,291.7630310058594,297.11477658759446,291.3939217996055,296.099782588554,23309355
2020-01-28,290.748046875,295.26935321427766,287.0110272279339,293.3777951838806,26488426
2020-01-29,291.9936828613281,294.99251184755826,291.1632153840342,293.2854804851197,23914114
2020-01-30,286.6880798339844,292.2705044083018,282.0283437680185,292.2705044083018,35802330
2020-01-31,293.839111328125,296.837940265822,284.75034722359743,289.45620749610634,92656638
2020-02-03,275.0617980957031,283.13556758265054,272.52432768551967,279.583103376579,56060158
2020-02-04,282.58197021484375,283.78149057988,274.1391186141177,279.490863847617,51141567
2020-02-05,286.9648742675781,289.41006772518097,281.059493419289,283.18173042194576,35014841
2020-02-06,297.0686340332031,298.4988335640833,286.1344361981902,287.1494301357877,57757656
2020-02-07,295.77679443359375,299.8828945612162,293.79295937831165,296.65338646594154,37126803
2020-02-10,293.88525390625,297.85292424951655,292.03982060071627,295.0847742912159,24816396
2020-02-11,299.28314208984375,300.62106429679994,296.23816034065493,296.23816034065493,30188757
2020-02-12,295.453857421875,304.40419126888776,294.57726541542695,304.40419126888776,38930849
2020-02-13,302.14361572265625,305.3731243975885,297.11479809377215,297.11479809377215,62516057
2020-02-14,294.7156677246094,306.24962488477,293.9313530059034,302.74331317171124,48205947
2020-02-17,289.91754150390625,296.3304044148591,287.5645974852518,296.14587800652197,36950692
2020-02-18,293.0086364746094,294.53114134722637,285.48850203693405,291.0248014745956,38588583
2020-02-19,295.5922546386719,298.9601644395869,292.7318276804288,297.3915350292061,39846727
2020-02-20,302.328125,303.7583527987875,294.1159518965094,294.6695875554246,40150409
2020-02-24,297.9913330078125,305.6959939812919,296.97633913039095,300.5749281875442,45273936
2020-02-25,301.5437927246094,302.78946584536044,297.29931862290607,300.7133533638012,39050709
2020-02-26,302.8356018066406,305.2346424585748,299.1447353771097,299.7444955400933,43915281
2020-02-27,297.0686340332031,304.4964917346136,293.4238920351731,302.6510584513735,47010040
2020-02-28,279.5831298828125,290.3327726441814,277.8299739741084,287.8875792852723,59705346
2020-03-02,265.1887512207031,287.8875857271599,262.0976449088045,286.9648691062395,66711413
2020-03-03,267.4494323730469,271.647781957001,263.2510546300147,270.35598425109805,61949382
2020-03-04,263.25103759765625,270.3559667590502,253.8393450700907,269.2486955633007,73675736
2020-03-05,266.2037658691406,275.3386554959193,249.13350705257528,268.41828030001443,149245973
2020-03-06,249.59481811523438,253.1934069035654,234.3238569266574,247.28802682026918,106043172
2020-03-09,233.86253356933594,242.4438012831832,231.74028244533562,239.95245504918262,101286241
2020-03-11,226.15782165527344,238.52221722588376,224.31238863998615,233.44727643384368,90845604
2020-03-12,196.16954040527344,213.977958215622,192.47867427595153,213.977958215622,99767083
2020-03-13,223.2974090576172,229.57188452473045,170.37960834541235,184.543313270758,155701316
2020-03-16,206.08876037597656,213.51661781926572,203.55128969969968,210.2871096858224,75583409
2020-03-17,198.52249145507812,212.13256271713567,195.66207814603035,209.64123045456523,65403057
2020-03-18,198.568603515625,205.90419744848927,184.63559172354203,203.9203624501333,101356399
2020-03-19,187.91123962402344,202.76698327999313,182.83629806297697,187.26534078670707,93533467
2020-03-20,193.63209533691406,199.02997931127717,184.5433306696198,189.66441091160948,77391650
2020-03-23,167.56533813476562,184.08195944019067,166.31966510824245,175.31615184780065,61750037
2020-03-24,169.04168701171875,177.11545767761248,160.13747699486285,176.19274103008178,67491360
2020-03-25,175.223876953125,180.16041640184082,162.8133414816843,164.24355502959114,71567553
2020-03-26,177.85362243652344,185.4660342917832,170.7948461661886,176.7463653462114,107260359
2020-03-27,180.8063201904297,195.52364757075105,179.92974221095068,186.38875859801044,114740377
2020-03-30,172.45571899414062,179.9297287429713,171.855958863479,175.31614595468997,60081554
2020-03-31,181.6367645263672,183.15924125257095,173.51685580102577,177.1615834785573,59543412
2020-04-01,172.13279724121094,179.46839193632516,170.93326275683413,179.00703360229863,52954239
2020-04-03,161.93678283691406,173.65528225478852,161.47542448125333,173.05552202424542,64448494
2020-04-07,171.99436950683594,172.82482289889774,163.87447464804077,170.14893629719376,72130500
2020-04-08,168.8571319580078,179.37609520226545,166.50420189350513,168.76485466938516,80435759
2020-04-09,173.2400360107422,175.3161482931612,169.41076787720655,173.4707151532332,62416005
2020-04-13,169.31849670410156,174.11662022531291,168.94941569459994,172.36346431087313,51847146
2020-04-15,168.2573699951172,177.11544050482667,166.22738230374253,172.54799635830832,72190004
2020-04-16,173.9320831298828,175.22388076799766,166.31967100350863,167.93442509092134,61165773
2020-04-17,178.3149871826172,182.69789113665306,171.90210947630396,180.8524578928485,89851063
2020-04-20,177.62295532226562,182.0981367115512,175.36230234316272,179.00703029880276,81958510
2020-04-21,170.47190856933594,173.655278335643,168.85715436096604,173.47073781345145,53042420
2020-04-22,174.11660766601562,174.85478371131114,167.33464956873448,171.16391756437054,61503413
2020-04-23,172.2711944580078,175.22388490014256,170.84098084523578,173.24004974921073,50955312
2020-04-24,165.85830688476562,169.77985238829973,165.16626944296547,169.77985238829973,65137305
2020-04-27,166.91941833496094,169.3184869978074,166.5503373466171,169.3184869978074,42996571
2020-04-28,170.05667114257812,171.02552638248466,167.1962440684804,167.93442015981574,49590230
2020-04-29,175.40843200683594,176.97704741732252,169.31849679019624,170.70257169583817,57470466
2020-04-30,175.7775115966797,180.76017558492788,175.03933550372568,178.54566138560378,63063889
2020-05-04,165.0278778076172,169.31850458070795,164.2435630265178,168.349649286273,58118177
2020-05-05,157.2309112548828,167.24239252179618,155.75457306517225,167.01171335969713,91050439
2020-05-06,157.8768310546875,159.90680495374352,153.6784673055589,157.92295562548705,73156432
2020-05-07,157.55384826660156,159.2147408446166,155.75455384022567,157.6461255518668,42942399
2020-05-08,153.7707061767578,160.36813790339573,153.26322334200935,159.1224649391982,55932236
2020-05-11,152.6634521484375,155.84682146687268,152.2482325120394,154.97024355013508,54591827
2020-05-12,154.00140380859375,155.47775608573374,148.41897931959159,151.51007166051645,70752542
2020-05-13,160.6449737548828,164.75106001506725,157.32318819634108,164.75106001506725,81720683
2020-05-14,154.97024536132812,158.47657114879559,154.55502572007723,157.73839507571756,48136531
2020-05-15,153.54002380371094,155.2470550031682,151.97140853043322,154.97023723034584,35495540
2020-05-18,143.29788208007812,153.54002726939575,143.02106430100747,153.54002726939575,77349435
2020-05-19,140.9910888671875,145.65081016842842,140.62199380676566,145.32785375050142,71522334
2020-05-20,141.5447235107422,143.25175488515023,139.46861112110233,141.17564249551037,66168767
2020-05-21,140.206787109375,144.08219408409707,139.79156744771518,141.7754025420556,61147471
2020-05-22,139.19180297851562,143.57470677299244,137.89999130715768,140.25292142325807,87064198
2020-05-26,139.69927978515625,141.36017238805542,138.5920227430692,140.621996333485,48275988
2020-05-27,146.34286499023438,148.3728387858558,139.14567236981424,140.20679087584358,88195120
2020-05-28,145.97377014160156,149.84917722722062,144.58969517677056,147.12716594562738,76968678
2020-05-29,148.83419799804688,149.38781953860195,143.20562081873575,144.03607424887636,58363280
2020-06-01,156.907958984375,158.15361793346167,150.72576064574724,151.32552079758108,92740893
2020-06-02,157.09249877929688,158.06135401058333,154.27821037586006,156.76954234235546,70419104
2020-06-03,161.38314819335938,165.99673177898475,158.70727534551256,159.16863370407512,113168889
2020-06-04,160.5988311767578,163.9206025744761,158.24590097032922,161.38313185920845,83494674
2020-06-05,173.2861785888672,175.13161177068784,162.39812000021774,162.905616941126,201321234
2020-06-08,172.36346435546875,182.23652919734116,171.44074775193792,181.77517089557574,151741826
2020-06-09,170.195068359375,176.23886470305752,169.18008858105895,173.19389720903436,96654191
2020-06-10,173.1938934326172,174.3934277622331,169.59530452330662,170.2873419350615,67333317
2020-06-11,163.45924377441406,175.68523900237082,162.7210817412624,173.47072474383924,91726802
2020-06-12,165.3046875,166.08900230938778,156.6772949944303,156.86183551442178,92758901
2020-06-15,160.27587890625,164.10516144232645,158.7072634209046,164.10516144232645,63613412
2020-06-16,159.53770446777344,165.12014306218043,156.30819616616233,164.24356505336516,63925976
2020-06-17,159.58383178710938,162.58266071142162,156.16978321226145,157.7845372484296,73866905
2020-06-18,165.7660369873047,166.68875361752524,157.87682106254982,159.07634141820577,58261857
2020-06-19,170.24122619628906,170.65644588329903,165.62764283053596,166.36581898496428,76895151
2020-06-22,173.1938934326172,176.93089827200103,170.0105241544521,170.702561566207,80023958
2020-06-23,177.57681274414062,178.17658700175733,173.3323246910779,174.94707879463772,65487085
2020-06-24,170.33349609375,179.8374661505847,169.6875831869808,179.74520293500228,74668987
2020-06-25,170.93325805664062,172.36347166870377,166.4580767078227,168.11896948055607,73620385
2020-06-26,170.33349609375,174.0243626259696,169.59531997139837,173.47072701432126,49176958
2020-06-29,165.39695739746094,168.94942208634873,164.70491991881048,168.85714479071325,50966428
2020-06-30,164.65878295898438,168.76486922516278,163.55152579770035,167.10399052300608,43613239
2020-07-01,170.5180206298828,171.07164211012798,164.79718085679323,165.5814814736915,54012853
2020-07-02,171.11778259277344,173.47071262783504,169.7798464017109,171.3023230881722,52127276
2020-07-03,170.42576599121094,172.4096152777828,169.22623150530177,172.2250606803052,38048810
2020-07-06,173.51686096191406,175.17775367233276,171.76369095887392,172.17892469613219,43773740
2020-07-07,174.0243682861328,174.5779898362493,169.82600465327303,172.54801599341104,55124494
2020-07-08,177.06930541992188,182.19038523602293,173.8397974017818,174.30115569008754,143063102
2020-07-09,183.712890625,185.4660466279763,177.66909375230995,177.89977291478255,89539723
2020-07-10,180.48338317871094,186.85012246035953,179.745207039503,182.69789751679596,111406477
2020-07-13,177.80747985839844,184.35877312377633,176.79250008120272,183.43605655566887,61949761
2020-07-14,171.6714324951172,177.43841145504763,170.333496192321,177.43841145504763,62239932
2020-07-15,169.59532165527344,175.27002337308858,168.85714552559264,173.42459008865586,58527305
2020-07-16,171.85595703125,172.50185579881574,167.6114552794687,170.70256134647653,46546803
2020-07-17,173.65525817871094,174.85479255302977,170.70256792775993,172.3634605937754,47035238
2020-07-20,176.00819396972656,178.3149855027505,174.16276074330742,175.31615650981936,45672856
2020-07-21,179.3760986328125,181.03699130302215,176.70022616602975,177.57680410655942,59281860
2020-07-22,177.16159057617188,181.54449450969696,175.40843463457713,180.57563924532587,62276152
2020-07-23,182.92855834960938,183.71287305883752,176.37726512998998,177.53066083206824,70801412
2020-07-24,177.11546325683594,181.1292864318474,175.91592876135235,180.5756507940737,65265493
2020-07-27,172.68641662597656,178.26885521350945,172.08665643108856,178.08431469812382,50697767
2020-07-28,174.8086700439453,175.77752536184755,171.39462118615845,173.47073369043224,51488617
2020-07-29,176.42340087890625,180.1604057082237,172.54799419942552,173.10162975915296,73763368
2020-07-30,172.13279724121094,178.54567526827208,171.6714389071844,177.622958600219,48472816
2020-07-31,176.65411376953125,179.79135907487068,172.2712093360978,173.47074389168228,145892485
2020-08-03,177.39227294921875,179.5606626717008,175.36229916960875,177.1615937906372,72454278
2020-08-04,176.79249572753906,178.82246931147816,175.77750189580095,178.40724968196244,43866676
2020-08-05,176.65411376953125,181.63679252052688,176.2388940601666,177.85364832511576,68888892
2020-08-06,176.1927490234375,179.46839608668589,175.54685015677117,177.438422185932,59740172
2020-08-07,175.91592407226562,177.25387448129877,174.90094420278726,176.65410020977455,44822338
2020-08-10,178.82247924804688,180.3910946464563,176.88476876325188,177.0231847004732,48784530
2020-08-11,179.97586059570312,181.59061451067183,178.77632630010476,179.92972195365383,43890305
2020-08-12,187.58828735351562,188.46486530647536,179.5606557597961,180.85245336631175,157818228
2020-08-13,186.29647827148438,191.27915642241587,185.23535979983853,189.6182637054387,70443118
2020-08-14,181.31381225585938,188.23418676944178,179.56065634423368,187.3114701676308,56169088
2020-08-17,178.17657470703125,183.29764038989248,176.7002225681197,183.11309989241292,54787889
2020-08-18,180.0220184326172,180.62177860459747,176.88477347273263,178.82248400911834,46294169
2020-08-19,181.82130432128906,184.8201331966633,180.76017180997255,181.22153009849166,59296062
2020-08-20,179.6990509033203,181.1754030380637,178.3149760568249,179.0070134800726,37504602
2020-08-21,183.0669708251953,185.92739796415137,182.37493336379026,183.6206064261346,68041871
2020-08-24,185.88125610351562,187.12692914432174,183.25152224336867,184.54331985050706,53850253
2020-08-25,191.87890625,192.34026453099523,187.0346442995503,188.23417864604534,105394375
2020-08-26,193.63209533691406,194.09345366358812,190.2180324558951,192.38642222307863,66749637
2020-08-27,198.9838409423828,199.7681557306466,194.2318558027765,194.2318558027765,80997993
2020-08-28,207.4728240966797,208.44166522081102,200.04495297460295,200.22949347065,95974037
2020-08-31,195.61590576171875,213.65501686838843,194.09342910812396,213.65501686838843,119986476
2020-09-01,201.24449157714844,201.98265357695834,194.87773873225575,196.63090868064836,75048313
2020-09-02,199.5374755859375,202.07494637373557,195.89274763391714,201.38290888615427,47608088
2020-09-03,196.67703247070312,201.38289263839826,195.89273182911234,200.69085520665118,38594129
2020-09-04,190.63327026367188,195.89275248358973,189.9873573289743,193.77050131989262,54435758
2020-09-07,191.83277893066406,193.4475330094728,189.52598738950869,191.46369791589447,35687359
2020-09-08,188.2803192138672,192.38640514077233,187.21918670901331,191.83276956610618,34146789
2020-09-09,179.7913360595703,185.83511855679077,177.62294640668645,185.5583148390082,72715826
2020-09-10,182.83627319335938,185.88124053171475,180.11426226950258,182.42105357438746,67789617
2020-09-11,187.03466796875,188.09580059704754,181.77518571572568,183.20539938371155,48487971
2020-09-14,183.15924072265625,190.2641555569475,182.09812228983122,189.9873377676556,63605531
2020-09-15,184.6817169189453,185.46603163978432,181.86744262784234,184.45103777511474,51761038
2020-09-16,182.8824462890625,184.5894778080841,181.08315154818587,184.4049372848346,52404964
2020-09-17,180.34495544433594,182.69788557446006,179.92973579302884,181.77516898064965,41223296
2020-09-18,177.7152099609375,181.95969756676655,175.0393235664113,180.8524405426171,55286316
2020-09-21,171.44073486328125,178.54564936042433,170.01052141942213,178.13042973595864,57611375
2020-09-22,171.80982971191406,173.74754022186264,167.1501080224001,171.7636910655747,51210889
2020-09-23,169.59532165527344,174.34730673087222,167.01171224115993,173.6091306011914,44320497
2020-09-24,162.72108459472656,167.749887451333,161.93676982132638,167.10398862122972,46114798
2020-09-25,168.1189422607422,168.62643914795657,162.53650466045661,165.1662522981353,46550127
2020-09-28,172.77867126464844,173.6091105147465,169.18008240817417,169.77984252440754,41921548
2020-09-29,170.7487030029297,174.34729197111142,169.08781037163914,173.93207233317312,35688726
2020-09-30,171.0716552734375,172.36346698581715,168.30350542060168,170.74871290499627,37641083
2020-10-01,175.5929718017578,176.4234111099703,172.4557269139305,172.54800420574875,43588724
2020-10-05,174.16275024414062,178.82247167585157,172.59413491215383,177.16157905629137,41694686
2020-10-06,176.79249572753906,177.25385400023146,173.74752831186186,176.33113745484667,31098726
2020-10-07,175.96205139160156,178.22270422754715,174.48571329117527,177.66908271971397,34578053
2020-10-08,176.70022583007812,180.6679099570527,175.82364789121505,176.56182397429785,43351606
2020-10-09,182.97471618652344,183.43607451574837,175.82366208353668,177.16159842238127,64907230
2020-10-12,183.3437957763672,190.0334914975247,182.00585944804345,184.26651242756134,69122798
2020-10-13,180.5756378173828,184.5433220575273,180.02201629893312,183.29764900182371,34948525
2020-10-14,184.58944702148438,185.3737476343707,178.13043122823748,179.0531477701299,40548275
2020-10-15,177.94590759277344,186.85011743372573,177.16159282605108,185.4660424897722,49184123
2020-10-16,180.8063201904297,181.5444963077156,176.7925113119084,179.00702558422785,36893126
2020-10-19,188.23419189453125,188.78782750250699,180.8985975263138,181.03699938853856,60220779
2020-10-20,187.35760498046875,188.5571393541893,185.18921537876096,185.4660331695484,39316753
2020-10-21,188.00350952148438,191.2791563069688,183.4822037586725,188.88008748616772,54515523
2020-10-22,187.58828735351562,188.78782174787324,185.55831365204625,186.29647566746206,33721637
2020-10-23,187.12692260742188,189.7105318109834,185.97352689864775,188.23417967193754,32707020
2020-10-26,181.49835205078125,188.23418603357663,180.48337224047984,187.03465164000409,45470123
2020-10-27,179.6067657470703,182.28265211412847,177.39225172150344,182.0058343410484,37794381
2020-10-28,175.7313995361328,179.9297635003831,174.43960173768969,179.9297635003831,46458319
2020-10-29,174.11660766601562,175.96204073948593,171.5329985472498,174.7163818626157,44822673
2020-10-30,174.62413024902344,177.16160109808453,171.76370293281164,174.71640754807765,41519686
2020-11-02,180.89857482910156,182.00583182658795,175.36227576213312,177.3461106293155,52600119
2020-11-03,188.9262237548828,189.89507900030262,182.32880570001953,182.69788670801853,69890201
2020-11-04,191.00234985351562,192.84778318543366,182.74403850909025,187.7728415226591,117577856
2020-11-05,201.7519989013672,203.92038875752766,198.15340943746185,199.306805301475,138023646
2020-11-06,202.25946044921875,204.7046677001005,200.27562554262101,202.0749199592273,73147085
2020-11-09,202.53628540039062,205.44283693946966,200.27563263893612,205.30443508695635,60359458
2020-11-10,213.79344177246094,216.8384094875556,205.7658098541485,205.85808714957562,135294550
2020-11-11,216.10025024414062,220.85224973908578,210.14873029216932,214.76231383316096,107094861
2020-11-12,209.2721405029297,215.31593741870515,208.2110079002678,215.17752147251161,58859905
2020-11-13,211.7173309326172,212.82458808837316,203.08993876779425,207.6112446869388,70676525
2020-11-14,211.90187072753906,214.9006998073035,210.1487147434922,214.07026046318416,7753219
2020-11-17,221.63650512695312,222.92831670173595,213.14751596503234,213.9318306382768,80501583
2020-11-18,232.5245819091797,233.4472985040574,219.514272289589,220.89834718190556,104514060
2020-11-19,221.2213134765625,232.34005175604716,220.52927599957638,228.8337257234098,82284278
2020-11-20,223.9894561767578,226.43464955160957,215.86954722550325,222.836060418896,84411129
2020-11-23,220.25245666503906,227.12669273950866,219.6988351350136,224.68149930293478,57538324
2020-11-24,225.00445556640625,226.06557405771895,220.99063259928036,221.91334922808738,47636611
2020-11-25,224.2201385498047,230.5868775928604,222.92834091425487,226.48079145178602,74767232
2020-11-26,226.48080444335938,227.2189805972481,221.59040326332806,225.1428680841768,64248318
2020-11-27,225.37353515625,227.21896840215584,223.34356140166125,226.48079228788583,54355703
2020-12-01,228.87986755371094,229.7103069058262,225.37354147231778,226.06557895892675,37003272
2020-12-02,227.86485290527344,231.46345595640796,225.23511914281016,229.15666454396433,56723083
2020-12-03,236.49224853515625,238.98359456841854,228.83371217362085,230.0332465452772,79266442
2020-12-04,243.13580322265625,243.9201178971247,233.95477665691112,237.13814583765713,79252024
2020-12-07,248.76443481445312,250.47146638836062,242.67449879463493,243.41266091136694,76053084
2020-12-08,250.88662719726562,252.5475339018033,244.7505677010431,250.01006336013367,65617502
2020-12-09,249.45643615722656,253.65478538514657,248.39531770875973,251.0711901924382,48495641
2020-12-10,248.71824645996094,250.05619678387393,245.0273800867672,248.2107635972771,38676657
2020-12-11,251.39413452148438,254.90044613684105,249.17959228118087,249.17959228118087,50255223
2020-12-14,253.00894165039062,254.8082223999249,251.3019100476938,252.8243870385552,31946501
2020-12-15,249.73324584960938,252.8704767041671,247.42645431551162,252.8704767041671,34890948
2020-12-16,248.57984924316406,252.50139483788814,247.74940992550836,251.71708008712807,24844177
2020-12-17,247.01124572753906,251.11731771279722,246.08852912513373,249.13348264944094,25904699
2020-12-18,250.47146606445312,250.93282442658395,244.5199319293337,247.011278348472,29816205
2020-12-21,235.0159149169922,248.2107650967807,231.64800496292168,247.703282231031,55160758
2020-12-22,237.55340576171875,238.70680154001593,229.06440156982083,235.10819826400575,51189571
2020-12-23,242.67446899414062,243.5049083132559,235.84637169608274,237.09204475429377,29056404
2020-12-24,246.22695922851562,248.07239264501703,244.1969712067324,244.51992768643598,28585509
2020-12-28,253.931640625,254.66980270253546,247.28806929086775,247.9801067982116,36870242
2020-12-29,256.4229431152344,258.2683763555874,253.4702668261155,254.94659089113668,45032526
2020-12-30,255.50022888183594,257.16113570911506,251.44028134694827,256.515222805327,30971894
2020-12-31,253.700927734375,255.82316454451393,251.53253820110072,253.74705229843582,29467966
2021-01-01,257.8070373535156,258.36067299890044,253.19345390710671,253.6548122517476,24531791
2021-01-04,259.3294982910156,261.9592463253599,256.2845446675077,260.0676884924348,31450608
2021-01-05,259.97540283203125,260.6213157176046,255.59249896884702,256.561340138131,27393072
2021-01-06,263.0203552246094,266.8034989115089,259.65244527080074,261.12879746069757,40765708
2021-01-07,265.4656066894531,269.2487226441011,264.81969373378786,266.66512713959827,30546600
2021-01-08,263.89697265625,268.8796371375243,263.158810569794,267.6801167072637,32543357
2021-01-11,260.6674499511719,265.9269460456759,257.9915773357009,265.74239145464605,29703173
2021-01-12,269.8946228027344,271.1402959244087,256.42295394726096,258.36066456330127,44307145
2021-01-13,283.0894470214844,284.1967182262562,271.74004388841706,273.1241188148436,78042133
2021-01-14,283.50469970703125,285.3501330655798,280.32131589990354,282.9972167970617,40123498
2021-01-15,280.3674621582031,286.87260333331164,278.0145177849145,283.0894594037894,35307601
2021-01-18,271.69390869140625,284.79646725350705,269.61779638299225,280.0444824905079,54969750
2021-01-19,275.523193359375,279.12178261080635,273.4932054949383,274.64660129085075,35803901
2021-01-20,279.16790771484375,281.15177101488257,273.9084397708344,275.707720320465,33759304
2021-01-21,272.0629577636719,281.5669261743118,268.9718519465371,280.5058078619117,29995203
2021-01-22,261.77471923828125,274.96955578585073,260.5751707236351,272.6627642104661,44440810
2021-01-25,259.23724365234375,265.7423845095192,255.63862633484962,262.51287636443817,34034630
2021-01-27,254.34683227539062,262.83583649656276,251.6248351246685,258.5452098183164,39211107
2021-01-28,260.5290222167969,261.45173876216603,248.67210897698834,250.88662305405947,48717297
2021-01-29,260.2983703613281,268.1875863874432,257.5302204351015,263.5278786085926,42300984
2021-02-01,286.6880798339844,289.640756274312,260.89813771569794,263.06652751597295,103414068
2021-02-02,307.3569030761719,311.32457316652153,290.65572709388283,290.65572709388283,121434166
2021-02-03,309.9866638183594,313.63137761971683,300.6210674752607,307.9566759641038,66420168
2021-02-04,327.65667724609375,330.33254981107206,305.5114783760777,308.5564319570743,145203439
2021-02-05,362.7198791503906,376.79130644919064,355.38427136050126,357.0913025990558,214955688
2021-02-08,366.3646545410156,376.2838590679013,364.2424173942438,367.24124666981385,79389205
2021-02-09,364.2885437011719,372.31619029457505,358.9367980782892,366.0878525387178,63869990
2021-02-10,361.9355773925781,367.14892042173966,358.01403193963114,363.5964559678432,54163507
2021-02-11,359.99786376953125,366.27235333428075,358.244707920217,361.52034047659157,36392708
2021-02-12,362.7660217285156,368.4868758501748,355.75337001266513,360.78218669182075,53589755
2021-02-15,375.49951171875,377.8063030964077,365.11895051929037,366.77982904757414,56608937
2021-02-16,371.2550354003906,383.6194324003609,369.3634494456045,380.1592450966896,80365431
2021-02-17,379.9285888671875,382.7890161759631,369.2250698635216,371.8548180048004,74161370
2021-02-18,383.1119384765625,394.6458958228092,381.7278635950129,392.2006743381445,67154539
2021-02-19,368.6714172363281,382.9274003941507,364.473067845035,382.9274003941507,66155518
2021-02-22,359.3981018066406,370.0093422964387,355.8456374021541,369.6402613025216,52535049
2021-02-23,365.0267333984375,368.8098775131733,358.93679752582364,361.7049476352773,45462768
2021-02-24,374.8536071777344,378.7751526066707,364.65760032613,366.318478891226,39632090
2021-02-25,375.7763366699219,382.83511305290074,375.1304237840227,379.23652393207584,46988836
2021-02-26,359.99786376953125,370.009344175163,357.09131220894784,368.6252693216399,64450414
2021-03-01,364.42694091796875,366.9644116270444,360.78219899948397,364.5653427793757,29677890
2021-03-02,363.7348937988281,368.67140506548753,360.36695569253783,364.4730558127933,30534337
2021-03-03,373.746337890625,377.2988023404721,365.3957641404395,365.8571224284956,46268223
2021-03-04,365.07281494140625,372.3161458392388,363.96557192357517,367.8871174497629,43603653
2021-03-05,354.0002136230469,364.47305253661017,348.87914781939054,364.47305253661017,72179228
2021-03-08,359.4903869628906,362.9966987204568,356.21472619238034,358.42926852250156,39147858
2021-03-09,357.64495849609375,364.38077838806,352.7084190721633,363.04285621835277,28054083
2021-03-10,357.7372131347656,362.62759952374637,355.89178005830894,360.87444373292726,22677399
2021-03-12,351.6473388671875,362.8122165329786,348.3255531260898,361.42814148744446,35336355
2021-03-15,354.2309265136719,356.16863716634066,340.80541013282067,352.9391287982521,42722585
2021-03-16,349.2943420410156,357.87562293258566,347.03370336758877,355.7995106754586,38196452
2021-03-17,339.6981201171875,350.3093613126609,337.7604095714161,348.97143910085157,33143064
2021-03-18,338.7292785644531,346.01873426788114,333.19297881616706,342.78922608138095,39405038
2021-03-19,342.46624755859375,344.0810015477712,329.6404929335134,335.82270518428,60309145
2021-03-22,338.6369934082031,343.98873844366693,335.40748529668076,343.2505764246637,28461974
2021-03-23,343.896484375,348.74074647275876,338.68311311396104,340.20561801480284,41032380
2021-03-24,332.03955078125,340.5285260085646,330.93227967552144,340.0210431778988,42318999
2021-03-25,327.7489318847656,332.96227479323625,318.52176632673815,332.177960088989,57495003
2021-03-26,329.5943603515625,334.0233884933698,327.1491389858848,332.17795540777104,40718848
2021-03-30,332.9161376953125,336.145645792198,328.7639129993168,332.2702529713809,39405124
2021-03-31,336.1456604003906,339.4213213650306,330.286432268672,332.45479384355264,38651025
2021-04-01,342.0048828125,343.1582784972576,335.038384140194,339.28288589191675,31883453
2021-04-05,326.2264404296875,340.66697764794066,322.0742157581561,339.09834817506515,51743981
2021-04-06,323.4582824707031,329.4098156130564,322.3048867577723,328.21029533523836,44147709
2021-04-07,330.84002685546875,335.1306815881509,320.7362969445997,324.1042069148894,48023602
2021-04-08,328.1180114746094,335.22291202851653,326.91846306174165,333.1006752228594,33370259
2021-04-09,325.7189636230469,336.33020464759375,324.05808498718307,327.0107612463938,46473100
2021-04-12,303.43536376953125,317.41451482248533,297.6222322130923,317.41451482248533,75501713
2021-04-13,314.6463928222656,315.79978869038246,304.95786753008446,306.34194257182463,49773360
2021-04-15,316.2149658203125,320.6901184596713,310.12503109578074,315.661330270978,52992349
2021-04-16,313.6313781738281,318.79859695454496,312.4779823816626,316.49180537021397,37766793
2021-04-19,305.5575866699219,306.38802595150435,296.46882281925707,301.86672038815544,53304377
2021-04-20,304.0351257324219,313.6313729310078,301.4515304647906,309.2023444267609,41296147
2021-04-22,310.63250732421875,311.55522383381634,298.3142362892761,300.8055821288189,49105833
2021-04-23,310.4480285644531,313.6313841156936,306.0189717431812,306.0189717431812,44223940
2021-04-26,317.6913146972656,320.597894519841,313.03160712237576,313.03160712237576,49234985
2021-04-27,325.76507568359375,327.518259704126,315.9381497873308,317.414501939796,46003023
2021-04-28,335.315185546875,336.1456248024042,328.53321333508393,329.40980531313227,56696255
2021-04-29,331.62432861328125,341.35900529249295,328.0257396330877,336.79154702131365,63692926
2021-04-30,326.1803283691406,334.4847780305897,323.36605391416913,326.13420380131885,53832840
2021-05-03,323.5044860839844,325.25764221160694,315.01548103780857,322.5817693684905,43691860
2021-05-04,324.3348693847656,334.8538324897539,323.1353491257775,327.56437733027536,57749307
2021-05-05,327.9334411621094,329.8250268980922,321.10534463783216,328.94843495226195,40872501
2021-05-06,328.0718688964844,331.57820879743775,323.45828599449993,330.3325357820869,36294427
2021-05-07,330.563232421875,334.0234197814899,325.7189701184142,329.87119494995204,38357618
2021-05-10,333.74664306640625,338.63703033347605,331.0707420978158,332.6393717580875,41739324
2021-05-11,336.4686279296875,338.0833821014484,327.33373853268404,329.27144917061275,41892770
2021-05-12,339.2829284667969,344.63467385200545,333.9311549225104,334.76159428792863,53436590
2021-05-14,332.59320068359375,343.71192414741705,331.7627332389305,341.4051327101861,51722170
2021-05-17,353.4927673339844,355.4304780025387,335.545916563417,336.2379540765379,106555796
2021-05-18,352.70843505859375,362.2124051712965,350.67844719030916,359.8594890068059,70917710
2021-05-19,354.6922302246094,359.39809018230284,351.7395542096985,352.4777161736577,48189573
2021-05-20,354.8306579589844,357.82948691483796,352.47774188802197,357.0913248970275,42898608
2021-05-21,370.19390869140625,373.1465848960827,348.78687245189263,359.8594715773495,192810772
2021-05-24,380.20538330078125,386.8028298570094,373.9770459307781,384.7728419690811,142964052
2021-05-25,380.4822082519531,383.3887600064684,376.9297435924003,383.0196789860513,56048127
2021-05-26,381.5894470214844,386.38758471017263,379.05197631592506,381.8201261765352,52357719
2021-05-27,392.3390808105469,395.9376696548209,380.15921132015507,381.7278406887464,73392997
2021-05-28,389.4325256347656,400.13604371302404,387.5870924543444,397.2294920856757,65137568
2021-05-31,391.5548095703125,393.07728638576594,385.69555330809897,388.46370321222406,38291043
2021-06-01,399.1210632324219,401.7046866672019,392.7081996105922,393.1234051946821,59299647
2021-06-02,403.45782470703125,404.1037375768247,395.98381477532604,397.506291500896,38657806
2021-06-03,409.417724609375,411.5595835342854,403.69063137062693,406.94995596070123,38909199
2021-06-04,403.7837829589844,411.51302747554973,402.0609913250829,407.4155963050927,36898769
2021-06-07,402.5265808105469,407.3224383798865,401.1762778473778,405.1806079062955,20201197
2021-06-08,397.8238525390625,402.759389762753,394.8438873049879,402.5265808669364,31113823
2021-06-09,392.46923828125,402.57312137591043,389.4427227100807,398.1032020538051,27784834
2021-06-10,402.5265808105469,403.50436680521784,393.3539046328461,395.68199359068615,27397712
2021-06-11,400.058837890625,405.5531225001568,396.0079571600268,404.94782501605744,26831924
2021-06-14,400.7572937011719,402.71289437705155,388.04593193654165,397.63764838715645,30106015
2021-06-15,399.9656982421875,403.0387644163562,398.56884481410066,399.6863389241924,16413658
2021-06-16,396.65985107421875,402.99224235950055,395.7751658065575,398.56887285930964,19701175
2021-06-17,391.3517761230469,396.65983061714496,387.9527717346413,392.0502028502147,23048331
2021-06-18,384.5071716308594,394.750763179567,374.96200677865454,394.750763179567,45748727
2021-06-21,390.8861389160156,392.0501834035559,372.9598538078958,378.40758769339516,33128978
2021-06-22,389.8617858886719,396.19420514407733,388.60461212024865,393.91266651178864,28442965
2021-06-23,390.04803466796875,395.542318994917,386.4627719432385,392.14331475681763,27564829
2021-06-24,388.5115051269531,393.6798513584784,387.6733703486039,391.4448915940095,19214547
2021-06-25,399.3138122558594,401.36254193498246,390.23426519352506,392.05018597361396,29886797
2021-06-28,397.4048156738281,403.3647181805557,395.35608586570766,401.08320787779917,29370660
2021-06-29,392.51580810546875,399.45352474091,391.63112291174883,398.1032217439807,22275961
2021-06-30,390.3739929199219,395.68201903367907,389.5358581059623,393.91267699575997,18337773
2021-07-01,391.4914245605469,394.5645189664188,388.4649089842049,391.39829532054097,16161469
2021-07-02,395.21636962890625,396.1476051975036,390.1877032422914,391.39829811384624,16423811
2021-07-05,402.8990783691406,404.6218699202762,395.07670497969434,397.1719850886025,16483761
2021-07-06,400.1985168457031,406.48435742443144,398.75511296932143,402.0144377138472,20195278
2021-07-07,403.0853271484375,404.1562423833844,398.1497615149035,399.8260026130876,14473774
2021-07-08,395.262939453125,405.4599516455055,393.074530232971,403.0387335385064,21433043
2021-07-09,394.611083984375,398.10321747096236,392.09673650641,395.7751284799041,16844494
2021-07-12,398.0566711425781,400.6641194716922,395.402643981732,397.17198594927765,12886781
2021-07-13,399.59320068359375,402.1075197461188,398.8481951539509,400.43130703776876,12831125
2021-07-14,401.40911865234375,402.57316322379705,397.07887853034873,399.50009692278303,12767351
2021-07-15,402.014404296875,403.17844875173154,400.1053543394778,402.9456398607602,11030732
2021-07-16,400.4313049316406,402.7593939138013,398.0566655374587,402.2937761173692,8713863
2021-07-19,398.4757385253906,399.91917086900605,390.0480670580211,394.28517799970376,14426686
2021-07-20,391.95703125,397.6375737009673,390.0945601788011,397.6375737009673,14623321
2021-07-22,393.0279846191406,397.3582530156541,391.95706933296066,396.28730931041815,11799761
2021-07-23,399.406982421875,400.38479694943703,390.653372605119,393.81956827257653,17704661
2021-07-26,394.1920166015625,398.3825767855014,393.26078100513166,398.3825767855014,14037519
2021-07-27,400.384765625,403.45783179906704,394.8439023261499,394.9835819851428,24119619
2021-07-28,396.2407531738281,400.8969312369754,392.09674333000487,400.4313134306606,17636515
2021-07-29,411.1870422363281,413.0960921490173,396.24072315361906,396.7063409246574,35263606
2021-07-30,402.1075134277344,413.8410874589781,401.08317702153556,411.1405099517132,35196813
2021-08-02,404.994384765625,406.67062601298704,402.1075485221602,404.8547050997758,16926025
2021-08-03,415.79669189453125,417.1004160397289,403.7837584396201,405.04093217283224,40922962
2021-08-04,425.52813720703125,435.30611143028057,411.14053519662747,417.7988643410289,129761158
2021-08-05,411.46649169921875,430.69650284514165,408.2537172292914,429.2996493224006,58595639
2021-08-06,405.69281005859375,416.26234049547827,404.1562769016501,413.18927418159086,38236066
2021-08-09,403.5975036621094,411.4198770242276,401.36254390422636,407.7880638652858,22196404
2021-08-10,397.12542724609375,406.3912042806986,392.7020582100456,404.5287331076257,27794251
2021-08-11,398.6153869628906,403.13188530387487,394.0523382095576,400.24504926187063,23827946
2021-08-12,397.77728271484375,400.8503772606362,395.77513184929956,400.431309871056,16847144
2021-08-13,401.5487976074219,402.52658360889035,395.77512558421836,398.19634380101513,20908992
2021-08-16,395.63543701171875,404.15623678077446,394.8438810945815,400.43129450629726,17608693
2021-08-17,392.51580810546875,396.566688677201,386.6955855653521,395.6354530707824,22957877
2021-08-18,390.839599609375,395.1698395422523,389.25648769371605,393.12110981834735,17668574
2021-08-20,378.7335205078125,388.65117371837835,377.2900883121278,386.46276442876604,25541790
2021-08-23,381.3409729003906,384.60029745509485,373.6582793071593,382.83095552349494,26559937
2021-08-24,388.88397216796875,389.95488736887256,380.1303636636782,381.3409585135601,19012313
2021-08-25,387.6268310546875,392.3295596193802,385.81091020825033,390.1877290376314,16410980
2021-08-26,382.5050354003906,387.20776396891415,381.80660867720064,385.99716901634065,15897679
2021-08-27,384.088134765625,385.857476722634,379.47850717586664,382.13253432090767,15090541
2021-08-30,393.6333312988281,394.19204996873646,385.0659517188392,385.90405814275914,20308691
2021-08-31,396.7529296875,397.637614905615,389.9083705268286,394.70422834831925,26262421
2021-09-01,400.33819580078125,402.80596456203665,395.91482651245417,398.10323594943776,18776721
2021-09-02,400.1985168457031,403.6906505005522,398.33604556311695,401.73504997002544,14372717
2021-09-03,401.7350158691406,404.4355933158434,398.7550791213856,401.59533621861453,14233624
2021-09-06,401.40911865234375,404.0165955438334,400.47788299518106,402.29380389427104,10694099
2021-09-07,399.59320068359375,402.01441892158664,395.86825829254474,401.4090930477971,14928735
2021-09-08,401.6885070800781,405.46000013034075,397.9635644451295,399.50009759823445,22817464
2021-09-09,402.5731506347656,403.97000407682805,400.4313200578923,400.6641289649027,9662128
2021-09-13,403.0853271484375,403.96998389945685,399.31380599181415,400.52442929923404,9567921
2021-09-14,403.2250061035156,406.71713952819965,402.5265794185788,405.0874772633471,9981562
2021-09-15,413.3289489746094,414.3998642883972,401.7816325973508,403.2250364873618,22181568
2021-09-16,431.8139343261719,434.04889395420184,412.30453825727454,414.26013858894584,42637448
2021-09-17,422.8741149902344,439.4500982177545,419.38198129743745,435.818284861057,41529478
2021-09-20,407.3690490722656,422.3153699829822,405.69280784008316,418.4972981096885,18376916
2021-09-21,408.62615966796875,411.00082743986803,402.89906655536015,409.88333338026194,17279588
2021-09-22,408.6727294921875,412.35109288747526,406.11183171282545,408.71927990237253,14321143
2021-09-23,418.8697509765625,420.1269246887519,411.6526752580933,411.97861339370604,20516770
2021-09-24,410.4421081542969,420.8253798520407,409.7436814245959,420.08040270798216,10731274
2021-09-27,415.88983154296875,419.5681951725557,411.83895093195804,414.3067196290846,11746892
2021-09-28,414.3067321777344,424.4571950097488,409.37119463399216,418.31106249687934,19241170
2021-09-29,428.3683776855469,430.5102082063525,408.90555925277545,411.4664571628521,38635938
2021-09-30,421.8497314453125,432.93142952353054,420.3597487850941,428.3218303042038,26530369
2021-10-01,420.5925598144531,424.22437302899965,413.28235455317855,417.6591733111292,14777309
2021-10-04,431.3017578125,432.46580229996715,420.54599811592595,422.5946993624351,16246765
2021-10-05,432.7452087402344,436.74951058264475,427.1577949587933,430.23086117096346,16487568
2021-10-06,425.76092529296875,438.6119651330672,422.45502188012944,433.0245515644931,19056690
2021-10-07,426.4127502441406,432.0932927507522,425.66777317598485,430.3239508995921,9984651
2021-10-08,426.5058898925781,432.0933032972844,423.0137565146367,430.13770292182636,16521128
2021-10-11,436.9822998046875,442.29035402555763,427.11119688501145,428.36837061301276,20686981
2021-10-12,449.78680419921875,451.0905283826517,435.91139915307474,437.6807411462377,33763609
2021-10-13,448.5762023925781,452.720183784286,445.1306192857151,452.720183784286,17638983
2021-10-14,456.86419677734375,459.9372629282879,448.8555648330264,448.8555648330264,23431826
2021-10-18,463.7087707519531,466.54902791756194,457.8885483477919,460.0303788249014,20084248
2021-10-19,454.62921142578125,469.5289803748401,450.01958403954455,465.943717787662,20645100
2021-10-20,465.524658203125,472.60205425609115,449.8799119126141,455.1879376380479,34080545
2021-10-21,468.3649597167969,471.6708347526732,457.9351095550386,470.18085209827126,20808243
2021-10-22,468.3649597167969,473.71956445485785,465.6178033096478,469.90149278390766,24080485
2021-10-25,471.67083740234375,480.0054074960291,463.6156550436469,471.67083740234375,35619415
2021-10-26,477.3047790527344,482.56628274764023,472.6951800421617,472.6951800421617,21107457
2021-10-27,483.45098876953125,490.62145748273514,477.4910581413476,478.37574333682795,29463032
2021-10-28,466.87493896484375,484.7546441014958,463.38280572498365,483.86995897977664,28140401
2021-10-29,467.61993408203125,477.3979359503363,454.8154450413455,467.0146366475551,31355893
2021-11-01,480.23822021484375,481.40226473890624,466.54904524424654,473.5333123886215,20679604
2021-11-02,485.82562255859375,488.898688662565,476.83917630793303,479.4000742009274,26797820
2021-11-03,491.3664855957031,505.0090529917581,479.7725910429911,487.9674529306937,80775924
2021-11-04,493.9739685058594,499.0492142337488,491.7389801807716,494.95175458379254,9796046
2021-11-08,487.2690124511719,497.6988622123973,480.9366219369628,497.6988622123973,36802110
2021-11-09,492.76336669921875,495.4173655652156,486.2912675671633,490.06276058025327,25451967
2021-11-10,488.3399658203125,492.1580090016376,485.6393598757881,489.4108526452648,15805538
2021-11-11,474.5576477050781,486.8964904728016,472.22955880191256,486.8964904728016,23086898
2021-11-12,476.1873474121094,477.72388052530937,468.1321648570436,476.7926448907571,19836221
2021-11-15,471.7173767089844,480.4244635776508,470.73959070718485,477.1651390129126,13328183
2021-11-16,461.05474853515625,472.50893498024186,459.56476590009873,472.50893498024186,19553216
2021-11-17,463.89501953125,470.6464777924348,457.23669051609966,459.8907177232731,20488483
2021-11-18,469.156494140625,471.39148236459494,458.44728450714973,464.77970377663814,22471070
2021-11-22,452.9529724121094,471.2051951409038,444.66498158059596,471.2051951409038,28800269
2021-11-23,459.1457214355469,461.3341308757469,446.99310768790457,451.882094803241,20000371
2021-11-24,459.2388610839844,465.61783105322496,455.42078918553653,461.70662990475506,13963769
2021-11-25,456.817626953125,461.38070427561206,452.85987552541496,456.3054587242203,12894211
2021-11-26,438.1463623046875,454.3498565233238,434.98016685813536,452.8133234232822,26305817
2021-11-29,433.1177062988281,444.8978315820776,423.0603442320379,437.6807552979099,22407465
2021-11-30,428.8805236816406,444.43216882479726,426.50588438293795,435.81823993715057,23026652
2021-12-01,442.61627197265625,444.43219277119266,432.0933209970317,432.5123883871725,17156956
2021-12-02,444.1993713378906,445.27028657030314,438.56540745059795,441.8712823895789,12962679
2021-12-03,440.6141357421875,448.3899589910565,437.7272995851212,443.0353540809868,16653993
2021-12-06,433.30389404296875,444.1993614460597,431.90704070508804,440.6140988616885,14353300
2021-12-07,443.9200134277344,446.71372017449403,436.9357465608352,436.9357465608352,13644942
2021-12-08,457.7488708496094,458.54042683325724,447.2259194076405,447.8312168942924,20397660
2021-12-09,455.04827880859375,459.5647772372901,452.6736393515856,458.4472831286653,12560970
2021-12-10,460.6822814941406,461.84632604166063,451.090537371142,454.90860917081886,13261408
2021-12-13,454.2566833496094,466.0368356219019,452.90640887307904,463.5224883056613,14047645
2021-12-14,454.95513916015625,456.63138028476504,448.6692988857473,452.580499757446,11642447
2021-12-15,451.4630126953125,457.2366848492181,450.2524177690366,456.3054492385272,8639835
2021-12-16,448.06402587890625,456.81763527706426,445.36344818636536,454.7689339050586,11107781
2021-12-17,435.63201904296875,448.296829373176,434.42142408409757,447.0396555810828,12648603
2021-12-20,418.3110656738281,432.0933419369531,412.537393271703,427.4371636833221,22336114
2021-12-21,415.3310852050781,426.738721513962,413.93423177950046,425.6212274058776,16617447
2021-12-22,424.5037536621094,425.8540282297802,418.1247841225314,419.05601972191346,13102553
2021-12-23,430.04461669921875,433.0245821807738,426.2731236413961,429.2996395383585,14471377
2021-12-24,425.52813720703125,431.7208485312779,421.1047679155613,430.78961289096844,13221159
2021-12-27,426.5524597167969,428.8339983285121,419.5681926430426,422.5016075492638,8856482
2021-12-28,429.4858703613281,431.0689538309039,427.483691084808,429.4858703613281,8832210
2021-12-29,423.1534729003906,430.37054917465906,420.35976595551256,429.2996338629338,11757303
2021-12-30,420.6391296386719,423.6190664913065,417.6591643669822,421.6169156458221,28879190
2021-12-31,428.7874450683594,429.67210184039385,421.94285769771926,423.01377295810596,10005842
2022-01-03,438.42572021484375,439.54321433076467,428.4615160939485,430.23085809494336,13124509
2022-01-04,450.2524108886719,451.3699049720466,438.65851634511614,440.0088193276059,23296671
2022-01-05,458.5404052734375,460.96162352526,446.2015335326098,448.7624314410835,24694169
2022-01-06,457.8885803222656,460.402899525006,452.0217786777581,454.1636377234888,18190843
2022-01-07,457.469482421875,467.4337145771082,455.7932697317679,459.5182120822768,22746330
2022-01-10,469.0168151855469,470.22743854519075,458.63354368739965,459.42509964965603,15832274
2022-01-11,471.1586608886719,472.88142400502176,464.91937103149354,468.4115045144542,16107950
2022-01-12,475.1629943847656,478.1895102725667,473.533331983642,474.8370562207295,14489616
2022-01-13,476.1873474121094,477.5841724448816,472.1364667179958,474.9301736216526,10450974
2022-01-14,473.39361572265625,475.2560868942461,470.4136504804906,473.99891316961197,8724574
2022-01-17,478.65509033203125,483.2181674303625,472.6486094456514,473.0676768262099,17422211
2022-01-18,471.9501953125,481.8678772844123,470.27398258378395,478.65510306547515,12592506
2022-01-19,480.3313293457031,482.0541493739674,465.89717699778424,470.2739958515499,16079457
2022-01-20,476.23388671875,483.45099113725774,473.0676913189305,480.5175762215908,17724642
2022-01-21,468.1321716308594,472.60209137376694,463.75535271750925,470.5533615804846,16947941
2022-01-24,460.17010498046875,471.9502306330999,454.4430112398437,467.8527993303227,20233933
2022-01-25,479.26043701171875,481.9144358070053,455.374220501692,456.3054561264398,21791739
2022-01-27,492.5770568847656,494.3463703317312,468.59774140680656,468.9236511149533,35409230
2022-01-28,487.4552917480469,499.51480427323236,485.5462701138926,497.2798160724936,24715250
2022-01-31,501.2840881347656,503.7053346818178,490.8076881358768,492.62360883663905,28674232
2022-02-01,495.69671630859375,506.54563417332946,484.2425293849942,506.54563417332946,32245356
2022-02-02,502.680908203125,506.8249175183001,494.8119569126202,499.7475505004152,21661864
2022-02-03,502.96038818359375,507.2441065860878,500.21328828802484,500.21328828802484,22717677
2022-02-04,493.834228515625,508.8271558150221,491.040521708818,504.86940450537884,25332894
2022-02-07,496.5813903808594,511.2483512781843,489.13150548063084,495.32424503919026,52289545
2022-02-08,494.81201171875,500.67884145019633,483.31127483132195,498.6766621814507,26567546
2022-02-09,498.44384765625,499.6078921393333,491.4595807577505,498.1644883479319,14856155
2022-02-10,503.37933349609375,506.5455569020163,497.65226932698886,500.16655968322317,18659370
2022-02-11,493.182373046875,500.7254158465614,490.8542839429186,499.3751127986441,14607095
2022-02-14,466.9215393066406,480.1450682042784,465.33845578670656,479.5863495613935,26153332
2022-02-15,488.7124328613281,490.62145447897535,462.91722372156096,467.4802724903449,23842951
2022-02-16,481.16943359375,491.6923842372667,478.6550861703695,490.2955308729563,19773807
2022-02-17,477.67730712890625,484.2425066690083,476.00106601592677,484.2425066690083,16408356
2022-02-18,479.86566162109375,485.08061473955405,475.0232538723291,475.0232538723291,15111223
2022-02-21,476.6529541015625,481.9144296301384,469.94804632169485,476.37356636628556,16866932
2022-02-22,464.1278076171875,470.5533274385469,461.42723011766594,466.45589656833613,27108772
2022-02-23,464.4072265625,470.5999379050491,463.0569235124379,468.41152846004275,13899433
2022-02-24,440.14849853515625,454.39642019792996,435.81825869983425,446.99308584598384,32356037
2022-02-25,449.7402648925781,458.0748068411408,446.3412320623623,446.99310837970523,21792287
2022-02-28,449.9730529785156,451.92862500192814,440.56756774116565,444.1062516511127,18069367
2022-03-02,441.63848876953125,446.80683504591724,434.8870305859169,445.13062231278,22003848
2022-03-03,435.259521484375,450.15929134892565,432.6520731257009,446.9930959365198,20358590
2022-03-04,430.184326171875,438.51886830974274,426.17999576692137,428.6477645916742,20684268
2022-03-07,410.0230407714844,422.73442998798953,403.6440993751081,416.72794874460675,33720472
2022-03-08,410.0230407714844,411.6992819742931,395.7751468524198,407.8812101679056,42510207
2022-03-09,420.6391296386719,423.06031945048284,408.39335882889986,411.60613299934477,32331325
2022-03-10,436.4701232910156,443.8734290255677,429.90489546710614,437.58758892426,34553299
2022-03-11,438.0066833496094,442.1506648431163,430.2308601713591,434.32829125108464,22091309
2022-03-14,451.7889709472656,452.58052693538787,438.19292474235004,438.61199215343146,27750689
2022-03-15,452.4408264160156,456.7710663150074,447.5983898805279,455.3742129012,27204899
2022-03-16,458.8663635253906,460.3097674057931,455.7467184345574,459.09917243636244,16211288
2022-03-17,467.38714599609375,468.8771286527836,464.0346921233055,464.6865684165621,22947673
2022-03-21,456.86419677734375,467.4802770667619,455.3742141148338,467.4802770667619,19064060
2022-03-22,459.75103759765625,461.706609667117,444.43220025984135,456.86420148785135,26157969
2022-03-23,456.9107360839844,467.8527542553318,455.5604615312936,464.2209411418445,15800195
2022-03-24,453.6048583984375,460.77535533982467,450.2524046140873,451.649257989312,18174877
2022-03-25,456.95733642578125,459.3785263360452,453.1392646471291,457.9351224726912,11541196
2022-03-28,463.2897033691406,464.3140681960793,448.8090013952748,457.1901216572291,16738684
2022-03-29,460.9616394042969,466.9215417855109,457.8885731758907,465.61781758009784,14301429
2022-03-30,460.30975341796875,465.99029635687214,458.44728218679097,464.96593149591325,16461225
2022-03-31,459.6113586425781,463.336301363763,458.3542132094243,460.3097854028003,10240982
2022-04-01,473.2539367675781,474.6973405600702,457.2366733006267,457.2366733006267,18527226
2022-04-04,477.1651611328125,479.4932502155485,471.2052303457634,474.27829656735247,16257176
2022-04-05,474.37139892578125,480.8900764070014,472.7883154906881,479.0276052463827,13602384
2022-04-06,478.6085510253906,479.7725955327789,471.20521659077895,472.1364521966896,13738275
2022-04-07,479.539794921875,484.1494226184488,474.9767176387794,474.9767176387794,19620958
2022-04-08,480.6106872558594,483.77691114198547,477.11855363356403,483.77691114198547,13572638
2022-04-11,479.4931945800781,486.1049440726438,477.9100828198832,478.1894421097751,12370288
2022-04-12,477.5841369628906,481.169427992416,469.66866307633074,477.49103614159725,14460680
2022-04-13,482.1006774902344,485.08064275314774,478.4222855331121,478.9344537412433,15440525
2022-04-18,474.4645690917969,479.58636522527064,469.3427729583231,476.79265824337585,14492183
2022-04-19,476.60638427734375,485.12721303086033,470.36712260501565,477.9566873090639,20362934
2022-04-20,474.2782897949219,478.37574925727273,472.13645923701137,476.7926373359957,11881305
2022-04-21,480.7969055175781,482.3800173281685,476.978862478602,478.0963565118487,10035638
2022-04-22,466.1765441894531,478.18947767208795,464.68656155476515,477.6307590507531,16760456
2022-04-25,460.72882080078125,464.8728306576677,456.35200204000347,460.9616297046725,14057444
2022-04-26,470.7396240234375,472.97458391362466,464.1744240174396,464.6865922605249,12137213
2022-04-27,463.0569152832031,468.2252616427236,458.0282485838483,465.61781325611173,12367342
2022-04-28,472.60211181640625,474.93020103717674,462.35851924501617,464.8262881352213,12154792
2022-04-29,462.1722412109375,477.25827009170274,460.03041058595346,473.16083892009266,12894773
2022-05-02,457.2366943359375,460.96163685598583,448.20369735719777,458.7732274416462,18590895
2022-05-04,446.6671447753906,462.3119197288658,444.6649939419759,458.1679099883815,14645323
2022-05-05,446.9930725097656,460.03037045796714,445.7358988095211,451.64925034840905,14130385
2022-05-06,450.6714782714844,452.67362912004927,438.61196592978445,438.61196592978445,16710020
2022-05-09,443.1750183105469,450.438673074012,441.21941785811185,444.29251240309696,13544947
2022-05-10,442.523193359375,449.36775266882523,440.9400813827751,444.19940616596347,10884328
2022-05-11,443.7803039550781,446.06184249202244,431.76737066572184,442.5697090695901,14771351
2022-05-12,430.836181640625,440.4744766118199,424.9694082246234,440.4744766118199,18947096
2022-05-13,414.0738830566406,444.19935888720414,409.5108345296604,437.1685418279946,61403008
2022-05-16,423.71221923828125,429.7652509416853,408.6727692282503,414.39986277150587,27940958
2022-05-17,435.1663818359375,437.354791166289,424.78311064360963,426.7852614874846,16880698
2022-05-18,426.5058898925781,436.37699259137,425.667783565683,435.72511632653266,15644497
2022-05-19,416.7279357910156,419.0560248177811,413.887678545984,418.17133961998803,14201420
2022-05-20,430.60333251953125,432.09331515214274,422.92063887727875,423.57251516000093,13596860
2022-05-23,429.20648193359375,438.9844557239664,427.9027577786884,431.25521161919863,13499415
2022-05-24,430.27740478515625,434.70077395889433,428.5546416316817,430.6033429344007,17175179
2022-05-25,429.4735107421875,439.26222115340613,427.53466786818933,435.99930806214456,12728644
2022-05-26,443.4708557128906,444.6057894882055,427.9602576714547,432.0743565287651,17055257
2022-05-27,443.5181884765625,449.24007685783033,442.1468124863909,445.83530418702605,10977001
2022-05-30,448.86181640625,451.03707280150377,445.5516260623434,447.348580762236,9365470
2022-05-31,442.7142639160156,450.56413133401236,439.7823756392409,448.2942925870972,15441579
2022-06-01,442.9034118652344,446.402767135689,439.4986680873034,442.61969283792894,9424008
2022-06-02,444.3693542480469,446.73377559781557,440.86999910536304,441.57932551029364,9370989
2022-06-03,439.30950927734375,449.7129637489278,438.36374068901796,447.5849844251947,11306291
2022-06-06,438.5528869628906,440.34984143039037,431.7433418767632,439.02577123657824,10661432
2022-06-07,438.2691650390625,440.68089229525094,435.52644186174086,436.8032352488327,7672515
2022-06-08,445.74072265625,449.7602391433186,438.0800202062432,441.29562762338475,17168871
2022-06-09,441.6266784667969,445.3624472812635,437.3707195822311,443.51821574882604,12635601
2022-06-10,436.8032531738281,438.97850950586695,433.7295050866694,436.94511269764484,8621104
2022-06-13,421.67095947265625,429.4262451053027,418.1243270259241,429.3789682177071,13426836
2022-06-14,423.79888916015625,424.886517210218,419.30648858865146,420.8670009093979,11351101
2022-06-15,426.8726501464844,430.7503070587634,424.27178657712926,424.6028113493786,9920926
2022-06-16,417.6513977050781,432.92555402430173,416.2800217617226,430.46655002030155,10780703
2022-06-17,417.0839538574219,423.27872666107095,413.5373215967295,416.13818525457054,14326050
2022-06-20,411.1256408691406,419.4011164996582,407.3425662951897,417.55685609982976,12368534
2022-06-21,426.30517578125,430.27741525368896,413.868325066745,415.665279547109,13801891
2022-06-22,423.3733215332031,426.73081748792765,420.53601564262533,424.4136727989286,11066447
2022-06-23,426.919921875,431.6960704167751,421.8127774275385,424.6500831053022,12229833
2022-06-24,429.6153869628906,435.3845812009487,428.62234147696313,431.0813167492726,10833364
2022-06-27,436.1884765625,439.64052607470876,433.2092824733034,435.0062658485541,9509175
2022-06-28,439.07305908203125,440.491711938516,433.1620055133448,434.0131914547224,13261290
2022-06-29,434.2023620605469,437.6071347305486,433.1620108471343,435.05354801240566,11800876
2022-06-30,440.6335754394531,443.84918283740706,433.7294763537707,434.10777801307705,16926328
2022-07-01,441.5320739746094,443.37630541575845,435.57371451361155,438.22188389491066,9405495
2022-07-04,447.7741394042969,448.4361600833809,441.5320610921888,441.5320610921888,9186358
2022-07-05,446.5446472167969,453.9689366406206,445.45701907860894,449.38195307080076,12003244
2022-07-06,453.9216613769531,454.9147068843763,448.199743900056,449.3819546767825,12059857
2022-07-07,460.35284423828125,461.77149707106486,455.48214195157067,457.7519807115113,11497832
2022-07-08,462.05523681640625,463.33203019569055,458.8396293570521,462.4808442303567,9057231
2022-07-11,461.7242126464844,464.6560720296286,458.6977417742877,458.6977417742877,7704792
2022-07-12,458.6504821777344,464.7033952876818,456.9008045407598,458.69775906147703,7364457
2022-07-13,460.1164245605469,465.74375928365237,458.2721642428724,461.2986353122441,8208853
2022-07-14,453.35418701171875,462.38626565305754,450.9424597491278,460.21100940450947,9385630
2022-07-15,453.1177062988281,458.13026793850156,448.9563305595152,456.3805903939709,6945602
2022-07-18,463.7103271484375,464.8452609990571,455.9550420444267,458.272157767472,9934786
2022-07-19,470.9454650878906,471.5129031327425,461.53505638903056,461.53505638903056,11724183
2022-07-20,481.0179138183594,482.9094510108322,473.26259978419387,473.8300667144491,19280117
2022-07-21,484.2807922363281,485.55761446071546,479.2682302825926,482.15281292081585,13814893
2022-07-22,485.84130859375,491.98880407908524,483.47688725323644,485.60486645969866,14699129
2022-07-25,489.7189636230469,490.85389747437273,481.5380711043207,485.55761646836356,10229778
2022-07-26,486.314208984375,492.556258440218,485.2738289249796,489.624398970835,8862656
2022-07-27,499.5549621582031,501.2100571289965,484.46994216508864,487.3545247120165,15101546
2022-07-28,503.5744934082031,508.35061320585476,500.831741428295,504.2838198452346,12160734
2022-07-29,499.6968078613281,507.8777291963506,498.1836012182079,506.0334689140187,11921058
2022-08-01,504.803955078125,505.9861657457553,497.8525794425111,500.35883142280915,8295631
2022-08-02,512.701171875,515.349370325729,502.2977165261426,503.0543776407157,16845027
2022-08-03,511.5189514160156,516.7680136052014,505.65523196436504,512.5120546789236,24262125
2022-08-04,504.33111572265625,514.4981283696671,495.77192127182764,514.167132443307,18072293
2022-08-05,502.2503967285156,513.4577891228303,500.31158266962416,506.50635537126294,21110734
2022-08-08,492.177978515625,495.58272221944645,485.98314830777673,495.58272221944645,32566317
2022-08-10,486.7870788574219,495.10983046053855,485.5575913010178,493.2655702633671,16904151
2022-08-11,496.2920837402344,497.47429451617586,489.15154219857493,491.7996827916567,13862195
2022-08-12,501.91937255859375,502.9596948559826,496.67036873971307,497.1905298884075,12154012
2022-08-16,497.427001953125,504.8985391865189,496.52851024669945,504.3783780065253,10721167
2022-08-17,499.5076599121094,501.77746969315064,495.91369340648566,500.1696516867077,12054183
2022-08-18,503.47991943359375,505.79706417892737,497.66347685158144,498.27819184106994,9013662
2022-08-19,492.1306457519531,504.7094137454508,490.38099701081967,503.14887253569157,11087222
2022-08-22,483.5715026855469,491.7051477692564,482.3420149767122,490.85393288806597,9676954
2022-08-23,493.5966491699219,495.5827401146792,480.68688485359866,480.68688485359866,8597965
2022-08-24,491.1376037597656,494.63695899173166,484.51722381150154,490.8538847355807,11930650
2022-08-25,492.177978515625,499.64951545599195,490.38099517324997,493.6439082290722,15473450
2022-08-26,495.3935546875,500.7844469647244,493.88034809833897,495.3935546875,12855886
2022-08-29,486.928955078125,488.9623807185564,481.1597895368773,483.57148799346,9421339
2022-08-30,502.4395751953125,503.62178596047795,489.86086419897924,490.0973063520123,14835308
2022-09-01,504.3783874511719,511.5662635120377,493.927655870551,493.927655870551,16670228
2022-09-02,507.593994140625,508.68159334192575,502.4395439797127,507.8777131616108,10017930
2022-09-05,509.6747131347656,511.4716388097338,507.21568018067234,507.8777297346641,7819994
2022-09-06,508.6343078613281,513.2685967845732,505.1349527279727,508.8234731138315,8657868
2022-09-07,503.9527587890625,508.30332884057043,502.72327119466354,505.41874625079106,8445359
2022-09-08,515.1128540039062,516.6733374465072,506.4590488467253,506.9319331126886,12240707
2022-09-09,523.3410034179688,526.7930817113361,518.2811647716557,519.8417059673161,18587927
2022-09-12,524.8070068359375,528.3063043931888,521.3549284374099,524.8070068359375,9677415
2022-09-13,527.7388916015625,529.6304288474462,523.7193749540595,529.6304288474462,16707275
2022-09-14,540.7431640625,543.6750234535912,519.4633718606526,520.1726982673808,21632641
2022-09-15,541.1214599609375,547.1270667304167,537.1019439132205,541.4997327185876,12749947
2022-09-16,531.332763671875,542.871151610006,529.9141108366572,538.2368625915752,14739280
2022-09-19,541.216064453125,543.2494899696948,529.2047920630926,530.2924490091893,11194003
2022-09-20,542.9183959960938,546.6069162369339,541.7834622508254,546.6069162369339,8484017
2022-09-21,538.8043212890625,545.9921387362322,534.7375283196078,543.8168827502567,9392526
2022-09-22,536.5344848632812,542.8711456696077,531.521923112055,536.014323707753,11869435
2022-09-23,520.7401123046875,537.1965072724512,519.6997900461478,534.1700365315244,12563239
2022-09-26,513.8361206054688,519.2270137136438,504.0947145890204,516.2005423436912,16158750
2022-09-27,507.40484619140625,521.0239369145561,504.2838214038483,515.0182717607147,11066799
2022-09-28,496.3866271972656,510.52587932873706,492.13066849231575,504.00011061622786,12233485
2022-09-29,493.4547424316406,506.64822528844724,491.3740400704196,500.3115644395551,17310168
2022-09-30,501.82476806640625,507.7831560940152,488.15845873914054,495.5827187447877,17466950
2022-10-03,491.563232421875,502.8179019108135,490.3810216656896,498.98749288066523,9351162
2022-10-04,503.8109436035156,506.74280316670263,499.17665438414605,504.0946626378347,8745887
2022-10-06,508.1614685058594,512.4174273002554,505.60788168419464,505.60788168419464,9507322
2022-10-07,501.44647216796875,506.55358745247656,497.9943940396795,506.45903369216524,11065307
2022-10-10,501.9666748046875,504.94586892749584,493.88036497509313,497.1905550114877,9649292
2022-10-11,498.7983703613281,504.75670084855227,497.0013869758343,501.9666720027099,10825440
2022-10-12,504.85125732421875,505.9861911671905,497.4742739326023,501.2573482590859,8522604
2022-10-13,493.1710510253906,504.8512702166341,491.9888402681743,504.0946668770426,12972765
2022-10-14,498.6092224121094,505.8443176388137,497.474288535822,501.4465282402605,8545479
2022-10-17,514.1671142578125,515.1601597269055,495.77190373695043,497.852606168704,13485349
2022-10-18,531.947509765625,532.940555155672,517.0989326199887,517.4299285082948,20440781
2022-10-19,523.3883056640625,532.8932674473145,521.6385993217906,532.4676600816199,9540583
2022-10-20,525.2799072265625,526.6039486407994,515.7276096642603,522.0642708738797,11225588
2022-10-21,530.434326171875,535.1158925512549,527.0295821096737,527.0295821096737,11767639
2022-10-24,539.5609741210938,541.4525112783982,535.2104617493467,536.250784095811,3692065
2022-10-25,547.1743774414062,554.4095298646989,537.1965308863428,541.4524893176606,19899324
2022-10-27,548.2147827148438,553.2746215483523,546.2759109378583,552.2815760803435,13613533
2022-10-28,539.7974243164062,551.0520936602753,536.2507920935652,548.498506914803,10043644
2022-10-31,542.6820068359375,546.1340852886444,537.5748910714758,543.769663807375,9894639
2022-11-01,545.6138916015625,553.9839200565388,543.438577788287,545.0936727265695,12069579
2022-11-02,542.729248046875,547.5527021866988,538.993508532127,544.6681197141808,10241440
2022-11-03,553.1800537109375,556.0646362732692,537.1965419604421,538.1423105202316,17557998
2022-11-04,561.7392578125,564.5765635432895,548.9241051401274,554.2203860808812,25759031
2022-11-07,580.8438110351562,588.9301210515242,574.7435919964456,579.7561540508798,44265903
2022-11-09,582.1678466796875,587.3222970636789,577.4390037081603,587.3222970636789,18939854
2022-11-10,572.8993530273438,581.742266711215,569.541885904196,579.8507294333699,11618405
2022-11-11,568.690673828125,585.950951573111,566.042533171182,583.7756952379483,15525267
2022-11-14,560.4151611328125,571.1969460463868,559.5640040449829,571.1969460463868,12957268
2022-11-15,568.2650146484375,569.447225345239,560.5097586575258,562.0702421422246,10286417
2022-11-16,567.2247314453125,570.7713637803187,563.6780991103063,567.4138967148733,11555749
2022-11-17,566.5626831054688,570.062038562034,563.8199887288042,566.6099599916786,8167131
2022-11-18,570.0147705078125,572.8993533129369,564.765766104203,568.4069522758153,12933675
2022-11-21,565.6641235351562,569.4471975804678,563.0632601290046,569.4471975804678,7412419
2022-11-22,566.6099243164062,568.1231886557925,563.8199532291959,565.7114903595797,8048595
2022-11-23,574.6962890625,576.5404915759619,568.4069050431018,568.9270662065175,12435924
2022-11-24,576.3040771484375,578.1483374757161,572.9466101411601,576.6824076810045,8960032
2022-11-25,574.4598999023438,580.4182308398936,573.3722428670565,577.4390365085501,9994513
2022-11-28,575.5947875976562,577.7701017116837,569.6837334294041,572.7574815968952,7934274
2022-11-29,575.5474853515625,578.6212333836287,574.1761092999211,574.1761092999211,6942919
2022-11-30,569.7783203125,578.2429610607289,565.9479689220002,575.500208955112,15606230
2022-12-01,575.121826171875,576.7296442351469,568.927053778954,574.8853840368389,14209313
2022-12-02,574.6016845703125,576.5404985985498,571.4806598266704,574.5544076867228,7533838
2022-12-05,583.8229370117188,584.4849865674205,574.6016932916017,575.5001849939731,11585602
2022-12-06,575.92578125,586.1873471266914,574.838124306329,581.411227401482,12996244
2022-12-07,574.1287841796875,579.6615648076655,571.717085932937,577.7226931086815,7613892
2022-12-08,578.4793701171875,580.512737911779,574.2234115434572,576.6823867404484,10020015
2022-12-09,583.0663452148438,584.484998122909,576.067634445001,581.0802542336061,11202267
2022-12-12,579.803466796875,585.1470828281776,577.8646525844588,581.4585619556684,9285187
2022-12-13,583.3027954101562,583.9175681021829,579.2832787818738,580.2290474002932,7455415
2022-12-14,591.5782470703125,592.7604577958726,584.0120984267273,584.9578670071755,14010673
2022-12-15,582.546142578125,595.4085716060209,580.9856014002335,591.6254974536832,10622271
2022-12-16,570.6294555664062,582.2151207914691,569.447244829155,578.8103769582387,9435071
2022-12-19,571.6697998046875,576.4459193386776,570.298423890439,571.2441924209372,8322012
2022-12-20,571.6697998046875,573.6086137471829,567.0355109151941,570.298423890439,6753785
2022-12-21,561.2191162109375,576.1149718170277,557.6251493131697,573.0412238348187,9217253
2022-12-22,561.2191162109375,566.5153973363823,555.6863352078802,564.6238601165613,8740149
2022-12-23,542.8711547851562,558.6655013213187,540.5067333792975,558.003451782652,13047046
2022-12-26,564.7184448242188,569.0690153032233,539.7501867898378,542.8712118284932,13201587
2022-12-27,569.2581787109375,570.3930549211663,561.1245336117585,567.8395257230137,9638618
2022-12-28,568.4542236328125,574.0815585274914,566.0898020573286,568.3123929733651,7988631
2022-12-29,578.6212158203125,584.4849926639092,564.7657405160301,567.4611579261255,20130392
2022-12-30,580.418212890625,586.8967048392173,578.1956220014096,581.8841427047076,13052895
2023-01-02,578.9995727539062,585.6199532316294,578.0538041142315,581.6004365130118,6726084
2023-01-03,579.1886596679688,583.1608412370937,576.9187921497869,581.1747504525312,6818062
2023-01-04,572.3790893554688,581.6003319342061,571.2441556469066,578.6684150433266,7011191
2023-01-05,572.2846069335938,578.432103372453,569.3054702175378,574.0815905211622,8241475
2023-01-06,568.0759887695312,574.5072043394961,564.6239099486335,574.459927449855,7972036
2023-01-09,574.7435913085938,575.9730789468689,567.555715294209,572.1900045367088,8878905
2023-01-10,562.8742065429688,575.9730785899777,558.5709132239706,575.4529174039299,10622660
2023-01-11,564.3401489257812,566.9882895253261,560.1314670081308,564.103706770016,7419630
2023-01-12,562.6377563476562,565.4750621129492,558.0980209430805,565.4750621129492,8183715
2023-01-13,567.5556640625,570.203862090674,561.4555033068693,565.4750195048337,7877610
2023-01-16,570.2984619140625,573.2303214640315,568.0285941994754,570.2984619140625,5483191
2023-01-17,560.79345703125,573.1357247063863,554.2676311351354,570.298419138533,13461999
2023-01-18,559.3748779296875,564.7657707637378,555.7336340028968,563.5835599547415,11538075
2023-01-19,557.8616333007812,559.6586168844244,555.6863768798873,558.9492903737978,7475688
2023-01-20,560.0841674804688,564.2455146186342,558.7600683716555,561.597374126141,6750607
2023-01-23,567.8867797851562,569.116267446911,560.7935151306456,566.0425194299563,6604469
2023-01-24,562.1175537109375,571.811682022892,560.888066055424,570.7713596355657,7609623
2023-01-25,537.8585815429688,563.5361628309502,536.6290939830234,563.5361628309502,25686294
2023-01-27,510.6677551269531,537.7167133619173,503.3853255328834,537.1965521891551,40163464
2023-01-30,509.0126647949219,524.2867928316846,496.71767317052826,506.9319623596132,40797825
2023-01-31,523.48291015625,526.7931001933717,508.6816087573524,515.4438772089544,21911943
2023-02-01,498.7510681152344,534.3592804228468,472.26957511613944,530.9545364164019,38218810
2023-02-02,499.46038818359375,503.7636816109948,475.2487344537174,491.9888506750248,39287056
2023-02-03,514.6873168945312,516.3424120513884,490.99582347997585,506.9320023288018,32317232
2023-02-06,515.8222045898438,528.4954688768345,507.45211805473997,528.4954688768345,25338586
2023-02-07,517.429931640625,521.4967824365973,511.7080436679747,518.2811463944632,16195947
2023-02-08,519.9362182617188,524.4286185104557,515.916702249691,520.1726603800734,15502847
2023-02-09,520.9293212890625,522.0642551278453,513.3631726640212,522.0642551278453,15061047
2023-02-10,523.0573120117188,527.0295516716327,516.8625392347192,516.8625392347192,13824475
2023-02-13,508.3505859375,526.6985185479009,504.37834655817164,523.9557667151163,18488732
2023-02-14,511.5189514160156,515.0655838545804,501.96671113820275,510.6677942658425,18559909
2023-02-15,512.843017578125,515.1128852826321,507.68856722110974,510.7150382520747,12796579
2023-02-16,510.80963134765625,517.1935698172999,509.2964245782404,517.1935698172999,12767016
2023-02-17,502.2030944824219,510.3840154392782,499.12934672899837,509.2963585287838,14192008
2023-02-20,496.67041015625,504.9931624047725,493.8331043175399,503.1489020645839,12570032
2023-02-21,495.06256103515625,500.26428808109324,494.0695155986855,498.5145816214719,10223218
2023-02-22,488.3475646972656,493.596626297569,484.70637889222513,492.50896938170973,14763050
2023-02-23,492.7454528808594,495.58275875157454,483.618791435906,488.91510150042114,15535085
2023-02-24,492.792724609375,498.89294371259393,489.5298113471756,495.7719188324995,12253035
2023-02-27,499.0821228027344,501.06821385639995,490.8539240908659,492.84001514453155,11048799
2023-02-28,494.44781494140625,499.7914306474669,492.792719883351,498.65649677691636,15768010
2023-03-01,507.593994140625,508.2560436730128,494.7315071796655,494.8733955527241,13510198
2023-03-02,504.803955078125,510.62045465291806,503.6217444104947,506.8846573981803,10376913
2023-03-03,530.765380859375,533.6972406005289,512.3701689701492,512.6066111339563,27656538
2023-03-06,531.2382202148438,537.1019969258892,528.6846335168734,534.2646912003962,16162268
2023-03-08,534.1701049804688,534.8321545594332,526.2729600942696,529.630427149925,12637578
2023-03-09,528.5900268554688,535.0685178570142,527.7388121329454,534.1227493764892,8993423
2023-03-10,517.6663818359375,524.8542572994388,515.4438488803586,523.1045508837578,11522371
2023-03-13,501.2573547363281,523.151920773827,499.7914249608996,517.3354208316443,14373729
2023-03-14,496.90679931640625,503.9054516704325,491.7996262613332,499.0347784684986,14750800
2023-03-15,489.4825134277344,503.1488808530747,487.5909762816702,501.06817844737753,11282329
2023-03-16,496.0556335449219,500.64258819117475,486.4087822245695,490.2864681418889,20040008
2023-03-17,501.0681457519531,502.7705175273021,491.8941796471299,499.9805465990132,18787379
2023-03-20,491.0430603027344,498.0417131884692,487.0708207053534,498.0417131884692,14275315
2023-03-21,493.54931640625,495.0625807877978,488.4422006470023,493.69120478503487,29485180
2023-03-22,493.2655944824219,498.42004482113964,491.8942184876975,493.88036715337415,11619538
2023-03-23,484.94281005859375,492.7454003715794,483.76059940511107,491.2321938251734,22097792
2023-03-24,477.94415283203125,487.02353688053415,476.14719832075485,486.5979294788206,14416984
2023-03-27,482.48382568359375,486.26692879064547,474.3502102854361,479.50466048857436,15674218
2023-03-28,480.5450439453125,483.99709365268615,476.5255272906492,483.71337461032533,15833599
2023-03-29,488.4894714355469,489.90812430515643,478.8426203771755,481.39620708749925,24203789
2023-03-31,495.3463439941406,496.4340010614626,491.18493873019634,492.4144841889564,17356345
2023-04-03,498.18359375,499.8386887458472,493.78574681383884,496.29205661188894,14210949
2023-04-05,494.6369323730469,498.9874444434466,490.90113520111186,498.4200064256132,13574801
2023-04-06,499.0348205566406,504.7567089920419,493.3602090058029,495.58274210649415,25125879
2023-04-10,497.75799560546875,501.6356814457874,495.9610699259261,500.54802448109393,17335453
2023-04-11,503.24346923828125,506.6482709704916,498.561960659839,502.0612584406672,26414406
2023-04-12,499.5549621582031,505.0404082306634,497.47425979275084,504.2838049318985,21292441
2023-04-13,504.04736328125,505.27685085857496,498.5619172034785,500.5952849630574,28597560
2023-04-17,514.4981079101562,515.4438764908734,499.36581061868105,499.36581061868105,32476990
2023-04-18,516.2477416992188,518.754051455373,511.1879030294058,515.7748574225958,22283456
2023-04-19,510.998779296875,517.8083249786072,509.0599651502015,514.4981347732645,21156372
2023-04-20,515.2547607421875,515.8695334687824,507.5467807037376,511.85001661448604,25588577
2023-04-21,513.6942749023438,516.7680230720757,510.43136145406214,515.4439238473666,22599418
2023-04-24,524.5232543945312,525.4217461299845,514.0252457859217,514.308964827345,23335611
2023-04-25,531.332763671875,537.1019865035063,524.9015490305807,524.9015490305807,38142390
2023-04-26,535.6360473632812,536.250820070701,526.2729724415733,531.521976860201,23143882
2023-04-27,534.1228637695312,536.6291738697495,530.6707849862329,534.3593059403013,17845169
2023-04-28,546.93798828125,548.971413929884,534.8321613379902,537.0074176463271,16183423
2023-05-02,544.1006469726562,549.3496509930271,542.0672791815007,548.5457707982896,13667511
2023-05-03,539.5609741210938,543.8169327250288,538.1423212531155,539.7028624979448,9699527
2023-05-04,548.5457763671875,549.3023796861156,537.6694376978381,539.2772558287686,12533761
2023-05-05,545.235595703125,556.3483767083491,543.8642196936237,548.7349510540522,18163461
2023-05-08,551.9505004882812,555.733574673191,546.0394470743597,546.3232238183328,12990869
2023-05-09,542.3983154296875,554.6460308715142,541.0742162426815,553.2746547975016,18959065
2023-05-10,541.1687622070312,543.8169025352203,532.7041223529789,543.8169025352203,18561315
2023-05-11,542.3510131835938,548.5457859453637,540.9796371737035,541.1688024380219,16016715
2023-05-12,546.796142578125,549.2551178633527,540.5540351442528,543.5332293428207,11319335
2023-05-15,550.3427734375,552.3288644146909,543.4859510624889,547.3635792465793,11410243
2023-05-16,554.504150390625,558.381836507775,550.4373567227524,552.328894031078,22178229
2023-05-17,554.504150390625,558.4763902831363,548.0729350873454,554.2204313394036,23739774
2023-05-18,543.060302734375,561.6919543637448,540.4121623892405,558.287153012746,45656620
2023-05-19,543.9588623046875,554.4568712328581,538.9935768906619,547.6000485182514,42293962
2023-05-22,545.8504028320312,548.8295394629752,542.3510472602424,546.1813987715346,21484049
2023-05-23,550.0589599609375,552.0451085306911,545.5192825124204,547.5054310821739,16120548
2023-05-24,551.0994262695312,553.5111248798963,546.8907440611705,548.3566739831462,17616658
2023-05-25,549.7279663085938,551.2885074965544,545.7084499957997,550.4372927167339,16479436
2023-05-26,554.2203979492188,555.875492994289,549.0659475495447,549.7279971125996,9788076
2023-05-29,562.7322998046875,564.056398894281,556.1591966905138,558.0034569491859,18432231
2023-05-30,560.6515502929688,563.2051367653941,559.4220627988759,562.7322525195793,15031640
2023-05-31,559.060791015625,563.8333319426182,556.7950683886402,562.8691846380491,28797643
2023-06-01,561.8568115234375,565.3759725346222,560.169553831175,560.9408598639765,17820226
2023-06-02,566.1472778320312,567.7863399289043,562.0978476064854,563.7369097033585,11323908
2023-06-05,566.1472778320312,568.6540371470996,564.9902893608927,567.4006574895654,12920507
2023-06-06,564.3635864257812,567.7863563449595,562.0978638580726,566.9186002547972,11199940
2023-06-07,568.0755615234375,569.4253323416787,564.9902786080794,566.9185730743186,11113781
2023-06-08,567.400634765625,572.6552488450642,565.3276947192347,568.7986599936411,15971917
2023-06-09,557.9520263671875,567.9791224774418,556.0719274568654,566.9185840392489,18870272
2023-06-12,557.9038696289062,560.651665949061,556.9879179065606,559.2054449706885,8786066
2023-06-13,555.7344970703125,560.5552333084419,553.6615569491656,558.6751344061959,12612098
2023-06-14,555.8790893554688,557.8073838698208,554.6257096905156,556.3129673905737,8948696
2023-06-15,546.1893920898438,556.0237053584534,544.9842080825846,555.3487905450132,17934877
2023-06-16,550.7691040039062,554.0954237099354,546.7196738768654,548.3587359338673,12660226
2023-06-19,548.4551391601562,552.215336970729,545.6109518525627,550.7691160969515,17903691
2023-06-20,547.0571899414062,549.0336800950572,542.3810403275806,548.4551564192141,14549152
2023-06-21,546.0447998046875,549.0818873383756,545.3699437722066,547.057201547171,14946871
2023-06-22,542.7667236328125,548.5998029137497,540.9348202600779,546.0447890802325,14979063
2023-06-23,534.716064453125,541.9471691410787,533.9447583891194,541.8507779506582,12215712
2023-06-26,537.0782470703125,538.4762724386792,534.6196832000852,536.065904164558,8360264
2023-06-27,545.8037109375,547.587418580515,535.7284196908937,538.2351788930695,10694768
2023-06-28,549.37109375,553.4205239875774,548.1659096820828,551.7332662924933,18028934
2023-06-30,552.3117065429688,553.4204993748917,549.7567517407397,553.4204993748917,8718232
2023-07-03,564.4600219726562,565.3277191936658,553.3241329514472,553.9025977654534,15421985
2023-07-04,568.123779296875,574.5835777803604,561.3747484015366,567.1114364319501,24799250
2023-07-05,569.4253540039062,572.4142458484074,567.1114358645187,568.6540479574438,13598114
2023-07-06,571.2572631835938,572.2214104632285,567.9791388940837,569.2325774351127,11323509
2023-07-07,572.3177490234375,574.1496522250379,564.5081803152976,568.8468426746808,11707209
2023-07-10,571.3536376953125,578.2955096754295,569.0879151930579,573.3301866383733,11417363
2023-07-11,567.4488525390625,574.5835657318489,566.2918640690325,573.6676140744553,13221177
2023-07-12,568.123779296875,573.1855524683788,567.1114364319501,567.8827424791843,16029716
2023-07-13,564.65283203125,576.5600264296337,562.4352463905591,573.571193644083,20024503
2023-07-14,563.4476318359375,570.100212026189,559.8802755239558,565.7133541553305,12190152
2023-07-17,579.5489501953125,581.2362080626135,563.2548952420794,565.9544960603841,19378986
2023-07-18,571.1126098632812,582.3931446524997,567.6417032420812,581.4289973858464,25757209
2023-07-19,579.8864135742188,580.8023652915784,570.7752096906919,573.3302236106615,17556585
2023-07-20,588.1780395507812,588.9011500146614,577.2831869976956,579.8382008421577,34038351
2023-07-21,593.0469360351562,597.2892073744681,587.1656614867653,588.1298087141655,21040281
2023-07-24,595.5055541992188,599.6031798857839,592.2756257028592,592.9987361181354,11756364
2023-07-25,587.744140625,599.5067488556581,582.537780778133,599.5067488556581,18503305
2023-07-26,593.09521484375,594.2521444866661,587.310331241653,590.0581274138974,9999125
2023-07-27,594.4450073242188,598.9765114133418,591.118687362688,594.3004205370364,17444742
2023-07-28,593.962890625,597.6748927770809,591.6007181367443,594.3003774643948,11930586
2023-07-31,597.9641723632812,598.7354784405272,592.4685209367213,594.5414611882713,8605483
2023-08-01,589.9135131835938,598.5908390485952,588.7083290356769,597.9641785998077,13493453
2023-08-02,576.993896484375,588.6118583315358,572.7998209080405,587.9851391205248,14977497
2023-08-03,569.3289184570312,579.3078183831929,564.0261088863052,577.2349372227612,27774877
2023-08-04,552.74560546875,577.2349691049168,550.9137610058102,573.4747712992396,52725616
2023-08-07,547.5392456054688,556.3129620223561,546.3340615456283,556.3129620223561,32736325
2023-08-08,552.5527954101562,553.6615883465553,548.0695457625836,550.5281096140759,25038671
2023-08-09,553.1795043945312,554.3846884999659,547.9730855203012,554.3846884999659,15769111
2023-08-10,553.0830688476562,556.8914032378979,549.6602991852233,553.1794600296084,27325801
2023-08-11,553.565185546875,558.241276326227,551.492245351644,554.8185652442073,18221179
2023-08-14,540.6937866210938,552.456395288408,538.5726508209419,552.4081996934482,28084093
2023-08-16,545.0806274414062,546.0930291373386,534.1375796285616,538.7654746862926,15725767
2023-08-17,551.6368408203125,552.6009880147222,543.7790176471228,545.4662752373399,27910162
2023-08-18,552.408203125,554.6257301288466,547.0571974198606,549.5639568421426,18253227
2023-08-21,551.2030029296875,554.9149463595685,550.2870512589609,552.4081870104123,9380810
2023-08-22,548.11767578125,553.8543633129792,547.1535285942997,551.9742645290513,14073413
2023-08-23,556.216552734375,557.2288955423189,545.7073245358355,550.5280606183076,18579297
2023-08-24,556.2647705078125,561.1337023758908,554.9149408121432,557.4217589831178,24131644
2023-08-25,549.5157470703125,554.6739114144629,546.8643420837741,553.2276905127146,12271885
2023-08-28,552.3117065429688,554.1918053746803,548.7926045292852,552.2635109517712,9711932
2023-08-29,554.239990234375,555.6380154332899,551.3475486560166,553.0830606805313,13144855
2023-08-30,547.0571899414062,556.9878951511408,545.8037514005196,556.0237478716156,15281416
2023-08-31,541.2239990234375,549.8531281027466,539.3439590892751,548.888980917279,27898476
2023-09-01,549.1300659179688,550.7209324523909,541.9471569863232,542.5256806565127,18121168
2023-09-04,554.9149780273438,555.6862841136486,548.069555596925,551.4922668121344,12108655
2023-09-05,552.4563598632812,557.5181327939658,550.8654934034583,554.9631191092507,14444729
2023-09-06,550.0460205078125,553.6615727898534,547.6356523197853,553.6615727898534,20609936
2023-09-07,558.2894897460938,560.1695887755602,547.635673708293,547.635673708293,12390597
2023-09-08,562.53173828125,567.4006702412167,558.9161860069856,560.169565692688,14032068
2023-09-11,570.4859619140625,571.0644267479431,564.3635913289041,565.9544578923964,10946134
2023-09-12,567.2560424804688,572.9445351099214,563.6887445349923,572.3660702665688,16093060
2023-09-13,575.0656127929688,576.5600291929064,562.5316991148621,567.3042395539778,19377172
2023-09-14,575.8851318359375,582.0556976801864,573.8604461806968,576.9939246952075,13178911
2023-09-15,577.3313598632812,579.163263171742,573.8604533120565,577.8616290798742,11756389
2023-09-18,582.2967529296875,586.587220031729,575.6441132571398,577.331370972233,19305055
2023-09-20,579.5489501953125,585.0446018753269,577.9099467731562,579.3079133571266,21314600
2023-09-21,567.063232421875,584.8517022259392,563.6887170242877,578.4883538720975,23453425
2023-09-22,576.7047119140625,580.4166553572468,570.1967178548243,572.2214035789467,18784139
2023-09-25,572.7516479492188,579.9345565537149,569.2807414736828,579.9345565537149,9712784
2023-09-26,573.089111328125,573.6675761014103,570.0520241511914,572.7034289146853,8327427
2023-09-27,568.6058349609375,572.9926931348808,567.1114185078637,572.1731915193855,9865347
2023-09-28,568.7987060546875,573.8604793320803,567.738108726534,570.052085763523,21960816
2023-09-29,577.09033203125,578.488357330842,570.1002643801689,571.5946808672312,12189735
2023-10-03,581.3325805664062,583.2126794228604,568.4611798159711,575.2102103849722,15322196
2023-10-04,565.2313232421875,578.9222259114165,563.4958699679197,578.48834788113,24914612
2023-10-05,570.9197998046875,573.0408766109746,566.0508092666732,568.8468597431443,13248028
2023-10-06,572.9445190429688,577.4760230117589,570.9680288955789,572.1250173967202,8216780
2023-10-09,564.12255859375,567.8827565818558,560.6998474669198,566.9186092871498,9189597
2023-10-10,570.437744140625,573.6676138901629,564.749251825484,565.9544358882783,10373508
2023-10-11,567.2560424804688,575.5959401945697,566.5329320028374,575.4995490029714,14220119
2023-10-12,565.0384521484375,571.7392869264786,564.0261093625463,569.6181513270222,11983797
2023-10-13,555.4934692382812,560.4587923356951,554.1918351248179,557.0360813206687,19064577
2023-10-16,555.0113525390625,558.0001852843412,551.0101181684682,555.3487805162515,11290293
2023-10-17,555.7826538085938,559.1571689393722,554.6738610125884,556.9878377838718,10765224
2023-10-18,552.1189575195312,558.4823059606506,548.9372244520923,557.0360850561344,11777454
2023-10-19,550.720947265625,553.420547925152,546.6715168528941,549.371117512421,11441499
2023-10-20,542.9113159179688,549.5639557633297,541.9471686271559,549.4675645730006,11110988
2023-10-23,533.125244140625,545.7073542311729,531.2451451967778,542.9113036124381,11875035
2023-10-25,536.2587280273438,540.6937819693302,533.7519097953203,538.5726461874272,12134624
2023-10-26,527.3885498046875,533.0770421621733,523.7248019958954,531.6790168695493,19424825
2023-10-27,541.03125,542.3328252418293,530.2809846808998,530.2809846808998,10415296
2023-10-30,544.9360961914062,546.3823172222503,536.548002443134,542.8149602434581,8593704
2023-10-31,545.2734985351562,549.0818921729843,542.95958030296,546.6715239018123,13039696
2023-11-01,546.0930786132812,549.2265574780274,543.6344558111273,545.948432973078,13575575
2023-11-02,551.588623046875,554.8185516709641,547.2499603836425,550.6244757883788,11148516
2023-11-03,557.4217529296875,558.7233281709723,552.8902491112981,555.3488128153236,11371371
2023-11-06,553.7579956054688,561.6158198859742,552.697457080918,561.1337462208361,16499138
2023-11-07,558.96435546875,560.3623807188147,552.0706792493585,554.1918149204695,17923281
2023-11-08,559.49462890625,561.7121557781876,558.2412492696659,561.0372997909418,15434808
2023-11-09,557.6145629882812,560.9890785114845,555.8309140361974,560.1695768517445,12434363
2023-11-10,558.7233276367188,560.1695485020424,554.7703474769183,557.0842655533097,6773038
2023-11-13,560.5069580078125,561.6157508400668,554.5774879637208,560.1695300224528,11282362
2023-11-15,563.7369384765625,566.9186127994279,561.7121938370072,566.1955023239185,11397676
2023-11-16,563.688720703125,566.9185904945721,562.0014629933197,563.7369162968865,8622660
2023-11-17,542.8630981445312,553.902595942704,541.9471464863035,553.902595942704,37173221
2023-11-20,543.5380249023438,546.4786623142577,540.5009374550467,543.7790617204822,12714585
2023-11-21,541.3687133789062,546.3340955532802,540.8866397249625,545.7073762644006,14280013
2023-11-22,538.9100952148438,544.2611004650989,535.246347583391,542.7666840578206,14909071
2023-11-23,539.874267578125,543.2969785663546,538.2834010675289,541.6097208689436,6376210
2023-11-24,540.2598876953125,542.2846322273022,539.1993492596594,541.802558602573,6529851
2023-11-28,544.212890625,544.9360010141252,540.9829622454496,543.3933302092003,8153314
2023-11-29,548.214111328125,548.5997937728681,544.8395959006997,547.6356465078894,10299034
2023-11-30,544.502197265625,549.7568119125536,543.4416587556975,549.3229338505354,19758998
2023-12-01,551.2511596679688,553.6133320690648,546.2375824761655,546.6714604840198,10614230
2023-12-04,573.37841796875,574.6317977044337,563.5922992174134,566.9186192117567,26077882
2023-12-05,586.4425659179688,589.3832032666363,573.7158104246026,573.7158104246026,36430152
2023-12-06,586.6353759765625,591.9863811705368,582.875178355459,591.9863811705368,21439069
2023-12-07,589.7689208984375,590.5884225726319,583.3091221564198,588.1298587031671,10725706
2023-12-08,592.131103515625,594.6860586201612,583.6465599734173,588.1298685759048,17722136
2023-12-11,592.2274780273438,597.6749338019196,591.1186850954592,592.9505885011256,11706255
2023-12-12,590.4437866210938,595.7947919730558,588.9011157464561,594.8788403360642,14494836
2023-12-13,597.626708984375,598.2534282981387,589.7207478232926,592.4203486231903,13977914
2023-12-14,601.2904663085938,605.2434465626046,600.0852822254344,603.5561888461816,15813797
2023-12-15,625.0084228515625,626.6956804527815,597.6266188130294,605.4844420374566,29813572
2023-12-18,625.24951171875,632.1431883165444,619.3682368434937,623.4658627876797,16221796
2023-12-19,631.902099609375,635.9514707795048,617.2952459631028,625.2494603780901,19964008
2023-12-20,613.6315307617188,636.7228692336894,611.2211626299238,635.0838071346933,22542056
2023-12-21,620.6697998046875,625.6833773355924,605.002406799909,609.4857151061817,19915516
2023-12-22,613.9207763671875,626.1172629150401,612.3781642684246,621.6339545547611,14998068
2023-12-26,615.1741333007812,618.3076118235898,612.8602152382182,615.9454393216356,10153089
2023-12-27,625.2977294921875,626.1654856146044,616.0901344015717,617.777392203141,14417646
2023-12-28,628.0455322265625,629.8773766643785,623.3211872377498,626.9367393678991,16982092
2023-12-29,619.03076171875,626.3100620587661,616.6203934706069,622.3570816705638,13221898
