Price,Close,High,Low,Open,Volume
Ticker,TCS.NS,TCS.NS,TCS.NS,TCS.NS,TCS.NS
Date,,,,,
2014-01-01,811.1531982421875,822.906293307522,810.3244714560556,821.2488397352582,529952
2014-01-02,816.3140869140625,824.6015395730885,812.2268291562452,815.9373845204705,1726948
2014-01-03,837.10791015625,839.7072114478647,808.8740885513513,815.4475259011783,2618174
2014-01-06,843.6626586914062,845.3201123203802,827.6151010552029,839.6695768102172,2311810
2014-01-07,831.06201171875,850.0101619438291,828.3686261881127,843.8134254940303,2897486
2014-01-08,841.0446166992188,845.3202259305534,832.5123437194844,833.2657485554297,2550020
2014-01-09,844.5478515625,849.6521870185071,837.0703647739618,839.5753987220118,2582206
2014-01-10,859.2205200195312,870.1072752276093,841.9299155874307,851.3474761644713,3369334
2014-01-13,892.313720703125,898.0584317282321,860.7648978603231,860.7648978603231,3814316
2014-01-14,876.4921875,898.3597771773805,873.9494466530568,893.5379687332115,2974964
2014-01-15,886.6068115234375,895.8736354461383,876.5864908271965,882.4065245535418,3048854
2014-01-16,885.3636474609375,896.5893971000688,875.8330585803487,896.5516900736473,2997962
2014-01-17,833.6614379882812,865.6622951259138,831.0245206402041,865.6622951259138,7564756
2014-01-20,880.8054809570312,885.2505874066162,834.5841176167481,835.8837224258658,6010558
2014-01-21,858.99462890625,881.2012202962513,857.0357945285061,879.2235324020309,3132282
2014-01-22,856.6403198242188,865.2291550304615,852.8921484246919,861.556305735614,2384030
2014-01-23,848.5032348632812,857.6382673352479,842.7962307454554,854.3986821344482,2290762
2014-01-24,847.0906372070312,860.1057230401138,841.9298329112687,845.3201543860793,1850266
2014-01-27,841.3922729492188,852.6757075079151,837.8072235040648,840.0336910434252,2532948
2014-01-28,834.8826293945312,848.2793939368631,828.750307596985,842.2979847460533,2852166
2014-01-29,833.920166015625,845.3168298487484,832.1087543823617,845.3168298487484,1698076
2014-01-30,836.8639526367188,840.4112285581546,826.4484016804483,829.4862783870482,2225250
2014-01-31,845.7131958007812,856.5626877128368,838.1468360582747,839.6941048012355,2174246
2014-02-03,828.1275634765625,846.9207891206588,826.7501865474405,838.5242256549421,1362480
2014-02-04,811.8626708984375,820.787519022507,797.0318710937938,820.4101454505427,2694166
2014-02-05,828.1087646484375,830.2220941045109,807.5796733562062,816.5611853461495,1853650
2014-02-06,820.8818359375,826.4103217355658,809.4662857537927,822.6743603465119,1922652
2014-02-07,809.239990234375,828.335133117215,804.1832203520662,826.4482649324378,1990912
2014-02-10,790.0508422851562,809.0893297762461,786.8620524855787,809.0893297762461,4019270
2014-02-11,793.126220703125,802.4851061088825,790.9752092190067,792.4847038930887,3568786
2014-02-12,794.5413818359375,801.3907692840662,790.5978453773299,799.277439861186,3074348
2014-02-13,805.2212524414062,806.9760035551566,791.1640800203437,795.1265044611802,2094350
2014-02-14,818.1083984375,824.4671820659169,803.0889990474201,806.7871875612086,1910062
2014-02-17,817.1649169921875,824.9388515310596,810.2967345504455,815.1271360050727,1670394
2014-02-18,817.3916015625,826.8259459942001,813.5612945761377,817.0142277852319,1526916
2014-02-19,829.4483032226562,835.8825416650793,815.9760838443872,818.900729306195,1072918
2014-02-20,826.2030029296875,838.5242152340353,823.7311871991078,832.4862370865355,1587924
2014-02-21,832.373046875,835.127892964639,826.7313291966935,829.4672881772601,1717860
2014-02-24,821.8818359375,832.2030396120116,818.9383958879286,831.7313226640397,2450424
2014-02-25,826.0331420898438,830.0333396155853,822.6745534721418,826.0709163075772,3305374
2014-02-26,823.48583984375,828.3351279009846,821.5989716708548,827.9577542664056,3859712
2014-02-28,858.8079223632812,860.4117600739454,815.1834997803277,815.5043041753491,3988192
2014-03-03,845.3358154296875,867.5819724159954,840.788444777224,857.3174281413917,1606078
2014-03-04,845.562255859375,850.6002310818111,839.2790212626211,842.7508405140578,2030332
2014-03-05,849.8078002929688,862.7706237731443,846.2794114685342,850.9211264165415,2302006
2014-03-06,845.5999145507812,852.8643565256123,842.3544646597834,850.1661720735665,1314562
2014-03-07,840.9771118164062,849.1095317504332,812.4099472208637,847.3924633537089,4698472
2014-03-10,808.5794677734375,840.9770266071306,805.6925967270467,840.8261140273773,3829768
2014-03-11,811.9758911132812,821.7876049733981,800.7868004295395,813.240129559688,2550254
2014-03-12,822.4672241210938,826.3541922817641,812.4857065795812,812.4857065795812,1669788
2014-03-13,811.1837158203125,830.9769494365247,806.3910878989693,810.6176552280532,2019884
2014-03-14,807.4097290039062,815.3156877392925,801.6547814278711,807.9569023141981,2161246
2014-03-18,800.7869873046875,812.0327419336256,794.0886041639437,805.8815322286334,2565842
2014-03-19,769.6157836914062,783.0502755919533,759.6719978386787,783.0502755919533,8652662
2014-03-20,795.5789184570312,801.1262913464911,759.0491855946943,769.0873130483451,5728956
2014-03-21,802.6737670898438,809.4664929044263,786.8240735224844,801.9190197771123,4680776
2014-03-24,812.3345947265625,814.3534885713567,802.3529875004863,806.4286415420215,2183014
2014-03-25,810.0891723632812,819.6556319928923,803.8059374515932,809.0891689653596,2249968
2014-03-26,790.0316162109375,814.5608997331304,787.7862617611202,810.6173641163921,3192350
2014-03-27,790.3148803710938,798.145384736714,779.2955866300207,792.8432657639039,5012476
2014-03-28,793.2769775390625,801.1074787137155,784.9558723222052,791.3523355781897,2971162
2014-03-31,804.9948120117188,809.4478408765392,785.6921807356025,793.9944035867953,2683268
2014-04-01,821.4290161132812,824.5612351124631,809.4285183840568,809.4662925932419,2755932
2014-04-02,819.7498168945312,830.9766816903017,815.5232509272752,826.4481984113355,3763016
2014-04-03,817.5801391601562,823.4294316397235,810.447812925069,819.9764990611383,1581194
2014-04-04,807.1456909179688,825.3161958250055,803.8058971683867,819.655590915369,1694656
2014-04-07,812.787353515625,817.3724063281286,800.2962493438287,803.8436167922839,2594986
2014-04-09,807.7303466796875,815.8816525870991,794.3713592487713,812.1079169137083,3350500
2014-04-10,802.35302734375,810.8439352968223,798.2208038997044,807.7306023806958,2152886
2014-04-11,816.6744995117188,820.750061957994,792.4848073487893,799.2775342689218,2340742
2014-04-15,850.1286010742188,852.1098129954881,820.4293093665923,823.0520381502035,3597244
2014-04-16,828.8260498046875,854.3742362338116,824.2597902227913,854.3742362338116,3475910
2014-04-17,838.8636474609375,840.4109159057476,808.5983064551217,837.7693009927075,7681438
2014-04-21,838.429931640625,846.4113477208664,834.486395308147,837.7695277336278,1842594
2014-04-22,838.1656494140625,849.0528224519609,837.7316144964316,843.0337319820497,1486274
2014-04-23,835.4109497070312,846.7887288377218,830.6372097044593,842.0715580319227,1938992
2014-04-24,835.4109497070312,835.4109497070311,835.4109497070311,835.4109497070311,0
2014-04-25,832.2033081054688,843.4301750893198,827.6559368334597,840.4111856482842,3160448
2014-04-28,826.9578247070312,838.7884339263858,822.7123709395551,832.2032818423935,2550766
2014-04-29,828.0521850585938,832.618443371767,821.5047149548053,824.9388522447697,1846180
2014-04-30,826.1463012695312,832.3352838478892,823.0518560464675,824.5991247241145,2397378
2014-05-02,833.4110107421875,837.7319216027834,823.1464635260453,823.1464635260453,1917778
2014-05-05,835.39208984375,841.1659255248107,831.7881528041282,834.2977430340093,1314478
2014-05-06,829.80712890625,838.3735870145973,826.4485392753435,835.3922790136509,961232
2014-05-07,817.2214965820312,831.3541208361626,807.6173559638663,826.8445243084599,4716182
2014-05-08,815.9008178710938,823.3539483671653,810.4665813692915,817.0518260703548,2606900
2014-05-09,815.0892944335938,824.4481792038094,812.1080795076269,812.1080795076269,1799440
2014-05-12,814.8818359375,817.6554770127406,801.2208359683129,812.4854763837046,2886064
2014-05-13,834.3543090820312,844.9396591019639,817.3159244930115,817.3159244930115,2547484
2014-05-14,836.298095703125,844.4493143153564,830.6374888339615,835.6564865521345,1389228
2014-05-15,827.6370849609375,839.656474037703,819.3348636446096,836.2978849944523,2520196
2014-05-16,815.41015625,850.373789871041,792.5790492486694,830.2409598855775,5241798
2014-05-19,768.5969848632812,815.1271798035151,754.5587018597818,811.3534428599803,6516606
2014-05-20,780.4840087890625,815.1269213738972,765.313609512159,765.313609512159,4702114
2014-05-21,786.0127563476562,788.3335674794411,775.8047805251723,777.8425614149229,4116946
2014-05-22,796.9942626953125,801.5416336099903,783.0880989546332,791.2582016345325,4216842
2014-05-23,803.0133056640625,810.9759260627558,790.9751237913151,799.6547172298648,3094780
2014-05-26,812.86279296875,818.749858405818,805.1644078269532,810.9759248327965,2650850
2014-05-27,804.353271484375,824.4107418373974,799.2776129072384,815.1838798239456,1795094
2014-05-28,811.5608520507812,814.6552972897786,800.9566165394789,807.5795419572096,1887488
2014-05-29,815.1079711914062,822.6743292052643,805.7679759401079,809.4662551125192,2820710
2014-05-30,808.0889282226562,817.7685234073313,803.8622705472632,814.6740785703047,2585648
2014-06-02,803.7490844726562,814.2777695619694,798.5413111070616,809.0888833001331,1095158
2014-06-03,803.2775268554688,806.8248020414862,794.4469288409704,803.7492438819196,2484628
2014-06-04,788.4278564453125,805.6549258012155,783.8050294780012,803.8058318671847,2141062
2014-06-05,794.0507202148438,798.6735473773939,780.408699767642,786.1070786739663,4348470
2014-06-06,794.0890502929688,803.0615036494657,783.3259385401673,800.1468352764876,3361586
2014-06-09,805.34716796875,806.9473282032773,792.4695196708294,795.1364844004909,2666196
2014-06-10,822.244140625,823.3109449928937,805.8042472088113,805.8042472088113,2628068
2014-06-11,840.8368530273438,843.5228862412743,814.643448136157,824.8541322097374,3544562
2014-06-12,852.4191284179688,858.7626574253295,832.0168292889108,856.8576825863203,2734338
2014-06-13,843.3516235351562,853.0479290924009,832.4932644555969,852.6669340369778,1904022
2014-06-16,864.763427734375,867.5065732151155,841.9989757871874,841.9989757871874,2439906
2014-06-17,868.611572265625,875.1455999432872,865.2397289818045,870.5355227892813,1918144
2014-06-18,848.4950561523438,873.6216614355387,846.3043345852899,873.6216614355387,1948824
2014-06-19,867.16357421875,872.097440216092,842.0369758791395,849.6187381746986,1896354
2014-06-20,873.3929443359375,875.9075486678445,861.8107329650562,870.5354816934804,1155674
2014-06-23,864.420654296875,876.2504761575105,858.7819089673138,873.6216475254514,1262734
2014-06-24,879.736572265625,883.7179516337137,859.1437727674172,864.4777030639777,1479100
2014-06-25,880.3079223632812,883.9083061276436,873.6214422201238,880.0983565322659,1028422
2014-06-26,879.2029418945312,893.109257296429,872.9165253429885,874.764388020737,2036182
2014-06-27,914.217041015625,917.0172998959241,882.0038785958102,882.7658689876856,3058836
2014-06-30,924.065185546875,927.7227745545345,905.4727049709379,914.5975161214996,2146470
2014-07-01,910.863525390625,921.6266309400489,907.6441372012314,921.5884942448465,1092790
2014-07-02,914.997802734375,918.8648655112141,908.1017547200078,914.3881734122168,907740
2014-07-03,921.2079467773438,931.5329504283138,911.3402116255733,914.007177127822,1526762
2014-07-04,918.388671875,924.1035982712352,914.7692184907178,919.1125253453044,536136
2014-07-07,948.1249389648438,951.7253224018874,918.3501297740526,922.0267866091475,2204902
2014-07-08,933.2279663085938,947.2104609414675,927.0558673525835,946.7532856514548,2500588
2014-07-09,913.6829833984375,942.0671065913448,907.3775915183227,941.0575072010874,1554242
2014-07-10,896.0242309570312,921.8557155002608,889.6234951296968,914.216745686129,1990562
2014-07-11,912.2734375,918.1979282126932,899.5673103613098,903.3391235652679,1329446
2014-07-14,924.388916015625,929.2466012002511,908.768124441533,921.5505224914049,1587924
2014-07-15,914.121337890625,925.8178659893587,912.0067970008342,924.3700663610829,1389656
2014-07-16,915.0929565429688,923.5319593111511,909.378031052182,918.0646433850857,1407240
2014-07-17,907.5110473632812,925.7416958364344,904.8631506415181,918.1979760193931,1790220
2014-07-18,930.0851440429688,946.7727466720937,927.7229932179268,934.1999093923436,3507488
2014-07-21,938.6763305664062,941.0004370236627,930.7897535156019,940.2955591427259,981072
2014-07-22,964.8316650390625,967.7272641383013,937.9715185344364,939.1526401972097,2399016
2014-07-23,985.3102416992188,989.1773969931708,964.793715516857,967.7273585912034,2065858
2014-07-24,988.7582397460938,991.3490244393688,978.0141989761183,988.6439226388509,1481418
2014-07-25,992.7774658203125,996.0540591838275,978.0139133687968,988.300775722111,1806914
2014-07-28,1003.8463134765625,1007.858850494582,990.5485198957209,999.1358204759308,1314922
2014-07-30,1006.0755004882812,1011.8714502096794,997.371874185821,1002.1016758274961,1899252
2014-07-31,1000.2601318359375,1007.2191520819918,996.0730586938635,998.3410842523411,2407210
2014-08-01,975.5836181640625,1003.3228719490209,973.1024386509823,998.3023026001114,2381882
2014-08-04,979.3251953125,985.4700303671598,964.5735590503679,981.6319338888792,1828636
2014-08-05,978.4136962890625,986.6715161203725,965.3873629257289,986.632709241688,1404656
2014-08-06,971.8040771484375,982.7370218550141,965.4459926199237,975.4871358493266,1837562
2014-08-07,957.5176391601562,967.287416986703,953.3499679246424,965.3489652492547,1672656
2014-08-08,960.9677124023438,972.2107285836659,955.656375412388,955.656375412388,1464790
2014-08-11,956.9744262695312,967.5002717090601,951.7794155886031,965.6974555366367,1290896
2014-08-12,958.273193359375,965.309732199511,946.0415493657788,965.309732199511,984552
2014-08-13,969.2451782226562,980.8564840742933,957.5950654796461,957.5950654796461,2768378
2014-08-14,969.128662109375,981.6316721515901,965.3680857710509,974.6532479419816,1578056
2014-08-18,964.4185180664062,971.1642920550269,957.595130289787,965.7560307959305,1373260
2014-08-19,945.382568359375,971.1251602054058,944.0256526368989,969.225516054311,3234156
2014-08-20,944.4905395507812,951.7985353076042,942.1062834555297,947.7083860958494,2056758
2014-08-21,943.0369262695312,953.717809283356,942.0871042920955,948.6778371204765,2265450
2014-08-22,955.346435546875,956.8971967748225,944.3360686888292,947.5151102759309,3096238
2014-08-25,977.7745971679688,980.2751813303503,956.3934147098449,957.5952928162804,3143512
2014-08-26,982.32958984375,988.6101530624289,969.2256402572832,980.4686576842678,1815490
2014-08-27,988.5906982421875,995.3558739294076,974.6726566317927,982.4070579088993,1435460
2014-08-28,977.890625,988.3388592160481,974.2656829868444,987.4471526333039,1766288
2014-09-01,983.6282958984375,992.4870561151545,978.1619200752432,979.0729353869715,810148
2014-09-02,983.919189453125,990.4712124132067,974.6922358937502,986.9819996602134,1407940
2014-09-03,1010.4755249023438,1014.197388039919,984.3452477956248,984.3452477956248,3061690
2014-09-04,1002.0827026367188,1018.6370628157567,999.2525439524871,1016.5241691898545,1701598
2014-09-05,1007.4515991210938,1016.4459911126577,1001.4229987325864,1007.9555205640845,1467060
2014-09-08,1024.5491943359375,1027.3793526148415,1007.6265496523062,1012.6471203886664,1697342
2014-09-09,1020.1101684570312,1033.9700975866613,1017.7259108167929,1028.1547427070961,1418098
2014-09-10,1008.0528564453125,1024.568500442808,1004.5830473255681,1022.7269715894911,1258768
2014-09-11,1007.355224609375,1017.4544821634963,1004.6995079415817,1011.8717791732696,1075622
2014-09-12,1010.9412231445312,1017.4350354061932,1005.3584262603545,1011.8716419664199,1196210
2014-09-15,991.8280639648438,1015.2058068193539,990.160976827779,1013.4223936678991,1151544
2014-09-16,988.9396362304688,998.3023171895628,986.2839203612613,994.8131052071527,1535608
2014-09-17,1004.5830078125,1009.8362298965804,992.8747805989606,992.8747805989606,1657700
2014-09-18,1024.3936767578125,1028.0767330910685,1000.6282522246197,1004.7765177961045,1483078
2014-09-19,1052.268798828125,1062.2712256494638,1024.2775832722202,1024.6652735005594,3587864
2014-09-22,1055.2149658203125,1059.9447662567486,1037.555662287719,1052.1909640163922,999584
2014-09-23,1042.1888427734375,1078.7286464396702,1040.2891985333915,1056.068171743424,2055990
2014-09-24,1024.665283203125,1049.4580546099942,1020.6914583250199,1044.0497948036382,2442132
2014-09-25,1050.097412109375,1056.4554917036717,1031.255635938263,1031.6239225923466,2473158
2014-09-26,1040.5609130859375,1056.4174107491037,1035.1720550104465,1050.6408623185137,1612712
2014-09-29,1073.10693359375,1076.0146097237123,1037.1874789953138,1044.9799942330635,2089534
2014-09-30,1060.9532470703125,1076.480166902014,1049.9233829983084,1075.045731811127,2788954
2014-10-01,1076.0732421875,1086.3082283198542,1061.108358640771,1066.9237131820978,2142022
2014-10-07,1058.9178466796875,1100.9240302411713,1056.688627648545,1062.1162913765443,3457674
2014-10-08,1040.2510986328125,1062.2525338302264,1027.0890254933697,1061.4965563087087,1962442
2014-10-09,1049.109130859375,1055.7967871040041,1041.5297681852758,1049.8651078524945,1685176
2014-10-10,1038.4283447265625,1057.405763718482,1034.551442188849,1049.0898267052746,2344362
2014-10-13,1053.1796875,1056.378131211951,1035.1326922314743,1039.009593700506,2209532
2014-10-14,1046.4532470703125,1060.6039377227346,1038.5444057715172,1058.394122770211,2369406
2014-10-15,1046.4532470703125,1046.4532470703125,1046.4532470703125,1046.4532470703125,0
2014-10-16,1038.2733154296875,1069.4823811271333,1032.9037675083216,1058.3944019133783,3848014
2014-10-17,946.41015625,973.6260915560197,942.0874471819542,959.533511018657,9892812
2014-10-20,939.489990234375,966.7446392073531,937.4158091203797,965.3489161669692,3399242
2014-10-21,943.4052734375,947.4179047769255,936.2718117795499,940.4782882145819,1950732
2014-10-22,950.5585327148438,964.9611899964333,947.9416230995462,963.4104287429236,2067664
2014-10-27,952.6132202148438,976.8632683628707,947.88341729919,976.5919040723987,2797208
2014-10-28,960.9290771484375,963.3714499661821,951.1786107161029,963.3714499661821,2289958
2014-10-29,973.5345458984375,976.6228928800332,960.6954709993325,961.4724184081472,2425016
2014-10-30,993.7939453125,1000.2814406914368,974.6810477604998,979.6535328155745,4111292
2014-10-31,1013.0814208984375,1017.8013395552828,994.8813857256027,994.8813857256027,3170070
2014-11-03,1006.28369140625,1029.0676541935522,1002.4571844645005,1029.0676541935522,2541632
2014-11-05,1009.8382568359375,1024.7945072256985,1006.1477534930094,1024.7945072256985,2310642
2014-11-07,999.4850463867188,1016.1310950110606,993.327697536266,1011.8967677140378,2126740
2014-11-10,998.2420654296875,1003.0397567344013,990.9970640702779,1000.3593243686514,1541964
2014-11-11,1002.5347290039062,1007.7014516372709,992.7063188533297,1001.4858682809886,1249940
2014-11-12,1006.8272705078125,1014.3053933812668,1000.3203324231183,1002.262702000639,1320582
2014-11-13,1005.5453491210938,1011.935726453543,996.4938873677737,1008.0898723917312,1645540
2014-11-14,1012.5376586914062,1014.363466838382,1000.3201749406777,1004.2825892865559,1457174
2014-11-17,1017.1411743164062,1019.7439303320407,1007.021410820279,1008.1285993101131,1570552
2014-11-18,1004.5354614257812,1020.3851236567772,1002.16573225261,1017.8018096721925,1467026
2014-11-19,999.834716796875,1009.2552090289582,993.5025731528367,1009.2552090289582,1865746
2014-11-20,1012.1493530273438,1014.0140468065129,994.706912005678,1005.3705021110067,1795386
2014-11-21,1018.63671875,1025.5710152559616,1004.8458963857627,1013.1398514346772,2001594
2014-11-24,1032.447021484375,1035.2828998031314,1018.578522808184,1018.578522808184,1942766
2014-11-25,1024.0169677734375,1040.8766932664992,1016.2474915384342,1033.3403392554414,2371684
2014-11-26,1020.6372680664062,1031.9224513047493,1015.8590211971077,1021.7055710523688,1584800
2014-11-27,1030.7379150390625,1036.4484629391263,1019.8606448133146,1020.6375926865824,1732418
2014-11-28,1026.7364501953125,1045.732784719459,1023.7646629926024,1032.699562105161,1989768
2014-12-01,1046.1407470703125,1048.8795069736398,1027.6105614155633,1029.6500493457897,1896354
2014-12-02,1032.29150390625,1053.1330864739682,1029.203155996568,1046.1600003528017,1436572
2014-12-03,1023.7650146484375,1038.546374775091,1017.2191896784572,1037.9636637632454,3094670
2014-12-04,1024.7744140625,1036.0595966161357,1021.647181088519,1034.8941752476135,1285308
2014-12-05,1001.8543090820312,1029.3777108462039,999.2126687441373,1025.920237736739,2359676
2014-12-08,976.1572875976562,1008.0898249334534,971.8257464734111,1008.0898249334534,3232574
2014-12-09,976.9532470703125,994.1043251774178,974.7195230102225,977.3999539454409,2487940
2014-12-10,974.2534790039062,983.5768509113105,969.7083541674954,977.0116811300774,2087970
2014-12-11,968.1349487304688,980.0805181544687,966.13434658497,971.4176282345932,1938822
2014-12-12,952.0326538085938,978.9539051691925,941.1359455385622,971.1844297313417,2380786
2014-12-15,916.2740478515625,926.510374411424,913.7878524986465,926.4714890793612,3487788
2014-12-16,949.06103515625,955.3542924049237,910.9711561205839,912.9135253233998,3339140
2014-12-17,949.46923828125,959.5306758522646,934.3769870824532,953.0819702152949,2287076
2014-12-18,955.9180297851562,958.9481461975447,945.8565903121012,953.7426321154028,1481444
2014-12-19,975.2828369140625,980.4106716816038,958.7532591224164,960.0352415248587,1903130
2014-12-22,976.390625,982.4508580279568,961.2401372724039,981.2854358950648,1643954
2014-12-23,977.6719970703125,985.4220304402342,969.0867829642282,971.1845035550124,1266476
2014-12-24,963.3760986328125,979.2841759552575,957.8403472129495,977.0115663828418,3288972
2014-12-26,973.1270751953125,975.06944460688,957.5881199027725,965.746071431356,626206
2014-12-29,980.080810546875,985.5388880674693,973.9041131827814,974.2925871010833,778920
2014-12-30,982.8582763671875,987.6753141369916,977.4001998439654,980.8964644697984,701342
2014-12-31,993.8134155273438,996.9794400692988,980.8966575614356,983.88788780614,1573792
2015-01-01,988.8795776367188,997.2123223277678,987.1120027404978,997.2123223277678,366830
2015-01-02,1002.048583984375,1006.5160320581726,990.8411733306598,990.9965248919897,925740
2015-01-05,986.820556640625,1009.9929805494601,980.7603275085361,1002.6508637690987,1754242
2015-01-06,950.4404296875,982.4895314284563,947.8764636113134,982.4895314284563,2423784
2015-01-07,939.2131958007812,963.0848946002803,935.2313388907492,959.5303968565164,2636332
2015-01-08,949.3523559570312,951.3724008859313,940.3203394929243,948.808435694707,1565408
2015-01-09,975.9627075195312,978.9150513756407,951.7607717828912,953.7031407048971,3197642
2015-01-12,974.9526977539062,982.0617874144762,963.5121630675453,977.7885755230366,1596006
2015-01-13,970.3689575195312,982.9943597983792,963.4541976836971,978.9542690060537,1468432
2015-01-14,979.7116088867188,983.5381142533347,971.3788637569535,977.4002084433093,1787096
2015-01-15,986.374267578125,1002.9426439983486,980.2169173889156,984.0045384904878,5009920
2015-01-16,983.6739501953125,988.6658767436653,965.0855347225889,988.1608418067428,5293830
2015-01-19,975.4583129882812,990.9972745651555,972.3505206729063,985.1701639738276,1135074
2015-01-20,971.3596801757812,982.8391044951577,964.6779471294864,978.9543649516986,2058566
2015-01-21,976.5455322265625,979.73099866217,966.6200069076704,979.73099866217,2310480
2015-01-22,976.4485473632812,979.4397772932565,969.4365748082585,977.5945263494219,2113214
2015-01-23,972.5831298828125,983.635191504658,969.6695761243868,976.6232198242648,3150380
2015-01-27,973.9263305664062,978.9671163939101,969.0606888348262,977.9356383596413,2738736
2015-01-28,988.5422973632812,990.6052525136582,974.2567035718092,974.2956667011465,3121980
2015-01-29,990.508056640625,999.8695672770851,978.1493306841097,987.9195740987668,3734392
2015-01-30,966.1409301757812,1002.32180909375,961.4504343540049,996.755498098979,5817402
2015-02-02,978.6553955078125,981.4774668447102,958.3559824559078,966.1215252662053,3181802
2015-02-03,995.8021850585938,998.4296314571652,975.8920181400205,977.6630356126688,2345054
2015-02-04,978.6939697265625,1001.0369427988913,973.9451257497119,999.5967328677478,2245418
2015-02-05,993.5250854492188,1008.8226821676121,980.5241286635681,980.91338000484,4530168
2015-02-06,1002.614013671875,1010.029269778334,992.9216945303027,993.7585467938646,2136416
2015-02-09,978.149658203125,1000.0256596246694,973.1283539097768,997.0673114159573,2076432
2015-02-10,950.2208251953125,983.3461506583191,947.0484649388185,977.0208166857519,3799054
2015-02-11,957.5191650390625,968.1652253306205,952.5951744659206,955.6313533909469,2937522
2015-02-12,958.394775390625,965.2651158842732,952.4976578998878,965.2651158842732,3107980
2015-02-13,988.2113647460938,991.7146251233326,957.6551492335115,961.4503479755201,4158326
2015-02-16,1006.13671875,1010.1070627648623,994.5370117010494,996.483268084026,2364392
2015-02-18,1025.9302978515625,1028.7913333293811,998.5270404174025,1006.2342362682816,2660014
2015-02-19,1043.602294921875,1046.0351157288244,1025.6772522098593,1026.0665035389713,2618002
2015-02-20,1041.4613037109375,1050.5113961664626,1028.4992168004844,1050.5113961664626,1801588
2015-02-23,1049.6746826171875,1059.5422429884882,1039.6904228590197,1039.6904228590197,1614892
2015-02-24,1052.8277587890625,1062.656356962433,1042.8045349092886,1048.64330610139,2199922
2015-02-25,1040.1568603515625,1059.541585814079,1038.463674939364,1054.8705722101963,1767994
2015-02-26,1034.026123046875,1048.1559577684363,1021.9204701833979,1042.8037548460277,1991994
2015-02-27,1036.3232421875,1041.5391716229622,1018.3982007188866,1035.194356392145,2877376
2015-03-02,1039.067626953125,1054.4625385007123,1032.5087980224669,1043.076935293904,2176038
2015-03-03,1080.561767578125,1086.0112865788792,1041.6949815492037,1043.9721400016324,3424308
2015-03-04,1068.8837890625,1094.6133312475743,1057.0699771975221,1085.2323393686272,3862994
2015-03-05,1049.5963134765625,1078.4982132658633,1043.601883384925,1070.4407329370695,2173514
2015-03-09,1030.270263671875,1043.115555372782,1015.9457981626362,1027.6233360725514,2883174
2015-03-10,1028.674560546875,1042.5124655422853,1010.2046023330965,1031.0878999970507,3037052
2015-03-11,1014.6025390625,1035.388511128533,1011.1965917181211,1028.4014724398955,2240200
2015-03-12,1019.4688720703125,1021.7459356827544,1008.2000633352951,1021.3566842927222,1827636
2015-03-13,1005.1830444335938,1027.6038603285083,1002.3220096166265,1026.84483936647,1586838
2015-03-16,997.3784790039062,1015.9457442896887,993.3691721943622,1006.2922944563131,1556296
2015-03-17,1005.7085571289062,1014.6613369605865,995.6075049773997,1005.2414745788817,1267318
2015-03-18,996.2300415039062,1011.838956739362,993.252212969772,1008.5303217227857,1255170
2015-03-19,1010.5936889648438,1014.3305394626204,999.6363028681388,1002.7113501293934,2448964
2015-03-20,1016.3154296875,1019.059669729657,1003.820522841815,1010.4961430932733,1963908
2015-03-23,1018.7291259765625,1024.1202951516282,1014.3890114652767,1018.2815249398172,1566608
2015-03-24,1008.6666870117188,1026.455448435151,1005.0855948593833,1023.7306899448038,2394878
2015-03-25,1001.8355102539062,1017.5028747173234,990.7223668889724,1008.7057575275273,2224858
2015-03-26,978.2274780273438,1006.876316629084,973.5174992942257,993.8753612486927,3091642
2015-03-27,978.888916015625,1001.1151020452489,974.7239472703216,985.1947663155455,2751776
2015-03-30,998.0984497070312,1000.3366441591456,980.9130468396968,982.8593028850137,1339006
2015-03-31,994.1278076171875,1000.1611995444631,981.3020031394767,1000.1611995444631,2427028
2015-04-01,989.7299194335938,997.8848113436619,981.789229807184,995.7049657435927,2075758
2015-04-06,991.5401611328125,997.612426265319,973.1675131159633,995.705132320229,1568542
2015-04-07,1006.214599609375,1011.6641177503928,990.2552964821083,997.4369638829673,1886922
2015-04-08,1028.168212890625,1034.045944773603,1008.4916382449608,1009.7177416686338,1652134
2015-04-09,1037.1793212890625,1046.0931359051258,1025.7352787987088,1035.0189580865745,2544450
2015-04-10,1032.9754638671875,1039.6122164238302,1022.9522445757772,1030.9318948854436,1815544
2015-04-13,1033.656982421875,1037.354870327357,1022.9525700639005,1036.9656189688853,1308642
2015-04-15,1022.8549194335938,1056.3888748787572,1015.7121213516673,1033.3452210736461,2913934
2015-04-16,1005.3583984375,1022.5632889753231,1000.9014895189924,1022.5438074015519,3217570
2015-04-17,963.3385009765625,996.48320713869,961.4505943877205,995.3544165184209,9668742
2015-04-20,945.413330078125,966.861014099771,943.8758068502042,965.3624540045189,2890722
2015-04-21,944.7321166992188,954.4439148525072,934.5921042254771,945.413306279558,2546032
2015-04-22,951.758544921875,962.6186199280488,937.1421372465169,946.4646883764864,4186812
2015-04-23,956.487548828125,965.2651827398425,946.5421612704682,962.2290042539933,4342990
2015-04-24,970.4229125976562,978.5777078231055,952.7119795403963,955.7286769292703,3625158
2015-04-27,973.2061157226562,980.9133107420412,967.6787660732994,972.9336588094175,2733052
2015-04-28,971.1820068359375,977.0207764161134,955.6509177654922,977.0207764161134,3088298
2015-04-29,968.1846923828125,971.1819081229147,954.0743339982612,966.9001441993266,2019620
2015-04-30,958.9979858398438,969.2353095211081,944.7514515624767,965.3427982378907,3738054
2015-05-04,965.9464721679688,974.9965638590514,956.4681660829847,969.6248775263224,1890630
2015-05-05,980.076171875,987.3161871753542,973.1279999425974,973.5172511425744,3255070
2015-05-06,958.74560546875,978.9671951250579,955.923533037475,978.9671951250579,3394406
2015-05-07,990.74169921875,994.0503346939918,955.1057298878252,959.4653246840891,3205028
2015-05-08,983.7352294921875,1007.3822431203012,979.4729472767388,996.4832080324463,3003664
2015-05-11,994.9261474609375,997.6703876487223,982.8593592875068,986.7518716015167,2573082
2015-05-12,982.0420532226562,998.4295707396254,978.1885034185882,996.4833142664487,2467386
2015-05-13,979.122802734375,991.4231833438512,965.5184871283551,991.4231833438512,1863774
2015-05-14,972.8359985351562,980.912960411561,967.2891692947337,980.912960411561,1309050
2015-05-15,977.4681396484375,985.7397278750673,973.517277873002,978.966794822311,1461454
2015-05-18,981.0689086914062,982.9568154518529,971.9994297026823,978.6167016015761,4507752
2015-05-19,978.0717163085938,984.8057827623521,971.8631771193291,980.6796809956642,1957722
2015-05-20,995.3347778320312,1000.3365986215814,979.7062854803607,980.9130021863382,1897814
2015-05-21,994.7315673828125,1004.2682229887131,991.870532688225,995.3154442566431,1579578
2015-05-22,1019.0206298828125,1023.2440432142631,988.4060624752516,992.5905126757474,2691632
2015-05-25,1012.4422607421875,1026.416339284798,1006.4866990255351,1019.8380327353061,982978
2015-05-26,1015.4983520507812,1021.1035330893191,1007.7327121310574,1013.9996964443633,1961740
2015-05-27,1017.989501953125,1024.9570624815346,1008.9394088758245,1015.1674299182678,1620690
2015-05-28,1015.7509765625,1021.0058676081385,1005.1438816740815,1013.57113189372,2763608
2015-05-29,1016.0625,1030.970841046807,1010.9827524654667,1018.6704642225917,4423532
2015-06-01,1018.962646484375,1030.3872107790507,1015.3037220764361,1015.7318415106931,882264
2015-06-02,1012.0148315429688,1023.731338486777,1008.3559058365003,1018.2818180537674,3935820
2015-06-03,1016.2960205078125,1022.01808973895,1008.3553332558462,1013.6102249751875,1804684
2015-06-04,1014.2525634765625,1020.9282799725238,1007.5769420126525,1018.7095666747146,4131468
2015-06-05,1011.9742431640625,1024.9978454947272,1009.6759152631081,1018.319055393765,2308534
2015-06-08,1012.6025390625,1017.5330756585412,1006.3951752479683,1017.5330756585412,1570320
2015-06-09,1006.3951416015625,1017.5330416397666,1002.211115530133,1015.5686921385316,2578914
2015-06-10,1021.7564697265625,1025.3905165764984,1007.2399450064073,1008.1042396686954,2763350
2015-06-11,1010.1859741210938,1026.5686229739808,1004.4697002635766,1023.622099945927,1847336
2015-06-12,984.4534912109375,1017.1205875718123,973.0602632243435,1010.4221360724541,2571456
2015-06-15,984.060546875,990.2089224573688,974.7102240512626,984.2569818254336,2525176
2015-06-16,986.8890380859375,989.7570071010524,979.9941532107983,982.174600005909,1267396
2015-06-17,987.5962524414062,993.6267471160414,982.8818142207444,990.4248961907051,1975720
2015-06-18,993.98046875,1000.364604362127,985.3176686285985,988.0677578153609,2165046
2015-06-19,1001.6416015625,1003.7827236097975,992.8216903561549,995.9253245991532,1999610
2015-06-22,1018.12255859375,1021.4619534415397,1000.639844390616,1000.639844390616,1102002
2015-06-23,1011.4828491210938,1024.6046649766035,1008.5755544089002,1021.4617058815832,898318
2015-06-24,1009.7935791015625,1016.7080321753618,1005.2952376804287,1013.6043981596035,1170246
2015-06-25,1001.818603515625,1010.8546144492954,999.5202754119331,1006.5330440027574,1930992
2015-06-26,1018.63330078125,1020.0280083898687,1001.8970013088698,1001.8970013088698,1290102
2015-06-29,1018.6726684570312,1023.033564182086,999.2256018567957,1010.4617231475903,1372756
2015-06-30,1002.191650390625,1017.0421547301954,997.8897433180864,1015.5688923138794,1549952
2015-07-01,1018.7510375976562,1024.6047610950711,1004.4701775037664,1007.2791590922523,1279708
2015-07-02,1012.7205810546875,1022.6208852708959,1010.0883713974985,1021.4619380243188,1445880
2015-07-03,1022.9939575195312,1025.390502423967,1009.6757054519522,1010.8739779041701,963470
2015-07-06,1034.544189453125,1039.140747489546,1013.7220875185519,1013.7220875185519,1182338
2015-07-07,1027.8455810546875,1039.8870016696062,1022.6400563728051,1034.3279325453334,1642836
2015-07-08,1019.5367431640625,1029.9870252346673,1013.8008041042267,1020.6563648597494,2667850
2015-07-09,991.0140380859375,1020.7739244625519,984.7870135934195,1019.4970976543143,3934122
2015-07-10,972.0975952148438,1005.3539911393636,964.4955249109565,1005.3539911393636,8263654
2015-07-13,985.9263916015625,989.4818823514273,972.5098308472841,972.5098308472841,2280308
2015-07-14,981.978271484375,988.0677546642141,978.2460075999575,986.4962751339331,1703274
2015-07-15,1000.148681640625,1001.7987162581271,982.1748813126044,982.5677512651295,2003660
2015-07-16,997.96826171875,1005.2953440845398,992.6252877665,999.3433065904752,1456608
2015-07-17,1007.4755859375,1009.7150212171421,999.1860881628272,1000.561132884814,1070526
2015-07-20,1015.4485473632812,1017.318690930971,1004.7198290012722,1009.4838121171149,853786
2015-07-21,1008.4597778320312,1023.7950268399726,1005.9794546190383,1014.2080451077798,1274500
2015-07-22,995.3294067382812,1011.451987311699,992.5734067728544,1008.3022730654967,1320628
2015-07-23,979.7975463867188,999.1879776597033,977.5927076308708,991.1758523804741,1496780
2015-07-24,986.3135375976562,990.7822342456858,981.1756418516793,983.3016610485198,1574972
2015-07-27,983.1243286132812,986.2543381267172,976.8642134647522,979.5611949138813,2003738
2015-07-28,985.0927124023438,991.766149403658,981.1948838365079,984.0887218874328,1891188
2015-07-29,986.943359375,990.2112074146554,977.7895015489428,988.6166452141716,2413318
2015-07-30,976.6675415039062,990.9003740606255,973.5769412837673,990.6050882746564,2770574
2015-07-31,988.5181274414062,991.7662702478949,979.1674133015143,980.30914626362,1963776
2015-08-03,988.0656127929688,994.1287755894796,984.6402209064718,985.6245068228969,1179324
2015-08-04,987.7898559570312,993.3412665253986,978.7738361403651,988.3804274591272,2342692
2015-08-05,1002.8489990234375,1003.9711228446776,988.6162703776414,992.1596978700344,988994
2015-08-06,1013.144775390625,1016.9637839263006,1004.0106251271114,1009.8769282891835,2211366
2015-08-07,1004.77880859375,1013.0271056787699,1002.790531738759,1013.0271056787699,1188506
2015-08-10,1012.6724853515625,1019.3262178887366,1006.5699143290536,1012.6330754769526,1431182
2015-08-11,1025.3109130859375,1027.5944755893588,1000.8613090983648,1014.9956161185315,2200306
2015-08-12,1051.8863525390625,1059.6425041137527,1024.4444882765072,1024.877612404298,3479784
2015-08-13,1037.67333984375,1056.7290715375727,1006.3336463673754,1051.2170719095823,1406426
2015-08-14,1064.28857421875,1070.6471184203463,1038.2641142731527,1038.6184187270096,2293964
2015-08-17,1057.024658203125,1061.7689356009757,1045.311655658552,1059.131068537961,773644
2015-08-18,1079.1318359375,1082.6752657851687,1059.0918100254696,1065.745545401862,1916926
2015-08-19,1076.25732421875,1083.8363236155433,1071.6507905452017,1082.7141995419058,1690070
2015-08-20,1057.8516845703125,1080.7461408727293,1052.0049866710137,1080.7461408727293,2349298
2015-08-21,1053.6385498046875,1074.8006947213094,1045.3509401811814,1067.7532467698338,3536080
2015-08-24,1015.251220703125,1041.3741998551432,1011.4913264818705,1039.011914335623,4692344
2015-08-25,1010.7234497070312,1032.3187137269776,998.2624327439937,1018.8930200006372,3925800
2015-08-26,1014.5036010742188,1039.0123229785052,988.9908882049384,1007.1411608670666,3216158
2015-08-27,1013.6763916015625,1029.5233907313554,1002.3177927554317,1029.5233907313554,5264798
2015-08-28,1012.18017578125,1027.2003338587426,1007.0027764485396,1027.2003338587426,2744152
2015-08-31,1009.503173828125,1019.7200407261271,996.5106018806492,1019.7200407261271,3692044
2015-09-01,999.0106811523438,1028.0668173099755,996.0972336212462,1006.3338059825712,2987602
2015-09-02,1020.4287109375,1031.7085868408656,1003.184005897506,1007.790443843113,3765950
2015-09-03,1025.8619384765625,1029.5628141591062,1014.3063862246262,1022.1216529184319,2265074
2015-09-04,1002.9674682617188,1029.523478412227,999.6996203670963,1028.1454783705378,2426396
2015-09-07,999.9361572265625,1007.8891689603823,997.1604514549492,1005.1528730778282,1759184
2015-09-08,1000.152587890625,1009.5230086951884,993.538167550835,1002.0030261212107,1787746
2015-09-09,1003.8729858398438,1013.4205571337417,1001.6091287289195,1009.0699951136354,2045076
2015-09-10,1002.1605224609375,1015.192506602271,994.9162164762222,1000.821932046916,2665818
2015-09-11,1004.7589721679688,1011.2158487442075,1000.2706672456641,1002.5935433486412,1592672
2015-09-14,1004.6209716796875,1009.8770955966564,1001.2153817162953,1009.8770955966564,1589318
2015-09-15,998.9514770507812,1007.4753520825259,998.4593342401345,1004.6209237807747,1379900
2015-09-16,1004.1094360351562,1009.8773128430781,1000.4478733373564,1005.9401693232221,1756816
2015-09-18,1004.4634399414062,1018.1450095790207,999.6404405727508,1009.8770106613256,2455294
2015-09-21,1004.384765625,1006.7667560830263,997.356927751301,1003.9713464344923,1108840
2015-09-22,994.8372192382812,1012.7905319628857,980.3485151316845,1006.9242278912783,2081246
2015-09-23,997.1404418945312,1007.0227088613897,989.2465474058016,997.7901281354514,1228352
2015-09-24,1015.9404907226562,1019.7201870073358,996.0579156478028,998.2627545008108,2354254
2015-09-28,1021.1771240234375,1031.1381185819191,1015.5863981985722,1021.2952575798008,2366812
2015-09-29,1019.0308227539062,1037.0432481923265,1011.7865196054689,1017.1016615381175,3325952
2015-09-30,1018.9530029296875,1040.863180104037,1012.2204453946752,1040.863180104037,3368336
2015-10-01,1041.2166748046875,1043.3229882292267,1020.585991802712,1023.2632677491225,2834408
2015-10-05,1067.615234375,1090.5884998880877,1044.405797978967,1044.405797978967,4807306
2015-10-06,1063.028564453125,1073.2651358145256,1056.7291359230323,1072.8714215313946,3979590
2015-10-07,1044.8983154296875,1069.722027639926,1042.1423146223708,1060.6468914714972,2065530
2015-10-08,1036.964599609375,1054.5045884806598,1031.5313237940702,1051.2170360802165,2357550
2015-10-09,1035.3310546875,1043.5794484335524,1026.8071762018285,1043.5400385440746,2249724
2015-10-12,1020.7437744140625,1047.4179193310015,1018.5389357951426,1045.3115092911107,2455912
2015-10-13,1023.0864868164062,1028.3819258242065,1010.9010463913304,1024.7597728748874,6179712
2015-10-14,977.8680419921875,1003.1838869346869,976.411318523557,1003.1838869346869,8337128
2015-10-15,971.5888061523438,985.6640973365992,970.5060914458626,980.3489524138733,3215710
2015-10-16,973.2615966796875,981.1358814424682,972.4741682034095,976.7656149504688,2333828
2015-10-19,979.8566284179688,982.2976382629229,966.9034642247684,980.3487713754865,3130642
2015-10-20,994.818115234375,996.0976873624097,982.5539469789701,982.8098229558954,2695084
2015-10-21,996.0971069335938,1000.8216781917769,993.0458213293506,998.06567829117,1929688
2015-10-23,1001.0885620117188,1005.3697078164455,997.2020846368997,1005.3697078164455,2335398
2015-10-26,1000.8519287109375,1005.7643323311557,992.3883760161879,1005.7643323311557,1414630
2015-10-27,998.701416015625,1004.1464335773196,994.4597662159551,998.287096071303,1530420
2015-10-28,997.9120483398438,999.6678744113595,990.3954327402218,990.3954327402218,1255342
2015-10-29,984.5953369140625,1000.397869383021,982.5040859242755,999.6679689385226,3130316
2015-10-30,984.5362548828125,991.1255894873447,980.5116388507271,986.4302201717576,1516696
2015-11-02,993.276123046875,995.4265217442332,981.5178550990969,986.430258520312,1319294
2015-11-03,1003.5740966796875,1005.2905233480511,993.7295449133042,997.4779787734099,1364906
2015-11-04,999.7666015625,1005.0538280876066,994.3214884310704,1004.1857889115374,991434
2015-11-05,979.5843505859375,1000.2204899459599,978.53877309067,998.583054321807,1596098
2015-11-06,988.6989135742188,993.6310641956605,979.8999375993533,983.2735478906328,908024
2015-11-09,975.1259765625,987.5155042404904,974.0409030886566,984.4575699051137,2021556
2015-11-10,969.9169311523438,977.3546504115476,966.7012085217164,975.7566148618657,1361920
2015-11-13,945.947265625,961.9866818594621,941.6662154524762,961.9866818594621,2743232
2015-11-16,936.9511108398438,943.0274837087084,929.612029965572,943.0274837087084,2043528
2015-11-17,943.2440185546875,946.3610985072955,937.1084053084589,939.2785510891732,1985028
2015-11-18,927.816650390625,942.5933579434543,925.6662514682233,942.5933579434543,1520352
2015-11-19,932.1962890625,939.712906470392,928.0335343424954,933.301110155313,1866906
2015-11-20,946.322265625,956.265465706553,931.9597798795545,933.755102639123,2012126
2015-11-23,943.441650390625,952.2602791337181,939.969396602381,949.0643028836815,1088082
2015-11-24,934.3270874023438,943.9941049125866,933.3604049175374,939.1014488684098,998640
2015-11-26,925.4885864257812,940.0285101665737,922.4504005942035,938.2529357587725,2915292
2015-11-27,928.5662841796875,930.9731161757791,920.3394174144198,926.4552849256411,1737206
2015-11-30,936.5366821289062,943.520589442146,927.3036366489397,933.1630712099009,4100048
2015-12-01,931.9398193359375,938.31221665132,930.0262024190342,932.3343914422369,1721994
2015-12-02,933.24169921875,938.3317359487456,925.8632218945382,938.2922402153044,1640296
2015-12-03,927.5404663085938,936.3196965012413,926.0608207705071,931.1902586358742,2283358
2015-12-04,918.7217407226562,926.1792120361362,915.8414411389443,923.2988161213347,1246092
2015-12-07,915.3282470703125,924.837375533454,913.5329250036388,920.2209018841968,1382604
2015-12-08,918.9583740234375,926.8498156208908,914.3418999551421,915.1704435242302,1139964
2015-12-09,934.2083129882812,936.2404164905971,915.4069966118417,922.4697965446596,5282806
2015-12-10,940.8772583007812,943.5011251758884,928.033912566011,934.7416406755443,1723988
2015-12-11,941.4490356445312,943.796720385895,932.4725203214327,940.2653193381886,1652378
2015-12-14,938.4697875976562,941.8433975841631,919.5895745230603,921.4045479891456,2718532
2015-12-15,937.4444580078125,941.0547553291473,932.3939142685454,938.4702879927341,1135868
2015-12-16,950.287353515625,952.6942817223168,940.6598333510057,940.6598333510057,1435934
2015-12-17,962.6572875976562,964.7287911369073,944.3491805641362,952.8916280554729,1618844
2015-12-18,953.6016235351562,960.4671377643531,947.2292279721479,954.8642346618867,3024970
2015-12-21,965.2811889648438,966.7016871191664,949.6759387947866,954.8447757313453,1610104
2015-12-22,948.9657592773438,962.7560365178048,946.9731506732506,962.7560365178048,1560858
2015-12-23,957.1531372070312,960.7831817074283,951.1359119417177,952.8917387365254,849834
2015-12-24,960.4869384765625,962.0454786873897,948.5511348865795,955.2588592181402,843160
2015-12-28,971.7129516601562,973.1728495549487,954.9436329187866,958.0213153893061,3704198
2015-12-29,968.990234375,972.7386695258809,965.0247652912723,969.9964125501375,1708524
2015-12-30,954.1936645507812,970.2527286749988,951.8262321099313,967.9050441040372,1605762
2015-12-31,961.5128784179688,966.1096039804484,949.9321509425891,953.1873701514266,1240318
2016-01-01,953.4439697265625,962.3613375863621,951.8065340683485,962.3613375863621,712262
2016-01-04,934.9783935546875,952.4973620120253,933.5776428737419,950.9782203960076,1870184
2016-01-05,926.830078125,941.685774897135,923.6932493211156,941.0544210298422,2678020
2016-01-06,939.7130126953125,941.5082388016069,927.3233901550109,927.3233901550109,2653228
2016-01-07,935.6287841796875,940.2255090993268,931.1898495156827,935.1355692170202,3199580
2016-01-08,946.0258178710938,949.8728946764625,936.1220226397246,941.0541723901973,1907544
2016-01-11,932.1170043945312,940.6594478444296,926.7902835279625,940.0675899703664,2930228
2016-01-12,918.1889038085938,933.1628937679593,908.1470644505387,932.2553587911049,3482594
2016-01-13,899.3087158203125,918.1692815664934,889.7995859585595,914.2235605455802,4746092
2016-01-14,899.15087890625,907.0817199485587,887.7871836888182,896.8623415665262,2742052
2016-01-15,892.1672973632812,904.2411496615699,889.7603682559543,903.1166766178723,3269408
2016-01-18,898.697265625,904.3199190547383,891.7331053479732,892.5222496889891,2213922
2016-01-19,899.3479614257812,907.5155824011814,895.0076695099496,898.4404265771695,967910
2016-01-20,899.6640014648438,901.5973664753959,885.0253361069203,897.178177643354,1615954
2016-01-21,891.713623046875,905.7152088417079,888.2527695531246,903.7771695108047,2675536
2016-01-22,908.0291748046875,910.5210089062366,893.8891146939317,899.0309547342065,1343178
2016-01-25,911.5494384765625,925.1358023743184,906.3483074564988,910.4617414023729,1397560
2016-01-27,917.5219116210938,921.5562595886163,902.5512061758485,910.5013215009194,1626986
2016-01-28,922.050537109375,929.0513306177281,912.8941454067439,915.8407958971975,3106660
2016-01-29,945.8216552734375,949.2627132963373,923.5733104305546,932.9274647922302,2235744
2016-02-01,950.3307495117188,954.3848929255663,933.0462744649956,945.7427036842098,1495274
2016-02-02,948.5114135742188,962.3152392518981,941.233673596257,952.8226105046537,1475588
2016-02-03,955.710205078125,961.089304746957,933.5607325776665,944.3190284793675,1308692
2016-02-04,957.1929321289062,965.0836583009878,950.0536669012183,957.9245974560292,1250046
2016-02-05,957.9446411132812,965.0641125671384,952.466661294137,952.466661294137,1402996
2016-02-08,934.6083984375,954.0287689835941,928.2997763219493,949.2626600650525,1063658
2016-02-09,902.3533935546875,922.9999375192339,892.1488953039,922.9999375192339,2489610
2016-02-10,897.3698120117188,905.7153564296023,893.1377012196727,899.8220550026607,1890732
2016-02-11,869.3465576171875,905.3592277316297,858.9442020486705,901.7994928912694,1962408
2016-02-12,880.6786499023438,887.3234126176532,855.9186718776898,870.1576146630857,2172568
2016-02-15,897.5082397460938,912.4196547645802,885.9786896206097,889.9339516278445,2479712
2016-02-16,896.0842895507812,902.5906754135078,887.1651555444777,896.2622570057006,1588702
2016-02-17,900.0397338867188,901.6613334947247,888.5100863194999,895.8669128386176,1585178
2016-02-18,915.9791870117188,917.5217002261398,901.0084850156899,903.777167805466,1529140
2016-02-19,917.482421875,920.389578421279,911.8659684703224,912.6175262793868,879012
2016-02-22,915.9991455078125,926.717944826894,911.6879482825398,917.7197232115241,1324884
2016-02-23,895.47119140625,917.5810642645764,892.6036268577981,913.7642755946507,1306852
2016-02-24,874.4886474609375,894.8582471076268,870.6322669453021,894.8582471076268,1659328
2016-02-25,875.240234375,881.2324179811767,864.4818439419684,877.9891222906385,1830556
2016-02-26,874.3104858398438,892.6628591314453,869.9992897693751,881.9045680100239,1537536
2016-02-29,860.9811401367188,884.7917894538385,836.5376105028469,884.7917894538385,2191718
2016-03-01,900.474609375,903.8168827369835,855.1275729590856,867.3888841347245,1999760
2016-03-02,917.1658935546875,921.5759717035464,892.4059168052045,911.6878175007187,1527486
2016-03-03,938.6427612304688,945.7029410091454,910.1055906574838,923.94900468313,2648284
2016-03-04,932.4727172851562,941.3522602592546,929.3085080069739,941.3522602592546,1512966
2016-03-08,931.187255859375,936.2104187681014,911.3713566590874,926.3618560302361,1268152
2016-03-09,932.3541259765625,937.1597306347056,907.791910567356,925.926825288422,2017784
2016-03-10,928.81396484375,933.3823106356531,915.623130713552,931.8792921349244,1661666
2016-03-11,935.5183715820312,945.6438812202157,923.5537036863092,925.5313347434534,1530528
2016-03-14,931.4642333984375,948.4718605900013,925.531340192078,934.2329168947385,1636742
2016-03-15,921.5364990234375,934.8262186074585,917.6604193284481,929.1108840557063,1623356
2016-03-16,920.408935546875,922.3667702274865,912.4390275141118,915.6428272198248,1918246
2016-03-17,930.297119140625,934.1534983516627,922.3668020656431,923.1578542114971,2221088
2016-03-18,959.4868774414062,961.1282718727186,933.4414492261793,933.4414492261793,3204070
2016-03-21,967.555908203125,970.9969666221036,957.1733460813746,959.5465031377747,2336982
2016-03-22,978.1757202148438,982.8824425818904,963.6994250908555,965.8748188269523,1951984
2016-03-23,978.4528198242188,984.0296818014053,971.9266369442615,984.0296818014053,2278434
2016-03-28,978.2943115234375,995.5985800683636,973.6073847245252,985.2556101808243,3320882
2016-03-29,976.7122802734375,983.6537838320791,971.01674208194,980.1138439425855,1838796
2016-03-30,984.6624755859375,990.7931316902083,972.9944526778094,977.3056496352071,2136504
2016-03-31,996.8448486328125,1008.5919591977216,977.8002013471918,980.2327457754383,4363964
2016-04-01,970.5816650390625,997.0622203294527,962.7503238410425,990.7930916826234,3041400
2016-04-04,977.444091796875,984.0691554438544,967.8525817408005,971.4123174317147,1752352
2016-04-05,974.0819702148438,982.8428353108001,965.894598690795,977.2659748530838,1491794
2016-04-06,981.6563720703125,984.4646465297286,972.737334102858,976.9496492279749,1763150
2016-04-07,977.2659301757812,982.7637044694802,971.8076505546177,980.9047510685599,2390942
2016-04-08,961.939453125,978.4130796864935,959.9420266286489,975.3675474521007,1399500
2016-04-11,991.4456176757812,995.5393520876793,954.4046311432539,962.3151544017973,2400648
2016-04-12,995.9939575195312,998.7033497871216,984.108476093054,988.0241456507841,1303628
2016-04-13,999.1784057617188,1006.6143186662434,993.7597153826863,1000.6814248430632,1601468
2016-04-18,996.6272583007812,1009.9762691025081,965.0840401841081,970.2258813818103,7121504
2016-04-20,969.1773681640625,1002.6190209565332,965.0836346129589,1002.6190209565332,6405024
2016-04-21,958.913330078125,975.9209504601824,954.0879315150812,969.4343617772681,2525724
2016-04-22,956.0061645507812,963.2640089169112,950.9236166819811,956.7774209597204,1964126
2016-04-25,969.5335083007812,971.8275793619327,950.1725219098297,950.1725219098297,2267654
2016-04-26,984.7810668945312,986.2444943951499,965.8748968570106,968.6435800175344,2554368
2016-04-27,993.2056884765625,994.5900299103876,979.2830916623246,980.904787396118,1848670
2016-04-28,999.7910766601562,1004.63627127556,988.0637666860187,989.329430864592,4992744
2016-04-29,1002.856689453125,1005.4276097771027,992.770771259059,995.539454684881,2372178
2016-05-02,999.3760986328125,1000.6813544949579,988.8155676827647,1000.2858282678848,1116692
2016-05-03,980.1533813476562,1000.6811497061466,977.7406332306697,998.703518975502,2153118
2016-05-04,980.11376953125,986.4619833561468,971.8077206369175,978.4920737405666,1364892
2016-05-05,977.0684204101562,984.8404718471181,974.3986184802664,980.1139529284867,1246566
2016-05-06,978.2943115234375,982.6056043678868,961.5240418906399,974.971930588411,885598
2016-05-09,993.7792358398438,995.9348340192618,971.5703848394176,978.2943293105563,1821276
2016-05-10,997.873046875,1002.2436308533795,987.2334303418743,994.7484284093806,1158534
2016-05-11,996.0535278320312,998.9408880542508,984.8601184183317,988.815379938084,1598716
2016-05-12,1014.999267578125,1016.4626951367659,996.9435360195766,996.9435360195766,1513082
2016-05-13,998.07080078125,1014.9202559713061,992.8300784930116,1014.524729760873,1621730
2016-05-16,1009.0465698242188,1014.4455600893548,997.7147834563534,1003.8454392119821,1111526
2016-05-17,1016.5812377929688,1024.9070821240844,1009.3826815554899,1014.2080810181518,1756698
2016-05-18,1009.0267333984375,1014.8607437264918,999.1187846810445,1014.8607437264918,1500740
2016-05-19,1011.3403930664062,1012.5467669257358,999.1384714111803,1010.569136521584,1038792
2016-05-20,1000.4042358398438,1014.8409392373202,997.8333160567315,1005.5460754060683,1230918
2016-05-23,985.4337158203125,1006.9700977509619,980.9840461419134,1006.2186366086594,1533016
2016-05-24,976.0399169921875,984.1679991534177,972.836212931941,982.4870129195577,1339158
2016-05-25,999.277099609375,1001.8480197831343,981.3004540148908,981.3004540148908,1548678
2016-05-26,1008.0770874023438,1014.4845892292635,990.8322119029774,1000.6807705847277,1943248
2016-05-27,1017.550537109375,1020.398403272918,1008.8292608165993,1009.8377754718292,1104676
2016-05-30,1042.765380859375,1044.9605708891208,1021.2487911964168,1021.6443174517215,1349464
2016-05-31,1016.2647094726562,1046.9575730583294,1013.3378549963884,1044.1888903944048,3722608
2016-06-01,1041.6375732421875,1046.1663268756035,1016.8974012843768,1016.9764871758833,1911942
2016-06-02,1048.2034912109375,1049.8449825205844,1028.367895241775,1028.367895241775,1408756
2016-06-03,1040.0560302734375,1051.3087323433144,1036.476498534859,1048.6982205674174,1554922
2016-06-06,1044.0322265625,1054.6224099132776,1040.3156521375556,1047.2292630457537,1322026
2016-06-07,1051.485107421875,1054.6222379859685,1044.2318711092594,1044.6315006045174,1202194
2016-06-08,1044.271728515625,1050.4459838494358,1041.2345057458206,1045.930151665035,938266
2016-06-09,1029.9453125,1047.988548615541,1021.1334609408095,1047.988548615541,1562138
2016-06-10,1021.353271484375,1040.3356760214024,1020.3341965697509,1025.449474568681,1396832
2016-06-13,1017.8561401367188,1020.3938259984706,1006.2668868725001,1015.0587341763901,1029978
2016-06-14,1013.0010986328125,1022.6321131495253,1006.36720845574,1022.6321131495253,977570
2016-06-15,1021.792236328125,1025.0091742085212,1007.8651159024595,1011.0621503700327,1270844
2016-06-16,1022.3721313476562,1024.9297210262375,1005.6475983682167,1017.2768554121171,1145070
2016-06-17,1040.075927734375,1043.0331474402572,1022.6520399615395,1022.6520399615395,1878988
2016-06-20,1062.7349853515625,1066.2117432620796,1035.7599880988673,1040.0760071724621,1872838
2016-06-21,1059.49755859375,1065.0124644141918,1055.5811705435358,1064.4130202503563,1027690
2016-06-22,1066.0718994140625,1070.0881965428537,1051.7252353159154,1059.0184757622021,1761712
2016-06-23,1057.1600341796875,1062.8147530989759,1049.1474424538421,1061.0164201834107,1397014
2016-06-24,1028.6263427734375,1036.319210728921,1004.7284789102563,1025.1095836234856,3766586
2016-06-27,997.4155883789062,1017.8566036424526,992.1403995417652,1017.8566036424526,4272566
2016-06-28,984.6668090820312,1000.2323542003767,982.4488464699091,997.4150450732207,4499524
2016-06-29,1000.2325439453125,1004.0690258165382,985.2065346755501,989.0829209536048,2531264
2016-06-30,1020.2939453125,1024.2102357067074,999.2134927032813,1007.8654309089994,5121812
2016-07-01,999.4136352539062,1024.8900199869004,996.816043085052,1023.850944093034,2197296
2016-07-04,996.7557983398438,1009.4041295258755,991.8803383494304,1005.4677402446281,1883484
2016-07-05,993.1993408203125,997.8949880360848,989.9423014460577,996.7560047914678,1559748
2016-07-07,971.01953125,995.8165549212212,969.1012906255045,994.1580343792448,3316800
2016-07-08,969.7410278320312,975.9152843746892,960.5095469358471,973.0978767583889,2456356
2016-07-11,984.7471313476562,987.8043559904072,969.9009323692347,971.0998210371819,1543632
2016-07-12,985.0667724609375,989.0830686772114,973.4376118899106,987.7642717391481,1465536
2016-07-13,996.3159790039062,998.7736604985851,979.591451554329,990.2815367472217,2102300
2016-07-14,1007.8255615234375,1010.6629698998094,987.4844597162629,993.4789020051111,2699988
2016-07-15,977.2340698242188,1010.183503697808,969.7210154575612,1005.8674854390217,8336366
2016-07-18,972.4788208007812,986.6856753724713,971.3399347575341,977.893822452992,2598850
2016-07-19,985.56640625,988.204000385414,970.1007617144094,970.1007617144094,2362896
2016-07-20,997.0557250976562,1000.0729477098025,978.3530426662854,979.0923963592472,2815252
2016-07-21,1001.49169921875,1006.8666973995842,984.8670701500266,994.8778103497776,2527148
2016-07-22,1005.1082153320312,1008.6648789295127,995.8767346641623,998.6341392450593,1517216
2016-07-25,1025.2818603515625,1026.984686897466,1003.9865510284753,1006.4706548964223,1688796
2016-07-26,1022.7374267578125,1028.9076280791357,1014.8843543319513,1025.281590589359,2311290
2016-07-27,1032.734375,1033.8762118735997,1019.6927060911785,1023.6993571956625,1750510
2016-07-28,1049.44189453125,1053.5687639617938,1032.5338495920732,1033.9161244012182,4632080
2016-07-29,1049.4620361328125,1055.7123525260054,1041.3285156580234,1047.3384917006822,2488084
2016-08-01,1085.1007080078125,1091.8118450369386,1054.5500095916411,1054.5500095916411,3961704
2016-08-02,1081.47509765625,1088.08607106842,1077.7088852640363,1082.9575387970738,2578162
2016-08-03,1064.286376953125,1081.3947515694788,1061.3815559272346,1076.18610697133,2294702
2016-08-04,1062.563720703125,1074.9642845314688,1056.2532461175012,1069.7756916581236,1415416
2016-08-05,1061.401611328125,1075.5049987107136,1054.5502012125653,1071.338024330874,1868484
2016-08-08,1061.5618896484375,1068.9741919539654,1053.3683101771283,1057.7555722483016,2058244
2016-08-09,1061.8421630859375,1065.6885854876289,1033.25477942102,1064.9673690599886,2261914
2016-08-10,1071.9395751953125,1074.584004490421,1060.9613884752553,1062.1633840060053,2062078
2016-08-11,1085.7620849609375,1087.8055156647672,1067.9926502378357,1067.9926502378357,2233138
2016-08-12,1097.2010498046875,1099.7453116824036,1082.616882930555,1083.7988251169618,2327358
2016-08-16,1078.4698486328125,1097.821985681352,1071.3180378187087,1097.0206557647964,3183754
2016-08-17,1051.5650634765625,1081.394545168038,1048.9406888662184,1081.394545168038,1848566
2016-08-18,1057.17431640625,1064.7869489658028,1053.7887178053213,1055.7519365485139,1292064
2016-08-19,1043.1312255859375,1060.33976609094,1041.7288982229452,1057.7554966571442,2416244
2016-08-22,1021.1748046875,1039.5052273380643,1016.2065981129282,1036.9209578067862,2265274
2016-08-23,1042.149658203125,1043.712212486306,1017.7691552202398,1019.6723138613797,1503374
2016-08-24,1030.530517578125,1042.530415751434,1029.3285224792571,1037.6423219130934,1116878
2016-08-25,1022.116943359375,1037.6026136867288,1012.0802608760314,1033.7161809422648,1939690
2016-08-26,1011.6597290039062,1030.7314345136062,1008.5545732378914,1025.6229524469366,1250314
2016-08-29,1001.8826904296875,1015.6655246212393,988.3401965002231,1015.6655246212393,1488728
2016-08-30,1019.3519287109375,1021.6157448921465,1002.1634375157737,1005.6692566375181,1444026
2016-08-31,1006.1900634765625,1021.6957798661033,1002.0031336678913,1021.6957798661033,3231668
2016-09-01,1004.6676635742188,1015.6659001880071,996.4740824519637,1011.6391966685817,1345736
2016-09-02,1007.592529296875,1009.4355299125158,1000.0800592962798,1006.4706475463955,1742330
2016-09-06,995.271484375,1009.7354259574838,993.648772259815,1009.6352597506028,2239066
2016-09-07,977.843017578125,1001.5423139826534,970.8113270323903,1001.5423139826534,3854040
2016-09-08,930.3841552734375,945.5693183345071,915.4192796884597,945.5693183345071,7021516
2016-09-09,942.544189453125,948.2336118618363,929.5626849251594,933.4290623494105,2742438
2016-09-12,945.18896484375,947.1521845840117,931.145634399771,936.354280375329,2024454
2016-09-14,932.9285278320312,952.6212739781614,925.5362771303628,946.3708599921719,2069858
2016-09-15,932.327392578125,938.397525956731,928.240629183962,937.536037524447,2818964
2016-09-16,946.2503662109375,951.979894398349,929.5426578300377,936.2337427429413,4358004
2016-09-19,966.18359375,972.4139540576832,941.5627490875795,947.5727240817555,2802546
2016-09-20,964.2003173828125,968.3671942332567,955.7462468002384,966.0033098732437,1184552
2016-09-21,966.9647216796875,971.2118091474541,961.876296533763,964.6809510981327,1678020
2016-09-22,952.78125,972.8144974768713,950.0167009756283,971.7126688656434,2857574
2016-09-23,960.8347778320312,963.1386015873172,950.036777802373,954.3840321897889,1800726
2016-09-26,962.03662109375,969.2485899727611,959.5925258462053,962.0366210937499,1753476
2016-09-27,976.060302734375,980.8281783628539,962.0370240404617,962.0370240404617,2038792
2016-09-28,970.8313598632812,976.6209496214185,967.6861004468021,974.0166270890948,1731328
2016-09-29,976.7415161132812,984.2339348076043,969.4494299927029,975.6196341365832,3603958
2016-09-30,973.9364624023438,981.5490970962445,970.8513615901145,976.4406185516532,2175364
2016-10-03,966.283935546875,984.6944760599978,962.0369444705922,981.629427383575,1818880
2016-10-04,963.6595458984375,971.632839415718,960.7948297994193,969.609461265469,1780718
2016-10-05,956.1267700195312,967.7660076791007,952.0199545936114,964.8011264014798,1176354
2016-10-06,957.0888061523438,962.5578459171896,950.6781642273045,959.5929631543122,2267572
2016-10-07,948.6946411132812,956.7880548443064,944.8482178457608,956.7880548443064,1816512
2016-10-10,953.703125,956.347455879837,943.5863315654472,949.536149409049,1202142
2016-10-13,933.108642578125,949.5359069303635,929.9033227045174,946.8915767257971,5173334
2016-10-14,948.0533447265625,956.3871948951476,917.92336133422,927.5393197244518,7741214
2016-10-17,946.5512084960938,951.9001264970004,939.3191841633877,949.1354787251628,2728346
2016-10-18,961.6759033203125,967.8862094634266,943.4857554221079,951.9798320025217,2128632
2016-10-19,959.6326904296875,965.6025592411264,949.6961797999188,961.9965745800599,1985058
2016-10-20,962.0567016601562,965.3422328332048,955.9866661887869,960.3538754525694,1265854
2016-10-21,973.0750122070312,974.3771734558061,960.8948353459325,961.5959990952728,1259660
2016-10-24,975.3047485351562,978.1972586098717,965.201020861061,975.5056186525825,1253190
2016-10-25,963.5540161132812,970.0421808958043,956.5436673985101,966.1854347305405,1772466
2016-10-26,962.6700439453125,965.2813554886175,953.1287133063136,963.6141727357217,1437130
2016-10-27,971.4483032226562,976.0281036202799,950.3167232409023,956.0214161463502,2941602
2016-10-28,963.6541137695312,970.2427113214552,959.3555136220334,968.1937972483671,1752102
2016-11-01,944.0891723632812,964.0556343923668,937.7215529683169,964.0556343923668,2934776
2016-11-02,925.6295166015625,941.6790177876529,921.9937482178598,940.4737972017472,2325076
2016-11-03,931.8162841796875,938.0633638851648,917.7754838525306,921.5920157398577,1463310
2016-11-04,936.2755737304688,938.5252598360235,921.5919508863094,932.0371953165815,1183752
2016-11-07,914.78271484375,942.0407337145767,907.9531301535288,939.2285517833093,2048052
2016-11-08,917.253173828125,926.8146098791626,907.9328211213297,916.1483883156986,1933634
2016-11-09,871.7160034179688,913.9589457898359,860.8690181272761,875.7936271744362,4500226
2016-11-10,865.9310302734375,890.859033208993,860.0455746528921,885.7569514850795,2172426
2016-11-11,844.116455078125,862.5563907032504,838.110458184368,862.5563907032504,2398424
2016-11-15,852.2113647460938,866.7744445843807,824.3305406346245,850.4436493101736,6290324
2016-11-16,879.6503295898438,887.4038365304724,858.920497252526,861.7728917377683,4019958
2016-11-17,858.5991821289062,887.2834928045424,855.7668939499374,877.8023843407752,2504688
2016-11-18,853.7384033203125,863.7416981736843,845.3419716847344,860.5277755758287,2140534
2016-11-21,856.87158203125,859.7239765128672,845.6630703549465,854.1799424686676,1793366
2016-11-22,857.7152709960938,874.769121756354,852.512755362009,856.5100504747877,1318860
2016-11-23,866.29248046875,868.943906820619,854.5816953177563,863.3396508993582,1275808
2016-11-24,879.1884155273438,886.8818000325267,858.518899632983,865.7100107531019,3026234
2016-11-25,924.1432495117188,926.9152180828347,880.6949813941524,888.6494581858187,4276148
2016-11-28,917.0121459960938,931.8162123267234,904.6786443832087,921.5919446752938,1924296
2016-11-29,907.872802734375,920.7887133864702,904.9400791008202,913.9591286885776,1442296
2016-11-30,914.3804931640625,921.8930127518838,900.821765991004,909.9412458363729,3445832
2016-12-01,909.3187866210938,919.9850079672393,905.5424681789077,914.762385651268,1123052
2016-12-02,892.6062622070312,912.271420084619,885.9172308298492,907.129127293313,1998032
2016-12-05,878.2042846679688,899.0345581913775,871.7764399494475,895.4791173489947,2249526
2016-12-06,876.7378540039062,885.4153843591072,871.7361095395631,879.8111276144978,1593444
2016-12-07,865.5693969726562,877.5813901288595,861.993850222355,876.6774746481086,2065706
2016-12-08,882.1210327148438,883.4266883479182,867.7588207510247,867.9596908484208,3239546
2016-12-09,881.9199829101562,891.8228374614542,873.1018070475534,885.8369490112262,1588718
2016-12-12,887.1226806640625,890.899097352881,868.9640434318685,881.7394012733009,1311758
2016-12-13,883.9491577148438,891.0599410547367,876.9990312545042,891.0599410547367,2147534
2016-12-14,886.8816528320312,893.7513510011987,879.4092463170444,889.452750729071,1870366
2016-12-15,907.651611328125,912.793905265556,884.6318793208583,884.6318793208583,4295410
2016-12-16,917.0322265625,919.9850562593545,904.7189286882385,914.7624336692359,1987230
2016-12-19,919.5432739257812,923.0786079532041,908.4553012120587,915.9678247196314,1334210
2016-12-20,939.790771484375,942.0806707693868,918.7998482230954,920.7884423895243,2922760
2016-12-21,929.4661865234375,941.5987212157347,926.2522648523068,941.5987212157347,2034902
2016-12-22,927.0957641601562,934.0458886684025,918.4583505660183,926.4128254921877,1868300
2016-12-23,919.2219848632812,931.1335450748918,915.485780598498,924.0026550198473,1118954
2016-12-26,921.2304077148438,924.6451991029647,910.3432100567493,910.3432100567493,897408
2016-12-27,933.4029541015625,936.054478121809,916.5700823325782,916.5700823325782,1294692
2016-12-28,929.3859252929688,944.0494455251714,925.268087419542,934.7290906376398,1350418
2016-12-29,944.7725830078125,948.0668336392886,925.2078512748891,925.2078512748891,1963516
2016-12-30,950.3364868164062,955.5792156955719,942.3417985169717,946.0578951209758,1405748
2017-01-02,948.6493530273438,954.1732813161108,945.053699421765,950.7584892830548,823132
2017-01-03,951.4210205078125,952.8070042783804,941.3976243268496,948.6088397230327,1475324
2017-01-04,955.9408569335938,959.6971672365686,947.423983855135,952.0037831471896,1420066
2017-01-05,937.8224487304688,960.1391403850496,932.1980849404238,957.7488053905047,2216404
2017-01-06,916.5300903320312,935.7936121705548,906.7678815397871,932.4390421316493,3009896
2017-01-09,925.489013671875,928.5422788682017,906.7277632205748,913.9590878718687,1854578
2017-01-10,930.1693115234375,935.9744384226896,920.5877674886336,925.6095205297019,1533914
2017-01-11,933.8050537109375,935.8941816007641,916.048153215263,930.0287343675525,1931296
2017-01-12,941.8196411132812,948.1068357705913,925.6093854302721,933.8048459646627,2570374
2017-01-13,903.6345825195312,947.2836320077637,899.0346751605923,943.2863351695889,10235580
2017-01-16,907.3502807617188,913.5169335238659,895.0770989494024,903.9153826912726,3364808
2017-01-17,915.4652709960938,919.1010385892774,905.0401348109501,905.8837301890011,3009956
2017-01-18,922.0340576171875,923.199065072606,910.1224007357076,915.1642603287191,3136574
2017-01-19,920.3867797851562,922.0539623493584,917.1527516236412,921.9937405530047,2251676
2017-01-20,918.1170043945312,924.0024590862698,909.9415521001744,918.7798364914344,2037246
2017-01-23,929.3372802734375,932.0769252283203,910.4419628884922,912.536950785453,2318546
2017-01-24,934.0310668945312,935.90444799063,922.6092061552057,928.2496117823555,2282638
2017-01-25,947.9911499023438,950.8113530682241,933.9102980534459,935.7434497834442,4111648
2017-01-27,949.925048828125,958.365494573209,944.7882500658303,944.7882500658303,2871658
2017-01-30,939.8930053710938,947.5680057547554,933.9504350039316,943.1564223407989,2577956
2017-01-31,898.3557739257812,939.5508927133096,886.3699080682852,934.6960937610346,4666804
2017-02-01,873.4166259765625,902.4445854690064,868.4410422896678,894.4070284664444,4864152
2017-02-02,889.4314575195312,894.004254089617,867.4137715434634,874.2829992067259,6009482
2017-02-03,899.46337890625,903.6735189635328,882.7234418408829,890.2573922108938,2153372
2017-02-06,902.7667846679688,909.9180110108703,892.3723064241473,909.7165680152956,2408910
2017-02-07,904.3182983398438,907.5413875637429,896.8245765499274,904.0765273037005,1814638
2017-02-08,914.934326171875,919.6280090590672,904.0967275659401,904.4391217931937,2212584
2017-02-09,933.6080322265625,937.9188940692256,914.6320564944739,916.5659295564813,4033202
2017-02-10,966.1008911132812,976.7773748330479,931.0699575992799,931.0699575992799,5782160
2017-02-13,972.6679077148438,978.6104785500074,959.815878608909,965.3152353255734,3819812
2017-02-14,969.4446411132812,974.8432753028251,966.1208309151785,974.8432753028251,2033328
2017-02-15,972.4461669921875,978.2074579363912,956.8948224352531,965.7179887452758,1924972
2017-02-16,986.1647338867188,998.3520419043158,981.269705713264,991.1000900260761,4175680
2017-02-17,970.109619140625,997.385092936869,967.7326299600984,995.9346633061463,2723324
2017-02-20,1008.1016235351562,1029.3740302113054,970.1900988949714,976.998834936366,3973948
2017-02-21,993.2554931640625,1017.6501729188956,989.1459753981604,1012.8558666731894,5501112
2017-02-22,971.56005859375,995.1289009855121,966.9872609391984,993.4770282427602,4505496
2017-02-23,999.8827514648438,1004.4957776783287,972.9699400754694,972.9699400754694,4853352
2017-02-27,1003.1260986328125,1008.0211259070762,995.1489333599342,998.7950726122285,2139892
2017-02-28,993.6177368164062,1003.186280658024,987.0708383984573,1002.9848376297793,2354828
2017-03-01,998.9761352539062,1007.980579547774,995.1285537645489,999.117086356349,1130374
2017-03-02,1007.7996826171875,1011.2443793584952,995.1490950643896,1001.8571110651804,1544942
2017-03-03,1004.8181762695312,1007.0944435689045,997.3042908980669,1003.9922400275108,1013970
2017-03-06,996.13623046875,1000.7694222383722,988.904442117911,999.1578772750254,1400694
2017-03-07,1007.1344604492188,1009.2294480144458,997.1630317712318,1000.3256279111793,1511672
2017-03-08,1012.1306762695312,1015.273208252968,1004.0729523945078,1008.0212567654467,1791510
2017-03-09,1015.1724243164062,1016.8846905346202,1008.8471311354155,1012.9162224257012,858468
2017-03-10,1024.2371826171875,1027.1782708046933,1012.8354863718743,1015.1118518420407,1171420
2017-03-14,1034.4097900390625,1042.3264604802257,1027.7823351070851,1030.0989295735797,3402294
2017-03-15,1006.5303955078125,1036.283475928294,1004.737571977621,1036.2230823557072,3022496
2017-03-16,1015.6356201171875,1018.0932648892472,1009.6326560397521,1009.6326560397521,1571818
2017-03-17,1017.5897827148438,1025.7482279687192,1011.1436037488188,1025.7482279687192,2593152
2017-03-20,999.157470703125,1017.6700662643439,993.5170656265751,1017.6700662643439,3487540
2017-03-21,1001.8569946289062,1003.9923109495703,993.1143846270829,999.9634493486491,3373700
2017-03-22,998.7345581054688,1005.6037863341323,995.1085829143601,999.2180017921088,1888716
2017-03-23,991.2410888671875,1001.1923582080423,985.9430763882513,999.963535641543,2620638
2017-03-24,977.8851928710938,995.0481813149574,976.3139763119656,995.0481813149574,5099814
2017-03-27,971.781494140625,983.0421416235237,969.344013420573,977.7844580381583,2181270
2017-03-28,978.99267578125,984.411472032807,970.955120904846,970.955120904846,1153158
2017-03-29,984.8954467773438,987.3933210453175,977.2406105091499,981.43058680634,1717764
2017-03-30,983.4450073242188,993.1142740902086,981.0276906327213,985.0162238293449,2986086
2017-03-31,979.73828125,983.3844195451154,972.9697761783289,982.3972700690093,1867044
2017-04-03,971.6405029296875,981.0277698451448,970.2304014124563,981.0277698451448,1196888
2017-04-05,967.4303588867188,974.9441461715147,964.9123204721255,974.9441461715147,2905568
2017-04-06,966.94677734375,970.9554742561622,963.9251316769777,966.9266133671325,1720704
2017-04-07,978.6304931640625,980.3225950985533,963.7639371747151,964.8718739409829,2277012
2017-04-10,975.8910522460938,986.6682575913649,968.941265621573,979.8191925121271,2543264
2017-04-11,974.7023315429688,984.2910401013994,969.3439269049462,973.8965593676529,1557784
2017-04-12,964.20703125,978.2073213726104,960.0774492713882,975.9914481157945,1050538
2017-04-13,938.1803588867188,970.5522853750465,935.1184845828145,966.9263117061485,2500472
2017-04-17,932.6209716796875,939.8929874371349,924.6840364486652,938.8857721398853,2270882
2017-04-18,930.1835327148438,940.416801249602,927.4640512902777,938.7246991464912,1730620
2017-04-19,926.2952270507812,946.258246287951,907.6215215902282,911.9323817434008,5626812
2017-04-20,936.9116821289062,939.5304419370498,922.9919468611382,928.7734020896187,1268842
2017-04-21,930.9893798828125,941.0010421754557,927.0410757506812,938.3622164547008,1161154
2017-04-24,937.9592895507812,942.6125459163661,919.5876416804164,926.6381493384262,2000020
2017-04-25,931.2710571289062,944.5461321279017,927.7256403973666,937.9186766152255,3148710
2017-04-26,930.80810546875,944.3450218117032,927.8670167452576,942.7536411067975,2187438
2017-04-27,927.7056274414062,937.8382717486377,917.6334750649513,929.0754991811219,5773186
2017-04-28,915.8206176757812,926.1345425181041,913.7457933359697,924.2208332948476,2540510
2017-05-02,922.5690307617188,927.4439929185463,918.5804968958669,924.2209034557537,2382696
2017-05-03,941.6656494140625,944.7678525412799,913.9470675863085,924.6235486491418,3514406
2017-05-04,938.764892578125,946.7822862106289,930.1833994181718,946.762122234495,2708208
2017-05-05,934.8971557617188,939.7317887585473,927.645206266476,929.8610797233557,1682474
2017-05-08,943.7404174804688,945.7346837755144,933.7689876443878,935.0985312947026,1071782
2017-05-09,947.809814453125,951.2141826859464,939.7520916010628,944.3449542823885,1790270
2017-05-10,939.711669921875,949.260050877102,933.0842132092072,948.7967712036627,1206388
2017-05-11,946.5607299804688,950.8111980166568,935.803690759826,945.6945642079774,2071302
2017-05-12,951.0730590820312,954.7997556107179,934.7159419834514,944.083044069069,2314446
2017-05-15,952.8663330078125,958.0433624330174,943.3985058964469,956.8951956083937,1817604
2017-05-16,978.6708984375,981.0278218713586,956.2301584882247,958.8690825683094,3601026
2017-05-17,989.2263793945312,991.4019248899335,976.1929753157814,980.4232791708436,2876198
2017-05-18,1021.8001708984375,1036.2235194967404,983.949024296623,987.0713929887302,5138594
2017-05-19,1010.0958251953125,1023.5522796710662,1001.5748237024462,1021.7996858282878,1786044
2017-05-22,1019.8455200195312,1028.870127115681,1011.2438645366068,1011.2438645366068,1663940
2017-05-23,1015.9581298828125,1033.0606297207305,1012.8559257569284,1020.5913212695287,2748596
2017-05-24,1031.0458984375,1035.417251860712,1019.1607587760637,1021.2356811572045,2534548
2017-05-25,1057.4146728515625,1062.6320270664312,1034.6112850897487,1038.237259219736,4094094
2017-05-26,1038.740966796875,1058.3212683292616,1033.2616771283072,1057.5758897864043,1362550
2017-05-29,1036.5655517578125,1046.0937687706496,1032.999970393971,1039.043261952438,1749290
2017-05-30,1027.8028564453125,1037.8145178650552,1017.2874889968768,1031.3885036958434,927634
2017-05-31,1025.98974609375,1036.424456378248,1018.4960255487699,1020.5104559790484,2502730
2017-06-01,1028.81005859375,1033.0000349919585,1019.3019066028297,1019.3019066028297,1080064
2017-06-02,1033.3621826171875,1044.2200381711748,1028.3664359455654,1029.8772583294228,1355648
2017-06-05,1049.0953369140625,1055.5213511279267,1031.4489044388474,1033.402941547917,1500188
2017-06-06,1086.1805419921875,1091.397895472395,1059.59006878318,1059.9929547408922,5946720
2017-06-07,1053.6475830078125,1087.7921705844924,1038.0559149016021,1086.5835126171762,4927776
2017-06-08,1015.917724609375,1049.4982251847132,1013.4600798239895,1046.6981861986583,3330714
2017-06-09,1010.03564453125,1026.3122067182342,1001.5750348243669,1015.2731648259874,3148034
2017-06-12,1002.0585327148438,1012.4126883387204,995.2900249113932,1006.0068371302639,1626506
2017-06-13,998.7381591796875,1010.7765678527549,996.8845125886454,1004.2175412877036,1175414
2017-06-14,1006.3358154296875,1008.6986998043773,1000.1435008157295,1000.1435008157295,1489142
2017-06-15,982.300048828125,1006.1323953859112,979.7742473756552,1005.8472419004128,2997198
2017-06-16,977.6151123046875,991.996019043722,972.2375767752947,983.8278183787805,2450426
2017-06-19,990.6514282226562,996.61975853883,979.8351908911186,984.6220291176057,1644742
2017-06-20,996.0694580078125,997.6990194933059,969.7113208720655,990.3659928085858,1670958
2017-06-21,980.3038330078125,994.9087235455702,976.5965394732793,994.0328737074766,1657818
2017-06-22,975.6392822265625,990.3664105799126,971.6264455915638,981.4038186289631,5775882
2017-06-23,962.1339721679688,983.4201224347846,958.9970857049701,977.4925717028233,1424756
2017-06-27,954.4547729492188,971.5040039158832,949.8716303032506,957.6120489942189,1974330
2017-06-28,957.38818359375,960.6269185797968,951.256935913412,957.327015334793,1789726
2017-06-29,950.5435180664062,966.350283271264,946.4085458680312,961.033819401544,2471826
2017-06-30,962.398681640625,968.3669107848898,946.4086095967432,946.9381375100197,1753848
2017-07-03,966.9815063476562,970.8313241952854,954.556104118896,960.3817049397123,1475956
2017-07-04,964.2320556640625,969.7725057014716,957.3878767138026,966.8597039817774,1215134
2017-07-05,959.8117065429688,963.4782198531924,955.33041249714,961.7672002005291,815856
2017-07-06,956.3695678710938,962.2155617456876,953.3345286026175,961.0341691049877,1026788
2017-07-07,950.0140991210938,959.9951647167641,947.3864507237323,957.3675163194026,1232090
2017-07-10,991.9755859375,996.0291019611127,969.1617154570143,980.1816495722938,783608
2017-07-11,1008.617431640625,1024.5056613272684,988.3293646101812,988.3293646101812,3537504
2017-07-12,993.808837890625,1011.6729529433703,989.9997959988874,1011.347020617621,2646450
2017-07-13,996.6399536132812,1007.0691888810627,988.5737022999139,996.0696467694977,3131960
2017-07-14,976.69873046875,987.9223631880187,967.55282992641,970.8119552482674,4508432
2017-07-17,975.8833618164062,986.740376187067,970.4854387507452,976.7999902615185,2211822
2017-07-18,981.1387939453125,995.2548327342553,976.1685510697221,976.1685510697221,1908002
2017-07-19,997.9432983398438,1002.1801175893467,983.8883332760907,984.0512496085638,3915576
2017-07-20,995.9472045898438,1000.9173471465764,990.1622813037931,997.8008506411501,1182504
2017-07-21,1014.8909912109375,1018.4760467877406,991.8123637749478,991.9548907451673,2148416
2017-07-24,1033.88818359375,1037.6876109362886,1013.9923820251449,1013.9923820251449,2271402
2017-07-25,1050.5565185546875,1054.0290950305634,1028.8630891443574,1031.8658863462967,2678832
2017-07-26,1044.223876953125,1051.9861045204605,1040.5470323159661,1045.8580301251957,1459826
2017-07-27,1013.8695068359375,1055.9898466119525,1007.659744454598,1038.586074660589,4255304
2017-07-28,1014.931884765625,1018.5065954757456,997.650691898822,1013.5836882067885,1382752
2017-07-31,1017.9961547851562,1029.1083809512704,1006.2302271865738,1009.4985348672448,2019662
2017-08-01,1022.0198974609375,1029.8230196443596,1017.6690040401071,1021.3458490968558,1747460
2017-08-02,1010.6427612304688,1024.6147607470282,1005.8219860283824,1021.3464521003071,1251024
2017-08-03,1017.0361328125,1022.1633108546839,1007.6397474609181,1013.1754639966491,1882548
2017-08-04,1030.6607666015625,1032.9077279566416,1016.443609352169,1017.5875368992838,1387890
2017-08-07,1022.755615234375,1029.5169468773122,1013.6656342550019,1028.0870622288714,1885520
2017-08-08,1022.5919799804688,1033.030155210717,1019.8343460018353,1026.2483784187905,1073958
2017-08-09,1026.24853515625,1030.6812170137455,1018.6088864708877,1021.3460740010449,992946
2017-08-10,1026.023681640625,1029.7618676152524,1015.7694282756613,1025.0227825703353,1526172
2017-08-11,1019.7321166992188,1035.6446646757606,1014.4006715542066,1021.3049294223904,1394736
2017-08-14,1008.8447265625,1025.3905324431119,1006.2301205912763,1022.5716572634855,786504
2017-08-16,1018.2208251953125,1039.2401080752534,1007.1289466572649,1014.8094893103564,1373340
2017-08-17,1015.4833984375,1023.3886560964881,1005.8623992476894,1021.6319210899555,1752374
2017-08-18,1026.9840087890625,1041.732187466781,1009.661918104059,1010.7241580047638,2837356
2017-08-21,1033.112060546875,1041.364517354519,1019.0174839094757,1023.5930946377981,2304834
2017-08-22,1020.3450317382812,1037.4831965089813,1018.0776238237374,1030.742313365686,1131326
2017-08-23,1017.0361328125,1028.2097005073485,1010.3769354195147,1023.388926335325,1562272
2017-08-24,1019.9566040039062,1028.678835533185,1015.6872996278786,1020.4059362208487,1623908
2017-08-28,1016.1577758789062,1023.5522624833017,1005.4131939635537,1023.2255114937013,2036796
2017-08-29,1009.4374389648438,1019.7121428152199,1006.6184633409171,1013.9926035526345,1312602
2017-08-30,1015.0342407226562,1017.2607553595133,1005.0454954224134,1013.5839092558042,970782
2017-08-31,1019.8545532226562,1023.1432065132375,1007.7208867751922,1015.2176039481469,1784664
2017-09-01,1003.5542602539062,1020.5494997498267,995.4243849571676,1013.1753607446276,1702330
2017-09-04,1003.4515991210938,1005.4126026094879,996.0162231458478,1002.1851904291585,1062544
2017-09-05,1014.952392578125,1017.2605945932241,995.6285067166042,1005.0044428511371,1165994
2017-09-06,1002.2266235351562,1011.0715418630373,1000.9193202894777,1008.3342541332437,1228764
2017-09-07,1005.045166015625,1008.4359542961478,1001.34787425275,1004.1871956429618,870636
2017-09-08,1009.3350830078125,1010.7240737706651,1001.9609444130987,1002.4511705799392,1021134
2017-09-11,1002.7372436523438,1014.3805902320722,1000.919267380168,1009.5802631334122,732764
2017-09-12,1016.6275024414062,1020.1205261937206,1003.778987928703,1010.6832479493393,1396460
2017-09-13,1016.9336547851562,1034.2760880317676,1011.2141178069036,1021.3458889736844,1278980
2017-09-14,1016.01416015625,1020.3651522744325,1009.8656396710618,1013.9919158081732,1081510
2017-09-15,1023.8177490234375,1028.2912248688015,1015.2179951525513,1020.9375331534108,2944072
2017-09-18,1020.9580078125,1029.0878828672494,1016.954311154756,1023.3683447107097,726600
2017-09-19,1020.630859375,1023.3884930388772,1017.8732257111228,1023.3884930388772,782754
2017-09-20,1018.7111206054688,1027.065712358868,1010.846755067319,1027.065712358868,1334642
2017-09-21,1031.5184326171875,1038.095939901315,1013.1751007301303,1017.6894694133998,2438740
2017-09-22,1022.8169555664062,1032.3358221450064,1018.0778694079794,1029.4760528489167,2435396
2017-09-25,1025.7379150390625,1035.2364340173192,1018.3842229268637,1019.9366889876055,1599558
2017-09-26,1010.9896240234375,1032.1314885731106,1007.4558063670229,1025.4314979648125,1449230
2017-09-27,1019.3031616210938,1026.3300011438273,1010.6217218678078,1017.2604699144382,2010356
2017-09-28,1011.7247314453125,1027.0653657466098,1001.7359891848397,1019.1805559977689,4332866
2017-09-29,995.1791381835938,1014.8094290930802,989.2757779987495,1012.7667370055337,1985014
2017-10-03,1000.2857055664062,1002.6756948161002,991.5430247512543,996.8335764485882,1923006
2017-10-04,997.7733154296875,1002.5531945754659,990.7055814366361,1000.7556655817631,1300778
2017-10-05,992.584716796875,998.2429125397655,990.4602377945382,997.2420136295096,1684686
2017-10-06,999.55029296875,1002.9616280153487,991.9515396641153,992.7481694815875,1389188
2017-10-09,1002.5941772460938,1008.2523745232702,997.262730912527,997.262730912527,1773616
2017-10-10,1004.6981811523438,1009.0695226104312,1001.4298735588828,1002.9618927433177,1222010
2017-10-11,1021.4891357421875,1027.2494679433732,1003.6768197329593,1005.0045696725673,1527746
2017-10-12,1041.037353515625,1043.8154341103416,1024.2055942523,1026.6568242345552,5006356
2017-10-13,1045.2862548828125,1065.8561008167105,1030.7422498283877,1041.037396228096,4066320
2017-10-16,1055.826416015625,1058.114270550975,1043.8358759216235,1043.8358759216235,1218590
2017-10-17,1059.9732666015625,1068.3074096008174,1053.0281141885785,1056.0717051508113,1443016
2017-10-18,1056.7254638671875,1067.7763477791675,1054.029070534608,1060.1571465260884,1514144
2017-10-19,1055.62255859375,1060.4842264424472,1050.3524519981472,1058.9317602408394,86822
2017-10-23,1057.2564697265625,1074.0474376129594,1040.731111640704,1055.663209886606,1886088
2017-10-24,1053.3751220703125,1070.7379999727257,1049.5553487762597,1070.3703553958167,1339020
2017-10-25,1048.66455078125,1070.8266886656145,1046.657302808204,1056.2840920903927,1105106
2017-10-26,1040.0411376953125,1052.4534669494992,1031.4588803230217,1038.5049484299605,3007552
2017-10-27,1058.659912109375,1062.2852593863993,1036.5387829162578,1039.6930720765122,1409270
2017-10-30,1071.7276611328125,1073.2843530977873,1057.5947183153035,1059.3562355385031,1137252
2017-10-31,1074.9229736328125,1081.4773820086223,1065.6239267520994,1065.6239267520994,1592634
2017-11-01,1066.2587890625,1076.090400556586,1056.427177568414,1074.9228566867337,741882
2017-11-02,1075.8037109375,1095.405529013983,1067.856530574869,1068.5734190100877,1468422
2017-11-03,1073.325927734375,1080.1260699086572,1066.2389500364973,1078.3645517506757,666886
2017-11-06,1091.944091796875,1094.5044078474893,1069.9048712307176,1073.2844884175286,1377000
2017-11-07,1110.1732177734375,1133.9124412575623,1092.1485980424648,1093.7666973113046,2696892
2017-11-08,1120.394287109375,1130.2259005977205,1113.5326401956338,1115.4784803652021,1402252
2017-11-09,1120.967529296875,1126.5388158090784,1113.9625661223292,1126.5388158090784,1152432
2017-11-10,1109.6409912109375,1116.707463605359,1103.332412382596,1115.150771423249,1356566
2017-11-13,1130.2054443359375,1137.763477512048,1106.89636640802,1106.89636640802,1496996
2017-11-14,1112.0374755859375,1129.2222969680638,1109.1289165385526,1129.2222969680638,1657252
2017-11-15,1108.2276611328125,1128.587273616271,1106.6095614507858,1108.5143965174698,6670834
2017-11-16,1125.1668701171875,1131.8646979656858,1100.7107473514543,1110.153214436123,1653482
2017-11-17,1109.046875,1125.7606362516447,1107.531188075458,1125.7606362516447,1325464
2017-11-20,1107.4697265625,1117.0760116727395,1104.1311146839143,1112.2012102771967,1014498
2017-11-21,1094.97509765625,1106.465812228505,1092.1280471681578,1106.465812228505,1527740
2017-11-22,1098.1297607421875,1110.0301298061545,1094.750143538836,1094.9959738858365,1822624
2017-11-23,1098.3756103515625,1103.1890046346882,1093.3573907797931,1098.2731977072406,793470
2017-11-24,1101.1611328125,1107.2443832067752,1095.0368773600799,1098.6827270908307,2287512
2017-11-27,1100.2598876953125,1104.3767954060138,1090.5715929026944,1101.140596307217,1856786
2017-11-28,1100.0343017578125,1107.0392639892884,1093.7666302784737,1100.321037051678,911716
2017-11-29,1088.9127197265625,1103.1890833688624,1085.5741072883347,1096.839498967742,1447532
2017-11-30,1080.2486572265625,1092.5176729783332,1074.513548693695,1087.0692998696377,4299962
2017-12-01,1077.3604736328125,1092.947697491941,1073.898946392475,1079.4292289697394,1031144
2017-12-04,1078.3438720703125,1089.0561960019686,1066.3000835835064,1074.1039480598688,1259104
2017-12-05,1079.654296875,1086.270111842086,1076.6228234438988,1077.7903672674174,1167914
2017-12-06,1078.733154296875,1083.526047244404,1070.3558179038305,1079.8391911290166,1407518
2017-12-07,1072.157958984375,1083.9149103919167,1071.2362451978759,1078.323220092094,1326300
2017-12-08,1065.7059326171875,1083.525731990183,1063.862505095843,1072.4651668621168,1385548
2017-12-11,1090.120849609375,1094.8522322844758,1068.5117884291733,1068.5117884291733,1008002
2017-12-12,1070.0687255859375,1090.4898470619662,1068.1228853254024,1090.0801964808009,1882246
2017-12-13,1076.7257080078125,1086.1681753134712,1065.5013204159122,1069.7616470900614,2961458
2017-12-14,1047.80419921875,1078.2002500966664,1036.8665495108912,1078.2002500966664,5504150
2017-12-15,1042.8065185546875,1058.7213830018916,1039.2220761099554,1050.241636306537,2718138
2017-12-18,1057.103271484375,1060.564798718505,1021.8119156984275,1039.2834721007011,2180664
2017-12-19,1054.9730224609375,1064.1901593208433,1050.6306868686697,1055.2597578274454,1801952
2017-12-20,1060.564697265625,1062.1213892492497,1044.8750622951718,1057.7176461446584,1577570
2017-12-21,1063.3299560546875,1068.368678027917,1056.9189646903246,1059.7660161266188,1293648
2017-12-22,1084.242919921875,1091.2683889663872,1061.0771543364851,1066.730353632403,3665664
2017-12-26,1085.3485107421875,1101.857446100297,1078.0363092335006,1100.3212567061614,2175786
2017-12-27,1073.2431640625,1089.055711291749,1069.3924898729024,1085.3483547509406,739284
2017-12-28,1076.13134765625,1087.0075882991307,1067.4057721117563,1068.6962311781854,2605088
2017-12-29,1106.548095703125,1109.702385078315,1072.6905162192927,1074.5544463085605,2609542
2018-01-01,1083.77099609375,1103.9257731277185,1079.4286624183837,1098.8051437993581,1351760
2018-01-02,1077.8724365234375,1093.6030766199972,1073.3662807687306,1089.6703915927735,1920290
2018-01-03,1080.9241943359375,1093.3571263546792,1077.8723182757037,1078.20005866074,1257120
2018-01-04,1088.4822998046875,1090.4895470953138,1081.4772367887408,1085.5737414735468,913082
2018-01-05,1101.6322021484375,1105.8516226745382,1085.5739211289224,1085.5739211289224,1153706
2018-01-08,1111.955322265625,1117.0555512072144,1098.6212779600235,1106.0563948314573,1242220
2018-01-09,1109.7432861328125,1114.6590924944196,1096.4501464324337,1112.201189313616,2149396
2018-01-10,1149.72509765625,1153.5757722319233,1103.864645593348,1110.5624710656052,3365850
2018-01-11,1143.1297607421875,1155.9927468928913,1139.729641469282,1151.1179457751466,2520744
2018-01-12,1137.33349609375,1149.0699459106766,1122.6679844465011,1149.0699459106766,3360314
2018-01-15,1124.9415283203125,1150.2988599066184,1120.4148692858023,1137.661099165168,1457214
2018-01-16,1167.8525390625,1172.276685858589,1126.7645608526607,1128.9971367846865,4267752
2018-01-17,1183.4600830078125,1198.228007166991,1172.4814269054868,1175.697224126244,4280806
2018-01-18,1195.4422607421875,1201.5051091166054,1174.898324878664,1186.7576887524056,2209478
2018-01-19,1212.2791748046875,1221.5782244517975,1189.4820563832036,1200.5017187507005,1820000
2018-01-22,1279.6617431640625,1287.176142187684,1199.8369049855485,1215.8511552574296,4367110
2018-01-23,1273.748779296875,1290.3174084503753,1268.8418690074382,1279.0663113720298,3239610
2018-01-24,1303.5604248046875,1338.237426895634,1265.8036579757163,1268.8217692742735,5621538
2018-01-25,1281.5714111328125,1305.695446065326,1265.125985141688,1303.7244410337098,3833844
2018-01-29,1313.5177001953125,1324.2554211069803,1281.9613719987574,1285.821177157389,3141060
2018-01-30,1294.6292724609375,1315.5504378111707,1290.8720219989561,1305.7776167303982,1574758
2018-01-31,1277.9989013671875,1293.4587732717423,1272.352851166398,1288.1206894455415,3043214
2018-02-01,1288.77783203125,1309.8837558979646,1268.328843002132,1282.7827126724897,2400630
2018-02-02,1294.957763671875,1309.8839103995788,1274.344563564388,1281.1403763155754,2456490
2018-02-05,1274.2415771484375,1309.0623265881277,1263.4217526351313,1277.0338254984558,2757742
2018-02-06,1230.736083984375,1263.5447228771204,1225.7059673678737,1235.9715114831824,2657306
2018-02-07,1213.4080810546875,1244.594789565499,1210.2873149896404,1242.952302215363,2180324
2018-02-08,1221.271484375,1243.1987512815572,1215.0300523143246,1223.5504556889518,2755004
2018-02-09,1220.2451171875,1229.402005885106,1189.4279226079836,1211.334641737162,2102458
2018-02-12,1218.4383544921875,1241.4537314812178,1213.6135472837161,1222.9551952830968,1974562
2018-02-14,1195.64892578125,1221.3743489495585,1187.7239026814802,1219.54710145687,2847532
2018-02-15,1201.418212890625,1208.4603388838814,1192.897807850924,1203.9229465116357,2465236
2018-02-16,1204.3743896484375,1231.701292737074,1200.247620168951,1200.247620168951,2515756
2018-02-19,1200.494140625,1212.6895901282571,1188.8324193537783,1209.2814085534058,1568224
2018-02-20,1209.1785888671875,1225.7266680498926,1202.2595711895378,1202.3006734707953,1889068
2018-02-21,1249.2347412109375,1257.5703839277498,1215.4610976466947,1221.1892517940198,3089228
2018-02-22,1252.4783935546875,1264.3043195490434,1241.1041915677115,1253.2175327261061,3463010
2018-02-23,1262.9906005859375,1268.4107885024516,1228.6215746670205,1252.3965376926117,3362500
2018-02-26,1244.8818359375,1268.800550886626,1240.5703079209193,1262.6617762843352,1363882
2018-02-27,1249.2554931640625,1264.1199848899075,1245.0055166863995,1248.7011135367218,1717800
2018-02-28,1246.2578125,1258.1247433568049,1240.673315479462,1246.2372613584855,2706864
2018-03-01,1247.345947265625,1256.9955605361633,1240.0779607245183,1251.985994122204,1718124
2018-03-05,1275.32958984375,1278.5323592628142,1245.3952044123262,1251.9857034851539,2858168
2018-03-06,1249.43994140625,1284.0142743793,1244.245515867738,1281.9611655299566,1906764
2018-03-07,1243.136962890625,1268.4107550259325,1239.4619177875616,1260.6089407347404,1917772
2018-03-08,1233.4873046875,1254.4084648154972,1226.7325962991924,1254.4084648154972,1951826
2018-03-09,1245.867919921875,1257.816956803535,1222.5034741679267,1233.9187827907297,1872436
2018-03-12,1253.2794189453125,1266.3166624702644,1246.4426053540642,1249.5222691788558,2091340
2018-03-13,1185.3831787109375,1207.1050345142821,1179.3059552703733,1201.0278110737179,88067154
2018-03-14,1185.42431640625,1200.2683581582467,1180.5585070680495,1187.9085989373075,3668668
2018-03-15,1178.361328125,1191.8502939966577,1172.5716210483927,1188.7500794390746,2348906
2018-03-16,1160.294189453125,1179.3060019438283,1151.7943368566987,1177.9920320194135,7197482
2018-03-19,1162.4705810546875,1169.4511532475274,1157.9537402240264,1161.6493372672946,3489940
2018-03-20,1176.3699951171875,1179.7986272635746,1157.5429440264056,1157.9535658582704,4024984
2018-03-21,1173.0440673828125,1184.3567203394728,1170.2723696651844,1179.511362057278,3907678
2018-03-22,1162.6142578125,1180.9279328456714,1159.0007653498428,1174.357983004287,2326094
2018-03-23,1157.19384765625,1163.7433459172155,1148.9404091831125,1150.5623453302403,3654122
2018-03-26,1156.721923828125,1160.9923516047268,1142.1653971262633,1157.543167650509,2964210
2018-03-27,1169.3280029296875,1175.6105382556286,1159.2062128625255,1160.0069055438878,2494574
2018-03-28,1169.923095703125,1180.5377096444097,1160.0066190418981,1164.4823566934595,6865654
2018-04-02,1194.765869140625,1196.5521143527826,1166.1660963493146,1166.1660963493146,1662988
2018-04-03,1195.4228515625,1203.080908905953,1187.5594832956356,1187.5594832956356,1937290
2018-04-04,1195.279052734375,1204.7644571697533,1187.5183401959532,1202.8961077810309,2841820
2018-04-05,1214.59912109375,1216.98074834412,1199.159796633497,1201.7056325565154,1809424
2018-04-06,1211.4576416015625,1215.4406534226814,1201.705372845215,1212.9769223684461,1129018
2018-04-09,1200.6170654296875,1216.8777291414187,1196.9625714348695,1207.1049100520233,1235866
2018-04-10,1206.2423095703125,1214.310985631723,1201.3558513383052,1201.3558513383052,1184532
2018-04-11,1237.676025390625,1242.131313341581,1209.5279728531725,1211.5810824620016,3124416
2018-04-12,1289.0443115234375,1293.458495277161,1235.1296564164393,1235.9714510426206,6114360
2018-04-13,1294.81396484375,1330.7433785276564,1286.1088012353737,1293.4588926206322,8179118
2018-04-16,1308.91845703125,1313.9691248984086,1277.3416827287688,1279.497447041017,6270274
2018-04-17,1300.275146484375,1311.916215389831,1292.309022713186,1308.918655935968,3301724
2018-04-18,1297.195556640625,1311.3003573668773,1291.7548170014347,1300.0288073718086,2433066
2018-04-19,1310.3558349609375,1321.0525538640138,1299.9260804015776,1305.736339294976,4820952
2018-04-20,1397.1201171875,1405.2915511210756,1330.4146261221038,1334.5208441039622,18465662
2018-04-23,1399.666015625,1460.9513217775602,1391.8231990744196,1405.969100612169,15185910
2018-04-24,1390.2215576171875,1413.8323094281322,1372.5032683144952,1400.2202378316915,8314336
2018-04-25,1424.960693359375,1430.196122749284,1381.7632881686113,1389.9551752817476,8196574
2018-04-26,1453.29345703125,1461.813860855054,1423.6260268495707,1423.6260268495707,12135034
2018-04-27,1417.4461669921875,1455.2439307861193,1404.3268180836706,1447.442115130099,4501330
2018-04-30,1450.3572998046875,1457.2967681245432,1411.5535397066967,1417.445902386714,3458558
2018-05-02,1437.0736083984375,1450.3982654233448,1425.3914385322112,1449.7002284307976,3158046
2018-05-03,1429.723388671875,1447.8522989402775,1425.0216894074058,1441.2002466013894,3761550
2018-05-04,1429.2720947265625,1435.9447002108134,1424.857909560058,1433.891590831044,2347244
2018-05-07,1404.717041015625,1433.0705047190625,1400.5902706584409,1433.0705047190625,3484426
2018-05-08,1413.0318603515625,1431.6330498139255,1394.759188412162,1410.362818382886,2992820
2018-05-09,1432.78271484375,1435.020583678913,1412.6211436877693,1412.6211436877693,2615050
2018-05-10,1417.1583251953125,1441.7545281029059,1412.6209347742788,1438.38744977783,3858678
2018-05-11,1419.499267578125,1431.0172311961858,1413.5658015474517,1418.3700574243835,2627876
2018-05-14,1409.890625,1425.2683927077853,1400.548978231316,1419.51968700398,2433894
2018-05-15,1429.94970703125,1435.4521008047543,1409.9524399558086,1416.645597174968,1952890
2018-05-16,1434.671630859375,1440.8720608476801,1427.0135735140782,1428.9434761447144,1648450
2018-05-17,1433.809326171875,1450.7884786942084,1427.3214812074018,1442.4939377773621,2968048
2018-05-18,1438.0179443359375,1444.4441347340296,1419.9300358878802,1429.2922319985698,1874996
2018-05-21,1460.4791259765625,1474.9535448113622,1444.5880819439947,1448.961164130467,3446178
2018-05-22,1440.8311767578125,1467.9527739040782,1434.5897437893184,1460.992752594651,1857416
2018-05-23,1435.164306640625,1455.654294551594,1429.374499106939,1447.4418584751393,1507298
2018-05-24,1479.758056640625,1484.3981039587745,1438.14158903479,1441.282806333416,2962316
2018-05-25,1472.40771484375,1508.9530561446184,1466.9669758298567,1488.5040698387336,3769772
2018-05-28,1438.0179443359375,1485.0135843807168,1431.4274450853527,1485.0135843807168,3716798
2018-05-29,1446.8258056640625,1455.2435519436463,1432.248732838442,1449.4537448905894,3525312
2018-05-30,1442.9666748046875,1450.7273897761488,1429.9909807233055,1440.8930138495027,3779106
2018-05-31,1441.723876953125,1456.6292668370193,1429.3440619271485,1435.8858921484752,5049371
2018-06-01,1434.602783203125,1455.3461644153174,1421.229412829493,1452.4478932486297,1603856
2018-06-04,1444.3741455078125,1448.3075135405843,1418.1654730306086,1444.9952036182501,1681483
2018-06-05,1425.617919921875,1450.7087036094047,1416.9645522033588,1444.166872445243,2449568
2018-06-06,1429.0545654296875,1436.6314938160174,1420.318308472806,1426.7773525918305,2236512
2018-06-07,1437.169677734375,1448.3072776003532,1427.4397689225946,1428.4334213039506,2414762
2018-06-08,1446.733642578125,1455.1800905905145,1436.71392876714,1436.71392876714,2582138
2018-06-11,1448.8868408203125,1459.9003095675862,1443.3387632310282,1446.7338600132914,2179378
2018-06-12,1474.8057861328125,1478.118095590719,1451.619619927468,1454.9319293853741,4608875
2018-06-13,1510.4957275390625,1516.7477513591555,1488.882931015249,1503.7883218707964,5370983
2018-06-14,1480.2296142578125,1517.2860733379164,1477.2898994168786,1515.3814551193318,3819998
2018-06-15,1523.703857421875,1529.5417424306343,1481.0992146222477,1490.5393171811281,9183574
2018-06-18,1514.553466796875,1546.807039010616,1508.881157189901,1546.807039010616,4674987
2018-06-19,1510.826904296875,1522.8340241172668,1507.9286339954012,1508.8809430254719,3245034
2018-06-20,1509.12939453125,1520.5983456959912,1505.9413172283698,1517.0375729679004,3107695
2018-06-21,1506.562255859375,1517.0374528108512,1505.1131207379672,1517.0374528108512,2910659
2018-06-22,1498.6539306640625,1512.8968159196195,1490.1661406459036,1512.8968159196195,2949458
2018-06-25,1506.4796142578125,1509.0466336476225,1495.507590133082,1500.3932663751646,2083217
2018-06-26,1533.5992431640625,1541.0519392701515,1507.928845465312,1509.5850001555539,4679712
2018-06-27,1538.567626953125,1561.0499459167759,1532.9781051652167,1540.2237815569497,4081208
2018-06-28,1525.898193359375,1549.3328243481888,1512.317804787875,1544.3643599194934,4888125
2018-06-29,1530.0802001953125,1546.351943282479,1525.5672182550516,1527.720199537711,3506276
2018-07-02,1533.06103515625,1538.4021949001672,1524.5732420228214,1533.5993056692491,2650290
2018-07-03,1551.8585205078125,1556.7027531703695,1537.7812044483348,1540.1825480856637,3242233
2018-07-04,1545.3165283203125,1556.7025915984113,1537.863832356466,1556.7025915984113,2700614
2018-07-05,1557.03369140625,1562.995807164358,1541.9626248273769,1550.9886870563405,2472571
2018-07-06,1584.070556640625,1590.7366198694829,1558.1517957385504,1559.1454481441501,3713781
2018-07-09,1559.269775390625,1593.5522006531219,1553.8872721829568,1593.2209494697624,6151747
2018-07-10,1552.72802734375,1572.4363113545967,1549.1259106041157,1571.691021422751,5303302
2018-07-11,1639.51025390625,1654.49843270451,1568.502625976114,1573.3468579272117,22903802
2018-07-12,1632.43017578125,1648.6191275352592,1623.4455572344036,1642.9053739112762,6921701
2018-07-13,1640.504150390625,1654.4158914279003,1634.624820947416,1635.4528983643095,4148185
2018-07-16,1647.2113037109375,1652.842269712558,1637.4813955600744,1647.873805975947,2582159
2018-07-17,1661.275634765625,1666.9593734469897,1643.7264901933731,1650.3644568372636,3315492
2018-07-18,1659.698974609375,1669.1995231504516,1653.7248455869035,1663.6402670125217,2013869
2018-07-19,1644.0587158203125,1668.1627759251096,1634.5995913287568,1661.2344172041053,1746318
2018-07-20,1656.6707763671875,1659.4919329106056,1646.2159974473207,1646.9627890746003,1934995
2018-07-23,1664.1798095703125,1667.7476560070672,1647.8752831128613,1660.3214710517802,2086201
2018-07-24,1658.661865234375,1671.9377981226942,1646.3401602798697,1671.9377981226942,2038423
2018-07-25,1644.14111328125,1661.150900221581,1633.27146481099,1661.0679459086039,1535492
2018-07-26,1630.20166015625,1647.045541727644,1622.2361201111555,1638.7065552709646,3503036
2018-07-27,1612.8184814453125,1630.1601898119534,1609.9558988034687,1627.0071150953518,2033977
2018-07-30,1613.5233154296875,1621.9037259499903,1602.6951958407033,1612.1957426926517,1579251
2018-07-31,1609.873046875,1615.5153598331156,1599.7501868301217,1611.3666300954856,2204803
2018-08-01,1639.992431640625,1644.1826880825884,1617.8382612145945,1617.962642043957,2425180
2018-08-02,1616.6768798828125,1647.045558589771,1613.855723655972,1642.896829223046,1509287
2018-08-03,1642.4404296875,1644.5978499896564,1623.3978023951424,1623.3978023951424,1505131
2018-08-06,1639.2044677734375,1658.620439790998,1636.4662659313015,1657.0024758853133,1532249
2018-08-07,1632.4005126953125,1642.1915544499063,1626.7167737585712,1641.4032351031246,1353521
2018-08-08,1637.9183349609375,1641.4862826898197,1627.9613845964334,1636.25884323352,1315062
2018-08-09,1638.2088623046875,1643.560784344107,1631.2805040226908,1642.8969470828727,2060297
2018-08-10,1653.7666015625,1656.5877579968733,1636.3005104161323,1643.68516820227,2784105
2018-08-13,1659.6163330078125,1663.0182710446097,1651.1943916072214,1657.666450340519,3559575
2018-08-14,1662.4373779296875,1679.903467716333,1644.8882325261932,1652.8537726186953,3311765
2018-08-16,1666.54443359375,1676.1280380658675,1655.342865332104,1659.7405585719782,2152065
2018-08-17,1670.0712890625,1677.6634853452706,1662.811011442678,1670.9839894200923,1213731
2018-08-20,1667.7476806640625,1679.40565072081,1662.5617689461747,1679.40565072081,1587032
2018-08-21,1674.13671875,1679.405584590433,1662.810667746654,1667.913624933583,1376866
2018-08-23,1688.6156005859375,1691.0218835825533,1676.3354239309424,1678.4097883612449,3046791
2018-08-24,1695.1707763671875,1697.6600139242612,1685.2138261388927,1688.6157638760928,1570533
2018-08-27,1701.7259521484375,1708.4469756273625,1688.5330720746394,1695.1710399255471,1532702
2018-08-28,1716.91015625,1719.2334852585288,1702.638567447153,1705.1278051188594,1987983
2018-08-29,1719.233642578125,1723.0505550538826,1697.3283288051807,1719.6485155613725,1525867
2018-08-30,1727.86328125,1730.0207022443258,1713.8406525111054,1715.9150178615182,2408020
2018-08-31,1724.5440673828125,1735.828694418478,1720.8932658814167,1727.7801984440046,2504554
2018-09-03,1703.385009765625,1734.1686588545788,1699.651153801584,1729.854021366617,1439711
2018-09-04,1741.553466796875,1746.4075610025898,1706.7456692388505,1709.1105259184897,4420803
2018-09-05,1725.2489013671875,1748.4817830496602,1721.764009629747,1742.4661261854485,1681106
2018-09-06,1721.9713134765625,1727.1156963666185,1709.5251278193443,1721.722349248491,2238097
2018-09-07,1725.7470703125,1729.1904347260602,1713.757080142491,1725.2906695580728,1312182
2018-09-10,1726.493408203125,1736.9896105392527,1721.1000610190229,1729.521899053573,1530539
2018-09-11,1697.867431640625,1733.339066437271,1694.506920460746,1733.339066437271,3679745
2018-09-12,1695.9588623046875,1716.660979193484,1692.6814069581064,1702.9288484663668,2307661
2018-09-14,1713.7572021484375,1718.8602612799427,1674.5518073429332,1696.000719868537,3642038
2018-09-17,1721.017333984375,1724.0460279876834,1704.754436299965,1717.573969616223,1033857
2018-09-18,1718.1962890625,1724.8757839427396,1707.2852117192351,1720.0632173012496,1456507
2018-09-19,1724.1287841796875,1733.3390439495442,1714.9602547910515,1719.150309185098,1301268
2018-09-21,1745.079833984375,1759.890877847611,1701.1033056836095,1723.3820618998056,4508530
2018-09-24,1824.1551513671875,1834.1536317202806,1740.9315825728754,1754.9128844552788,3032226
2018-09-25,1811.5013427734375,1835.315011355409,1787.10689253331,1829.506789624455,2868778
2018-09-26,1777.4403076171875,1824.611448607664,1771.5907603942405,1814.65449663709,1970951
2018-09-27,1816.189453125,1833.489534156052,1772.1713911880158,1777.2327197972925,3311802
2018-09-28,1811.915771484375,1817.1432102754393,1791.2967109399654,1807.1862611780398,2904371
2018-10-01,1871.532958984375,1888.4596902782457,1817.433579719555,1817.8897777960262,3772208
2018-10-03,1794.616455078125,1871.0774780862112,1788.6007957805084,1867.1777118840823,3902322
2018-10-04,1713.259521484375,1789.4715673780684,1706.248208544166,1789.4302421392772,4762419
2018-10-05,1744.6654052734375,1759.0615798934891,1676.8337687512224,1700.9793579158738,3417624
2018-10-08,1723.83837890625,1760.8864468062209,1699.443731526362,1744.664876356728,2010154
2018-10-09,1735.6622314453125,1748.8135802735253,1703.6339638919262,1726.161682952616,1867130
2018-10-10,1695.6685791015625,1747.4032119905214,1683.5543100897783,1742.466264755315,2749573
2018-10-11,1642.8553466796875,1670.278489064258,1610.5367845373696,1647.0456039704682,4700256
2018-10-12,1591.701416015625,1641.2371999897675,1579.0062647019856,1641.2371999897675,9373289
2018-10-15,1617.5897216796875,1622.6097251677793,1593.1122162734034,1609.707135192918,2638151
2018-10-16,1628.210205078125,1636.1757444087991,1605.5581044844214,1624.6422576643397,2815425
2018-10-17,1600.9117431640625,1650.3645780352526,1593.1121115272424,1634.5994060982644,2779207
2018-10-19,1587.4698486328125,1600.5798746424887,1551.6663933273717,1600.5798746424887,3428776
2018-10-22,1579.006591796875,1589.7932894812468,1565.6891283716143,1588.133797529805,1778496
2018-10-23,1532.98291015625,1578.1745585913325,1527.4534584469325,1569.859624141431,2752811
2018-10-24,1537.015869140625,1558.2189552445395,1505.9179892214145,1539.9677119239911,2735913
2018-10-25,1540.757568359375,1560.6302847651714,1517.5173639323154,1533.2741263112182,2507233
2018-10-26,1495.940185546875,1541.506077561978,1489.2882364352213,1541.506077561978,2285970
2018-10-29,1555.724609375,1561.5034496059143,1483.6756647550633,1503.9225147052093,2609483
2018-10-30,1575.514404296875,1587.654192794481,1534.1059747837323,1552.3988373556792,2404883
2018-10-31,1611.5592041015625,1616.3402918950037,1559.4244989144154,1579.8377056588563,2769190
2018-11-01,1609.56396484375,1616.714790519411,1580.9190468549205,1616.1327855170089,2769759
2018-11-02,1591.021484375,1625.2374683808698,1583.9954036310855,1608.2749776166509,1818635
2018-11-05,1572.2293701171875,1602.5788810515462,1567.1572803707566,1588.1524899897308,1713366
2018-11-06,1607.027587890625,1611.0187976411823,1572.354346497794,1574.8488272167224,1398710
2018-11-07,1614.8853759765625,1620.5810870495854,1610.6031634761657,1613.0976443695208,144530
2018-11-09,1587.4873046875,1631.3485855716033,1583.9950726865688,1630.5587073692186,2570479
2018-11-12,1592.185546875,1618.1697226455424,1586.9055826585632,1586.9055826585632,2552008
2018-11-13,1608.8984375,1612.266027047948,1582.3322586241595,1592.310181432089,1418432
2018-11-14,1563.7489013671875,1604.6999727481207,1554.8934717227417,1600.6256326557634,2422318
2018-11-15,1557.2628173828125,1579.0063960060452,1544.582539584449,1549.9041190917685,1829123
2018-11-16,1568.69580078125,1579.671577168925,1555.1009007619334,1570.691405715435,1829729
2018-11-19,1581.875,1585.9493390464597,1550.153599532752,1579.0063876054146,1740628
2018-11-20,1561.752685546875,1581.5006564142986,1558.3850962302663,1581.5006564142986,1190182
2018-11-21,1506.666259765625,1555.765992771612,1495.4827125105703,1555.7243774953004,3840461
2018-11-22,1507.123779296875,1536.267569347509,1504.9618147162214,1513.3183660742127,3194219
2018-11-26,1535.0205078125,1546.57829060696,1483.8005159075915,1512.4870487172368,4333177
2018-11-27,1571.7308349609375,1578.0917815340288,1526.081814349013,1541.589190857071,3344839
2018-11-28,1649.5999755859375,1653.8405721374377,1565.2865143533065,1570.6912221053897,5313249
2018-11-29,1630.1849365234375,1660.4928398452234,1615.2180506359994,1660.4928398452234,4035441
2018-11-30,1636.5875244140625,1655.5040066599256,1629.6029568231427,1634.7166635326037,5268901
2018-12-03,1648.3529052734375,1654.6722362272342,1636.6288660103558,1649.683274710971,1610576
2018-12-04,1672.009033203125,1679.118344712447,1638.8740306113993,1648.8519546942694,3270615
2018-12-05,1668.599853515625,1677.9541569176686,1650.514866938341,1667.9762332888222,2501539
2018-12-06,1656.917236328125,1677.122571167049,1646.0246905983713,1661.324192955758,2321216
2018-12-07,1658.99609375,1666.2301494222902,1640.5369752772126,1650.556514383363,1680420
2018-12-10,1642.8651123046875,1672.1336467241501,1629.727472689873,1642.1998768176015,2010786
2018-12-11,1662.9871826171875,1671.3021185302734,1630.5589325561525,1638.0423748779297,2942014
2018-12-12,1676.956787109375,1681.2805143997327,1650.4736275786224,1663.9022731545092,2219993
2018-12-13,1648.519287109375,1687.682617651055,1641.7842088570983,1682.9431444551872,3748429
2018-12-14,1654.46435546875,1662.114055826041,1642.4076985247634,1648.8517737879286,2473761
2018-12-17,1658.2479248046875,1667.0617377154829,1650.514992802363,1662.1559045903896,1227921
2018-12-18,1652.884521484375,1664.6501761463853,1643.363960427867,1656.2521111422868,1768742
2018-12-19,1636.75341796875,1650.3484185462644,1629.7689534343322,1650.3484185462644,2498833
2018-12-20,1624.7803955078125,1642.1170198174939,1618.0868302500228,1624.5725220712438,1940277
2018-12-21,1576.3455810546875,1621.41249281892,1568.6542653836234,1619.749505646798,3729956
2018-12-24,1595.2205810546875,1612.183071958691,1583.9954166844825,1584.6606522104005,1864116
2018-12-26,1570.85791015625,1597.9646868864847,1555.1011446127459,1597.9646868864847,2446614
2018-12-27,1587.27978515625,1614.511202581288,1556.639264017834,1587.3214004396182,4968201
2018-12-28,1576.5535888671875,1596.4678213509505,1574.0174926132029,1592.3103530661824,2239130
2018-12-31,1574.0592041015625,1587.3214881402766,1568.3218772177836,1586.489994432503,1879740
2019-01-01,1582.166015625,1588.1527287666754,1567.3653893849128,1576.5118187128883,1094883
2019-01-02,1599.2117919921875,1608.4828650723086,1579.837949173104,1583.9954174604018,2100463
2019-01-03,1579.796142578125,1617.213352632615,1574.1004320144107,1595.636135434797,2611668
2019-01-04,1560.58837890625,1580.8352230442326,1530.779360598316,1579.8374715571974,4280862
2019-01-07,1578.091796875,1587.155097835165,1564.0395340836271,1573.0197059800764,1856423
2019-01-08,1574.4749755859375,1585.159649597839,1565.952164947928,1584.3281558770575,1691756
2019-01-09,1568.987060546875,1595.6364753180478,1552.1493124357805,1585.9911683051657,2414376
2019-01-10,1570.3175048828125,1583.9955359711025,1556.6393722938242,1571.5231301760543,3053461
2019-01-11,1532.068603515625,1559.0505307678395,1525.7907861114588,1554.8930626857918,9209862
2019-01-14,1507.7061767578125,1539.095068621928,1505.0038218291138,1538.2635747977129,3615370
2019-01-15,1553.06396484375,1554.3527191711823,1503.340601259341,1505.0035886501146,7711653
2019-01-16,1555.0179443359375,1559.0506684314746,1535.7688451162314,1554.8931999823242,2359280
2019-01-17,1578.474609375,1581.55768957887,1559.3092632947503,1564.8921712482181,2625816
2019-01-18,1583.7657470703125,1586.7238152740392,1563.2254772521094,1567.391856455873,1683728
2019-01-21,1590.4736328125,1609.889001520203,1579.4327273931715,1584.8907250990817,2409803
2019-01-22,1584.8072509765625,1598.4312898478308,1574.891248696677,1589.140244412666,2457093
2019-01-23,1562.892333984375,1588.30725017493,1558.226009060252,1584.0575632211437,2578169
2019-01-24,1584.5157470703125,1587.5988270548967,1562.3922323726185,1570.5583764611172,1962927
2019-01-25,1600.556396484375,1612.388873629394,1584.0574929041231,1584.8907688078075,2327080
2019-01-28,1629.0546875,1634.8876198849105,1604.4730438778772,1610.7226142902812,2769033
2019-01-29,1652.177978515625,1657.4276579696163,1613.7639755030445,1634.8875016253467,2557626
2019-01-30,1651.05322265625,1657.8027384682093,1628.7630878213545,1649.5532850454724,2429575
2019-01-31,1678.301025390625,1683.0090547250895,1654.052716241764,1655.7192680969194,4094319
2019-02-01,1691.508544921875,1695.5083103368443,1664.9687251454984,1674.4680917173553,3064163
2019-02-04,1708.4239501953125,1712.7569442798765,1685.7171814389062,1691.508408379386,1590764
2019-02-05,1703.6741943359375,1712.3818863554106,1689.8834382135149,1708.2155070698745,1111404
2019-02-06,1728.880859375,1738.9218745490869,1700.7577980530846,1708.132167626711,1789812
2019-02-07,1735.63037109375,1748.171214656681,1722.3813650449308,1728.839253568926,1339945
2019-02-08,1717.7149658203125,1741.130101442602,1709.0489772954184,1729.0476001404159,1684474
2019-02-11,1721.464599609375,1746.5462855619394,1707.298909316172,1716.5483531763334,1778730
2019-02-12,1709.5489501953125,1724.8811456711214,1681.5507980503976,1724.8811456711214,2422903
2019-02-14,1703.7156982421875,1729.047303172067,1694.0914236819801,1716.5898705184359,1724085
2019-02-15,1691.2999267578125,1709.8820186221433,1675.6760048040283,1707.3821911095379,1930065
2019-02-18,1641.803466796875,1701.5076007604264,1635.4288861275202,1697.8828711149486,2942184
2019-02-19,1587.2236328125,1642.3864448124668,1576.557662904712,1641.5531690921155,4408554
2019-02-20,1595.5150146484375,1611.3889610827289,1567.641976740625,1595.7233336214952,4645778
2019-02-21,1595.056396484375,1616.5549514747856,1580.7657987776233,1595.514738833168,4683919
2019-02-22,1604.5975341796875,1608.2222634972907,1587.473676127176,1597.5562927722942,2271955
2019-02-25,1654.1773681640625,1658.2187351901007,1608.638828283663,1610.3053797763164,2934880
2019-02-26,1698.79931640625,1704.1740062954118,1643.4281807169978,1653.2191712726699,6453309
2019-02-27,1714.9652099609375,1729.0057868041836,1684.8838686174506,1699.8828348069235,4732082
2019-02-28,1652.7607421875,1726.0058025209214,1647.8860994038591,1716.5480414036513,8454295
2019-03-01,1662.718505859375,1670.7179329753608,1650.177664727553,1662.426879681056,4148548
2019-03-05,1656.6357421875,1672.384676525334,1647.0530696513558,1670.7181247799176,2449622
2019-03-06,1666.2183837890625,1679.0508523341737,1654.0942810971992,1657.6357034904597,2635047
2019-03-07,1677.6343994140625,1686.592115281699,1666.7184038193668,1670.7181688010528,2539884
2019-03-08,1685.4671630859375,1694.0499457512203,1674.9263040701048,1687.383738389681,2031071
2019-03-11,1678.88427734375,1694.0498576149323,1669.5932309733391,1690.6334468635393,3111689
2019-03-12,1676.9259033203125,1687.2169411949396,1669.0514874144653,1678.259226022845,2658550
2019-03-13,1666.968505859375,1679.8009755857972,1648.7197425623024,1677.3844550337024,1833163
2019-03-14,1656.0523681640625,1673.0512150627756,1650.719382626669,1670.6762976253444,1905495
2019-03-15,1699.84130859375,1724.0063122110694,1659.0524897269927,1665.6353903663971,5184318
2019-03-18,1685.550537109375,1720.381510538638,1675.7178407676452,1702.382669661014,2349915
2019-03-19,1685.550537109375,1691.550082923083,1662.4687335676026,1691.550082923083,2373993
2019-03-20,1679.0926513671875,1703.8826095159814,1666.5518083222626,1689.8835336387742,3091165
2019-03-22,1671.260009765625,1679.8843959188778,1652.6363117319027,1679.0511199288387,3148149
2019-03-25,1653.4278564453125,1673.0515463800834,1647.5532201234168,1673.0515463800834,2429205
2019-03-26,1652.0943603515625,1662.3435921267592,1631.595795082927,1653.219262389076,2316539
2019-03-27,1639.8037109375,1664.8852959024905,1634.0540867191112,1661.55219220699,2266166
2019-03-28,1666.8018798828125,1678.7176646252426,1643.8867918570782,1649.8863378528783,4054489
2019-04-01,1692.9249267578125,1699.8410553871108,1673.4262512274474,1674.8844839871379,2095740
2019-04-02,1732.6304931640625,1738.2134005994965,1697.3828844780319,1697.4661917183048,3719663
2019-04-03,1732.6304931640625,1741.213274995259,1714.9650860600318,1737.380124760283,2939886
2019-04-04,1678.6343994140625,1732.9639506065305,1672.7181605192725,1731.6723321981601,4397518
2019-04-05,1706.798583984375,1711.8814434750718,1682.2169518859207,1690.4246968361672,3152103
2019-04-08,1725.5062255859375,1729.0476484804155,1693.8000340433666,1715.715232877675,2194294
2019-04-09,1742.796630859375,1748.2129244766766,1714.5901588777479,1724.8811981252243,2690970
2019-04-10,1700.0911865234375,1737.7969216981394,1696.5497638827196,1735.7137319094818,3313062
2019-04-11,1682.8006591796875,1712.3819532628163,1677.9260155687932,1704.0491943661602,3422442
2019-04-12,1678.6343994140625,1699.0496601664302,1672.3848297959908,1698.2163842173538,3198471
2019-04-15,1760.9622802734375,1766.378574485007,1700.7163824328272,1724.8813873767529,9189201
2019-04-16,1776.377685546875,1796.5012180775905,1762.8369515526128,1766.5449887898938,5771952
2019-04-18,1791.5845947265625,1795.7092690656614,1761.7115772517423,1791.459481300247,3413728
2019-04-22,1801.084228515625,1813.2084340537917,1787.8769270114667,1789.8767078803053,2007135
2019-04-23,1795.751220703125,1804.4589129367168,1778.2524272735839,1802.375723242724,2163524
2019-04-24,1819.4158935546875,1829.040269143395,1796.6259238803134,1798.209066428905,3003071
2019-04-25,1829.04052734375,1837.3732860104642,1806.5837834242536,1812.3750100103218,4211526
2019-04-26,1865.329833984375,1869.8294425357549,1827.4989855077467,1835.7068346177011,2716958
2019-04-30,1883.4949951171875,1888.9944932162102,1858.2884027130406,1865.3295423832685,3488395
2019-05-02,1846.0391845703125,1882.70332093466,1842.4562612657087,1879.0369886728179,2457699
2019-05-03,1776.54443359375,1821.5830421214591,1770.7115015885172,1820.7080616333694,3780886
2019-05-06,1798.084228515625,1804.0420689854925,1756.961987277557,1758.2119009512191,2891422
2019-05-07,1793.1678466796875,1820.1661051065876,1782.2103511036637,1799.917462145532,2201698
2019-05-08,1793.917724609375,1806.5417704591728,1775.2105218478446,1792.3760831446866,1824895
2019-05-09,1810.3336181640625,1819.9579956076432,1779.9607519451797,1787.3768261663276,2264162
2019-05-10,1779.710693359375,1826.5407578692711,1771.4196389094484,1812.3750676850661,2039633
2019-05-13,1773.8363037109375,1805.709111047141,1767.9199626739207,1777.3777267482935,1701744
2019-05-14,1743.5054931640625,1799.709930707063,1726.8399695968826,1779.0446407964466,2456110
2019-05-15,1746.04638671875,1769.8781608429365,1736.9637600174674,1747.3797096457804,2346876
2019-05-16,1757.1707763671875,1769.8782354493924,1730.755967683614,1746.546507298459,1946529
2019-05-17,1746.0877685546875,1779.043867776198,1741.5464560432104,1760.3785708659245,1947908
2019-05-20,1786.502197265625,1792.7100633264915,1708.2159508400443,1770.7116563585826,2625116
2019-05-21,1758.0037841796875,1790.4598389509972,1752.0042385434438,1789.9182910047193,1863157
2019-05-22,1734.6722412109375,1768.1698943373392,1729.0476284437111,1758.2122872367374,2595795
2019-05-23,1711.59033203125,1762.6701832681376,1708.2155240890443,1748.2127656286902,2541294
2019-05-24,1706.5489501953125,1724.8810189962387,1693.4248554855585,1724.8810189962387,2274208
2019-05-27,1712.507080078125,1724.0063294986353,1699.9663373819262,1712.2155555417323,2329820
2019-05-28,1728.005859375,1747.796161561935,1704.0491777802895,1716.5483160036167,5872979
2019-05-29,1756.1705322265625,1769.6278556292502,1730.7973236588614,1733.2137422133153,3281320
2019-05-30,1788.4600830078125,1797.0011608784669,1761.8784600606589,1769.0447140877088,4971725
2019-05-31,1830.3319091796875,1837.3313441809348,1793.4177523674655,1799.8756394999307,4265370
2019-06-03,1868.45458984375,1872.912493843478,1821.2493880825627,1834.0402545124857,3682419
2019-06-04,1833.8455810546875,1868.2022764985554,1827.0413450469237,1868.2022764985554,2408658
2019-06-06,1819.5655517578125,1847.202099591247,1807.7211997818843,1847.202099591247,3735467
2019-06-07,1832.7117919921875,1839.4739872086045,1799.4051145191822,1826.2016435389096,2659446
2019-06-10,1874.5025634765625,1878.1567284812743,1835.861686075746,1845.2698586872148,2080593
2019-06-11,1892.395263671875,1901.761395564802,1874.0828043963086,1879.1229195134658,3048937
2019-06-12,1899.19921875,1904.23933366207,1864.0024983138326,1885.8429962661353,2404448
2019-06-13,1893.487548828125,1919.4440626531905,1884.2052947295815,1901.8036577010166,3320916
2019-06-14,1893.8231201171875,1901.0473666360042,1876.6027280291848,1896.1331727143588,2131408
2019-06-17,1889.37158203125,1900.1238713027624,1882.8614317206413,1895.0837549332591,1489497
2019-06-18,1890.7574462890625,1898.4435405373101,1874.2509446678796,1885.0032322857185,1877447
2019-06-19,1898.359130859375,1911.8835207501716,1884.2888105726593,1894.243119196677,1652817
2019-06-20,1913.5216064453125,1918.6037633850253,1858.122383803711,1873.2427286990396,2199377
2019-06-21,1889.9171142578125,1925.743847978804,1883.3228820800343,1919.4437045284917,3871804
2019-06-24,1911.463134765625,1915.2432200683916,1890.714707564768,1893.528648018287,1382424
2019-06-25,1904.9954833984375,1910.5815287539046,1890.463110979987,1906.84348452547,1386077
2019-06-26,1893.5712890625,1904.15561329197,1890.043249346949,1902.6435376759289,1762224
2019-06-27,1892.1851806640625,1901.803358931853,1882.7349652100063,1894.243186568608,2813464
2019-06-28,1870.890380859375,1900.0810427488275,1866.9423323541912,1898.4430466233846,2372928
2019-07-01,1881.26513671875,1894.243393006822,1853.5865436778536,1877.4430081464511,2769940
2019-07-02,1891.80712890625,1895.9231405322419,1861.860324438775,1885.7588272184694,1771746
2019-07-03,1879.6685791015625,1897.4351053791695,1874.9225534165723,1891.8908975160625,1656881
2019-07-04,1883.869140625,1891.7234028609519,1873.3270628147523,1876.6030559464327,984140
2019-07-05,1817.0452880859375,1890.042861457566,1797.6407660085295,1887.522804308956,4088470
2019-07-08,1827.377685546875,1838.6340658759464,1791.0050182551154,1805.2012607012134,2788062
2019-07-09,1792.05517578125,1826.5378024424167,1767.862580003419,1826.2018767705301,3977224
2019-07-10,1770.928466796875,1787.4349674096677,1739.9318398183725,1747.2399659671528,6343581
2019-07-11,1766.182373046875,1788.4008394057391,1752.3220565366848,1787.5608202233034,2400346
2019-07-12,1770.424560546875,1780.6307118663503,1758.2442820602316,1765.8044549140102,1560725
2019-07-15,1802.4290771484375,1809.0653515862462,1762.3602040873216,1785.04072148978,2900415
2019-07-16,1773.2122802734375,1795.5247804763085,1768.1603934350517,1790.051903068057,2735399
2019-07-17,1782.6849365234375,1789.2102917049497,1761.509188707526,1774.89660937131,1802969
2019-07-18,1739.4910888671875,1781.8006458658915,1734.4813416384122,1781.8006458658915,3072096
2019-07-19,1748.7525634765625,1765.6343252475817,1736.58597797956,1748.7947036429314,1953177
2019-07-22,1776.4959716796875,1782.8529705658668,1741.890669254664,1748.7948736714823,1920167
2019-07-23,1778.6429443359375,1793.4197538426333,1770.18099311742,1791.6515112972263,3538588
2019-07-24,1765.4661865234375,1785.6737349257007,1748.373927387494,1776.5802970323198,2413196
2019-07-25,1791.651611328125,1797.6297597327543,1761.887700938485,1775.6539694382316,2544464
2019-07-26,1775.7803955078125,1793.2515044685795,1763.950519171414,1793.2515044685795,1720592
2019-07-29,1793.419921875,1803.5236960827465,1770.9390653751266,1777.253924254968,1647090
2019-07-30,1834.802734375,1839.7284052361479,1785.3784929302067,1793.4194522439336,2851672
2019-07-31,1857.1578369140625,1862.2097239649574,1807.8597979967192,1828.572617130112,3000677
2019-08-01,1835.5614013671875,1867.093560406899,1823.9420181427035,1852.3588874386373,2375236
2019-08-02,1856.8206787109375,1860.7779481670855,1823.3097949121372,1829.624652202297,2500816
2019-08-05,1893.2789306640625,1896.3520796929208,1848.653928899727,1852.2742834613493,3039682
2019-08-06,1864.90380859375,1896.0992486653488,1861.9990149852063,1879.9753932363665,2885467
2019-08-07,1863.6834716796875,1884.7751444057997,1858.4632287199915,1877.6183033392597,2165362
2019-08-08,1901.2777099609375,1920.5589959994281,1868.2718845543804,1876.6916960230321,2073298
2019-08-09,1891.300537109375,1909.5293504342942,1887.1749108725278,1902.8777802413745,1744550
2019-08-13,1851.89501953125,1891.2997703838196,1847.5588997225764,1890.2472941621259,1647281
2019-08-14,1856.0634765625,1867.3882893814541,1824.9101687802793,1836.445476922086,1945002
2019-08-16,1822.973388671875,1887.2163830982036,1804.5760191413187,1887.2163830982036,3755507
2019-08-19,1821.2054443359375,1840.571013092168,1816.742902597136,1835.5191255905427,974884
2019-08-20,1841.202392578125,1856.5685495071525,1824.1522732459166,1828.7831698546645,1843611
2019-08-21,1840.7391357421875,1854.0424789286044,1837.413351336034,1839.686659312278,1214408
2019-08-22,1865.8304443359375,1882.3752936234812,1827.099306953513,1841.412988160061,2131601
2019-08-23,1892.52099609375,1902.7931250458614,1864.0619920158836,1864.9461133387115,2826425
2019-08-26,1916.601806640625,1921.4010582680205,1873.4081308704408,1891.9317168835419,2345475
2019-08-27,1883.091064453125,1915.381127595262,1876.776205082055,1911.2974363105718,3432106
2019-08-28,1885.40625,1896.2677243790536,1865.830188679245,1886.0377358490564,1294621
2019-08-29,1880.52294921875,1892.9421724417386,1871.0506603198603,1871.0506603198603,1670652
2019-08-30,1902.5404052734375,1907.929001605779,1867.5139124278983,1886.8794759922994,2583625
2019-09-03,1895.8045654296875,1933.356795952519,1883.4694200287781,1911.2969341247554,2545060
2019-09-04,1890.5838623046875,1911.2966750163473,1880.143381194495,1907.086770445827,2228092
2019-09-05,1865.240966796875,1897.5308220179961,1858.5051172932067,1887.8901785282337,2055943
2019-09-06,1850.253662109375,1880.5649849016104,1846.1280365096015,1865.8303140998294,1890550
2019-09-09,1837.9185791015625,1854.7582015848009,1835.350495560509,1852.3584731562203,1703945
2019-09-11,1813.627197265625,1848.1484206119067,1807.3544795016448,1840.5705910968693,2627440
2019-09-12,1796.451171875,1822.889299349851,1785.2949209667388,1814.469487343616,2118859
2019-09-13,1803.48193359375,1816.9536353586363,1781.25370790643,1797.6302042519987,2291174
2019-09-16,1810.2593994140625,1829.9616753038972,1790.3885628515898,1818.6370704059684,2597948
2019-09-17,1787.231201171875,1815.7744854196794,1772.875587051176,1814.4272333584638,2796530
2019-09-18,1800.618896484375,1804.323531457582,1779.2324511410457,1790.3887017939082,1454663
2019-09-19,1769.802001953125,1798.303142318023,1760.5823506981228,1797.6295163751756,1652691
2019-09-20,1739.0701904296875,1792.9148520731917,1731.955489739285,1772.2863107515523,6941979
2019-09-23,1697.265869140625,1767.318669030318,1662.9129925368643,1767.318669030318,6323401
2019-09-24,1721.5987548828125,1735.3230882506232,1694.907994492239,1696.5919567321716,4620978
2019-09-25,1758.4354248046875,1761.4244988859978,1734.5232432777989,1738.6910086996106,4002232
2019-09-26,1757.7200927734375,1774.0544463623914,1737.0072723519759,1766.3923349673262,4234281
2019-09-27,1731.2393798828125,1755.6989722799628,1727.239969603888,1755.5306171700513,2046795
2019-09-30,1767.5712890625,1771.528559847131,1734.4813846412023,1736.0391321870927,2620039
2019-10-01,1734.4390869140625,1764.750409329146,1717.388968055578,1764.750409329146,3342877
2019-10-03,1734.6915283203125,1752.2888507512919,1722.8196155920275,1742.9008438893566,2317618
2019-10-04,1750.7734375,1758.0143514367721,1730.2289758510917,1734.9862922808636,2163251
2019-10-07,1724.1248779296875,1763.5296395632056,1718.4836449503475,1751.3209120513095,2177916
2019-10-09,1700.8861083984375,1734.4811769944622,1697.0130156467662,1734.4811769944622,2066920
2019-10-10,1687.7093505859375,1716.8419853576363,1681.5208086791101,1707.538051018565,2881452
2019-10-11,1672.890380859375,1679.752548417866,1620.813862508467,1625.8657498721298,12593069
2019-10-14,1701.64404296875,1711.5373222883359,1657.019038378278,1679.7525312828582,3510704
2019-10-15,1715.3680419921875,1723.5352171015631,1703.075036382188,1710.9055012947613,2261310
2019-10-16,1723.0301513671875,1731.1131494074632,1697.4339052555672,1715.95748953911,3034082
2019-10-17,1748.4700927734375,1754.539567563526,1721.2222978904,1733.8776688287248,3818774
2019-10-18,1771.1981201171875,1776.8369279034027,1743.3475213203992,1754.1089257729943,3087901
2019-10-22,1766.075927734375,1817.8168562602664,1756.304696364833,1790.698110831804,5552505
2019-10-23,1782.1751708984375,1794.0127185743195,1767.0230257998169,1773.4798699866615,2348134
2019-10-24,1792.419677734375,1807.055189031918,1774.5988324852829,1794.1415025929093,2798671
2019-10-25,1829.3958740234375,1833.7435239455892,1786.436426714344,1802.750675653551,3954245
2019-10-27,1821.4326171875,1832.882795995849,1815.4924047403836,1832.882795995849,224405
2019-10-29,1889.57373046875,1895.4708545021888,1826.4257196744954,1826.4257196744954,5064173
2019-10-30,1939.4639892578125,1945.6625180751082,1874.0777179105771,1915.5305764235025,5195136
2019-10-31,1953.969970703125,1967.141973984149,1925.8612616638159,1937.0531241589565,4879261
2019-11-01,1894.781982421875,1958.5756741682592,1889.7026834282763,1949.1056379415115,4172620
2019-11-04,1888.7987060546875,1919.1458679636748,1877.5637572686649,1900.0336548407101,2646411
2019-11-05,1895.6002197265625,1903.4774848100262,1867.3191608109212,1891.4247101436579,2693475
2019-11-06,1884.1070556640625,1903.3054469543176,1875.9283866995622,1894.0075496737206,2540719
2019-11-07,1881.395263671875,1897.8816543915818,1872.656875464988,1897.8816543915818,1915598
2019-11-08,1833.7003173828125,1885.053867958097,1828.5779306589948,1885.053867958097,2788759
2019-11-11,1808.7337646484375,1841.4915216923707,1800.167728779218,1838.0478722829412,2983768
2019-11-13,1875.5838623046875,1880.0605648042574,1823.412486134996,1823.412486134996,3823365
2019-11-14,1891.252685546875,1894.0075636026434,1848.1208837749803,1883.2461569912648,2995915
2019-11-15,1872.0108642578125,1903.907709660096,1867.103705776773,1890.5635679012305,2724180
2019-11-18,1853.2000732421875,1883.4610593253979,1849.8854765057474,1875.411444499007,1611089
2019-11-19,1815.492431640625,1854.9651460384198,1812.2209219063761,1853.5447244011532,2975313
2019-11-20,1815.277099609375,1838.0481932691039,1803.1812369096665,1826.8132430720973,2894129
2019-11-21,1823.498779296875,1830.8165352618432,1814.286847758714,1818.2471291779443,2052574
2019-11-22,1783.552490234375,1813.94274532763,1773.9103116979504,1805.333619815871,3742049
2019-11-25,1791.9891357421875,1794.959241444249,1766.764360735358,1786.005836681924,2737010
2019-11-26,1761.9864501953125,1806.1081072490756,1751.999887001212,1799.1779303175535,6561580
2019-11-27,1768.5726318359375,1783.5524256101373,1761.9005598060762,1766.5924910032345,2907521
2019-11-28,1788.416748046875,1803.095138698723,1773.4798314127002,1779.5493068530664,2924429
2019-11-29,1767.6685791015625,1795.0025507983723,1761.254823055117,1795.0025507983723,2064271
2019-12-02,1739.9471435546875,1780.1086251454958,1735.599493659326,1773.4796413383988,3809860
2019-12-03,1765.7314453125,1775.2014823180764,1730.434034655351,1745.6721430730377,4664774
2019-12-04,1789.40673828125,1792.4199322114807,1760.9966240819326,1767.453468218141,3334301
2019-12-05,1826.2535400390625,1830.9885583009834,1780.668269899672,1793.280552651129,3902721
2019-12-06,1828.23388671875,1832.021817681823,1808.7771799574766,1828.5781676485865,1829461
2019-12-09,1773.866943359375,1831.9785313689058,1767.8836441121698,1831.9785313689058,2244747
2019-12-10,1732.8876953125,1774.2116001827223,1724.6229563751986,1773.4797404881613,4520045
2019-12-11,1757.8970947265625,1763.1486394800818,1727.63600208821,1743.6920397698138,4943024
2019-12-12,1739.818115234375,1793.840270230622,1708.0504225466625,1765.8177361326907,7137306
2019-12-13,1783.1651611328125,1788.4596893663643,1727.8515284941725,1741.626129618192,5711133
2019-12-16,1830.9454345703125,1838.908874217556,1790.956095891973,1804.472378445692,5574177
2019-12-17,1863.8326416015625,1867.3193795752757,1824.27375072384,1830.7305950515554,6059673
2019-12-18,1866.2430419921875,1896.9775757133143,1853.5445828205188,1871.6237450310302,8251081
2019-12-19,1919.0166015625,1925.4303561514446,1866.0704951894556,1876.616670849127,6251505
2019-12-20,1913.722412109375,1934.212172716075,1901.110127399259,1911.225849802493,5548338
2019-12-23,1921.2982177734375,1930.1225701339943,1902.6164601785595,1902.6164601785595,2247329
2019-12-24,1907.43798828125,1931.5004527540748,1903.6067591694111,1927.5832584948394,1805896
2019-12-26,1895.6861572265625,1918.9738814041664,1889.874998097142,1908.126300289099,1880367
2019-12-27,1892.7159423828125,1916.735314662521,1873.3454130657267,1900.8946103166932,2720261
2019-12-30,1879.5439453125,1915.5301263521696,1874.2925056830552,1900.0337028580848,2288830
2019-12-31,1861.0345458984375,1891.4247997842408,1857.3756677013128,1884.5374996484768,1909289
2020-01-01,1866.11376953125,1880.1464732577829,1854.4052770234578,1866.4580504117255,1354908
2020-01-02,1857.5477294921875,1876.7461198442331,1850.2730610686465,1876.7461198442331,2380752
2020-01-03,1894.566650390625,1913.8081251965027,1863.0142973122952,1863.0142973122952,4655761
2020-01-06,1894.394775390625,1916.3480430606007,1883.5902820104254,1898.311969109656,3023209
2020-01-07,1899.0433349609375,1906.6191944712962,1880.0601781693197,1894.4373704367447,2429317
2020-01-08,1941.57275390625,1945.6620879406387,1895.7722547578385,1898.311904384561,5197454
2020-01-09,1906.3616943359375,1938.7318784954782,1902.61664085624,1935.9770005092626,3734173
2020-01-10,1905.6724853515625,1923.2781000498417,1900.8943799955464,1918.1126261911581,1915807
2020-01-13,1885.69970703125,1910.3216774885109,1880.8354254802457,1909.3747998846015,2843893
2020-01-14,1899.9478759765625,1919.6629000364817,1889.7031004168168,1889.7031004168168,2948452
2020-01-15,1917.1661376953125,1920.6959633419585,1889.0143384047255,1905.1995369232427,2620681
2020-01-16,1927.4111328125,1936.1923991221495,1906.9213713008276,1917.209234630692,3117214
2020-01-17,1910.450927734375,1940.109320001684,1905.1992776447905,1929.0895984557453,3281059
2020-01-20,1868.4813232421875,1930.3377534635645,1856.2992865948524,1889.6165546490342,5817599
2020-01-21,1869.0841064453125,1882.4282500616882,1857.8922440573842,1868.13701863131,1902980
2020-01-22,1899.9478759765625,1902.6167890301438,1871.3656205491461,1877.650324377712,1773686
2020-01-23,1890.5,1913.6248971627447,1884.2442089936062,1906.7651408810502,2069866
2020-01-24,1883.9847412109375,1890.4994327121674,1872.422401429644,1890.4994327121674,1319430
2020-01-27,1871.7755126953125,1892.6568661639942,1868.1083254513549,1889.4211127134433,1549101
2020-01-28,1884.28662109375,1887.7812760778884,1856.8905820692617,1875.8736642279623,1743024
2020-01-29,1859.134033203125,1887.0476649278505,1855.1647592213335,1885.365115766797,2306761
2020-01-30,1844.681396484375,1868.1081651922416,1833.5934646806065,1863.793827628287,2098567
2020-01-31,1793.945068359375,1850.290369245648,1787.516746361145,1846.0190057576547,3287223
2020-02-03,1814.178955078125,1893.7352980390033,1806.1542450352317,1856.8908971834128,4728073
2020-02-04,1818.7088623046875,1843.6888327753682,1800.4593000561017,1837.0447955624147,3509339
2020-02-05,1852.1884765625,1860.9464983796906,1815.732320705576,1824.9649618318092,2439322
2020-02-06,1836.4837646484375,1876.0461053017345,1825.395835202132,1850.85042141743,2640065
2020-02-07,1843.559326171875,1856.0277175677377,1828.4159616578504,1845.6733091015299,2083442
2020-02-10,1865.4757080078125,1869.8332295165847,1828.4156037589491,1847.312311246495,2383032
2020-02-11,1858.098876953125,1876.5643687115164,1853.0944137483752,1866.3824896041258,1335820
2020-02-12,1873.069580078125,1885.3654416541303,1855.1650798885034,1856.1143183798254,1620407
2020-02-13,1891.3623046875,1895.7198275338772,1873.2852733618786,1874.9678227925779,1645948
2020-02-14,1884.675048828125,1908.662806155223,1873.2852405800134,1887.9539872819296,1500115
2020-02-17,1901.11279296875,1912.9772209289545,1889.8523301179546,1895.676685662055,1774724
2020-02-18,1911.8985595703125,1916.42861369995,1886.2714383405635,1898.265211676537,2486223
2020-02-19,1895.1590576171875,1924.194463804363,1890.1111986383216,1911.8986023204113,1760463
2020-02-20,1861.03271484375,1910.733757748042,1856.2437579611994,1902.1914535388562,2317278
2020-02-24,1825.2669677734375,1880.1452179060848,1817.8030370218212,1860.3424496397588,3092877
2020-02-25,1860.4713134765625,1878.1600937811284,1821.5129377043093,1825.3958406979943,2674567
2020-02-26,1832.38525390625,1867.1586408194346,1823.1955899052696,1858.6163380149562,2686842
2020-02-27,1816.767333984375,1829.2357259419773,1800.1139508187418,1829.2357259419773,2349001
2020-02-28,1725.8642578125,1785.7040911665013,1717.106132602724,1784.4097900615243,4298076
2020-03-02,1726.8568115234375,1772.2867022295245,1713.3959939344404,1755.9354048424332,2667076
2020-03-03,1756.970703125,1777.5069910764335,1736.0893524494097,1742.9922922205803,2757585
2020-03-04,1797.5252685546875,1807.232526496905,1747.306429599145,1774.0553181510331,3237002
2020-03-05,1833.636474609375,1853.2235231419756,1798.2589099725126,1799.6825569678913,3937056
2020-03-06,1826.2156982421875,1832.4283014976413,1787.5162210782007,1810.2958365685279,2595027
2020-03-09,1701.8765869140625,1794.6779175800705,1669.6485088557376,1790.4499513569278,4940975
2020-03-11,1685.783935546875,1714.7763633901254,1656.7053473633698,1667.9226231528094,6796449
2020-03-12,1527.14599609375,1646.6963281813134,1517.2230200238355,1642.899690184115,8728786
2020-03-13,1558.5975341796875,1570.4187762422782,1299.5215794726853,1456.434005911892,8029720
2020-03-16,1463.7684326171875,1589.617635097848,1446.0364635471321,1514.3324465174235,7844271
2020-03-17,1430.6341552734375,1493.6234757408445,1400.5632473218768,1492.7606083371813,5713248
2020-03-18,1427.5279541015625,1478.566585684495,1404.5325151102961,1446.8562063693034,7258778
2020-03-19,1422.2694091796875,1464.9457280046643,1344.3916286068034,1355.6473622071496,5135111
2020-03-20,1562.2928466796875,1624.4821328909024,1414.1425522811655,1416.7500677432697,8547498
2020-03-23,1451.2559814453125,1521.0505131456798,1406.1025529379563,1408.0581893120006,7003490
2020-03-24,1480.3302001953125,1538.4343227468346,1419.227370812281,1436.7847075341913,6350865
2020-03-25,1521.3114013671875,1573.200913933702,1460.2085830986846,1477.5920186117642,2765520
2020-03-26,1556.643310546875,1592.3663591097686,1497.1920398088018,1591.9751681101268,4556067
2020-03-27,1585.8038330078125,1607.967712285258,1521.3982285627783,1581.8925601941455,4331250
2020-03-30,1545.822021484375,1655.7722524193052,1532.8279457230028,1534.957374158789,8513547
2020-03-31,1587.1949462890625,1612.3140379657996,1547.1261388566702,1597.0166321948764,3927593
2020-04-01,1485.197509765625,1594.7131710563165,1479.330599339338,1587.0210208285353,4941878
2020-04-03,1437.7841796875,1512.3591745266067,1434.1336999821272,1512.3591745266067,5735369
2020-04-07,1542.9539794921875,1552.2106818374748,1481.9381519797437,1486.2840116629686,5427577
2020-04-08,1482.3292236328125,1569.7245035196363,1478.4614509894247,1529.7425947921151,6285615
2020-04-09,1535.087890625,1546.082935794269,1504.710270678281,1521.4418288619268,5307397
2020-04-13,1529.0908203125,1553.2103429861802,1517.5742914683103,1530.6118712919213,2990438
2020-04-15,1508.1435546875,1574.939390048746,1501.755162818742,1551.471750130801,4761399
2020-04-16,1491.542236328125,1534.001255445767,1455.9061942842382,1486.240203729346,6245533
2020-04-17,1569.8980712890625,1609.6626813561127,1523.658173716697,1564.5092485396776,9895823
2020-04-20,1580.7196044921875,1590.5846850070488,1566.682456133992,1590.5846850070488,3244282
2020-04-21,1510.3165283203125,1559.8158241125827,1501.6682045125647,1534.0883578580394,5122541
2020-04-22,1537.9993896484375,1555.8174102688347,1494.2366138812797,1510.3162910265162,3829836
2020-04-23,1632.52197265625,1651.4264597614135,1530.481179659398,1547.1258412501666,5934366
2020-04-24,1580.6326904296875,1609.6629486487066,1571.2890919771353,1599.8847642216172,2987102
2020-04-27,1596.32080078125,1629.6970169075296,1586.2384297899953,1592.583425949182,3374741
2020-04-28,1615.833984375,1623.6130300607945,1592.8443250805258,1621.0055144878918,2678505
2020-04-29,1656.337158203125,1662.3344644677077,1608.0112303683482,1628.827851235196,4241510
2020-04-30,1750.903076171875,1766.157083580823,1688.1054141203424,1720.9601503395816,5915544
2020-05-04,1677.892822265625,1708.7919252046543,1663.2907982637025,1708.7919252046543,3729348
2020-05-05,1679.891845703125,1718.3526989807674,1674.8941077065952,1699.3178147826648,2905528
2020-05-06,1654.555419921875,1698.1009059519174,1645.8637019078915,1686.019502792539,3517431
2020-05-07,1644.1688232421875,1681.3693118653628,1636.9546550089183,1660.1181042277117,3166754
2020-05-08,1645.690185546875,1685.7589910805634,1639.475584906271,1685.4113010817712,2686530
2020-05-11,1682.10791015625,1696.101552280543,1659.2486536817446,1659.2486536817446,2449841
2020-05-12,1694.45068359375,1700.5348871255048,1660.335685219267,1680.4570366907315,3256595
2020-05-13,1694.5811767578125,1733.1289329584079,1673.721049179577,1733.1289329584079,2656665
2020-05-14,1653.46923828125,1671.5045562483178,1643.6910538412735,1660.1184249204525,2263146
2020-05-15,1645.2554931640625,1666.5502044867046,1621.1793681310655,1665.3333426196796,3173682
2020-05-18,1691.060546875,1697.4489380601563,1627.1764228233021,1657.5105383209245,3727694
2020-05-19,1693.71142578125,1709.1826181195672,1654.0337171272606,1654.0337171272606,3198693
2020-05-20,1698.01416015625,1706.0975010641368,1678.9792748022548,1694.8851626145165,2778505
2020-05-21,1730.6951904296875,1736.605602286918,1687.1931968352596,1691.408659684856,3400908
2020-05-22,1756.03125,1766.1571228346922,1704.6632171060728,1718.4395691128934,3663418
2020-05-26,1688.8009033203125,1759.203823119049,1673.1558100317043,1751.381276474745,4575317
2020-05-27,1742.950439453125,1747.0355049101447,1687.2799372670738,1702.7077383676485,3482160
2020-05-28,1742.0811767578125,1750.5121012403388,1713.3985057841626,1728.3482191243363,3475681
2020-05-29,1714.3114013671875,1740.6473558433224,1705.663182264021,1722.6989325260956,7237735
2020-06-01,1777.6737060546875,1790.4939906968127,1721.916311289429,1729.651961886727,3747773
2020-06-02,1779.3250732421875,1808.746517479492,1773.1539746764722,1790.6677015826758,2443886
2020-06-03,1783.68359375,1799.0259622608462,1760.8879194509555,1788.6524997461158,3699799
2020-06-04,1823.260009765625,1830.62605776662,1784.2066113018238,1784.2066113018238,4048593
2020-06-05,1785.5145263671875,1828.8829372968924,1778.5843404517511,1823.303970568174,3573289
2020-06-08,1805.9998779296875,1826.267524683333,1797.5877999980617,1811.6661017532872,2957841
2020-06-09,1806.2613525390625,1826.7033011033075,1795.9749349072247,1798.45944113349,2909439
2020-06-10,1838.2540283203125,1858.5216779508742,1807.5256562997831,1810.6203292382702,5168397
2020-06-11,1802.42578125,1834.984861426736,1797.326307310458,1830.626227551613,2269513
2020-06-12,1777.8868408203125,1786.3425483687686,1753.0426265700655,1753.2169293684392,2842642
2020-06-15,1769.5181884765625,1794.8854161548834,1744.281634683936,1777.5380321811451,2399022
2020-06-16,1783.3790283203125,1807.918056715519,1770.4774269574061,1800.1161431152357,2146528
2020-06-17,1785.1220703125,1794.7546934059535,1766.5978769881328,1783.5529196073005,2703527
2020-06-18,1776.666259765625,1795.0596728240969,1765.420963459673,1782.6811955955022,1944389
2020-06-19,1782.3326416015625,1821.9090606609934,1771.3489049105926,1780.0661731434204,5681758
2020-06-22,1767.818359375,1789.0013636336823,1760.1472272178053,1787.039978291655,3196138
2020-06-23,1774.2257080078125,1781.809689070674,1752.1709760430797,1766.9903325568769,4205944
2020-06-24,1780.2403564453125,1799.46197417324,1771.0000740211588,1773.0922395389948,2560937
2020-06-25,1757.4886474609375,1795.7574810829158,1751.5173392552663,1773.9643077688029,3043931
2020-06-26,1847.0584716796875,1858.5215943199587,1760.8445608341817,1765.246823873319,6300722
2020-06-29,1832.064697265625,1854.6861798761015,1823.0424518256489,1837.6002480380114,3076341
2020-06-30,1815.06591796875,1840.9997909328376,1808.8767852246206,1830.626326876775,3071725
2020-07-01,1823.696044921875,1842.7867761932632,1812.755831314534,1812.9301341050098,2503466
2020-07-02,1880.4453125,1887.2884527585068,1828.882759301315,1832.3696663733863,3758699
2020-07-03,1917.4935302734375,1922.15735319874,1883.1475837857497,1886.1113694048865,4185208
2020-07-06,1972.8924560546875,1978.7329842484437,1922.1579884481957,1922.1579884481957,5190366
2020-07-07,1978.7327880859375,2007.3254727237122,1945.8250978952303,1983.1786803671089,5630055
2020-07-08,1934.2745361328125,1982.6553741516789,1924.424193425952,1978.819861312187,2793358
2020-07-09,1921.5909423828125,1956.5906861909016,1909.9969340678233,1943.078921594796,3443998
2020-07-10,1937.2821044921875,1961.2545910638219,1896.8774829046092,1922.375491348984,9610320
2020-07-13,1935.2332763671875,1956.9828149940113,1926.5160093565246,1935.2332763671875,2963503
2020-07-14,1893.346923828125,1951.796246577372,1887.2884653148774,1926.5161701366646,2976738
2020-07-15,1947.3504638671875,1970.1026190665104,1901.323457893274,1904.7231073718253,5569321
2020-07-16,1952.4620361328125,2038.3013448027077,1939.6626723743495,1960.5435995444818,8582118
2020-07-17,1922.756103515625,1960.455405161677,1913.4077466268182,1954.427083296355,4509135
2020-07-20,1929.003173828125,1945.6031384659368,1914.0633336349072,1922.9748509380931,2952646
2020-07-21,1943.98681640625,1955.8687675351046,1923.1056817547967,1948.3115010689828,2665286
2020-07-22,1914.1943359375,1949.18535733432,1908.296979970666,1949.18535733432,2861534
2020-07-23,1896.9388427734375,1914.1940670675217,1889.7746910432481,1914.1940670675217,2265766
2020-07-24,1884.8819580078125,1889.7746638171898,1856.6621926149871,1882.348364860904,3665100
2020-07-27,1928.042236328125,1935.2063888772418,1890.2117482329177,1891.52227174683,4248480
2020-07-28,2017.987548828125,2026.9427917658838,1935.206156793721,1935.206156793721,8092319
2020-07-29,1988.5445556640625,2046.1638581994637,1962.3340877964347,2002.479745086751,6090431
2020-07-30,1991.5587158203125,2060.1427733732385,1985.2245194221123,1997.1501969754315,7098496
2020-07-31,1993.2191162109375,2039.8738884285453,1972.2944635627728,2012.2217100714222,4723290
2020-08-03,1969.4107666015625,2012.8329452458786,1948.9229604152245,2001.12547506702,4012337
2020-08-04,1965.5230712890625,1982.95299090078,1943.9868874364445,1974.4783150628903,2927928
2020-08-05,1974.085205078125,2009.4693390925813,1968.406269989385,1974.5220462387972,3800641
2020-08-06,2016.5458984375,2026.5057898378861,1979.1959857340855,1987.626933339595,4748047
2020-08-07,2005.4066162109375,2033.932256044989,1998.1112841816537,2016.458611233606,3165491
2020-08-10,1994.4415283203125,2031.3108700541552,1988.5441741814457,2025.1950953916266,2929353
2020-08-11,1991.908447265625,2019.953738032033,1988.1517835323536,1994.6169480653682,2774423
2020-08-12,1972.2066650390625,2006.3237854419292,1962.7708543051888,1999.290814139235,3415751
2020-08-13,1969.6728515625,2009.4691196133688,1966.2218494303854,1985.8796995135597,2695682
2020-08-14,1958.9267578125,1993.131549133702,1951.0201033391352,1989.374672441154,2270405
2020-08-17,1968.755859375,1983.2590727162926,1955.5196561705911,1977.1432958400749,2625630
2020-08-18,1983.0401611328125,1999.858543378349,1964.2997207194778,1976.9681125407913,3493374
2020-08-19,1971.5518798828125,1996.0149882084986,1967.9696965574292,1988.8071080768232,2843005
2020-08-20,1968.275390625,1988.9816199028137,1957.0922137534417,1971.9010870995226,2895164
2020-08-21,1964.561767578125,1984.1321624152874,1957.9654246861442,1974.5216587664243,1975294
2020-08-24,1964.124755859375,1974.4777604553942,1948.3110249996253,1966.3089610443521,2167966
2020-08-25,1959.36376953125,1965.785420558957,1951.413387588922,1961.4170085132705,1663419
2020-08-26,1968.8428955078125,1974.4343764314583,1936.4729263871238,1958.795549912809,2618149
2020-08-27,1964.3870849609375,1998.4171792287868,1958.5771833207991,1979.7639778766281,3579393
2020-08-28,1955.781494140625,1991.9518549085346,1952.7673329601885,1981.8607819989552,2941136
2020-08-31,1972.119873046875,1988.6761141806983,1946.564659274975,1957.04884954037,6018154
2020-09-01,1962.596435546875,1990.2483966503821,1958.1842970116766,1982.3852554871453,3610908
2020-09-02,1979.021484375,1982.1668261469483,1958.489949206095,1963.164235086366,2084137
2020-09-03,2009.0321044921875,2030.4373171732304,1981.5111167594177,1981.5111167594177,4654146
2020-09-04,1999.684326171875,2030.6563246905976,1977.0995507391403,1987.6274663530642,5231303
2020-09-07,2033.1024169921875,2047.4744480122272,1994.922543553401,1999.8587631747334,4620401
2020-09-08,2051.5810546875,2088.494137628878,2033.1027564764495,2040.8784448405918,7453998
2020-09-09,2033.6270751953125,2061.0171080948357,2026.9434890970829,2031.3119017891026,3866535
2020-09-10,2036.6845703125,2051.843044743669,2030.6999740623198,2040.0483327555746,2308813
2020-09-11,2074.209228515625,2081.9849156454634,2035.8107208864612,2036.5097093849656,4145424
2020-09-14,2176.6923828125,2189.2298113608394,2080.980640519521,2082.946426043042,7512131
2020-09-15,2176.6923828125,2217.4060705313022,2153.277863662336,2176.6923828125,7318770
2020-09-16,2186.8271484375,2190.8461729841047,2164.373552378301,2174.5518674889518,3074003
2020-09-17,2150.0888671875,2180.493060302969,2141.0463814553664,2166.732561174542,4828176
2020-09-18,2140.434326171875,2184.555285305051,2128.6396143243924,2171.1006622958726,4183256
2020-09-21,2153.88916015625,2188.4868535573532,2142.4001091660366,2153.62701278854,4598809
2020-09-22,2204.256591796875,2232.258150592757,2147.510972272797,2171.1003930422703,7499613
2020-09-23,2155.767333984375,2201.548414177455,2104.700646552897,2192.9425582597637,7502280
2020-09-24,2037.646240234375,2140.52236620183,2011.7416365109068,2140.52236620183,8424708
2020-09-25,2116.32080078125,2131.7849357285177,2054.9883424217905,2068.8798064775124,8228267
2020-09-28,2119.815185546875,2135.2793179800015,2067.132105704044,2131.7845891453367,4347166
2020-09-29,2174.0712890625,2193.860324224557,2119.8157377517377,2127.2857652420143,6995811
2020-09-30,2177.47802734375,2188.5737477960683,2149.2580517278757,2174.5948336384886,3917166
2020-10-01,2204.693603515625,2219.1530885441643,2177.4784846203565,2192.94261899443,2610337
2020-10-05,2364.009765625,2383.492924857861,2274.2389033903096,2289.047776689921,17412105
2020-10-06,2371.435791015625,2390.3946533177104,2315.345432819533,2390.3946533177104,9846367
2020-10-07,2390.350830078125,2420.099752365847,2361.56304355411,2395.6366501758675,9656101
2020-10-08,2468.76416015625,2520.5735658865633,2446.3105665450184,2446.3105665450184,19839329
2020-10-09,2457.624267578125,2472.389624533133,2428.8364821496007,2455.0469477843085,7739245
2020-10-12,2472.5205078125,2493.488879610203,2446.9653046840494,2459.852116518054,4623203
2020-10-13,2469.507080078125,2494.2758486357666,2456.9696520652674,2485.626478022248,4209878
2020-10-14,2465.163818359375,2493.591731300728,2445.8169431191955,2493.591731300728,4395936
2020-10-15,2404.622314453125,2481.0882680438763,2392.689490568703,2466.3916970988726,6629355
2020-10-16,2424.539794921875,2431.8660178338555,2396.462759469137,2412.9580606397767,5273773
2020-10-19,2379.1337890625,2433.927831688607,2374.790665802685,2433.927831688607,3331194
2020-10-20,2403.218994140625,2421.556724074245,2384.7495245636487,2390.9352898989423,3406273
2020-10-21,2347.415283203125,2411.9925428240776,2336.579432135589,2403.2184702783375,4570143
2020-10-22,2343.686279296875,2357.2860916088785,2314.6881411873023,2334.7806814349287,5262294
2020-10-23,2357.41796875,2370.7545168241036,2342.7653097302127,2358.295376047122,3499091
2020-10-26,2358.646484375,2377.730094957164,2343.1164165365,2360.181947295404,2672752
2020-10-27,2307.712890625,2384.9247385862263,2302.4047474462914,2368.7805287877372,3537502
2020-10-28,2300.737548828125,2330.3500473861573,2286.523592362426,2325.129516408453,3569445
2020-10-29,2309.906005859375,2329.5161426883374,2281.4780979379843,2288.2780038158885,3105968
2020-10-30,2338.158935546875,2346.4943049198955,2300.2110697170697,2312.9334756022067,3427003
2020-11-02,2285.295166015625,2338.1589564594406,2281.302919911739,2333.9034453203194,2571196
2020-11-03,2310.73974609375,2338.2902471868115,2282.1800981686997,2284.768406632066,2879269
2020-11-04,2327.892822265625,2388.170868151739,2290.03278734685,2290.03278734685,4893928
2020-11-05,2356.45263671875,2377.7736759913773,2340.0451637893,2355.838494478542,2816502
2020-11-06,2375.536376953125,2380.6253821897135,2352.5922614970063,2368.1223280309728,3884421
2020-11-09,2392.338134765625,2407.60493166552,2364.6998128459954,2396.2864664684294,3646592
2020-11-10,2324.7783203125,2380.5373793223025,2314.907488813569,2366.54277661708,4760020
2020-11-11,2358.295166015625,2362.682202110523,2319.3381569664807,2340.87854703458,3242441
2020-11-12,2343.599365234375,2380.406567323738,2335.439432574257,2356.7165646264502,2437505
2020-11-13,2331.13916015625,2338.2021160058084,2312.8451362734413,2330.1739266533355,2548093
2020-11-14,2342.984619140625,2359.348179251426,2333.947281301712,2349.6527859515836,298819
2020-11-17,2339.2119140625,2364.6128140653127,2325.1733964279747,2364.6128140653127,2827273
2020-11-18,2304.641845703125,2337.588533329928,2287.44479080005,2334.780872755015,2893762
2020-11-19,2313.63525390625,2348.07349088108,2308.3271110405285,2313.723080321704,4167501
2020-11-20,2334.122802734375,2347.941967904215,2305.4316264620043,2329.5164143444285,2711471
2020-11-23,2390.277099609375,2395.322192138605,2338.2907113734,2360.2258962830942,3706418
2020-11-24,2388.346435546875,2406.728074498653,2373.3865991683765,2399.182286502763,3120516
2020-11-25,2370.14013671875,2397.909989201703,2358.6460165955586,2394.4442735680022,3302249
2020-11-26,2387.07421875,2396.155255142034,2351.4513991825606,2356.7158426135666,2341099
2020-11-27,2351.14404296875,2384.529428708383,2341.843655471187,2373.386400465167,6086808
2020-12-01,2392.51416015625,2400.4984376982857,2302.7114413829427,2350.5740502730196,3605017
2020-12-02,2412.475341796875,2416.993903814778,2371.1493713020454,2385.6705053037354,2509032
2020-12-03,2377.291259765625,2433.8401196354857,2369.701772006041,2433.8401196354857,2852548
2020-12-04,2393.172607421875,2403.0873539284025,2368.122583197615,2378.476033406106,2686527
2020-12-07,2402.078369140625,2407.6060790009005,2374.3961208347323,2382.1612625683106,1996400
2020-12-08,2454.37158203125,2461.6101925479306,2397.4716306491555,2404.096098873242,4277818
2020-12-09,2466.216552734375,2491.8368037903465,2450.7301849167493,2469.901620658389,3659996
2020-12-10,2442.965087890625,2480.6936002409766,2439.411545629429,2472.533669843982,2127801
2020-12-11,2442.350830078125,2463.4962156125653,2425.636179648426,2450.3351072759124,1795408
2020-12-14,2454.72265625,2460.2503657484403,2418.354162123445,2458.4955509369224,2483658
2020-12-15,2423.00439453125,2452.0903635113427,2417.2573333466535,2444.4569621429314,2365509
2020-12-16,2469.19921875,2474.112784593812,2422.038583290339,2438.31452916089,2565149
2020-12-17,2490.25732421875,2503.8571371950884,2461.1274450728747,2466.3918888056505,2863460
2020-12-18,2510.26220703125,2542.7262761190364,2497.2765365539835,2516.40405793975,6076692
2020-12-21,2474.420166015625,2532.6362273396303,2443.5793844243444,2510.2623406958883,2705195
2020-12-22,2520.352294921875,2530.135299955896,2473.1038294006576,2486.572116208388,2881737
2020-12-23,2552.158935546875,2561.152361963499,2514.1671498910728,2523.467754601367,2790988
2020-12-24,2552.684814453125,2563.213701230318,2529.740486824709,2552.3776362378235,1807144
2020-12-28,2570.276611328125,2588.0880206444162,2546.235739308409,2553.254997032209,2108994
2020-12-29,2571.2421875,2590.1064451458797,2562.029410510152,2562.029410510152,1994151
2020-12-30,2552.641357421875,2586.3337154456203,2546.2362406456327,2574.6641543399937,2637968
2020-12-31,2511.797119140625,2548.867568283474,2496.223143465227,2544.480532881954,4040956
2021-01-01,2569.267578125,2579.5771125032015,2526.055274454666,2526.9326816357893,2681440
2021-01-04,2666.83544921875,2676.7501940827437,2580.4108342495947,2588.3514127818057,5113293
2021-01-05,2713.82080078125,2732.465706056582,2666.9673362677822,2666.9673362677822,5801309
2021-01-06,2677.40869140625,2731.807950415651,2664.861722695794,2719.9629504700556,3726716
2021-01-07,2661.00048828125,2703.159945329196,2632.4408422674323,2698.0270277384734,3717827
2021-01-08,2738.2998046875,2744.5294809455468,2684.8657965771654,2711.1880102690984,5879039
2021-01-11,2787.0400390625,2834.025237152171,2760.80564964127,2834.025237152171,9508039
2021-01-12,2785.63671875,2816.477500398718,2763.8330611389288,2787.0404419371316,3611458
2021-01-13,2771.685791015625,2787.523035871465,2742.994614697251,2785.7682212439095,3572801
2021-01-14,2857.615234375,2871.5046923112336,2743.0714714427045,2773.4876180137585,6931542
2021-01-15,2842.36376953125,2878.0981645602974,2821.83723525918,2843.814160767429,4131692
2021-01-18,2832.16650390625,2862.9342008525427,2801.970121198734,2857.0004307271865,4160906
2021-01-19,2866.406005859375,2882.4931560584005,2841.176541744663,2842.0556186449553,2975735
2021-01-20,2908.690185546875,2925.5244252045945,2872.032715490812,2874.5819530880785,3453446
2021-01-21,2877.966064453125,2908.997308078231,2867.6369106285397,2905.349224702435,2778546
2021-01-22,2903.6796875,2922.931390359051,2849.8799966804477,2849.8799966804477,3052459
2021-01-25,2893.306396484375,2935.941634277251,2882.1859428044563,2908.8220208853404,2272887
2021-01-27,2866.7138671875,2906.6238739856344,2836.781254779704,2900.9538707074753,2786662
2021-01-28,2810.01318359375,2878.9767204312448,2798.804953613445,2839.4182616772277,3083938
2021-01-29,2735.115966796875,2827.858578666377,2725.138358250766,2821.8808128923442,5445659
2021-02-01,2759.730712890625,2782.2789541121247,2675.9986211436485,2725.138943996078,3985846
2021-02-02,2816.079833984375,2834.14491350001,2769.0932002248855,2790.19105317898,2881837
2021-02-03,2813.090576171875,2844.6933534135856,2780.212965504138,2824.474581124181,2505866
2021-02-04,2802.89306640625,2846.319599731516,2791.948600489851,2827.155677875,2057261
2021-02-05,2776.08154296875,2818.189465708763,2750.6323033162134,2812.123704821088,2366135
2021-02-08,2825.44140625,2835.9023364608793,2773.6196466029005,2803.81602670241,2526592
2021-02-09,2792.739501953125,2853.308033128852,2781.399495042567,2808.650880739887,2658751
2021-02-10,2824.73828125,2830.1005223957927,2775.5099672593133,2799.860358220309,2127983
2021-02-11,2818.32080078125,2830.0125675509667,2799.904180954972,2826.2324936093946,1165882
2021-02-12,2804.958740234375,2853.044205879988,2797.2228202465326,2799.1567465888947,2777404
2021-02-15,2760.169921875,2820.958008762423,2752.873540069198,2820.958008762423,2630853
2021-02-16,2732.875,2784.6085598624745,2725.1390784021382,2769.0929345053987,3435770
2021-02-17,2701.49169921875,2754.0165516150078,2677.2730841859975,2729.6221641004277,3678426
2021-02-18,2687.646484375,2723.292889441269,2664.482716711281,2694.371338409791,4189909
2021-02-19,2700.392333984375,2713.842038226488,2651.4275812648107,2688.2170336452054,3725028
2021-02-22,2600.704833984375,2721.6218962319185,2587.254915410718,2721.6218962319185,5366696
2021-02-23,2619.824951171875,2661.844870183656,2609.1002558471237,2610.8584096583413,3832829
2021-02-24,2591.60693359375,2640.17593679513,2567.915637260526,2612.616787592777,3774549
2021-02-25,2633.09912109375,2663.515053520155,2609.4958201264185,2614.374739918471,4224073
2021-02-26,2544.312744140625,2612.924750692814,2531.7418994246586,2602.068063297566,5553153
2021-03-01,2570.596923828125,2606.4633083985727,2550.905684849813,2572.17930535387,3265871
2021-03-02,2642.812744140625,2659.207441361506,2591.518524672304,2602.0674467537383,3306469
2021-03-03,2689.184814453125,2693.4922063508966,2634.506047707785,2667.998970716374,3509857
2021-03-04,2680.9208984375,2708.8315912558814,2651.340045282069,2657.4495870855635,3916760
2021-03-05,2644.307861328125,2692.7888765877847,2634.2424716557,2651.38447476698,3203686
2021-03-08,2643.340087890625,2666.2400827282695,2633.714239318792,2651.2957762968877,2003125
2021-03-09,2682.020263671875,2696.0415006414014,2630.28670456108,2643.340870863011,1942397
2021-03-10,2699.60107421875,2719.1605345995504,2689.9752254044583,2703.1613784701667,3053778
2021-03-12,2688.173828125,2740.0833748291366,2673.58127674779,2703.1621358997736,2938317
2021-03-15,2695.382080078125,2724.2598477579736,2673.2733775514675,2673.2733775514675,3097083
2021-03-16,2733.972900390625,2761.18028498053,2689.9750627317485,2689.9750627317485,4894756
2021-03-17,2736.522216796875,2773.4874409863096,2712.2158279236933,2729.5335988153697,3838390
2021-03-18,2669.317138671875,2765.971605676394,2625.846826743809,2747.950528336439,3656306
2021-03-19,2681.36083984375,2724.2598438450864,2641.6265991463324,2663.603525927916,5776626
2021-03-22,2751.203125,2759.818122141022,2653.6255823341885,2680.041887934514,2821646
2021-03-23,2762.5869140625,2785.794456378102,2745.2251467815067,2760.3012284718334,3305973
2021-03-24,2743.687255859375,2771.1144147890072,2734.940268188996,2734.984264961801,2207104
2021-03-25,2694.23828125,2752.2573428342785,2681.1839065462045,2735.862433782267,3179786
2021-03-26,2695.953369140625,2740.962068326735,2675.0752905252434,2716.9192266843957,3697370
2021-03-30,2776.608642578125,2802.89295847513,2690.76664657172,2710.1943337083953,4694008
2021-03-31,2793.574951171875,2817.441806052853,2753.269184573334,2773.487955724415,3530069
2021-04-01,2782.27880859375,2826.232660230302,2764.6972679391292,2805.2228049953965,4285076
2021-04-05,2847.2421875,2868.4280273958516,2769.9714110708946,2787.5529497003513,5317862
2021-04-06,2869.9228515625,2878.9773882568857,2839.4189203266383,2878.9773882568857,2291562
2021-04-07,2875.812255859375,2881.218707886969,2843.6381681767643,2864.911787498394,2491268
2021-04-08,2916.205810546875,2931.721431827485,2871.1091231096307,2874.5814339058097,2578118
2021-04-09,2920.5126953125,2948.7311444737156,2907.9858517853113,2948.4233817678155,2911129
2021-04-12,2853.96728515625,2934.4468220123777,2824.649983332408,2920.5133666529578,3791828
2021-04-13,2728.698974609375,2825.35344676723,2701.4475879106244,2825.35344676723,8654596
2021-04-15,2829.704833984375,2845.791985824758,2714.1062098015173,2778.1470543691926,6062760
2021-04-16,2808.782958984375,2854.3631900125724,2797.7507136681297,2838.5398030645506,3224657
2021-04-19,2779.465576171875,2803.376426569832,2755.994264254095,2785.794887362746,2679106
2021-04-20,2764.301513671875,2835.330975379309,2748.3023558299074,2835.0232125941484,3141893
2021-04-22,2741.664794921875,2767.333794821836,2729.753261235866,2767.333794821836,1988980
2021-04-23,2733.490478515625,2741.841711686842,2717.2715475436366,2729.5346312239963,1615309
2021-04-26,2725.841552734375,2771.7293216051144,2714.6333228420613,2726.940398802249,2490260
2021-04-27,2753.269287109375,2756.873588817901,2727.7760529694733,2730.4132840873945,1471417
2021-04-28,2746.324951171875,2769.9720401515624,2735.688032037976,2769.048966240201,1639037
2021-04-29,2738.543701171875,2775.55291624458,2729.9727033108925,2765.2237649762164,1621395
2021-04-30,2668.570068359375,2753.3132218090022,2654.812598851763,2724.259683391263,3072305
2021-05-03,2669.7568359375,2685.5802218600797,2640.7472950794368,2659.1199184421807,1545831
2021-05-04,2680.964599609375,2716.347442509376,2667.9982161863936,2692.4365953242295,1990777
2021-05-05,2721.358154296875,2724.6106957094466,2683.294083870649,2698.765922236356,1939289
2021-05-06,2735.2041015625,2755.027330929211,2702.282710681683,2729.9736363116353,1791671
2021-05-07,2754.059814453125,2777.7511075730526,2735.51142144039,2754.147807986654,1912540
2021-05-10,2765.136962890625,2781.575661409017,2747.1158827001123,2765.5325046540484,2137153
2021-05-11,2745.005859375,2749.8407827575666,2717.358716701784,2747.1155582763954,2415625
2021-05-12,2714.237548828125,2742.7195506218563,2699.293243584352,2742.7195506218563,1978558
2021-05-14,2682.50390625,2723.8205320385464,2672.3945190889726,2723.8205320385464,2043935
2021-05-17,2698.5458984375,2703.336823881444,2668.8770576288784,2685.579516158177,2890462
2021-05-18,2715.29248046875,2746.235941106845,2705.798408043172,2725.1380977692766,2098538
2021-05-19,2709.315673828125,2740.9624500311793,2696.2175106359023,2711.0738280616283,1986041
2021-05-20,2689.9755859375,2715.293046140593,2683.0309635728013,2696.2171184058284,2329027
2021-05-21,2707.996826171875,2714.7656764673193,2685.668355166535,2690.854823863694,1685566
2021-05-24,2708.8759765625,2729.534287595834,2700.5247444426413,2708.8759765625,1652260
2021-05-25,2750.83544921875,2763.42356904899,2722.655814602885,2731.4011589545203,1841613
2021-05-26,2790.146240234375,2795.888190705017,2741.8255617150744,2756.1362259082634,1923753
2021-05-27,2809.13916015625,2842.4866454694256,2793.061740172022,2793.194160468886,5959785
2021-05-28,2776.983642578125,2825.0392585195646,2769.960623856827,2817.530555049453,1763701
2021-05-31,2790.720458984375,2800.6144542582383,2763.7334632434854,2782.637645424478,1652799
2021-06-01,2785.287841796875,2800.261039677647,2766.736923725916,2799.068610059735,1377441
2021-06-02,2764.484375,2790.9856875450187,2751.719619257796,2783.388774016387,2240078
2021-06-03,2774.90771484375,2786.656670864749,2758.476818072345,2786.656670864749,1281706
2021-06-04,2777.116455078125,2788.6887800926147,2760.5531362605616,2763.2032672713717,1836060
2021-06-07,2811.965087890625,2818.3695699212626,2768.1497264336485,2778.2201360490376,2559821
2021-06-08,2826.93896484375,2854.191232954633,2815.499275242402,2825.039790463917,2574057
2021-06-09,2827.027099609375,2844.473794466741,2814.615610260748,2828.573009280281,1710925
2021-06-10,2841.64697265625,2848.007243465834,2820.622558432509,2835.63996635401,1874324
2021-06-11,2891.99951171875,2923.0943373291366,2836.523395939516,2837.0092963972816,3452954
2021-06-14,2894.25244140625,2922.8295591519113,2888.952179184316,2896.593304286982,1847360
2021-06-15,2882.23876953125,2913.3778137810323,2872.3449886763165,2913.3778137810323,1304985
2021-06-16,2892.485595703125,2910.4621884354497,2873.62541029358,2881.6642273428124,1635552
2021-06-17,2930.82373046875,2946.9895709854272,2879.808714137028,2884.6672871210017,2273413
2021-06-18,2912.759033203125,2966.3799741161924,2893.059682915584,2960.1079111317467,3380431
2021-06-21,2891.38134765625,2902.7768246995624,2872.4769504377414,2884.22590768231,1130569
2021-06-22,2916.203857421875,2939.0392371670882,2901.893194391392,2918.6773559419053,1708688
2021-06-23,2881.044921875,2940.761278011159,2876.6280380089574,2940.761278011159,1467104
2021-06-24,2980.160888671875,2988.464546637038,2896.1516453294503,2901.010219082481,4155204
2021-06-25,2986.52099609375,3003.17252309465,2959.312941438819,2981.618210624291,2722861
2021-06-28,2947.6083984375,2995.9732923655597,2944.2957344698248,2995.9732923655597,1355238
2021-06-29,2951.230224609375,2973.7121267952775,2938.553678014563,2952.2460219223417,1497322
2021-06-30,2955.55859375,2987.5810099566615,2949.1541105086676,2955.7794379997013,1693146
2021-07-01,2951.803955078125,2969.9131817963957,2943.721142590661,2966.37967414405,990310
2021-07-02,2937.626708984375,2950.2148342659707,2910.9045482988827,2942.5294956487546,1682274
2021-07-05,2933.695068359375,2980.5140501790215,2916.9109050655393,2952.2459856841406,1972858
2021-07-06,2881.84130859375,2939.8791439938736,2876.364413418277,2926.6284867943823,2159420
2021-07-07,2893.015380859375,2899.8615524149545,2863.554888146933,2893.059592841762,2640710
2021-07-08,2878.484375,2913.3777715973606,2854.986457100049,2913.3777715973606,2485811
2021-07-09,2834.005859375,2899.2433376238587,2827.68980004082,2870.9752733935225,6365067
2021-07-12,2820.711181640625,2858.6079686286457,2816.515140895574,2857.7245916296874,1892226
2021-07-13,2815.80859375,2839.1738738783592,2804.72216850149,2839.1738738783592,1809339
2021-07-14,2839.6591796875,2846.240294279619,2813.5553498698278,2815.3221036217087,2044279
2021-07-15,2835.587158203125,2861.1725983413016,2827.6637229336393,2857.410052686177,2232968
2021-07-16,2828.372314453125,2850.549246811429,2825.893417350475,2844.484821411991,1256526
2021-07-19,2819.342041015625,2832.798632124754,2811.72833250103,2815.269552063374,1597058
2021-07-20,2838.11083984375,2846.2556026952184,2794.155316482695,2819.3424168889087,1811945
2021-07-22,2847.450439453125,2855.063931743701,2824.1225693914685,2824.1225693914685,2859334
2021-07-23,2844.35107421875,2869.7592739369065,2838.862012587664,2859.533962206514,1776193
2021-07-26,2830.806884765625,2854.4444836916996,2824.8753848312026,2832.9758386643216,1259611
2021-07-27,2817.880859375,2841.828397353054,2798.581171579533,2832.9753493862218,1121367
2021-07-28,2831.02783203125,2836.915022702332,2773.128766395787,2822.351801458965,1660654
2021-07-29,2829.25732421875,2855.5065269494357,2824.388147472567,2833.1968876310666,1731997
2021-07-30,2804.1591796875,2853.7805664074917,2799.6442540307867,2849.7966940486167,2999943
2021-08-02,2850.14990234375,2855.0190782580185,2803.7600219069845,2815.268983158892,2608669
2021-08-03,2908.137939453125,2912.653080836421,2849.7521253310056,2858.649482681095,3804735
2021-08-04,2898.443359375,2926.109132013964,2887.1557241383025,2921.50559067461,2929598
2021-08-05,2907.297119140625,2934.7858807994226,2888.3073713749973,2899.3736831427177,2534521
2021-08-06,2930.18212890625,2942.7534149481066,2890.5204271376556,2897.2045221954145,2292362
2021-08-09,2941.602294921875,2954.26219713046,2930.3589668869713,2942.6646174826997,1510489
2021-08-10,2951.51806640625,2965.682945510539,2935.3171588418413,2935.3171588418413,2040777
2021-08-11,2960.63623046875,2974.6240893547983,2945.4976482687453,2965.771041469814,1929707
2021-08-12,2967.32080078125,2981.707005901768,2944.524198821045,2944.524198821045,1310205
2021-08-13,3066.164794921875,3080.86094219364,2972.4110958089495,2975.288336631401,4363584
2021-08-16,3074.619140625,3093.564792280831,3042.34982516594,3063.1544871451047,2083489
2021-08-17,3145.531982421875,3152.3930940101595,3065.8102490618444,3082.719655689801,4336019
2021-08-18,3152.171875,3182.670580449976,3130.968869437291,3163.946471418309,2631309
2021-08-20,3151.24267578125,3164.9649012271298,3098.567036166421,3103.8788653712777,2836148
2021-08-23,3220.2080078125,3251.7249492072847,3153.367486803747,3169.391592203125,3744176
2021-08-24,3198.783447265625,3246.7228346734682,3182.139672824167,3237.559843001873,2511141
2021-08-25,3239.330810546875,3273.6363773434564,3193.339261643497,3195.9508680170043,2123263
2021-08-26,3250.70703125,3264.650584058669,3229.5038050202993,3240.2160812526786,1902533
2021-08-27,3293.46630859375,3301.7439942841897,3232.336189828916,3245.5271438653544,3944728
2021-08-30,3276.779052734375,3311.3502521292385,3264.6504188945714,3288.907686574179,2033114
2021-08-31,3352.161865234375,3367.7876225330842,3278.681576731329,3283.949096354081,3207480
2021-09-01,3288.86279296875,3378.9425500537704,3281.824663529927,3360.616785206259,2643336
2021-09-02,3396.693603515625,3416.524346986112,3295.1048653900193,3305.7285242789717,3403717
2021-09-03,3401.38525390625,3414.531900131257,3368.1863248448262,3386.290764265217,1746812
2021-09-06,3410.1943359375,3432.858226910187,3376.552751107379,3408.1580915226373,1723693
2021-09-07,3378.235107421875,3426.0858836953535,3371.462610939425,3420.8183624157914,1585039
2021-09-08,3341.273193359375,3377.4379827229823,3325.2049968827055,3373.0114584992302,4147175
2021-09-09,3356.544921875,3371.860739920555,3333.172958897649,3355.0399467680836,1441148
2021-09-13,3404.307373046875,3410.5485998446184,3334.9436458552505,3334.9436458552505,1691473
2021-09-14,3440.2060546875,3449.5903726199604,3386.291075393648,3408.3793883308576,1991188
2021-09-15,3500.982421875,3523.5133876208283,3422.588632297016,3436.84212717988,2461369
2021-09-16,3455.61083984375,3525.062969647641,3445.695467673765,3479.248438680286,2946666
2021-09-17,3388.81396484375,3492.5273326388105,3368.5846643068885,3470.3947132938247,6477148
2021-09-20,3384.962646484375,3427.0146213001217,3371.107713869043,3372.1257278564103,2002008
2021-09-21,3419.88818359375,3427.5018914398584,3383.325051595029,3415.5059679978876,1568129
2021-09-22,3419.18017578125,3449.9004282075575,3410.592761622935,3419.4901189466127,1744067
2021-09-23,3425.46533203125,3434.0970531625558,3395.143644980253,3426.129310579812,2003869
2021-09-24,3427.28076171875,3491.996417565266,3412.8502492141406,3443.835919440469,2320754
2021-09-27,3396.8701171875,3456.229845648555,3366.725446335667,3452.688626544407,1673362
2021-09-28,3345.699951171875,3408.4238902572306,3321.0000307343994,3408.4238902572306,2253075
2021-09-29,3356.987548828125,3369.470434317807,3295.2375323295264,3328.5693913486634,2489161
2021-09-30,3342.512451171875,3368.584633292451,3319.981488113893,3368.584633292451,2252412
2021-10-01,3302.364013671875,3373.0113819065105,3297.760471811483,3348.001520610222,1578374
2021-10-04,3340.52099609375,3349.6837720532653,3282.2235824322406,3297.583708781848,1356860
2021-10-05,3393.638427734375,3399.5699257833658,3312.456032890701,3323.433724320509,1877966
2021-10-06,3373.80859375,3415.0195829652303,3359.732331307594,3396.029834755186,1678154
2021-10-07,3446.403076171875,3451.80352207463,3381.908749178324,3390.7174889832863,1647233
2021-10-08,3484.250244140625,3532.2780363566103,3452.689209997108,3474.821833138115,2934339
2021-10-11,3262.879638671875,3326.532970873897,3240.21574807677,3324.319708750894,11845402
2021-10-12,3233.885986328125,3281.8251586645006,3214.187952937166,3280.939853792997,5752877
2021-10-13,3235.96630859375,3253.8937321613757,3226.9362421726487,3231.362766510334,3545655
2021-10-14,3203.36865234375,3255.30274904869,3200.4858910537205,3215.3875927252047,6442299
2021-10-18,3235.03515625,3239.958069636793,3194.4991342496655,3196.273141484285,3590107
2021-10-19,3223.50390625,3273.1319287564406,3215.5652676856744,3254.4160669882417,3135441
2021-10-20,3201.0625,3219.822536421355,3173.964501183039,3203.856474257282,2933693
2021-10-21,3133.340087890625,3199.820961660556,3114.4912621672916,3196.849629655158,4871211
2021-10-22,3103.49267578125,3159.152152457809,3091.207589128404,3157.7328600565615,2691670
2021-10-25,3098.258544921875,3117.4179053679563,3060.1617914377334,3107.1729725815594,2595594
2021-10-26,3089.078857421875,3130.2357382859686,3082.337543367453,3099.634113754694,3878763
2021-10-27,3095.420654296875,3114.491230718505,3089.433380304038,3089.433380304038,2510813
2021-10-28,3035.01611328125,3120.479006110419,3029.117625317533,3120.479006110419,2424942
2021-10-29,3013.816162109375,3069.9191338563896,3003.3494774292535,3015.856313483621,3960501
2021-11-01,3083.5791015625,3092.981425957141,3027.298768768552,3049.4738578562856,2020718
2021-11-02,3090.498046875,3116.5760838881283,3077.6808875558004,3099.1907258793763,3087414
2021-11-03,3097.637939453125,3122.1634993420716,3074.398491314584,3108.237587853043,1537639
2021-11-04,3112.1845703125,3116.2648728066724,3108.947094339255,3115.9987284607782,328991
2021-11-08,3106.951416015625,3147.0883231813395,3087.8364478558224,3147.0883231813395,2526082
2021-11-09,3109.568603515625,3135.5578533619946,3100.9647115568696,3111.6087551892156,1782692
2021-11-10,3090.58642578125,3121.986263947992,3086.9496247069433,3102.7383307642617,1516489
2021-11-11,3094.045654296875,3113.426767950228,3047.744113577115,3086.7722686985917,1284514
2021-11-12,3127.618408203125,3134.8030058714526,3091.8277340904806,3109.833946572736,1747259
2021-11-15,3151.78955078125,3166.2477510085714,3129.3483191275823,3129.3483191275823,1809157
2021-11-16,3154.5390625,3171.5253089279527,3141.7662991193665,3165.7153928732405,2013204
2021-11-17,3123.937255859375,3160.260219123125,3110.188702860013,3149.3944272365325,1632914
2021-11-18,3082.9580078125,3123.00634559004,3061.5813534905255,3117.950252419845,2136598
2021-11-22,3067.61279296875,3118.659887291616,3051.558159680748,3085.3528628252743,3167936
2021-11-23,3072.802001953125,3087.614917705007,3022.730695618105,3055.7271838719826,2153461
2021-11-24,3054.218994140625,3098.347415365551,3037.099784404964,3079.8533069845294,2161746
2021-11-25,3056.525146484375,3071.6929923228795,3046.014285380131,3054.751139558402,1849619
2021-11-26,3057.368408203125,3095.642526457509,3026.3674595161992,3037.9872931567247,1941251
2021-11-29,3106.285888671875,3130.545518141723,3021.5326709857773,3057.633665844381,2981745
2021-11-30,3130.368408203125,3161.0588168343756,3096.529310296403,3096.529310296403,5588446
2021-12-01,3173.521240234375,3184.3426398781166,3135.5574462309587,3135.5574462309587,2102118
2021-12-02,3231.265380859375,3235.789185915078,3170.2397054205367,3183.6333300682236,3152938
2021-12-03,3229.091796875,3251.7103857650372,3220.5766933426667,3234.413817790303,2486263
2021-12-06,3136.79931640625,3244.6590363859564,3124.02655170895,3229.092080530519,1849642
2021-12-07,3179.46435546875,3191.4389038852173,3126.0667828778905,3159.95027656784,1484458
2021-12-08,3217.073486328125,3234.414451183741,3194.100178166319,3194.100178166319,1428660
2021-12-09,3194.7646484375,3224.035762034623,3163.05427537395,3202.082426836781,1567957
2021-12-10,3225.854248046875,3230.466622758769,3171.1261775123917,3179.9074252032365,1510718
2021-12-13,3201.772216796875,3248.2069383784756,3194.7205820190884,3237.562895980731,1883864
2021-12-14,3214.3232421875,3224.2576378158583,3172.5452918133496,3197.6475335147647,1747007
2021-12-15,3166.913330078125,3213.6139821147945,3156.0917131195874,3210.9529713650445,1603233
2021-12-16,3176.8916015625,3200.707513951153,3166.6022750557354,3177.246316316427,2072320
2021-12-17,3179.33154296875,3238.7607860882194,3169.884824391468,3195.4305722072777,4333992
2021-12-20,3154.98291015625,3198.5348720459833,3113.515493276563,3183.4558113624607,2312310
2021-12-21,3200.574951171875,3229.7572813308107,3163.4093725133384,3177.8231801936154,2340989
2021-12-22,3220.48828125,3225.8546962749856,3198.756693316205,3214.501007023342,1224328
2021-12-23,3248.82763671875,3255.746307245518,3219.8226659314073,3235.788728737679,1792861
2021-12-24,3256.101318359375,3286.3482267165896,3232.950655115478,3268.60815531731,2209923
2021-12-27,3278.453857421875,3281.9130845923037,3240.312705357694,3256.189982037391,1534135
2021-12-28,3287.72265625,3304.087826469044,3276.457755830203,3290.7827748188333,1456218
2021-12-29,3277.2119140625,3299.608753298073,3268.6080230926227,3275.0387987147183,1456923
2021-12-30,3311.849365234375,3317.3931371882327,3264.172926431202,3265.370467794672,1966475
2021-12-31,3315.929931640625,3335.1334725940915,3309.676513068789,3319.8770542748616,1207141
2022-01-03,3386.358154296875,3397.2239489115395,3321.828639340396,3326.263657550463,2346158
2022-01-04,3445.787353515625,3449.6900828682983,3380.991694998178,3398.199695361705,2488606
2022-01-05,3424.67626953125,3432.703694867435,3381.6122044154104,3428.2686771738076,1733031
2022-01-06,3377.221435546875,3401.658425302727,3345.777204756685,3381.257344785918,1810293
2022-01-07,3418.068603515625,3428.1803586173028,3367.4206079125356,3388.353980908184,2460591
2022-01-10,3441.440673828125,3528.499982192148,3424.7205709512023,3528.499982192148,3937092
2022-01-11,3473.416748046875,3481.488566120969,3420.285327633747,3420.285327633747,1906106
2022-01-12,3423.744873046875,3485.0369042039447,3403.0334703465164,3481.4888900484816,3203744
2022-01-13,3457.451171875,3479.715048380294,3421.1728120323205,3475.2800304751445,6684507
2022-01-14,3519.762939453125,3527.613007244821,3423.877988650264,3439.6666946537052,3348123
2022-01-17,3565.000244140625,3586.155365505401,3514.574222074522,3541.539043469743,3442604
2022-01-18,3539.67578125,3585.001524117824,3530.273458783575,3578.1272479103936,2389041
2022-01-19,3478.409912109375,3564.91152862164,3474.722465771417,3564.91152862164,3102539
2022-01-20,3400.126953125,3483.1630283607115,3386.309770684355,3474.2774083904037,6176776
2022-01-21,3406.302978515625,3422.3415685992545,3350.856787511947,3382.7560817031394,3112358
2022-01-24,3351.0791015625,3420.6533474824882,3323.311533128875,3412.078809123836,3258414
2022-01-25,3349.790283203125,3384.888487297155,3307.4059130384235,3349.434945125185,3330501
2022-01-27,3242.585205078125,3317.3576181352228,3221.1265173905385,3315.225155894084,5718297
2022-01-28,3278.839111328125,3314.1594600905173,3239.6979015769352,3239.6979015769352,3143862
2022-01-31,3319.890380859375,3339.216607900845,3306.695145967757,3331.219548435409,2739393
2022-02-01,3377.114013671875,3383.6450329539907,3320.023889363237,3349.8796676041347,2105169
2022-02-02,3426.4736328125,3433.4044616031847,3377.11395747897,3401.3272782809076,1984212
2022-02-03,3398.395263671875,3449.842931105823,3390.7980130574983,3421.8532202674887,1960538
2022-02-04,3389.77587890625,3398.4838319273167,3348.990960352186,3390.13143394976,2307366
2022-02-07,3357.87646484375,3404.7925911476827,3337.5727323379806,3368.539210961275,1919149
2022-02-08,3326.287841796875,3376.2694613033686,3306.339665487328,3369.02776676185,2946443
2022-02-09,3341.482666015625,3356.9435617136155,3328.642985453299,3332.1082913026003,1638721
2022-02-10,3350.190185546875,3367.472674927871,3339.2163568872406,3367.472674927871,2112459
2022-02-11,3283.19287109375,3334.3296693022535,3278.794531572369,3334.3296693022535,3851488
2022-02-14,3317.6689453125,3370.538393520359,3296.565594137094,3309.005464303649,5951745
2022-02-15,3392.352783203125,3407.63600953311,3330.331098756218,3364.096462084056,3931683
2022-02-16,3388.1767578125,3424.6078095847042,3381.867879146584,3415.633244203749,3256906
2022-02-17,3362.497314453125,3407.636321366795,3357.8768340143724,3398.750698625291,3134372
2022-02-18,3371.115966796875,3390.708806246124,3338.8613332210016,3348.9908552959514,3688883
2022-02-21,3304.91796875,3401.238235819317,3292.6115131522834,3385.421786187314,7465922
2022-02-22,3186.7392578125,3259.157074169786,3172.1669250983023,3243.2518982097486,5408531
2022-02-23,3166.657958984375,3219.171853968917,3159.4160470145603,3208.5980507387485,2426203
2022-02-24,3022.5771484375,3095.617125825377,3013.2029919298166,3086.8647024601314,5039136
2022-02-25,3128.4052734375,3136.6244735452315,3076.20224572623,3081.533618769083,2549723
2022-02-28,3158.1279296875,3166.61374262665,3070.7822164584545,3101.082276188568,3288942
2022-03-02,3150.974609375,3173.8995564350007,3115.2989255099646,3156.617065851155,2761341
2022-03-03,3149.419677734375,3179.8086775840598,3136.713412213718,3165.813823365856,1928039
2022-03-04,3131.6044921875,3164.3478813538386,3098.461076456285,3111.3007577444255,2370257
2022-03-07,3096.55029296875,3152.6186540004137,3049.145630234379,3065.539559273232,3054130
2022-03-08,3198.779052734375,3206.820583036263,3074.424831616922,3074.424831616922,3300992
2022-03-09,3227.790771484375,3246.8059136522093,3196.2023454400996,3203.2663707488273,2719654
2022-03-10,3217.439208984375,3273.4630982851195,3212.152307356326,3273.4630982851195,2005441
2022-03-11,3198.068359375,3234.2330122460926,3192.4705914053425,3201.7115509453934,1623423
2022-03-14,3237.03173828125,3241.7856323016135,3181.0523258432268,3181.0523258432268,1765688
2022-03-15,3193.403564453125,3251.2490497339313,3185.8507858462003,3251.2490497339313,3651133
2022-03-16,3248.494140625,3259.2458289609194,3213.262739634658,3234.810370864838,3090475
2022-03-17,3263.46630859375,3296.5652453564253,3252.4037543243194,3284.6586005161084,3600452
2022-03-21,3222.5478515625,3300.074888216849,3212.1517192604247,3284.125243260451,2413831
2022-03-22,3288.524658203125,3297.4547528608414,3221.038393726906,3234.3668284595697,2907611
2022-03-23,3298.6982421875,3314.159354710851,3278.794535574468,3294.7886552601967,1596195
2022-03-24,3331.974609375,3339.393972597933,3283.2368924122356,3287.6797028214537,1879046
2022-03-25,3294.29931640625,3358.3202552530456,3262.799835239895,3340.9043523653827,1690133
2022-03-28,3294.52197265625,3299.2313956274616,3253.203831019655,3283.2372762842633,1760990
2022-03-29,3292.43359375,3307.228065625652,3279.6826411134552,3283.01474891735,2689063
2022-03-30,3315.714111328125,3321.445293769234,3293.1889742074877,3321.445293769234,1583455
2022-03-31,3323.177734375,3336.23955366899,3305.6286331541824,3323.222205866177,2168110
2022-04-01,3339.882568359375,3343.6589570299507,3312.6037571140328,3330.330526427918,1387014
2022-04-04,3350.190185546875,3358.764722999939,3320.6454958538197,3342.770605271368,1472994
2022-04-05,3389.68701171875,3408.1691482536567,3351.656507431064,3351.656507431064,2314947
2022-04-06,3336.862060546875,3384.799946643338,3315.358682300862,3384.799946643338,2051729
2022-04-07,3273.595947265625,3328.1093184300516,3269.0199392615564,3328.1093184300516,2494829
2022-04-08,3274.92919921875,3292.122964633607,3236.58782690362,3278.79453157841,2296773
2022-04-11,3284.481201171875,3298.6539416877777,3248.672318365914,3278.794489914239,2291660
2022-04-12,3279.772216796875,3322.3342619156374,3241.786180504579,3272.5747757783615,4483476
2022-04-13,3253.8701171875,3296.432374272563,3248.1834062092184,3293.89988537501,1621672
2022-04-18,3134.891845703125,3207.7094730408703,3129.960282212317,3207.7094730408703,3820792
2022-04-19,3084.998779296875,3166.4356288546082,3055.8983694740664,3154.3955685792644,3170014
2022-04-20,3160.438232421875,3171.4118459733177,3092.1966087050055,3109.96785358262,2640370
2022-04-21,3224.280517578125,3237.9200314876925,3169.856093338657,3181.052061670126,2280996
2022-04-22,3209.975341796875,3213.929400104954,3173.4998209772857,3182.0301046657846,1581465
2022-04-25,3152.796142578125,3184.606710585191,3139.3789844211183,3161.5040949392046,1960694
2022-04-26,3151.10791015625,3188.071964429589,3126.094756154156,3176.7427973254776,1943469
2022-04-27,3164.347412109375,3170.789487548089,3115.5654379746916,3150.841311128136,1727648
2022-04-28,3184.87353515625,3202.7335052062913,3143.7775334280645,3188.161171907679,1703660
2022-04-29,3151.463623046875,3219.4831052544378,3142.7114152271593,3196.158346677765,2051115
2022-05-02,3147.642578125,3152.574141608423,3103.525552683142,3127.6499290847396,1324161
2022-05-04,3091.974609375,3150.3531080776697,3079.134927751278,3144.177643587452,2305825
2022-05-05,3121.874267578125,3139.290173030347,3096.950272047163,3120.719310294704,1612262
2022-05-06,3050.078369140625,3087.309034575563,3042.8809293147265,3073.536321944704,2010812
2022-05-09,3061.185546875,3070.8707875272926,2973.8843157191677,3019.3341828755033,2481830
2022-05-10,3055.543212890625,3078.6903011908057,3040.6597962956653,3051.32254251295,1622685
2022-05-11,3031.7744140625,3064.162464870448,3005.25074397707,3052.211345927517,1841769
2022-05-12,3028.797119140625,3065.272636777598,2976.7719816685094,3001.562777515555,2807195
2022-05-13,3034.3505859375,3056.564638125786,3005.2501775708447,3052.2107706705233,2187823
2022-05-16,3000.496826171875,3047.7682909715472,2991.433535282342,3034.439858212196,1195813
2022-05-17,3066.961181640625,3080.644951878495,2977.0385191605064,2994.454423948811,1754076
2022-05-18,3064.472900390625,3105.524424503682,3059.3636685048177,3078.867562490775,1866781
2022-05-19,2898.4453125,3025.5541736674804,2870.055794697786,3018.4456763431513,4642963
2022-05-20,2926.03515625,2944.6060183878694,2905.6426983201104,2941.140712780899,3065125
2022-05-23,2951.58154296875,2966.820298209671,2902.932761610268,2936.5204567843207,2293690
2022-05-24,2921.59228515625,2954.3358864396305,2910.5742015114233,2945.716660226276,1711510
2022-05-25,2833.61376953125,2945.611309765418,2821.4480525569816,2945.611309765418,3548046
2022-05-26,2886.659912109375,2899.675621465552,2845.152996895877,2854.5009742701145,2813186
2022-05-27,2917.387939453125,2933.1318451391644,2888.672876025808,2910.1420170120946,3103153
2022-05-30,3019.32177734375,3029.474979929779,2939.7965833136136,2949.323427865297,2094624
2022-05-31,3009.5712890625,3026.612246033562,2974.3707538356352,3000.44672887576,4840965
2022-06-01,3001.385498046875,3030.7266974748195,2987.8331918197973,3030.7266974748195,1493835
2022-06-02,3062.03662109375,3070.0875499835674,2993.424859678505,3001.2073805929103,2657939
2022-06-03,3077.377685546875,3110.6102582693384,3069.371528604616,3094.5977259894203,1913622
2022-06-06,3069.148193359375,3088.8730125748843,3021.0214864667005,3057.5638450567494,1084210
2022-06-07,3008.09521484375,3058.3241943557528,3002.1017895151595,3042.4012031637467,2308256
2022-06-08,3045.173828125,3053.9404374288993,2993.603251373876,3023.704687819316,2185707
2022-06-09,3065.704345703125,3074.5602801002638,2999.5078194513303,3028.043802193597,1279197
2022-06-10,3005.590576171875,3035.200190885872,2998.523737061433,3025.3601666890713,1527582
2022-06-13,2880.085205078125,2945.7449039172147,2855.798109527881,2943.061261429589,3030921
2022-06-14,2871.98974609375,2897.3500386797054,2839.920128333768,2853.606749841241,2611493
2022-06-15,2868.187744140625,2892.966666653976,2863.4465986268947,2879.1011801564077,1404536
2022-06-16,2810.668701171875,2902.6730138373405,2802.662543426552,2898.334370400024,2032028
2022-06-17,2763.167724609375,2789.8700552215146,2704.977583624793,2765.940909256889,5240434
2022-06-20,2784.18994140625,2807.761358689215,2745.3666618294546,2767.730352460193,1502769
2022-06-21,2873.241943359375,2896.321313698456,2795.8188096638946,2799.9338157288753,2964461
2022-06-22,2883.08203125,2907.7716314048353,2847.344899703459,2862.462666195436,3336315
2022-06-23,2959.879150390625,2968.1089446533183,2883.082151369264,2883.082151369264,3692578
2022-06-24,2945.8349609375,2992.2618967303943,2931.879930204445,2986.8946108169766,2132118
2022-06-27,2965.156494140625,3008.2736390828145,2957.821248469196,2996.734063926147,2037686
2022-06-28,2968.242919921875,2978.843395941268,2927.496452991012,2958.2688019152474,1400046
2022-06-29,2943.5087890625,2981.5270609163695,2926.065111388372,2926.065111388372,2133994
2022-06-30,2922.576416015625,2961.757424365387,2911.75230319857,2926.959611694538,2719603
2022-07-01,2965.5146484375,2981.526962105953,2909.1133821479257,2916.2249914387658,1502879
2022-07-04,2893.90625,2968.0641585009434,2884.9607740218207,2962.7416439730086,2622535
2022-07-05,2877.13330078125,2926.9595551529096,2868.7691939118813,2911.752246950709,2170627
2022-07-06,2916.89599609375,2923.828739778401,2864.5649631192855,2879.101361167748,2182144
2022-07-07,2941.138671875,2969.3614764130343,2920.742941127774,2926.06545613533,1989921
2022-07-08,2921.1005859375,2956.479989245835,2907.2798683960555,2952.007250986764,2136916
2022-07-11,2785.4423828125,2884.9160330481313,2778.4648677976734,2868.0537232952515,6974600
2022-07-12,2759.410888671875,2805.480089247644,2755.4301956021764,2786.4261820294582,3734815
2022-07-13,2718.306640625,2782.043159965035,2714.9520869755243,2776.675874125874,3863530
2022-07-14,2689.605224609375,2741.8501614442216,2661.128370626433,2740.9532526573576,4764908
2022-07-15,2685.883544921875,2716.6473457633606,2648.5720461846936,2707.3644698054904,4574806
2022-07-18,2747.68017578125,2759.7435556409487,2703.552305539903,2711.3553684957465,3202795
2022-07-19,2757.322021484375,2761.5374492687492,2717.678694261558,2717.678694261558,1865074
2022-07-20,2838.537109375,2844.949919921643,2778.668444964135,2787.4133060578565,3402251
2022-07-21,2849.7490234375,2855.7582699725167,2819.9267990415874,2840.510816897915,2420640
2022-07-22,2844.097900390625,2867.417529974402,2819.4329075616306,2856.6546240126586,2075886
2022-07-25,2840.286376953125,2857.95543922205,2824.45602179989,2838.7167863129835,1797504
2022-07-26,2794.67822265625,2842.214392123494,2777.278278402279,2838.447418714807,2639367
2022-07-27,2860.107666015625,2864.816437135854,2789.3863207449663,2793.870864668994,1389808
2022-07-28,2924.371337890625,2927.5105189004753,2871.5881638933847,2884.4588936225273,2106333
2022-07-29,2961.503173828125,2975.3157011729186,2937.376413925399,2950.8300463555915,2430257
2022-08-01,2958.722900390625,2984.0156856722806,2933.78879105321,2984.0156856722806,1306913
2022-08-02,2952.444580078125,2971.369225326498,2934.371735466329,2950.8301003625766,1269114
2022-08-03,2995.227294921875,3003.747929538362,2939.2153774741914,2941.8612149554574,2895824
2022-08-04,3009.084228515625,3038.6373306019964,2966.39149968863,3004.64457361168,2150567
2022-08-05,3018.142822265625,3028.860837995697,3009.1288455657577,3014.689636001641,1106933
2022-08-08,3026.573974609375,3030.56517513093,2992.087873696429,3018.098229912615,1068836
2022-08-10,3008.456787109375,3036.036736786237,2991.191290157193,3036.036736786237,1878359
2022-08-11,3069.67041015625,3075.231200998242,3027.1121308061656,3049.4899618791087,1449248
2022-08-12,3050.880126953125,3066.5311414854314,3032.6728347901767,3066.5311414854314,1472354
2022-08-16,3042.9423828125,3062.809043729428,3038.2785009375384,3059.355857327806,839942
2022-08-17,3050.476806640625,3065.589589525235,3023.56954088203,3036.126264902708,1622326
2022-08-18,3032.673095703125,3042.3148659889093,3015.4076000750924,3040.5210482613215,1430659
2022-08-19,3036.708984375,3068.7734741310087,3023.7038067117237,3037.830120380455,1398410
2022-08-22,3008.725830078125,3035.229532182766,3002.3127999837025,3018.098484400233,1536532
2022-08-23,2945.987060546875,2997.3797653396714,2932.8921030180345,2977.6926587789303,1849256
2022-08-24,2919.752197265625,2966.974358766676,2915.132985487199,2952.6238177327377,1691923
2022-08-25,2886.431640625,2940.20127537172,2883.3373492906517,2938.2730091845947,1946930
2022-08-26,2890.019287109375,2921.2317549356044,2885.176067520762,2900.871970410345,1457962
2022-08-29,2809.61181640625,2818.7153534977124,2763.376122142402,2802.840110903929,2539173
2022-08-30,2880.108642578125,2893.876280423968,2818.1772643190006,2829.7473003990763,3431525
2022-09-01,2808.849853515625,2861.139691675106,2799.2529710714753,2861.139691675106,3546935
2022-09-02,2807.68359375,2836.922912111712,2798.624945047044,2836.922912111712,2052900
2022-09-05,2810.37451171875,2823.424581178521,2791.404974371233,2801.62964915947,2147912
2022-09-06,2804.678955078125,2817.0563414080293,2786.112985069215,2812.257791314557,1936453
2022-09-07,2824.90380859375,2835.935610736674,2782.210865683748,2782.210865683748,1291534
2022-09-08,2842.886962890625,2855.3092376764303,2834.3216588095115,2843.2009685673893,1346113
2022-09-09,2885.9384765625,2900.1545684530834,2841.855497183731,2865.6235800858517,1561185
2022-09-12,2908.630859375,2932.7129524680436,2892.531387385331,2905.895243260765,1785928
2022-09-13,2896.4326171875,2927.017076901439,2892.530976189004,2927.017076901439,1972678
2022-09-14,2798.71435546875,2817.5494417731366,2792.794888299078,2811.809312583414,5090269
2022-09-15,2784.3193359375,2814.2760067345016,2780.417694487118,2807.3249624982836,2138023
2022-09-16,2698.529296875,2775.3496622556345,2690.726234589064,2758.8912991986535,5322221
2022-09-19,2716.5576171875,2728.3967704245497,2679.784353680792,2723.015317228446,2072220
2022-09-20,2726.8720703125,2762.4344192765325,2717.633865194194,2735.572042522209,1544295
2022-09-21,2691.802978515625,2727.8586729249173,2689.0673625441004,2715.8401811124536,2253818
2022-09-22,2697.363525390625,2717.588863283786,2672.1605186728298,2681.7573993510473,2017983
2022-09-23,2674.626708984375,2710.9066231407205,2671.8910935769086,2694.3138117170306,2652374
2022-09-26,2685.703369140625,2713.91132341046,2624.444679071443,2654.7153482087047,2925489
2022-09-27,2706.37744140625,2713.1491467072833,2669.2006150746693,2699.1572817008023,2227447
2022-09-28,2722.701416015625,2735.5272570862203,2672.7885232951976,2672.7885232951976,2739767
2022-09-29,2688.305419921875,2740.8194862606383,2681.7579403533828,2739.160117003087,2493902
2022-09-30,2694.807373046875,2708.3954537489426,2645.970732786134,2682.519766307639,2817353
2022-10-03,2677.228271484375,2709.2927657878695,2667.4071624781054,2686.2422500409975,1763331
2022-10-04,2772.479736328125,2778.6236496108236,2711.3554850786054,2717.588957864213,2145875
2022-10-06,2782.16650390625,2801.94338884146,2773.6458694011303,2790.2835732028752,1790816
2022-10-07,2748.935546875,2784.9016754249496,2742.8367425378724,2778.0850813198663,1939879
2022-10-10,2797.05517578125,2804.634011871847,2695.2111306923252,2699.6956750029613,3064063
2022-10-11,2753.1064453125,2820.7781703423966,2738.5765665760173,2780.417274423348,4730645
2022-10-12,2781.090087890625,2789.296716194542,2746.3797595487877,2766.8739951763155,1665247
2022-10-13,2783.3779296875,2789.3871765951017,2737.6804568749676,2781.0907677901164,2054781
2022-10-14,2779.65478515625,2825.2626846544204,2754.4068903408647,2820.7781407105244,2245977
2022-10-17,2798.1796875,2813.1517831173023,2761.9406650733536,2763.0196974490686,1517005
2022-10-18,2827.80908203125,2837.386015099938,2813.2866025480944,2832.5750458574003,1793722
2022-10-19,2807.26123046875,2840.667536762446,2798.4037272569585,2840.667536762446,1194289
2022-10-20,2839.138916015625,2841.566793102016,2792.109143222076,2792.109143222076,1587601
2022-10-21,2821.244384765625,2841.926676749231,2811.8924796841284,2839.5888102481545,1021913
2022-10-24,2843.095703125,2857.753197352684,2837.0709054901563,2850.6493675283837,260949
2022-10-25,2843.455810546875,2863.3736710121602,2833.6090645469526,2860.0015578720813,2069643
2022-10-27,2839.228759765625,2854.156065820698,2818.5016835637316,2842.1962627209805,2438421
2022-10-28,2844.4892578125,2858.202515121167,2828.078310541472,2832.57446047874,1355739
2022-10-31,2871.376220703125,2876.6368040808793,2857.5731717627386,2876.6368040808793,1919414
2022-11-01,2931.22021484375,2933.8281137695244,2880.638523413628,2890.5750595933964,2991060
2022-11-02,2915.0341796875,2940.482435498772,2897.364395986869,2940.482435498772,1405955
2022-11-03,2883.60595703125,2902.7596009654008,2873.040003965025,2902.7596009654008,1422652
2022-11-04,2893.1826171875,2895.565708495487,2847.097078046765,2892.8230129901267,1464013
2022-11-07,2907.84033203125,2916.0234137611046,2873.1301818756806,2903.6139944666893,1474498
2022-11-09,2891.968994140625,2922.318009880542,2879.0199490351015,2922.318009880542,1162267
2022-11-10,2882.616455078125,2900.0166427500517,2850.5589945791207,2850.5589945791207,1573092
2022-11-11,2981.802001953125,3004.8673857085314,2927.038976756328,2940.1228186004687,3265394
2022-11-14,2999.3818359375,3011.5214416293475,2975.5522395794296,2989.040690348149,1342074
2022-11-15,2996.77392578125,3003.3831344257037,2960.265100697199,2986.342770174787,1400708
2022-11-16,3017.232177734375,3028.5173412569106,2986.74814184375,3002.439665125464,1748235
2022-11-17,3011.52099609375,3021.412525194088,2983.420061149609,3003.4279268298374,1417986
2022-11-18,3006.530517578125,3023.885700589663,2986.3428478650717,3012.420518021075,1164540
2022-11-21,2952.6220703125,2997.7633779898833,2943.180154144301,2987.6920446515246,1304194
2022-11-22,2980.903076171875,2984.4999969339733,2927.2190777052792,2949.4750249207636,1149739
2022-11-23,2974.9228515625,2994.4360999578107,2959.3661276159623,2994.4360999578107,1150011
2022-11-24,3039.532470703125,3051.0426596485013,2974.9229211016186,2982.0717563383823,1296591
2022-11-25,3048.07470703125,3060.3943329562003,3010.621867492711,3042.094915689319,1588981
2022-11-28,3053.1103515625,3072.6686021026617,3026.4032671464033,3026.8078766981444,2195437
2022-11-29,3054.9990234375,3083.459564145022,3042.094985565065,3042.094985565065,1576028
2022-11-30,3049.109375,3070.7806880330454,3034.9014959409137,3042.095336523885,3410702
2022-12-01,3125.408935546875,3129.320674205069,3075.366869477395,3079.8630198713677,2180856
2022-12-02,3092.5869140625,3119.3390078373773,3069.0721362573277,3109.6274990054326,2411749
2022-12-05,3080.672119140625,3092.586917220595,3063.6767591287817,3087.0567402668353,1475065
2022-12-06,3044.20849609375,3064.5309632236253,3028.6067671234496,3057.4271337408773,1166999
2022-12-07,3039.937255859375,3051.717038027653,3016.017648233855,3028.8766821146633,1167505
2022-12-08,3012.91552734375,3039.9374364011487,3002.9339851801747,3021.413208083765,1285619
2022-12-09,2960.939697265625,3034.092148416434,2946.192412509452,3034.092148416434,1797896
2022-12-12,2955.274169921875,2963.861859691253,2909.9980745104667,2927.4430473983234,1527610
2022-12-13,2996.32470703125,3000.2362262470147,2938.5041676355268,2946.9568427685667,1378016
2022-12-14,3026.223876953125,3036.699819013769,3004.237527032983,3011.3415760111543,1213311
2022-12-15,2972.04541015625,3025.6843963408824,2966.5150134691307,3020.3340212997255,1415694
2022-12-16,2913.730224609375,2960.2653805768264,2900.1967681932483,2944.9784694377604,2703680
2022-12-19,2879.3798828125,2918.4513880687246,2872.590651420595,2901.815630657148,2120965
2022-12-20,2917.057373046875,2921.5985288569414,2844.8491537414297,2876.5470140498965,1529971
2022-12-21,2939.178466796875,2952.2173027124622,2913.5054045863976,2921.598475154693,1432566
2022-12-22,2931.22021484375,2962.06385014797,2918.0915875468195,2962.06385014797,1384101
2022-12-23,2903.029296875,2937.6496523348455,2892.822948424004,2892.822948424004,1360281
2022-12-26,2925.10546875,2942.2808512656748,2900.0620424940166,2903.0295456954937,870157
2022-12-27,2931.040771484375,2943.899806965109,2905.862326446313,2939.76326032198,835883
2022-12-28,2928.88232421875,2936.975394780793,2900.916181461144,2922.317900855153,910795
2022-12-29,2939.357666015625,2941.8305481820626,2902.714048458413,2905.501748897815,1037927
2022-12-30,2928.5224609375,2966.5599359733387,2919.080545409243,2954.914950729539,1163131
2023-01-02,2932.7939453125,2937.649919541841,2909.1891553518903,2932.3893356780377,709547
2023-01-03,2977.665283203125,2985.443534717609,2918.271099094177,2924.2958960547185,1245178
2023-01-04,2980.633056640625,2992.053454899718,2955.050003400902,2973.484221029113,1231668
2023-01-05,2977.440673828125,3001.000456972908,2951.227986433968,2994.615835872255,1826057
2023-01-06,2887.92236328125,2968.8530692467866,2877.5362121079547,2967.4592187363287,2488376
2023-01-09,2985.398681640625,2991.7382972331907,2896.5547111423953,2903.613754663653,2885060
2023-01-10,2955.2294921875,2965.6606483841506,2904.6030169681453,2953.970657956924,3864655
2023-01-11,2993.267333984375,3011.971364872046,2941.5165953316505,2958.5571821774433,2720512
2023-01-12,2998.347900390625,3012.4207633052556,2981.442331005253,2993.5369316546853,2250391
2023-01-13,3034.497314453125,3038.49884493426,2971.9558101532198,3006.0365469080602,1742837
2023-01-16,3066.22607421875,3083.6537773238065,3033.1179513485868,3050.5456544536432,1843607
2023-01-17,3107.012939453125,3110.1399520710393,3054.223972942188,3062.501002679159,1688475
2023-01-18,3117.680908203125,3135.108607607236,3101.356767754569,3108.484209358868,2421189
2023-01-19,3102.138427734375,3114.9217487014175,3091.010332856647,3108.484059820133,1585044
2023-01-20,3092.9423828125,3121.9577927776777,3086.044857553808,3094.6896660665084,1529349
2023-01-23,3140.580322265625,3144.3510582716053,3086.0440825392607,3115.8412943621524,1067916
2023-01-24,3160.261962890625,3174.6547081099407,3142.7882334602164,3149.869647323622,1387863
2023-01-25,3154.23779296875,3159.0660598724853,3131.4759632797122,3150.1453068799115,874110
2023-01-27,3137.039794921875,3169.1822103327586,3110.599287508333,3150.788813871164,1785879
2023-01-30,3157.82470703125,3180.632567224445,3113.5887161305623,3145.271301734969,1953798
2023-01-31,3088.895263671875,3171.941500962948,3081.8138503122173,3171.941500962948,2820375
2023-02-01,3134.556640625,3144.3510341459487,3085.4921671715874,3092.8495255433827,2205161
2023-02-02,3182.42578125,3190.3350325720744,3145.363262166592,3151.708894962381,1813847
2023-02-03,3202.566650390625,3222.523443017251,3175.5282196617327,3222.523443017251,1804469
2023-02-06,3182.011474609375,3194.1510710445673,3160.7672369799784,3194.1510710445673,1138714
2023-02-07,3193.599853515625,3212.4070586382527,3183.345399100722,3190.2429235610102,1455647
2023-02-08,3237.329833984375,3255.5391168580595,3198.6576730187176,3198.6576730187176,1986946
2023-02-09,3256.41357421875,3262.621346651852,3223.719261165319,3232.6400151634225,1655427
2023-02-10,3253.37841796875,3257.7928785550507,3226.339987208153,3237.238165731009,1187821
2023-02-13,3202.658203125,3263.9083050860527,3194.3811744561426,3263.9083050860527,1087939
2023-02-14,3218.937255859375,3241.6990897668875,3214.2468487578135,3223.443549326505,1579818
2023-02-15,3237.835693359375,3242.7560170595057,3182.1956652731296,3206.888891516306,1429449
2023-02-16,3272.231689453125,3287.8200500995868,3243.675892783564,3243.8597818666217,1618931
2023-02-17,3219.90234375,3254.6198842343974,3209.648113656855,3242.894092415164,1061369
2023-02-20,3207.165283203125,3239.07778776799,3195.8993255369815,3220.684387496735,1296082
2023-02-21,3173.781005859375,3227.029806293947,3168.0330686566454,3213.326813814157,1139541
2023-02-22,3128.30322265625,3170.1021750983955,3122.2793398488698,3140.6267096205747,1218430
2023-02-23,3139.569580078125,3175.0687083691123,3134.2354490208595,3146.1911593604345,1441570
2023-02-24,3127.291748046875,3158.100692470088,3110.599827670895,3147.5705160729894,977592
2023-02-27,3064.202392578125,3117.681110007593,3049.6255341549195,3117.681110007593,1128022
2023-02-28,3046.72900390625,3119.5207982882703,3034.81909717888,3061.121750325032,4116217
2023-03-01,3113.7265625,3116.7615182969907,3048.705940736065,3056.0633004723813,1669307
2023-03-02,3054.637939453125,3099.1959069642853,3051.465122793596,3091.010933607377,1556538
2023-03-03,3073.674560546875,3088.251417771033,3063.5123881251166,3084.57273829781,1043190
2023-03-06,3100.98974609375,3131.430691976992,3089.171895384422,3091.8388488883434,1334132
2023-03-08,3118.048828125,3123.199069523481,3063.2826636402224,3093.769631883684,1844590
2023-03-09,3068.80078125,3113.0827998019863,3063.28276151623,3113.0827998019863,1648500
2023-03-10,3063.42041015625,3069.1683469810705,3025.7139445854286,3046.7742953000575,1024404
2023-03-13,3018.310546875,3099.1036364238453,3009.159876386488,3065.25973960763,1901233
2023-03-14,2956.69287109375,3038.9573035005947,2951.588657947801,3016.5174464543434,2670334
2023-03-15,2941.931640625,2998.4455295966354,2935.586008800938,2988.9268573317822,1780522
2023-03-16,2929.148681640625,2961.1532396142297,2917.1929727359693,2950.301089702708,1901060
2023-03-17,2923.90673828125,2962.62470874156,2891.4423439035454,2897.420198622175,6739966
2023-03-20,2890.798583984375,2915.0317523258964,2846.424509123387,2915.0317523258964,2289468
2023-03-21,2856.586669921875,2903.1678589753687,2848.631390837733,2890.798344143033,1815297
2023-03-22,2879.302978515625,2890.9827430058135,2856.587173651309,2878.613225992242,1123939
2023-03-23,2873.646240234375,2893.6032551387784,2851.896138598652,2864.679459405179,1372218
2023-03-24,2869.830322265625,2915.3539886499057,2856.4951068601285,2895.9488612483124,1329577
2023-03-27,2871.4853515625,2899.4892548960856,2856.494687402186,2883.1651142967976,1524217
2023-03-28,2865.599609375,2896.546639011127,2860.3115069743058,2875.808035994818,1303530
2023-03-29,2886.752197265625,2896.960624515923,2854.747859513075,2877.6475536858165,1740616
2023-03-31,2948.36962890625,2954.8993749774395,2898.7995113379675,2933.7009389751283,2382581
2023-04-03,2942.94384765625,2965.889568062685,2918.8025114059446,2965.889568062685,1521830
2023-04-05,2979.546630859375,3002.124572143045,2929.608509647277,2929.608509647277,2655065
2023-04-06,2961.98095703125,2995.686995347432,2956.7388832326774,2965.935582713961,1703464
2023-04-10,3001.250732421875,3009.159983559372,2956.738798026706,2961.3371476348343,2203187
2023-04-11,2955.63525390625,3010.033640232757,2935.7242652855402,3001.8026392985266,2348779
2023-04-12,2981.248046875,2998.997722073373,2942.0242127497345,2968.6486132828945,2417727
2023-04-13,2932.689208984375,2970.5335324422176,2924.550041227942,2952.1401359565075,4174070
2023-04-17,2887.303955078125,2909.2839781910698,2823.6168077969783,2882.337826906714,5505048
2023-04-18,2879.256591796875,2903.260066434997,2860.725332786317,2901.51255887594,2617302
2023-04-19,2841.41259765625,2887.7638770819635,2824.766480400398,2879.256929354891,3298034
2023-04-20,2855.391357421875,2862.9326062428067,2830.744157409367,2841.7801970094033,2419999
2023-04-21,2906.938720703125,2910.2493976571473,2851.7124977803655,2860.173416034582,1929184
2023-04-24,2919.767822265625,2925.423701910702,2875.025750302378,2897.971692192347,1640676
2023-04-25,2920.87158203125,2934.8505195080106,2894.66099006403,2927.3092712863568,2024090
2023-04-26,2941.2421875,2950.6688039321384,2925.469938598228,2925.469938598228,2000029
2023-04-27,2931.861572265625,2942.207858497585,2915.9512383098318,2929.1485910038896,2434446
2023-04-28,2960.647216796875,2968.0045757265557,2939.4948098740424,2943.311350007304,2931312
2023-05-02,2960.78515625,2975.1320963561516,2952.1403490891025,2975.1320963561516,2321159
2023-05-03,2924.458251953125,2957.658425458373,2918.2504800713327,2957.658425458373,2468285
2023-05-04,2961.98095703125,2965.429719336731,2922.711095151928,2924.688295728886,1953253
2023-05-05,2971.177490234375,2983.4091447657124,2952.186396679855,2961.3370672458673,1710027
2023-05-08,2989.47900390625,2993.387600899083,2971.7293303036295,2984.3287627630057,928235
2023-05-09,3019.506103515625,3033.0712341108756,2985.2484008259253,2991.3183117851413,1107375
2023-05-10,3022.771240234375,3040.888693365604,3003.6880887487146,3025.714139172187,1559987
2023-05-11,3018.494384765625,3043.8313346801706,3009.1598253633715,3043.1876106746317,1719623
2023-05-12,3011.275390625,3025.71416407058,2998.124065310058,3015.7356552073384,1027479
2023-05-15,2993.571533203125,3027.553290878769,2987.409789819426,3020.1959317271803,1150390
2023-05-16,2996.422607421875,3021.1158357999793,2989.3411935953186,2994.629295895425,986306
2023-05-17,2950.944580078125,3016.5170847842187,2941.334075125344,2994.39898015619,1588815
2023-05-18,2942.8056640625,2969.567922023238,2938.345175471324,2966.8089124688054,1369364
2023-05-19,2963.958251953125,2974.6723165667154,2945.748742874228,2952.1404038272244,1152449
2023-05-22,3033.714599609375,3042.6813797906652,2958.6236533385822,2970.53333185311,1333243
2023-05-23,3032.197998046875,3060.6157110445483,3025.806336495552,3040.4289995858485,1687418
2023-05-24,3037.991943359375,3050.729237970391,3012.838879386915,3012.838879386915,1016555
2023-05-25,3028.932861328125,3040.42873525149,3004.653665413494,3029.3926962850596,1374917
2023-05-26,3061.4892578125,3070.4560399745756,3026.6338559375918,3028.9330308509448,1791115
2023-05-29,3053.6259765625,3101.126836063768,3045.946643251246,3090.8265783111865,1210372
2023-05-30,3049.809326171875,3059.6957777547364,3036.152362656079,3048.7057671800108,1344224
2023-05-31,3025.25390625,3060.3852488556463,3002.859856074551,3043.1874679377565,5815424
2023-06-01,3056.983154296875,3071.6978746545014,3032.611898704556,3047.7864540733585,1177314
2023-06-02,3040.060546875,3067.9263618820232,3032.5651033711206,3059.0516382222463,2030661
2023-06-05,3024.70263671875,3059.742154266237,3021.1620418616694,3048.706114034438,1861468
2023-06-06,2972.64892578125,3024.6563011369967,2961.8888333525238,3016.5171330853027,2022849
2023-06-07,3011.82666015625,3015.4595356363516,2980.64994248542,2991.685980532265,1567196
2023-06-08,2976.4658203125,3007.3207926165123,2973.293003831555,2999.043762912063,1759366
2023-06-09,2951.4970703125,2988.9275956039933,2947.8644186020674,2984.32924545691,1775689
2023-06-12,2986.076171875,2992.9736962713932,2953.0601115757804,2956.7387912538566,2324605
2023-06-13,2983.133544921875,3002.7225608987374,2978.811140811948,2998.124210882047,1371928
2023-06-14,2989.89306640625,2994.3075271171197,2966.7174283351833,2983.1334023931563,1658544
2023-06-15,2979.9326171875,3008.7932982828993,2974.0955619663478,3006.801393292492,2273810
2023-06-16,2941.575439453125,2964.2749262033685,2924.0644972966825,2962.0513934909673,4156189
2023-06-19,2974.46630859375,2978.6356017646413,2941.667959462191,2955.565603365162,1468186
2023-06-20,2990.495361328125,2994.9426531990575,2965.8039679072785,2977.802223474639,1528452
2023-06-21,3018.75390625,3021.718692096379,2987.020948531467,3011.1565718315724,1645987
2023-06-22,3000.501708984375,3027.5093766697696,2992.7191178657326,3020.421667836672,1529603
2023-06-23,2979.9794921875,3010.600456074895,2973.308441549502,2999.3898246945273,1119505
2023-06-26,2955.2412109375,2977.7090684012846,2939.8149168077966,2969.463223564131,1978803
2023-06-27,2962.375732421875,2973.7716202061024,2948.431716890738,2966.6839118331172,863542
2023-06-28,2979.145263671875,2993.506162547034,2958.7156816452284,2972.242812355477,1575872
2023-06-30,3059.56640625,3066.746855836929,2977.8946733632847,2983.3609896661364,2672406
2023-07-03,3031.8173828125,3074.900078835827,3028.5282285215303,3070.7307856722796,1687264
2023-07-04,3065.681396484375,3071.3793400747436,3036.4499732116597,3048.2165999535164,1656681
2023-07-05,3075.965576171875,3084.350533495753,3062.1143025543597,3076.0119468927305,1453008
2023-07-06,3078.698974609375,3083.8411486556433,3059.335012466021,3063.5506768174178,1848238
2023-07-07,3084.582275390625,3110.2001769257495,3059.3348872388206,3059.3348872388206,1789326
2023-07-10,3031.492919921875,3080.412670096129,3025.238980370586,3080.412670096129,1407431
2023-07-11,3031.90966796875,3052.848873636109,3021.1622932374844,3052.848873636109,1110172
2023-07-12,3020.32861328125,3047.429019608131,3011.2489999836316,3039.8316859801516,1515240
2023-07-13,3095.0517578125,3119.974776122977,3032.2343603066984,3042.6575935366886,4585146
2023-07-14,3256.35693359375,3265.8075126422405,3105.660234929049,3117.704859945182,6306101
2023-07-17,3235.09375,3289.0165672292546,3221.520473895772,3252.0489220985337,2743228
2023-07-18,3239.865234375,3265.0198799170403,3210.3558126880093,3220.5474184425743,2600090
2023-07-19,3215.034912109375,3258.3956097228456,3192.42794053721,3242.7838313695074,2405370
2023-07-20,3217.125244140625,3231.6162445859936,3191.812201185396,3207.650315621179,1715404
2023-07-21,3128.877685546875,3190.743550376295,3120.2851854216624,3162.0865373821553,3770223
2023-07-24,3153.447265625,3170.818002760362,3132.407344389984,3140.6746314391708,1680132
2023-07-25,3157.534423828125,3164.6407891152476,3139.9314569469643,3156.001798437655,1272980
2023-07-26,3147.4560546875,3177.6924112049487,3144.390576862288,3158.6495731471414,1066803
2023-07-27,3155.44482421875,3169.1463793117077,3144.4372702670335,3153.633477546884,1701769
2023-07-28,3116.894287109375,3152.47192520402,3094.228757385738,3144.3903763886888,2599831
2023-07-31,3178.24951171875,3183.0798446211247,3122.003427202266,3125.2546433386306,2743678
2023-08-01,3206.67431640625,3214.0591758025353,3172.2578281403635,3172.2578281403635,1956167
2023-08-02,3196.0849609375,3201.4262450108586,3170.95788424797,3190.7901681699773,1914899
2023-08-03,3158.27783203125,3189.210877378925,3128.5989179384605,3176.9027017071066,2026351
2023-08-04,3198.77880859375,3224.277587720079,3159.485492720518,3159.485492720518,2248493
2023-08-07,3236.400146484375,3240.069331017348,3196.642369656952,3208.439595086255,1853889
2023-08-08,3223.90625,3241.8806958970467,3210.9013844925967,3236.4001647193836,1634225
2023-08-09,3216.38134765625,3220.561482259702,3181.5933839248837,3218.6106620633645,1794589
2023-08-10,3197.431884765625,3218.6110545764855,3186.2383664939557,3204.770253471881,1096701
2023-08-11,3203.655517578125,3220.236583715237,3171.329094804473,3193.7161307988767,1679974
2023-08-14,3204.63134765625,3209.415189858368,3168.5427532870895,3196.131602615329,1190425
2023-08-16,3212.572998046875,3219.6328723246997,3191.0221251590224,3204.770170086617,1328445
2023-08-17,3191.533447265625,3214.802913522075,3170.586278504093,3209.4151379764926,1843241
2023-08-18,3127.7626953125,3167.6132225589963,3117.9160649616633,3167.6132225589963,2526749
2023-08-21,3159.856689453125,3167.3810227911003,3132.3143364914113,3135.101093018539,1375579
2023-08-22,3141.742919921875,3168.54232050071,3125.858543041599,3158.3242127535664,1222012
2023-08-23,3156.69873046875,3160.1821764304236,3136.0302844294856,3147.1773115068418,1330046
2023-08-24,3146.945068359375,3170.4467623713062,3137.9810915042904,3165.7556764722162,1152881
2023-08-25,3140.95361328125,3145.133748452828,3112.1106352399906,3135.101378683671,1158046
2023-08-28,3135.6123046875,3152.7508133982506,3121.2605527357937,3152.7508133982506,1037485
2023-08-29,3136.169677734375,3148.617327956399,3125.812321973633,3140.721516741904,944517
2023-08-30,3149.917236328125,3165.8483302087693,3142.578868343871,3156.4661593852143,1188200
2023-08-31,3118.1953125,3174.4876672491537,3105.9798917034645,3159.2534865205184,3417652
2023-09-01,3139.002197265625,3148.1056463805926,3118.1945079629595,3126.7405151127396,1277950
2023-09-04,3175.50927734375,3188.839354347761,3130.5032017453473,3137.888061684127,1828332
2023-09-05,3185.588134765625,3201.9834627096716,3163.1081158549873,3176.902652296802,1501842
2023-09-06,3186.098388671875,3199.103251411725,3156.558953306519,3189.9070463318403,1314818
2023-09-07,3209.64697265625,3214.059337353484,3179.039140798069,3186.9349513089087,1885092
2023-09-08,3197.245849609375,3218.703966769239,3190.8828912594386,3209.647007555386,1518917
2023-09-11,3233.241455078125,3237.9325408464088,3200.1255872484753,3215.917208433736,1783604
2023-09-12,3326.272705078125,3334.725730646849,3235.424395053453,3243.7846648081127,4476016
2023-09-13,3314.2431640625,3333.7504596439576,3293.0172779174695,3317.26215028344,1754929
2023-09-14,3306.99755859375,3341.9712621721756,3293.5747267257207,3316.286746985026,2604721
2023-09-15,3342.529052734375,3350.9358144624653,3309.227218164352,3314.2435164908143,2952897
2023-09-18,3349.820556640625,3362.0359753584007,3321.117055435085,3325.5759111878315,1395753
2023-09-20,3349.727783203125,3367.330749626567,3325.529402389823,3325.529402389823,1649396
2023-09-21,3330.452880859375,3348.7525373008507,3277.225784076949,3333.4718671967476,2004073
2023-09-22,3347.498779296875,3375.4593312071706,3311.64264287237,3329.2456121214996,1989083
2023-09-25,3322.8818359375,3362.686097726141,3305.6968379242585,3346.430018524426,1238778
2023-09-26,3330.82470703125,3339.4172075080314,3284.6574795566185,3314.0114097379874,1726062
2023-09-27,3334.168701171875,3357.112952975128,3302.956934967385,3334.818899053876,1541134
2023-09-28,3285.353759765625,3346.7088954834967,3276.6220132450994,3344.10787733265,1755753
2023-09-29,3277.783203125,3314.8004838838106,3256.371577894297,3285.7717693049917,2243791
2023-10-03,3264.08203125,3282.985396320475,3232.731015841526,3282.985396320475,1948148
2023-10-04,3286.282958984375,3295.8043780585294,3230.129854777585,3238.4901251841598,1788138
2023-10-05,3334.215087890625,3366.4020365150864,3298.776696384458,3301.37771461772,2990768
2023-10-06,3363.98681640625,3376.573712868575,3320.931561429297,3335.747772538649,2075691
2023-10-09,3379.732177734375,3417.492640385133,3372.904533090084,3385.955889020274,4233074
2023-10-10,3370.95361328125,3388.6960545006336,3345.362079715791,3381.311194805018,1848148
2023-10-11,3353.30419921875,3390.553937299432,3348.7525873875215,3390.553937299432,2426417
2023-10-12,3290.74169921875,3333.56472449737,3286.6080554652567,3320.885072209126,4241281
2023-10-13,3317.030029296875,3322.742789618248,3274.439008499951,3279.0836028382487,2890357
2023-10-16,3273.556640625,3320.5598001135572,3268.958537503607,3312.5247424765194,1671104
2023-10-17,3257.765380859375,3282.9389493515223,3254.3284259625857,3279.0840262676807,1672065
2023-10-18,3239.372314453125,3272.302442885238,3236.353328139562,3261.434137513778,1408245
2023-10-19,3218.324462890625,3238.0686815240006,3214.832003562597,3231.223370291604,1514545
2023-10-20,3254.552734375,3259.16273477458,3207.5209532330896,3213.4347140416057,1481211
2023-10-23,3175.948974609375,3240.0240008651367,3167.7069078371565,3234.4826780891776,1106272
2023-10-25,3157.2763671875,3189.779430139314,3145.2621710118374,3157.6488052225827,1518537
2023-10-26,3107.590087890625,3142.0024058676267,3101.3036615496458,3136.7405251390774,1984471
2023-10-27,3120.815185546875,3131.1063449752,3107.8232817317794,3119.930474618358,1108851
2023-10-30,3146.519775390625,3150.5245077395016,3104.7964806224877,3119.9304717166356,910972
2023-10-31,3137.39208984375,3165.564590242347,3119.9764077993404,3165.564590242347,999811
2023-11-01,3101.9091796875,3140.0470177894435,3083.608783594488,3124.5869734096973,1563475
2023-11-02,3129.3369140625,3144.098239691914,3113.597426931296,3113.597426931296,1245384
2023-11-03,3120.768310546875,3155.2272412387383,3114.621718793595,3149.732529726521,1402598
2023-11-06,3148.10302734375,3159.32550946651,3128.3124232964,3143.213583990875,1099852
2023-11-07,3138.97607421875,3170.3615989894342,3134.8317343049944,3146.0076050155294,1191144
2023-11-08,3149.3134765625,3168.312363594793,3138.13760716147,3139.9070288671746,992899
2023-11-09,3117.55517578125,3158.579973678366,3112.5261256846,3157.2762132454977,2112352
2023-11-10,3104.516845703125,3117.5553602980613,3094.179302698473,3108.754408421209,1338557
2023-11-13,3102.747314453125,3125.5181025923366,3098.509751884596,3125.5181025923366,1030990
2023-11-15,3170.5009765625,3178.603436184404,3125.564669561065,3150.7569866293434,2059802
2023-11-16,3257.626220703125,3286.962876959751,3179.7209637752344,3194.4825150950874,3951984
2023-11-17,3261.91015625,3282.4458610340766,3252.690155264645,3257.626209552958,2021292
2023-11-20,3277.882568359375,3291.200297423911,3251.4794860942648,3251.4794860942648,1475621
2023-11-21,3269.1279296875,3295.9966725893887,3260.5598088550396,3277.8824969038105,1807236
2023-11-22,3287.707763671875,3290.0360697315477,3242.026580680009,3259.6284835416786,1798051
2023-11-23,3267.3125,3300.6072828333213,3259.629088576926,3287.5687664790134,2729804
2023-11-24,3219.675048828125,3263.8662551978136,3215.8565356961108,3254.273588142524,1989733
2023-11-28,3231.82861328125,3242.1663837595383,3197.2300740959413,3219.675036815199,1689195
2023-11-29,3272.43408203125,3276.3922022300785,3237.0904424364394,3241.933273440279,1441634
2023-11-30,3248.080322265625,3275.135057994798,3241.9335030426573,3259.1163570597796,3266235
2023-12-01,3270.478515625,3275.4145702734368,3250.3620863601263,3259.6286996171643,1172141
2023-12-04,3271.223388671875,3304.145727168507,3257.76582517753,3301.2119251213085,1625213
2023-12-05,3289.058349609375,3295.0187221482606,3262.236218437115,3295.0187221482606,1377656
2023-12-06,3356.578857421875,3364.727927704784,3283.050778513191,3289.9893116815297,1896572
2023-12-07,3366.6376953125,3381.213029212423,3345.0310582673073,3357.4176932901005,1967653
2023-12-08,3377.626708984375,3394.6699534021054,3354.669704089828,3383.4940852427567,1641155
2023-12-11,3392.71484375,3402.121292502445,3366.731035421938,3374.0883926549964,1102503
2023-12-12,3419.90966796875,3444.403269429635,3381.6322197535496,3389.036188640435,2236866
2023-12-13,3346.753662109375,3399.326766210702,3318.301717262666,3393.319782194453,3850968
2023-12-14,3415.392333984375,3425.404050554102,3378.465488934795,3380.7005719171807,3290396
2023-12-15,3595.8359375,3628.3856112730377,3414.879942101353,3414.879942101353,8531230
2023-12-18,3594.15966796875,3659.1660225226565,3567.1047044603515,3593.135349665333,2521612
2023-12-19,3554.112548828125,3590.34112713648,3529.7119470698103,3580.934679810929,2004435
2023-12-20,3520.4453125,3631.0398484080574,3507.872459996768,3564.403684666202,2586083
2023-12-21,3527.384033203125,3545.265380055125,3486.2662350262744,3498.2802045463336,1517562
2023-12-22,3561.376953125,3581.8194348785914,3503.6349627762156,3539.0252149254707,2413058
2023-12-26,3534.881591796875,3570.69090081782,3529.852313258836,3557.5127767838376,1285231
2023-12-27,3549.4560546875,3555.9753117984196,3509.2229705634127,3538.093966340341,1293976
2023-12-28,3538.93212890625,3574.4156056228353,3531.6679956087487,3561.377091167723,1682889
2023-12-29,3532.87890625,3560.073706886277,3506.8018745840577,3531.5751456161715,1574996
